<annotation><filename>a_access_road_access_road_000004.jpg</filename><folder>100images</folder><source><sourceImage>The MIT-CSAIL database of objects and scenes</sourceImage><sourceAnnotation>LabelMe Webtool</sourceAnnotation></source><object><name>cars</name><deleted>0</deleted><verified>0</verified><date>16-Jul-2012 01:04:47</date><id>0</id><polygon><username>sandy</username><pt><x>103</x><y>263</y></pt><pt><x>119</x><y>270</y></pt><pt><x>127</x><y>273</y></pt><pt><x>128</x><y>282</y></pt><pt><x>130</x><y>285</y></pt><pt><x>127</x><y>295</y></pt><pt><x>118</x><y>299</y></pt><pt><x>112</x><y>302</y></pt><pt><x>88</x><y>305</y></pt><pt><x>80</x><y>305</y></pt><pt><x>74</x><y>299</y></pt><pt><x>21</x><y>298</y></pt><pt><x>18</x><y>302</y></pt><pt><x>6</x><y>302</y></pt><pt><x>2</x><y>298</y></pt><pt><x>0</x><y>276</y></pt><pt><x>23</x><y>271</y></pt><pt><x>39</x><y>263</y></pt><pt><x>46</x><y>261</y></pt><pt><x>90</x><y>259</y></pt></polygon></object><object><name>cars</name><deleted>0</deleted><verified>0</verified><date>16-Jul-2012 01:04:47</date><id>1</id><polygon><username>sandy</username><pt><x>339</x><y>268</y></pt><pt><x>353</x><y>278</y></pt><pt><x>360</x><y>280</y></pt><pt><x>364</x><y>282</y></pt><pt><x>364</x><y>284</y></pt><pt><x>364</x><y>286</y></pt><pt><x>366</x><y>290</y></pt><pt><x>367</x><y>293</y></pt><pt><x>368</x><y>296</y></pt><pt><x>365</x><y>300</y></pt><pt><x>361</x><y>302</y></pt><pt><x>356</x><y>302</y></pt><pt><x>353</x><y>303</y></pt><pt><x>352</x><y>305</y></pt><pt><x>348</x><y>306</y></pt><pt><x>343</x><y>308</y></pt><pt><x>340</x><y>307</y></pt><pt><x>337</x><y>306</y></pt><pt><x>335</x><y>302</y></pt><pt><x>279</x><y>302</y></pt><pt><x>275</x><y>307</y></pt><pt><x>270</x><y>308</y></pt><pt><x>266</x><y>308</y></pt><pt><x>262</x><y>307</y></pt><pt><x>257</x><y>304</y></pt><pt><x>246</x><y>303</y></pt><pt><x>240</x><y>300</y></pt><pt><x>237</x><y>300</y></pt><pt><x>235</x><y>293</y></pt><pt><x>236</x><y>288</y></pt><pt><x>238</x><y>285</y></pt><pt><x>241</x><y>282</y></pt><pt><x>270</x><y>279</y></pt><pt><x>291</x><y>266</y></pt><pt><x>324</x><y>266</y></pt><pt><x>332</x><y>266</y></pt></polygon></object><object><name>van</name><deleted>0</deleted><verified>0</verified><date>16-Jul-2012 01:04:47</date><id>2</id><polygon><username>sandy</username><pt><x>428</x><y>254</y></pt><pt><x>477</x><y>255</y></pt><pt><x>482</x><y>271</y></pt><pt><x>481</x><y>300</y></pt><pt><x>479</x><y>303</y></pt><pt><x>474</x><y>303</y></pt><pt><x>472</x><y>301</y></pt><pt><x>474</x><y>297</y></pt><pt><x>466</x><y>296</y></pt><pt><x>466</x><y>300</y></pt><pt><x>464</x><y>305</y></pt><pt><x>456</x><y>303</y></pt><pt><x>454</x><y>300</y></pt><pt><x>442</x><y>300</y></pt><pt><x>440</x><y>303</y></pt><pt><x>434</x><y>302</y></pt><pt><x>432</x><y>300</y></pt><pt><x>433</x><y>299</y></pt><pt><x>424</x><y>299</y></pt><pt><x>423</x><y>302</y></pt><pt><x>420</x><y>304</y></pt><pt><x>417</x><y>304</y></pt><pt><x>412</x><y>303</y></pt><pt><x>410</x><y>301</y></pt><pt><x>410</x><y>299</y></pt><pt><x>409</x><y>286</y></pt><pt><x>411</x><y>276</y></pt><pt><x>414</x><y>272</y></pt></polygon></object><object><name>cars</name><deleted>0</deleted><verified>0</verified><date>16-Jul-2012 01:04:47</date><id>3</id><polygon><username>sandy</username><pt><x>371</x><y>274</y></pt><pt><x>405</x><y>289</y></pt><pt><x>408</x><y>288</y></pt><pt><x>418</x><y>272</y></pt><pt><x>415</x><y>269</y></pt><pt><x>410</x><y>261</y></pt><pt><x>389</x><y>260</y></pt><pt><x>385</x><y>262</y></pt><pt><x>375</x><y>262</y></pt><pt><x>373</x><y>269</y></pt></polygon></object><object><name>cars</name><deleted>0</deleted><verified>0</verified><date>16-Jul-2012 01:04:47</date><id>4</id><polygon><username>sandy</username><pt><x>492</x><y>264</y></pt><pt><x>530</x><y>265</y></pt><pt><x>586</x><y>268</y></pt><pt><x>606</x><y>267</y></pt><pt><x>613</x><y>272</y></pt><pt><x>618</x><y>268</y></pt><pt><x>622</x><y>267</y></pt><pt><x>629</x><y>270</y></pt><pt><x>636</x><y>273</y></pt><pt><x>639</x><y>276</y></pt><pt><x>642</x><y>281</y></pt><pt><x>639</x><y>283</y></pt><pt><x>635</x><y>284</y></pt><pt><x>613</x><y>283</y></pt><pt><x>588</x><y>282</y></pt><pt><x>573</x><y>280</y></pt><pt><x>492</x><y>276</y></pt><pt><x>488</x><y>274</y></pt></polygon></object><object><name>cars</name><deleted>0</deleted><verified>0</verified><date>16-Jul-2012 01:04:47</date><id>5</id><polygon><username>sandy</username><pt><x>579</x><y>300</y></pt><pt><x>578</x><y>283</y></pt><pt><x>572</x><y>279</y></pt><pt><x>565</x><y>267</y></pt><pt><x>529</x><y>266</y></pt><pt><x>522</x><y>278</y></pt><pt><x>522</x><y>292</y></pt><pt><x>523</x><y>301</y></pt><pt><x>525</x><y>304</y></pt><pt><x>528</x><y>304</y></pt><pt><x>529</x><y>300</y></pt><pt><x>530</x><y>299</y></pt><pt><x>533</x><y>300</y></pt><pt><x>535</x><y>304</y></pt><pt><x>539</x><y>305</y></pt><pt><x>542</x><y>303</y></pt><pt><x>542</x><y>302</y></pt><pt><x>554</x><y>301</y></pt><pt><x>555</x><y>304</y></pt><pt><x>561</x><y>305</y></pt><pt><x>562</x><y>302</y></pt><pt><x>565</x><y>301</y></pt><pt><x>570</x><y>301</y></pt><pt><x>569</x><y>306</y></pt><pt><x>572</x><y>308</y></pt></polygon></object><object><name>cars</name><deleted>0</deleted><verified>0</verified><date>16-Jul-2012 01:04:47</date><id>6</id><polygon><username>sandy</username><pt><x>692</x><y>274</y></pt><pt><x>702</x><y>275</y></pt><pt><x>699</x><y>288</y></pt><pt><x>683</x><y>286</y></pt><pt><x>682</x><y>281</y></pt><pt><x>686</x><y>276</y></pt><pt><x>688</x><y>275</y></pt></polygon></object><object><name>van</name><deleted>0</deleted><verified>0</verified><date>16-Jul-2012 01:04:47</date><id>7</id><polygon><username>sandy</username><pt><x>709</x><y>266</y></pt><pt><x>723</x><y>266</y></pt><pt><x>744</x><y>268</y></pt><pt><x>747</x><y>293</y></pt><pt><x>718</x><y>292</y></pt><pt><x>699</x><y>289</y></pt><pt><x>699</x><y>279</y></pt><pt><x>703</x><y>276</y></pt></polygon></object><object><name>cars</name><deleted>0</deleted><verified>0</verified><date>16-Jul-2012 01:04:47</date><id>8</id><polygon><username>sandy</username><pt><x>760</x><y>278</y></pt><pt><x>764</x><y>281</y></pt><pt><x>770</x><y>281</y></pt><pt><x>776</x><y>277</y></pt><pt><x>778</x><y>274</y></pt><pt><x>789</x><y>269</y></pt><pt><x>794</x><y>268</y></pt><pt><x>798</x><y>269</y></pt><pt><x>798</x><y>301</y></pt><pt><x>772</x><y>296</y></pt><pt><x>763</x><y>299</y></pt><pt><x>738</x><y>300</y></pt><pt><x>716</x><y>295</y></pt><pt><x>712</x><y>293</y></pt><pt><x>711</x><y>290</y></pt><pt><x>712</x><y>287</y></pt><pt><x>715</x><y>283</y></pt><pt><x>719</x><y>282</y></pt><pt><x>726</x><y>276</y></pt><pt><x>752</x><y>275</y></pt></polygon></object><object><name>sign</name><deleted>0</deleted><verified>0</verified><date>16-Jul-2012 01:04:47</date><id>9</id><polygon><username>sandy</username><pt><x>195</x><y>222</y></pt><pt><x>197</x><y>255</y></pt><pt><x>208</x><y>255</y></pt><pt><x>207</x><y>219</y></pt></polygon></object><object><name>sign</name><deleted>0</deleted><verified>0</verified><date>16-Jul-2012 01:04:47</date><id>10</id><polygon><username>sandy</username><pt><x>196</x><y>269</y></pt><pt><x>206</x><y>270</y></pt><pt><x>205</x><y>257</y></pt><pt><x>197</x><y>255</y></pt></polygon></object><object><name>sign</name><deleted>0</deleted><verified>0</verified><date>16-Jul-2012 01:04:47</date><id>11</id><polygon><username>sandy</username><pt><x>266</x><y>230</y></pt><pt><x>277</x><y>245</y></pt><pt><x>264</x><y>258</y></pt><pt><x>251</x><y>245</y></pt></polygon></object><object><name>sign</name><deleted>0</deleted><verified>0</verified><date>16-Jul-2012 01:04:47</date><id>12</id><polygon><username>sandy</username><pt><x>348</x><y>254</y></pt><pt><x>354</x><y>244</y></pt><pt><x>345</x><y>234</y></pt><pt><x>336</x><y>244</y></pt><pt><x>343</x><y>255</y></pt></polygon></object><object><name>sign</name><deleted>0</deleted><verified>0</verified><date>16-Jul-2012 01:04:47</date><id>13</id><polygon><username>sandy</username><pt><x>133</x><y>249</y></pt><pt><x>137</x><y>242</y></pt><pt><x>131</x><y>235</y></pt><pt><x>125</x><y>242</y></pt></polygon></object><object><name>sign</name><deleted>0</deleted><verified>0</verified><date>16-Jul-2012 01:04:47</date><id>14</id><polygon><username>sandy</username><pt><x>61</x><y>246</y></pt><pt><x>67</x><y>246</y></pt><pt><x>67</x><y>235</y></pt><pt><x>62</x><y>235</y></pt></polygon></object><object><name>sign</name><deleted>0</deleted><verified>0</verified><date>16-Jul-2012 01:04:47</date><id>15</id><polygon><username>sandy</username><pt><x>8</x><y>235</y></pt><pt><x>0</x><y>228</y></pt><pt><x>2</x><y>241</y></pt></polygon></object><object><name>road</name><deleted>0</deleted><verified>0</verified><date>16-Jul-2012 01:04:47</date><id>16</id><polygon><username>sandy</username><pt><x>2</x><y>436</y></pt><pt><x>201</x><y>476</y></pt><pt><x>239</x><y>497</y></pt><pt><x>341</x><y>532</y></pt><pt><x>373</x><y>526</y></pt><pt><x>518</x><y>567</y></pt><pt><x>602</x><y>599</y></pt><pt><x>797</x><y>598</y></pt><pt><x>797</x><y>301</y></pt><pt><x>631</x><y>283</y></pt><pt><x>491</x><y>272</y></pt><pt><x>391</x><y>276</y></pt><pt><x>419</x><y>292</y></pt><pt><x>419</x><y>299</y></pt><pt><x>407</x><y>303</y></pt><pt><x>399</x><y>301</y></pt><pt><x>234</x><y>302</y></pt><pt><x>119</x><y>296</y></pt><pt><x>2</x><y>292</y></pt></polygon></object><object><name>trees</name><deleted>0</deleted><verified>0</verified><date>16-Jul-2012 01:04:47</date><id>17</id><polygon><username>sandy</username><pt><x>2</x><y>108</y></pt><pt><x>14</x><y>115</y></pt><pt><x>22</x><y>122</y></pt><pt><x>28</x><y>131</y></pt><pt><x>37</x><y>136</y></pt><pt><x>45</x><y>135</y></pt><pt><x>56</x><y>136</y></pt><pt><x>62</x><y>142</y></pt><pt><x>67</x><y>155</y></pt><pt><x>71</x><y>170</y></pt><pt><x>74</x><y>180</y></pt><pt><x>81</x><y>183</y></pt><pt><x>87</x><y>182</y></pt><pt><x>95</x><y>186</y></pt><pt><x>99</x><y>193</y></pt><pt><x>106</x><y>197</y></pt><pt><x>111</x><y>194</y></pt><pt><x>117</x><y>193</y></pt><pt><x>127</x><y>199</y></pt><pt><x>147</x><y>214</y></pt><pt><x>148</x><y>221</y></pt><pt><x>152</x><y>224</y></pt><pt><x>158</x><y>220</y></pt><pt><x>160</x><y>213</y></pt><pt><x>164</x><y>208</y></pt><pt><x>169</x><y>207</y></pt><pt><x>170</x><y>201</y></pt><pt><x>171</x><y>193</y></pt><pt><x>166</x><y>194</y></pt><pt><x>160</x><y>193</y></pt><pt><x>154</x><y>192</y></pt><pt><x>152</x><y>185</y></pt><pt><x>152</x><y>177</y></pt><pt><x>156</x><y>173</y></pt><pt><x>169</x><y>164</y></pt><pt><x>174</x><y>161</y></pt><pt><x>182</x><y>161</y></pt><pt><x>192</x><y>161</y></pt><pt><x>194</x><y>158</y></pt><pt><x>189</x><y>154</y></pt><pt><x>182</x><y>151</y></pt><pt><x>177</x><y>141</y></pt><pt><x>177</x><y>136</y></pt><pt><x>185</x><y>135</y></pt><pt><x>193</x><y>131</y></pt><pt><x>192</x><y>115</y></pt><pt><x>185</x><y>112</y></pt><pt><x>186</x><y>107</y></pt><pt><x>189</x><y>99</y></pt><pt><x>197</x><y>93</y></pt><pt><x>205</x><y>92</y></pt><pt><x>208</x><y>96</y></pt><pt><x>210</x><y>88</y></pt><pt><x>212</x><y>79</y></pt><pt><x>216</x><y>75</y></pt><pt><x>220</x><y>71</y></pt><pt><x>226</x><y>69</y></pt><pt><x>236</x><y>71</y></pt><pt><x>251</x><y>55</y></pt><pt><x>259</x><y>56</y></pt><pt><x>263</x><y>49</y></pt><pt><x>267</x><y>44</y></pt><pt><x>273</x><y>41</y></pt><pt><x>280</x><y>37</y></pt><pt><x>295</x><y>37</y></pt><pt><x>314</x><y>41</y></pt><pt><x>321</x><y>45</y></pt><pt><x>322</x><y>53</y></pt><pt><x>322</x><y>59</y></pt><pt><x>333</x><y>56</y></pt><pt><x>339</x><y>53</y></pt><pt><x>345</x><y>56</y></pt><pt><x>361</x><y>78</y></pt><pt><x>372</x><y>92</y></pt><pt><x>365</x><y>100</y></pt><pt><x>364</x><y>108</y></pt><pt><x>359</x><y>112</y></pt><pt><x>362</x><y>114</y></pt><pt><x>371</x><y>116</y></pt><pt><x>384</x><y>117</y></pt><pt><x>387</x><y>124</y></pt><pt><x>391</x><y>133</y></pt><pt><x>386</x><y>137</y></pt><pt><x>376</x><y>138</y></pt><pt><x>374</x><y>142</y></pt><pt><x>384</x><y>146</y></pt><pt><x>390</x><y>149</y></pt><pt><x>388</x><y>158</y></pt><pt><x>381</x><y>162</y></pt><pt><x>380</x><y>170</y></pt><pt><x>381</x><y>178</y></pt><pt><x>393</x><y>189</y></pt><pt><x>401</x><y>219</y></pt><pt><x>413</x><y>224</y></pt><pt><x>421</x><y>228</y></pt><pt><x>413</x><y>236</y></pt><pt><x>407</x><y>240</y></pt><pt><x>399</x><y>259</y></pt><pt><x>395</x><y>268</y></pt><pt><x>197</x><y>277</y></pt><pt><x>177</x><y>264</y></pt><pt><x>149</x><y>266</y></pt><pt><x>136</x><y>263</y></pt><pt><x>131</x><y>255</y></pt><pt><x>102</x><y>247</y></pt><pt><x>82</x><y>244</y></pt><pt><x>69</x><y>250</y></pt><pt><x>0</x><y>236</y></pt></polygon></object><object><name>trees</name><deleted>0</deleted><verified>0</verified><date>16-Jul-2012 01:04:47</date><id>18</id><polygon><username>sandy</username><pt><x>516</x><y>208</y></pt><pt><x>531</x><y>195</y></pt><pt><x>547</x><y>189</y></pt><pt><x>582</x><y>167</y></pt><pt><x>611</x><y>162</y></pt><pt><x>624</x><y>169</y></pt><pt><x>675</x><y>163</y></pt><pt><x>686</x><y>158</y></pt><pt><x>695</x><y>151</y></pt><pt><x>712</x><y>147</y></pt><pt><x>720</x><y>141</y></pt><pt><x>733</x><y>143</y></pt><pt><x>745</x><y>150</y></pt><pt><x>750</x><y>157</y></pt><pt><x>757</x><y>162</y></pt><pt><x>767</x><y>164</y></pt><pt><x>772</x><y>166</y></pt><pt><x>782</x><y>154</y></pt><pt><x>778</x><y>139</y></pt><pt><x>771</x><y>131</y></pt><pt><x>766</x><y>124</y></pt><pt><x>758</x><y>122</y></pt><pt><x>756</x><y>116</y></pt><pt><x>762</x><y>110</y></pt><pt><x>770</x><y>101</y></pt><pt><x>777</x><y>94</y></pt><pt><x>783</x><y>92</y></pt><pt><x>796</x><y>92</y></pt><pt><x>798</x><y>280</y></pt><pt><x>682</x><y>281</y></pt><pt><x>638</x><y>279</y></pt><pt><x>492</x><y>268</y></pt><pt><x>397</x><y>264</y></pt><pt><x>403</x><y>243</y></pt><pt><x>441</x><y>241</y></pt><pt><x>445</x><y>236</y></pt><pt><x>456</x><y>232</y></pt><pt><x>464</x><y>216</y></pt><pt><x>473</x><y>210</y></pt><pt><x>482</x><y>211</y></pt><pt><x>489</x><y>213</y></pt><pt><x>496</x><y>216</y></pt><pt><x>505</x><y>214</y></pt><pt><x>505</x><y>208</y></pt><pt><x>505</x><y>205</y></pt></polygon></object><object><name>person</name><deleted>0</deleted><verified>0</verified><date>16-Jul-2012 01:04:47</date><id>19</id><polygon><username>sandy</username><pt><x>37</x><y>283</y></pt><pt><x>37</x><y>277</y></pt><pt><x>45</x><y>282</y></pt><pt><x>46</x><y>282</y></pt><pt><x>37</x><y>272</y></pt><pt><x>37</x><y>263</y></pt><pt><x>34</x><y>260</y></pt><pt><x>35</x><y>254</y></pt><pt><x>35</x><y>251</y></pt><pt><x>32</x><y>249</y></pt><pt><x>30</x><y>250</y></pt><pt><x>26</x><y>251</y></pt><pt><x>29</x><y>259</y></pt><pt><x>24</x><y>260</y></pt><pt><x>19</x><y>282</y></pt><pt><x>20</x><y>287</y></pt><pt><x>22</x><y>285</y></pt><pt><x>25</x><y>288</y></pt><pt><x>27</x><y>293</y></pt><pt><x>24</x><y>303</y></pt><pt><x>24</x><y>307</y></pt><pt><x>28</x><y>308</y></pt><pt><x>34</x><y>308</y></pt><pt><x>34</x><y>306</y></pt><pt><x>32</x><y>303</y></pt><pt><x>35</x><y>297</y></pt><pt><x>35</x><y>293</y></pt><pt><x>36</x><y>287</y></pt></polygon></object><object><name>crossing</name><deleted>0</deleted><verified>0</verified><date>16-Jul-2012 01:04:47</date><id>20</id><polygon><username>sandy</username><pt><x>76</x><y>369</y></pt><pt><x>99</x><y>345</y></pt><pt><x>118</x><y>329</y></pt><pt><x>156</x><y>299</y></pt><pt><x>77</x><y>294</y></pt><pt><x>27</x><y>325</y></pt><pt><x>0</x><y>338</y></pt><pt><x>0</x><y>434</y></pt><pt><x>9</x><y>435</y></pt><pt><x>47</x><y>401</y></pt><pt><x>67</x><y>376</y></pt></polygon></object><object><name>pavement</name><deleted>0</deleted><verified>0</verified><date>16-Jul-2012 01:04:47</date><id>21</id><polygon><username>sandy</username><pt><x>2</x><y>598</y></pt><pt><x>3</x><y>436</y></pt><pt><x>198</x><y>474</y></pt><pt><x>231</x><y>489</y></pt><pt><x>238</x><y>496</y></pt><pt><x>345</x><y>534</y></pt><pt><x>374</x><y>524</y></pt><pt><x>492</x><y>557</y></pt><pt><x>572</x><y>590</y></pt><pt><x>602</x><y>597</y></pt></polygon></object><object><name>pavement</name><deleted>0</deleted><verified>0</verified><date>16-Jul-2012 01:04:47</date><id>22</id><polygon><username>sandy</username><pt><x>365</x><y>277</y></pt><pt><x>370</x><y>277</y></pt><pt><x>380</x><y>277</y></pt><pt><x>413</x><y>292</y></pt><pt><x>414</x><y>298</y></pt><pt><x>411</x><y>303</y></pt><pt><x>399</x><y>301</y></pt><pt><x>183</x><y>302</y></pt><pt><x>120</x><y>298</y></pt><pt><x>2</x><y>289</y></pt><pt><x>3</x><y>267</y></pt><pt><x>160</x><y>275</y></pt><pt><x>235</x><y>280</y></pt><pt><x>356</x><y>282</y></pt></polygon></object><object><name>lamppost</name><deleted>0</deleted><verified>0</verified><date>16-Jul-2012 01:04:47</date><id>23</id><polygon><username>sandy</username><pt><x>201</x><y>295</y></pt><pt><x>207</x><y>3</y></pt><pt><x>202</x><y>0</y></pt><pt><x>192</x><y>292</y></pt><pt><x>187</x><y>294</y></pt><pt><x>185</x><y>320</y></pt><pt><x>200</x><y>321</y></pt><pt><x>207</x><y>319</y></pt></polygon></object><object><name>lamppost</name><deleted>0</deleted><verified>0</verified><date>16-Jul-2012 01:04:47</date><id>24</id><polygon><username>sandy</username><pt><x>347</x><y>115</y></pt><pt><x>340</x><y>270</y></pt><pt><x>345</x><y>271</y></pt><pt><x>350</x><y>103</y></pt><pt><x>347</x><y>102</y></pt><pt><x>345</x><y>108</y></pt><pt><x>305</x><y>99</y></pt><pt><x>296</x><y>94</y></pt><pt><x>291</x><y>97</y></pt><pt><x>291</x><y>100</y></pt><pt><x>295</x><y>102</y></pt><pt><x>303</x><y>102</y></pt></polygon></object><object><name>lamppost</name><deleted>0</deleted><verified>0</verified><date>16-Jul-2012 01:04:47</date><id>25</id><polygon><username>sandy</username><pt><x>401</x><y>172</y></pt><pt><x>402</x><y>129</y></pt><pt><x>444</x><y>122</y></pt><pt><x>450</x><y>124</y></pt><pt><x>456</x><y>124</y></pt><pt><x>459</x><y>122</y></pt><pt><x>461</x><y>119</y></pt><pt><x>457</x><y>117</y></pt><pt><x>450</x><y>119</y></pt><pt><x>401</x><y>126</y></pt><pt><x>397</x><y>123</y></pt><pt><x>396</x><y>257</y></pt><pt><x>401</x><y>257</y></pt></polygon></object><object><name>hat</name><deleted>0</deleted><verified>0</verified><date>16-Jul-2012 01:04:47</date><id>26</id><polygon><username>sandy</username><pt><x>31</x><y>257</y></pt><pt><x>35</x><y>253</y></pt><pt><x>35</x><y>251</y></pt><pt><x>33</x><y>250</y></pt><pt><x>32</x><y>250</y></pt><pt><x>29</x><y>251</y></pt><pt><x>27</x><y>252</y></pt><pt><x>28</x><y>255</y></pt></polygon></object><object><name>sign</name><deleted>0</deleted><verified>0</verified><date>16-Jul-2012 01:04:47</date><id>27</id><polygon><username>sandy</username><pt><x>234</x><y>185</y></pt><pt><x>233</x><y>192</y></pt><pt><x>243</x><y>193</y></pt><pt><x>243</x><y>197</y></pt><pt><x>249</x><y>198</y></pt><pt><x>252</x><y>195</y></pt><pt><x>255</x><y>193</y></pt><pt><x>264</x><y>194</y></pt><pt><x>263</x><y>175</y></pt><pt><x>251</x><y>176</y></pt><pt><x>250</x><y>180</y></pt><pt><x>252</x><y>182</y></pt><pt><x>250</x><y>185</y></pt></polygon></object><object><name>buildings</name><deleted>0</deleted><verified>0</verified><date>16-Jul-2012 01:04:47</date><id>28</id><polygon><username>sandy</username><pt><x>127</x><y>192</y></pt><pt><x>177</x><y>194</y></pt><pt><x>174</x><y>225</y></pt><pt><x>138</x><y>222</y></pt></polygon></object><imagesize><nrows>600</nrows><ncols>800</ncols></imagesize><object><name>trafficlight</name><deleted>0</deleted><verified>0</verified><date>16-Jul-2012 11:03:29</date><id>29</id><polygon><username>sandy</username><pt><x>249</x><y>211</y></pt><pt><x>250</x><y>233</y></pt><pt><x>271</x><y>233</y></pt><pt><x>270</x><y>212</y></pt></polygon></object><object><name>trafficlight</name><deleted>0</deleted><verified>0</verified><date>16-Jul-2012 11:03:29</date><id>30</id><polygon><username>sandy</username><pt><x>173</x><y>179</y></pt><pt><x>197</x><y>178</y></pt><pt><x>194</x><y>217</y></pt><pt><x>169</x><y>216</y></pt></polygon></object></annotation>