<annotation><filename>a_airport_terminal_airport_inside_0064.jpg</filename><folder>100images</folder><source><sourceImage>The MIT-CSAIL database of objects and scenes</sourceImage><sourceAnnotation>LabelMe Webtool</sourceAnnotation></source><object><name>escalator</name><deleted>0</deleted><verified>0</verified><date>11-Jun-2012 16:56:51</date><id>0</id><polygon><username>sandy</username><pt><x>303</x><y>319</y></pt><pt><x>315</x><y>285</y></pt><pt><x>333</x><y>245</y></pt><pt><x>345</x><y>221</y></pt><pt><x>355</x><y>219</y></pt><pt><x>356</x><y>198</y></pt><pt><x>341</x><y>196</y></pt><pt><x>331</x><y>203</y></pt><pt><x>327</x><y>195</y></pt><pt><x>314</x><y>197</y></pt><pt><x>304</x><y>214</y></pt><pt><x>286</x><y>253</y></pt><pt><x>268</x><y>287</y></pt><pt><x>261</x><y>295</y></pt><pt><x>253</x><y>297</y></pt><pt><x>246</x><y>298</y></pt><pt><x>240</x><y>316</y></pt><pt><x>244</x><y>329</y></pt><pt><x>255</x><y>328</y></pt><pt><x>287</x><y>328</y></pt></polygon></object><object><name>person</name><deleted>0</deleted><verified>0</verified><date>11-Jun-2012 16:56:51</date><id>1</id><polygon><username>sandy</username><pt><x>6</x><y>251</y></pt><pt><x>19</x><y>259</y></pt><pt><x>23</x><y>263</y></pt><pt><x>23</x><y>279</y></pt><pt><x>42</x><y>295</y></pt><pt><x>51</x><y>311</y></pt><pt><x>57</x><y>336</y></pt><pt><x>61</x><y>365</y></pt><pt><x>60</x><y>380</y></pt><pt><x>56</x><y>381</y></pt><pt><x>54</x><y>389</y></pt><pt><x>56</x><y>400</y></pt><pt><x>52</x><y>415</y></pt><pt><x>47</x><y>424</y></pt><pt><x>52</x><y>475</y></pt><pt><x>56</x><y>505</y></pt><pt><x>58</x><y>529</y></pt><pt><x>54</x><y>547</y></pt><pt><x>10</x><y>544</y></pt><pt><x>6</x><y>533</y></pt><pt><x>12</x><y>517</y></pt><pt><x>10</x><y>505</y></pt><pt><x>7</x><y>462</y></pt><pt><x>8</x><y>434</y></pt><pt><x>2</x><y>419</y></pt></polygon></object><object><name>person</name><deleted>0</deleted><verified>0</verified><date>11-Jun-2012 16:56:51</date><id>2</id><polygon><username>sandy</username><pt><x>86</x><y>268</y></pt><pt><x>93</x><y>269</y></pt><pt><x>93</x><y>281</y></pt><pt><x>102</x><y>289</y></pt><pt><x>100</x><y>318</y></pt><pt><x>93</x><y>323</y></pt><pt><x>95</x><y>347</y></pt><pt><x>95</x><y>357</y></pt><pt><x>90</x><y>357</y></pt><pt><x>77</x><y>353</y></pt><pt><x>76</x><y>322</y></pt><pt><x>73</x><y>311</y></pt><pt><x>77</x><y>293</y></pt><pt><x>68</x><y>305</y></pt><pt><x>64</x><y>312</y></pt><pt><x>54</x><y>310</y></pt><pt><x>57</x><y>303</y></pt><pt><x>66</x><y>293</y></pt><pt><x>73</x><y>287</y></pt><pt><x>81</x><y>279</y></pt><pt><x>87</x><y>278</y></pt></polygon></object><object><name>person</name><deleted>0</deleted><verified>0</verified><date>11-Jun-2012 16:56:51</date><id>3</id><polygon><username>sandy</username><pt><x>126</x><y>272</y></pt><pt><x>136</x><y>276</y></pt><pt><x>134</x><y>285</y></pt><pt><x>143</x><y>291</y></pt><pt><x>143</x><y>307</y></pt><pt><x>141</x><y>321</y></pt><pt><x>142</x><y>332</y></pt><pt><x>147</x><y>348</y></pt><pt><x>149</x><y>357</y></pt><pt><x>147</x><y>360</y></pt><pt><x>141</x><y>360</y></pt><pt><x>138</x><y>358</y></pt><pt><x>142</x><y>355</y></pt><pt><x>129</x><y>333</y></pt><pt><x>124</x><y>355</y></pt><pt><x>119</x><y>362</y></pt><pt><x>111</x><y>357</y></pt><pt><x>112</x><y>352</y></pt><pt><x>117</x><y>354</y></pt><pt><x>120</x><y>328</y></pt><pt><x>122</x><y>311</y></pt><pt><x>118</x><y>305</y></pt><pt><x>122</x><y>289</y></pt><pt><x>127</x><y>290</y></pt><pt><x>125</x><y>285</y></pt></polygon></object><object><name>people</name><deleted>0</deleted><verified>0</verified><date>11-Jun-2012 16:56:51</date><id>4</id><polygon><username>sandy</username><pt><x>219</x><y>295</y></pt><pt><x>221</x><y>301</y></pt><pt><x>221</x><y>309</y></pt><pt><x>223</x><y>315</y></pt><pt><x>221</x><y>324</y></pt><pt><x>223</x><y>336</y></pt><pt><x>193</x><y>340</y></pt><pt><x>184</x><y>338</y></pt><pt><x>183</x><y>324</y></pt><pt><x>174</x><y>321</y></pt><pt><x>172</x><y>309</y></pt><pt><x>177</x><y>299</y></pt><pt><x>184</x><y>294</y></pt><pt><x>187</x><y>302</y></pt><pt><x>193</x><y>302</y></pt><pt><x>193</x><y>293</y></pt><pt><x>200</x><y>289</y></pt><pt><x>203</x><y>299</y></pt><pt><x>204</x><y>305</y></pt><pt><x>210</x><y>305</y></pt></polygon></object><object><name>person</name><deleted>0</deleted><verified>0</verified><date>11-Jun-2012 16:56:51</date><id>5</id><polygon><username>sandy</username><pt><x>236</x><y>270</y></pt><pt><x>246</x><y>273</y></pt><pt><x>243</x><y>282</y></pt><pt><x>251</x><y>288</y></pt><pt><x>253</x><y>303</y></pt><pt><x>245</x><y>315</y></pt><pt><x>243</x><y>321</y></pt><pt><x>244</x><y>333</y></pt><pt><x>246</x><y>344</y></pt><pt><x>244</x><y>356</y></pt><pt><x>239</x><y>355</y></pt><pt><x>231</x><y>350</y></pt><pt><x>235</x><y>338</y></pt><pt><x>230</x><y>320</y></pt><pt><x>229</x><y>306</y></pt><pt><x>225</x><y>304</y></pt><pt><x>226</x><y>291</y></pt><pt><x>228</x><y>286</y></pt><pt><x>234</x><y>285</y></pt></polygon></object><object><name>person</name><deleted>0</deleted><verified>0</verified><date>11-Jun-2012 16:56:51</date><id>6</id><polygon><username>sandy</username><pt><x>285</x><y>356</y></pt><pt><x>287</x><y>329</y></pt><pt><x>287</x><y>320</y></pt><pt><x>295</x><y>307</y></pt><pt><x>289</x><y>288</y></pt><pt><x>287</x><y>277</y></pt><pt><x>282</x><y>268</y></pt><pt><x>277</x><y>270</y></pt><pt><x>273</x><y>278</y></pt><pt><x>276</x><y>287</y></pt><pt><x>272</x><y>287</y></pt><pt><x>267</x><y>296</y></pt><pt><x>264</x><y>309</y></pt><pt><x>264</x><y>321</y></pt><pt><x>265</x><y>330</y></pt><pt><x>270</x><y>340</y></pt><pt><x>271</x><y>347</y></pt><pt><x>270</x><y>357</y></pt><pt><x>277</x><y>361</y></pt></polygon></object><object><name>person</name><deleted>0</deleted><verified>0</verified><date>11-Jun-2012 16:56:51</date><id>7</id><polygon><username>sandy</username><pt><x>353</x><y>442</y></pt><pt><x>352</x><y>387</y></pt><pt><x>356</x><y>372</y></pt><pt><x>357</x><y>339</y></pt><pt><x>364</x><y>326</y></pt><pt><x>375</x><y>322</y></pt><pt><x>367</x><y>305</y></pt><pt><x>361</x><y>289</y></pt><pt><x>347</x><y>284</y></pt><pt><x>344</x><y>277</y></pt><pt><x>348</x><y>270</y></pt><pt><x>347</x><y>257</y></pt><pt><x>345</x><y>254</y></pt><pt><x>337</x><y>253</y></pt><pt><x>330</x><y>257</y></pt><pt><x>328</x><y>263</y></pt><pt><x>329</x><y>276</y></pt><pt><x>331</x><y>285</y></pt><pt><x>330</x><y>288</y></pt><pt><x>322</x><y>298</y></pt><pt><x>321</x><y>310</y></pt><pt><x>322</x><y>329</y></pt><pt><x>322</x><y>345</y></pt><pt><x>321</x><y>362</y></pt><pt><x>319</x><y>379</y></pt><pt><x>322</x><y>404</y></pt><pt><x>326</x><y>429</y></pt><pt><x>322</x><y>441</y></pt><pt><x>327</x><y>445</y></pt><pt><x>333</x><y>438</y></pt><pt><x>337</x><y>442</y></pt></polygon></object><object><name>people</name><deleted>0</deleted><verified>0</verified><date>11-Jun-2012 16:56:51</date><id>8</id><polygon><username>sandy</username><pt><x>326</x><y>280</y></pt><pt><x>321</x><y>284</y></pt><pt><x>322</x><y>290</y></pt><pt><x>316</x><y>297</y></pt><pt><x>316</x><y>343</y></pt><pt><x>318</x><y>355</y></pt><pt><x>364</x><y>346</y></pt><pt><x>367</x><y>335</y></pt><pt><x>395</x><y>332</y></pt><pt><x>400</x><y>318</y></pt><pt><x>425</x><y>319</y></pt><pt><x>424</x><y>332</y></pt><pt><x>431</x><y>333</y></pt><pt><x>432</x><y>321</y></pt><pt><x>439</x><y>321</y></pt><pt><x>439</x><y>328</y></pt><pt><x>448</x><y>331</y></pt><pt><x>448</x><y>323</y></pt><pt><x>481</x><y>318</y></pt><pt><x>495</x><y>314</y></pt><pt><x>502</x><y>321</y></pt><pt><x>518</x><y>321</y></pt><pt><x>526</x><y>324</y></pt><pt><x>524</x><y>333</y></pt><pt><x>529</x><y>333</y></pt><pt><x>525</x><y>355</y></pt><pt><x>533</x><y>356</y></pt><pt><x>534</x><y>366</y></pt><pt><x>583</x><y>362</y></pt><pt><x>594</x><y>358</y></pt><pt><x>601</x><y>286</y></pt><pt><x>577</x><y>284</y></pt><pt><x>573</x><y>282</y></pt><pt><x>573</x><y>273</y></pt><pt><x>566</x><y>273</y></pt><pt><x>559</x><y>277</y></pt><pt><x>558</x><y>284</y></pt><pt><x>543</x><y>278</y></pt><pt><x>505</x><y>274</y></pt><pt><x>483</x><y>277</y></pt><pt><x>457</x><y>276</y></pt><pt><x>439</x><y>280</y></pt><pt><x>428</x><y>286</y></pt><pt><x>428</x><y>273</y></pt><pt><x>417</x><y>279</y></pt><pt><x>413</x><y>276</y></pt><pt><x>408</x><y>284</y></pt><pt><x>403</x><y>278</y></pt><pt><x>398</x><y>276</y></pt><pt><x>382</x><y>278</y></pt><pt><x>380</x><y>286</y></pt><pt><x>370</x><y>277</y></pt><pt><x>364</x><y>276</y></pt><pt><x>361</x><y>284</y></pt><pt><x>357</x><y>277</y></pt><pt><x>350</x><y>273</y></pt></polygon></object><object><name>person</name><deleted>0</deleted><verified>0</verified><date>11-Jun-2012 16:56:51</date><id>9</id><polygon><username>sandy</username><pt><x>405</x><y>382</y></pt><pt><x>399</x><y>370</y></pt><pt><x>404</x><y>364</y></pt><pt><x>402</x><y>332</y></pt><pt><x>396</x><y>330</y></pt><pt><x>396</x><y>324</y></pt><pt><x>398</x><y>318</y></pt><pt><x>402</x><y>314</y></pt><pt><x>397</x><y>310</y></pt><pt><x>391</x><y>309</y></pt><pt><x>387</x><y>309</y></pt><pt><x>383</x><y>313</y></pt><pt><x>383</x><y>319</y></pt><pt><x>383</x><y>326</y></pt><pt><x>374</x><y>330</y></pt><pt><x>370</x><y>339</y></pt><pt><x>371</x><y>349</y></pt><pt><x>371</x><y>371</y></pt><pt><x>377</x><y>374</y></pt><pt><x>372</x><y>392</y></pt><pt><x>365</x><y>408</y></pt><pt><x>367</x><y>419</y></pt><pt><x>378</x><y>423</y></pt><pt><x>383</x><y>417</y></pt><pt><x>379</x><y>407</y></pt><pt><x>379</x><y>402</y></pt><pt><x>386</x><y>388</y></pt><pt><x>391</x><y>387</y></pt><pt><x>388</x><y>406</y></pt><pt><x>390</x><y>414</y></pt><pt><x>398</x><y>414</y></pt><pt><x>406</x><y>413</y></pt><pt><x>402</x><y>406</y></pt><pt><x>398</x><y>403</y></pt><pt><x>403</x><y>391</y></pt></polygon></object><object><name>people</name><deleted>0</deleted><verified>0</verified><date>11-Jun-2012 16:56:51</date><id>10</id><polygon><username>sandy</username><pt><x>671</x><y>282</y></pt><pt><x>688</x><y>289</y></pt><pt><x>695</x><y>299</y></pt><pt><x>692</x><y>311</y></pt><pt><x>684</x><y>321</y></pt><pt><x>703</x><y>323</y></pt><pt><x>713</x><y>332</y></pt><pt><x>713</x><y>347</y></pt><pt><x>711</x><y>356</y></pt><pt><x>702</x><y>372</y></pt><pt><x>691</x><y>379</y></pt><pt><x>688</x><y>398</y></pt><pt><x>687</x><y>429</y></pt><pt><x>688</x><y>467</y></pt><pt><x>688</x><y>488</y></pt><pt><x>690</x><y>509</y></pt><pt><x>690</x><y>523</y></pt><pt><x>699</x><y>522</y></pt><pt><x>700</x><y>531</y></pt><pt><x>695</x><y>539</y></pt><pt><x>675</x><y>540</y></pt><pt><x>675</x><y>546</y></pt><pt><x>695</x><y>551</y></pt><pt><x>698</x><y>559</y></pt><pt><x>690</x><y>564</y></pt><pt><x>664</x><y>564</y></pt><pt><x>651</x><y>564</y></pt><pt><x>641</x><y>559</y></pt><pt><x>627</x><y>557</y></pt><pt><x>617</x><y>556</y></pt><pt><x>607</x><y>557</y></pt><pt><x>602</x><y>550</y></pt><pt><x>609</x><y>453</y></pt><pt><x>602</x><y>423</y></pt><pt><x>594</x><y>415</y></pt><pt><x>588</x><y>424</y></pt><pt><x>583</x><y>436</y></pt><pt><x>581</x><y>454</y></pt><pt><x>576</x><y>458</y></pt><pt><x>572</x><y>457</y></pt><pt><x>564</x><y>459</y></pt><pt><x>552</x><y>459</y></pt><pt><x>551</x><y>455</y></pt><pt><x>561</x><y>450</y></pt><pt><x>557</x><y>448</y></pt><pt><x>553</x><y>447</y></pt><pt><x>559</x><y>441</y></pt><pt><x>564</x><y>432</y></pt><pt><x>564</x><y>421</y></pt><pt><x>560</x><y>422</y></pt><pt><x>555</x><y>426</y></pt><pt><x>548</x><y>423</y></pt><pt><x>543</x><y>416</y></pt><pt><x>555</x><y>409</y></pt><pt><x>563</x><y>403</y></pt><pt><x>582</x><y>380</y></pt><pt><x>590</x><y>380</y></pt><pt><x>595</x><y>367</y></pt><pt><x>602</x><y>328</y></pt><pt><x>609</x><y>311</y></pt><pt><x>618</x><y>303</y></pt><pt><x>622</x><y>294</y></pt><pt><x>629</x><y>289</y></pt><pt><x>633</x><y>282</y></pt><pt><x>635</x><y>274</y></pt><pt><x>643</x><y>268</y></pt><pt><x>656</x><y>270</y></pt><pt><x>662</x><y>278</y></pt></polygon></object><object><name>toilet</name><deleted>0</deleted><verified>0</verified><date>11-Jun-2012 16:56:51</date><id>11</id><polygon><username>sandy</username><pt><x>24</x><y>206</y></pt><pt><x>23</x><y>251</y></pt><pt><x>58</x><y>252</y></pt><pt><x>57</x><y>209</y></pt></polygon></object><object><name>sign</name><deleted>0</deleted><verified>0</verified><date>11-Jun-2012 16:56:51</date><id>12</id><polygon><username>sandy</username><pt><x>693</x><y>208</y></pt><pt><x>693</x><y>261</y></pt><pt><x>741</x><y>261</y></pt><pt><x>742</x><y>208</y></pt></polygon></object><object><name>sign</name><deleted>0</deleted><verified>0</verified><date>11-Jun-2012 16:56:51</date><id>13</id><polygon><username>sandy</username><pt><x>741</x><y>270</y></pt><pt><x>741</x><y>290</y></pt><pt><x>692</x><y>289</y></pt><pt><x>694</x><y>271</y></pt></polygon></object><object><name>poster</name><deleted>0</deleted><verified>0</verified><date>11-Jun-2012 16:56:51</date><id>14</id><polygon><username>sandy</username><pt><x>743</x><y>195</y></pt><pt><x>744</x><y>335</y></pt><pt><x>798</x><y>337</y></pt><pt><x>798</x><y>195</y></pt></polygon></object><object><name>sign</name><deleted>0</deleted><verified>0</verified><date>11-Jun-2012 16:56:51</date><id>15</id><polygon><username>sandy</username><pt><x>198</x><y>245</y></pt><pt><x>200</x><y>263</y></pt><pt><x>235</x><y>265</y></pt><pt><x>235</x><y>250</y></pt></polygon></object><object><name>sign</name><deleted>0</deleted><verified>0</verified><date>11-Jun-2012 16:56:51</date><id>16</id><polygon><username>sandy</username><pt><x>541</x><y>309</y></pt><pt><x>540</x><y>382</y></pt><pt><x>544</x><y>381</y></pt><pt><x>546</x><y>375</y></pt><pt><x>575</x><y>378</y></pt><pt><x>575</x><y>384</y></pt><pt><x>584</x><y>384</y></pt><pt><x>583</x><y>374</y></pt><pt><x>591</x><y>377</y></pt><pt><x>588</x><y>311</y></pt></polygon></object><object><name>barrier</name><deleted>0</deleted><verified>0</verified><date>11-Jun-2012 16:56:51</date><id>17</id><polygon><username>sandy</username><pt><x>571</x><y>390</y></pt><pt><x>476</x><y>386</y></pt><pt><x>475</x><y>394</y></pt><pt><x>473</x><y>510</y></pt><pt><x>489</x><y>515</y></pt><pt><x>493</x><y>522</y></pt><pt><x>483</x><y>529</y></pt><pt><x>463</x><y>529</y></pt><pt><x>450</x><y>525</y></pt><pt><x>445</x><y>522</y></pt><pt><x>441</x><y>516</y></pt><pt><x>447</x><y>513</y></pt><pt><x>462</x><y>510</y></pt><pt><x>466</x><y>389</y></pt><pt><x>447</x><y>403</y></pt><pt><x>417</x><y>415</y></pt><pt><x>416</x><y>426</y></pt><pt><x>414</x><y>578</y></pt><pt><x>429</x><y>583</y></pt><pt><x>439</x><y>590</y></pt><pt><x>437</x><y>597</y></pt><pt><x>374</x><y>597</y></pt><pt><x>377</x><y>586</y></pt><pt><x>392</x><y>581</y></pt><pt><x>399</x><y>580</y></pt><pt><x>403</x><y>424</y></pt><pt><x>378</x><y>448</y></pt><pt><x>345</x><y>474</y></pt><pt><x>313</x><y>496</y></pt><pt><x>314</x><y>514</y></pt><pt><x>312</x><y>522</y></pt><pt><x>313</x><y>599</y></pt><pt><x>295</x><y>598</y></pt><pt><x>295</x><y>521</y></pt><pt><x>291</x><y>515</y></pt><pt><x>293</x><y>484</y></pt><pt><x>301</x><y>480</y></pt><pt><x>311</x><y>482</y></pt><pt><x>363</x><y>445</y></pt><pt><x>399</x><y>415</y></pt><pt><x>400</x><y>406</y></pt><pt><x>408</x><y>404</y></pt><pt><x>415</x><y>404</y></pt><pt><x>417</x><y>407</y></pt><pt><x>449</x><y>391</y></pt><pt><x>465</x><y>382</y></pt><pt><x>466</x><y>374</y></pt><pt><x>478</x><y>372</y></pt><pt><x>478</x><y>377</y></pt><pt><x>563</x><y>381</y></pt></polygon></object><object><name>desk</name><deleted>0</deleted><verified>0</verified><date>11-Jun-2012 16:56:51</date><id>18</id><polygon><username>sandy</username><pt><x>754</x><y>595</y></pt><pt><x>724</x><y>559</y></pt><pt><x>719</x><y>544</y></pt><pt><x>683</x><y>516</y></pt><pt><x>691</x><y>348</y></pt><pt><x>724</x><y>345</y></pt><pt><x>746</x><y>341</y></pt><pt><x>758</x><y>349</y></pt><pt><x>776</x><y>341</y></pt><pt><x>798</x><y>343</y></pt><pt><x>797</x><y>598</y></pt></polygon></object><object><name>luggage</name><deleted>0</deleted><verified>0</verified><date>11-Jun-2012 16:56:51</date><id>19</id><polygon><username>sandy</username><pt><x>48</x><y>586</y></pt><pt><x>49</x><y>552</y></pt><pt><x>44</x><y>514</y></pt><pt><x>2</x><y>506</y></pt><pt><x>2</x><y>585</y></pt><pt><x>28</x><y>593</y></pt></polygon></object><object><name>suitcase</name><deleted>0</deleted><verified>0</verified><date>11-Jun-2012 16:56:51</date><id>20</id><polygon><username>sandy</username><pt><x>309</x><y>386</y></pt><pt><x>304</x><y>392</y></pt><pt><x>305</x><y>398</y></pt><pt><x>307</x><y>425</y></pt><pt><x>313</x><y>433</y></pt><pt><x>319</x><y>429</y></pt><pt><x>329</x><y>426</y></pt><pt><x>328</x><y>382</y></pt><pt><x>321</x><y>380</y></pt><pt><x>318</x><y>360</y></pt><pt><x>309</x><y>362</y></pt><pt><x>305</x><y>364</y></pt></polygon></object><object><name>screen</name><deleted>0</deleted><verified>0</verified><date>11-Jun-2012 16:56:51</date><id>21</id><polygon><username>sandy</username><pt><x>556</x><y>135</y></pt><pt><x>581</x><y>120</y></pt><pt><x>589</x><y>126</y></pt><pt><x>622</x><y>133</y></pt><pt><x>627</x><y>154</y></pt><pt><x>633</x><y>181</y></pt><pt><x>633</x><y>187</y></pt><pt><x>592</x><y>200</y></pt><pt><x>584</x><y>203</y></pt><pt><x>571</x><y>192</y></pt><pt><x>563</x><y>178</y></pt><pt><x>557</x><y>154</y></pt></polygon></object><object><name>door</name><deleted>0</deleted><verified>0</verified><date>11-Jun-2012 16:56:51</date><id>22</id><polygon><username>sandy</username><pt><x>64</x><y>354</y></pt><pt><x>60</x><y>256</y></pt><pt><x>22</x><y>256</y></pt><pt><x>24</x><y>363</y></pt></polygon></object><object><name>advertisement</name><deleted>0</deleted><verified>0</verified><date>11-Jun-2012 16:56:51</date><id>23</id><polygon><username>sandy</username><pt><x>15</x><y>82</y></pt><pt><x>16</x><y>132</y></pt><pt><x>2</x><y>127</y></pt><pt><x>2</x><y>76</y></pt></polygon></object><object><name>advertisement</name><deleted>0</deleted><verified>0</verified><date>11-Jun-2012 16:56:51</date><id>24</id><polygon><username>sandy</username><pt><x>69</x><y>96</y></pt><pt><x>69</x><y>144</y></pt><pt><x>17</x><y>130</y></pt><pt><x>17</x><y>79</y></pt></polygon></object><object><name>advertisement</name><deleted>0</deleted><verified>0</verified><date>11-Jun-2012 16:56:51</date><id>25</id><polygon><username>sandy</username><pt><x>121</x><y>118</y></pt><pt><x>120</x><y>158</y></pt><pt><x>76</x><y>147</y></pt><pt><x>81</x><y>102</y></pt></polygon></object><object><name>advertisement</name><deleted>0</deleted><verified>0</verified><date>11-Jun-2012 16:56:51</date><id>26</id><polygon><username>sandy</username><pt><x>157</x><y>126</y></pt><pt><x>157</x><y>168</y></pt><pt><x>122</x><y>158</y></pt><pt><x>125</x><y>116</y></pt></polygon></object><object><name>advertisement</name><deleted>0</deleted><verified>0</verified><date>11-Jun-2012 16:56:51</date><id>27</id><polygon><username>sandy</username><pt><x>293</x><y>178</y></pt><pt><x>291</x><y>202</y></pt><pt><x>274</x><y>197</y></pt><pt><x>277</x><y>170</y></pt></polygon></object><object><name>sign</name><deleted>0</deleted><verified>0</verified><date>11-Jun-2012 16:56:51</date><id>28</id><polygon><username>sandy</username><pt><x>147</x><y>233</y></pt><pt><x>147</x><y>278</y></pt><pt><x>169</x><y>276</y></pt><pt><x>169</x><y>233</y></pt></polygon></object><object><name>window</name><deleted>0</deleted><verified>0</verified><date>11-Jun-2012 16:56:51</date><id>29</id><polygon><username>sandy</username><pt><x>463</x><y>216</y></pt><pt><x>465</x><y>286</y></pt><pt><x>592</x><y>287</y></pt><pt><x>594</x><y>212</y></pt></polygon></object><object><name>balcony</name><deleted>0</deleted><verified>0</verified><date>11-Jun-2012 16:56:51</date><id>30</id><polygon><username>sandy</username><pt><x>451</x><y>259</y></pt><pt><x>451</x><y>230</y></pt><pt><x>355</x><y>200</y></pt><pt><x>356</x><y>243</y></pt></polygon></object><object><name>balcony</name><deleted>0</deleted><verified>0</verified><date>11-Jun-2012 16:56:51</date><id>31</id><polygon><username>sandy</username><pt><x>2</x><y>204</y></pt><pt><x>2</x><y>73</y></pt><pt><x>294</x><y>178</y></pt><pt><x>296</x><y>236</y></pt><pt><x>252</x><y>239</y></pt></polygon></object><imagesize><nrows>600</nrows><ncols>800</ncols></imagesize><object><name>-kalejdo-</name><deleted>1</deleted><verified>0</verified><date>16-Jun-2012 23:05:41</date><id>32</id><polygon><username>sandy</username><pt><x>752</x><y>202</y></pt><pt><x>755</x><y>213</y></pt><pt><x>796</x><y>212</y></pt><pt><x>797</x><y>203</y></pt></polygon></object></annotation>
