<annotation><filename>a_airport_terminal_google_24_19_1_airport.jpg</filename><folder>100images</folder><source><sourceImage>The MIT-CSAIL database of objects and scenes</sourceImage><sourceAnnotation>LabelMe Webtool</sourceAnnotation></source><object><name>statue</name><deleted>0</deleted><verified>0</verified><date>11-Jun-2012 17:30:55</date><id>0</id><polygon><username>sandy</username><pt><x>555</x><y>70</y></pt><pt><x>584</x><y>81</y></pt><pt><x>597</x><y>97</y></pt><pt><x>609</x><y>118</y></pt><pt><x>611</x><y>128</y></pt><pt><x>631</x><y>134</y></pt><pt><x>647</x><y>144</y></pt><pt><x>660</x><y>137</y></pt><pt><x>679</x><y>137</y></pt><pt><x>704</x><y>152</y></pt><pt><x>712</x><y>169</y></pt><pt><x>711</x><y>189</y></pt><pt><x>708</x><y>213</y></pt><pt><x>713</x><y>239</y></pt><pt><x>717</x><y>262</y></pt><pt><x>716</x><y>274</y></pt><pt><x>712</x><y>292</y></pt><pt><x>711</x><y>305</y></pt><pt><x>716</x><y>318</y></pt><pt><x>713</x><y>334</y></pt><pt><x>713</x><y>346</y></pt><pt><x>719</x><y>367</y></pt><pt><x>722</x><y>386</y></pt><pt><x>717</x><y>392</y></pt><pt><x>717</x><y>400</y></pt><pt><x>719</x><y>403</y></pt><pt><x>530</x><y>412</y></pt><pt><x>452</x><y>404</y></pt><pt><x>452</x><y>390</y></pt><pt><x>488</x><y>387</y></pt><pt><x>493</x><y>360</y></pt><pt><x>498</x><y>346</y></pt><pt><x>497</x><y>328</y></pt><pt><x>502</x><y>308</y></pt><pt><x>501</x><y>284</y></pt><pt><x>502</x><y>267</y></pt><pt><x>494</x><y>251</y></pt><pt><x>495</x><y>231</y></pt><pt><x>501</x><y>217</y></pt><pt><x>502</x><y>197</y></pt><pt><x>503</x><y>177</y></pt><pt><x>507</x><y>166</y></pt><pt><x>499</x><y>172</y></pt><pt><x>484</x><y>155</y></pt><pt><x>489</x><y>135</y></pt><pt><x>497</x><y>102</y></pt><pt><x>499</x><y>84</y></pt><pt><x>501</x><y>75</y></pt><pt><x>504</x><y>73</y></pt><pt><x>513</x><y>72</y></pt><pt><x>514</x><y>67</y></pt><pt><x>521</x><y>72</y></pt><pt><x>533</x><y>68</y></pt><pt><x>546</x><y>67</y></pt></polygon></object><object><name>man</name><deleted>0</deleted><verified>0</verified><date>11-Jun-2012 17:30:55</date><id>1</id><polygon><username>sandy</username><pt><x>559</x><y>323</y></pt><pt><x>571</x><y>328</y></pt><pt><x>576</x><y>339</y></pt><pt><x>576</x><y>348</y></pt><pt><x>584</x><y>357</y></pt><pt><x>586</x><y>385</y></pt><pt><x>581</x><y>396</y></pt><pt><x>589</x><y>414</y></pt><pt><x>611</x><y>434</y></pt><pt><x>618</x><y>443</y></pt><pt><x>605</x><y>460</y></pt><pt><x>584</x><y>483</y></pt><pt><x>591</x><y>495</y></pt><pt><x>583</x><y>498</y></pt><pt><x>586</x><y>508</y></pt><pt><x>590</x><y>521</y></pt><pt><x>592</x><y>527</y></pt><pt><x>590</x><y>535</y></pt><pt><x>583</x><y>535</y></pt><pt><x>576</x><y>529</y></pt><pt><x>573</x><y>515</y></pt><pt><x>561</x><y>499</y></pt><pt><x>558</x><y>483</y></pt><pt><x>556</x><y>465</y></pt><pt><x>551</x><y>442</y></pt><pt><x>546</x><y>438</y></pt><pt><x>538</x><y>425</y></pt><pt><x>531</x><y>414</y></pt><pt><x>532</x><y>392</y></pt><pt><x>536</x><y>382</y></pt><pt><x>532</x><y>370</y></pt><pt><x>532</x><y>357</y></pt><pt><x>548</x><y>347</y></pt><pt><x>550</x><y>328</y></pt></polygon></object><object><name>man</name><deleted>0</deleted><verified>0</verified><date>11-Jun-2012 17:30:55</date><id>2</id><polygon><username>sandy</username><pt><x>751</x><y>331</y></pt><pt><x>763</x><y>328</y></pt><pt><x>771</x><y>336</y></pt><pt><x>771</x><y>350</y></pt><pt><x>790</x><y>371</y></pt><pt><x>792</x><y>409</y></pt><pt><x>785</x><y>452</y></pt><pt><x>782</x><y>467</y></pt><pt><x>791</x><y>511</y></pt><pt><x>795</x><y>528</y></pt><pt><x>795</x><y>537</y></pt><pt><x>788</x><y>537</y></pt><pt><x>779</x><y>533</y></pt><pt><x>777</x><y>525</y></pt><pt><x>773</x><y>515</y></pt><pt><x>764</x><y>487</y></pt><pt><x>765</x><y>507</y></pt><pt><x>771</x><y>519</y></pt><pt><x>770</x><y>531</y></pt><pt><x>770</x><y>541</y></pt><pt><x>749</x><y>538</y></pt><pt><x>740</x><y>536</y></pt><pt><x>734</x><y>529</y></pt><pt><x>742</x><y>526</y></pt><pt><x>749</x><y>525</y></pt><pt><x>751</x><y>517</y></pt><pt><x>743</x><y>481</y></pt><pt><x>745</x><y>445</y></pt><pt><x>744</x><y>416</y></pt><pt><x>744</x><y>401</y></pt><pt><x>746</x><y>387</y></pt><pt><x>750</x><y>368</y></pt><pt><x>755</x><y>355</y></pt><pt><x>748</x><y>360</y></pt><pt><x>745</x><y>355</y></pt><pt><x>746</x><y>350</y></pt><pt><x>742</x><y>351</y></pt><pt><x>743</x><y>345</y></pt><pt><x>746</x><y>341</y></pt></polygon></object><object><name>woman</name><deleted>0</deleted><verified>0</verified><date>11-Jun-2012 17:30:55</date><id>3</id><polygon><username>sandy</username><pt><x>672</x><y>345</y></pt><pt><x>689</x><y>349</y></pt><pt><x>694</x><y>360</y></pt><pt><x>694</x><y>372</y></pt><pt><x>697</x><y>377</y></pt><pt><x>701</x><y>387</y></pt><pt><x>707</x><y>408</y></pt><pt><x>711</x><y>419</y></pt><pt><x>702</x><y>419</y></pt><pt><x>702</x><y>439</y></pt><pt><x>700</x><y>473</y></pt><pt><x>701</x><y>513</y></pt><pt><x>702</x><y>525</y></pt><pt><x>698</x><y>527</y></pt><pt><x>703</x><y>533</y></pt><pt><x>698</x><y>536</y></pt><pt><x>690</x><y>535</y></pt><pt><x>686</x><y>530</y></pt><pt><x>684</x><y>522</y></pt><pt><x>686</x><y>492</y></pt><pt><x>683</x><y>475</y></pt><pt><x>678</x><y>477</y></pt><pt><x>676</x><y>503</y></pt><pt><x>674</x><y>525</y></pt><pt><x>670</x><y>527</y></pt><pt><x>672</x><y>536</y></pt><pt><x>667</x><y>533</y></pt><pt><x>662</x><y>531</y></pt><pt><x>660</x><y>525</y></pt><pt><x>658</x><y>477</y></pt><pt><x>657</x><y>437</y></pt><pt><x>656</x><y>413</y></pt><pt><x>653</x><y>392</y></pt><pt><x>654</x><y>377</y></pt><pt><x>658</x><y>371</y></pt><pt><x>669</x><y>369</y></pt><pt><x>669</x><y>360</y></pt></polygon></object><object><name>woman</name><deleted>0</deleted><verified>0</verified><date>11-Jun-2012 17:30:55</date><id>4</id><polygon><username>sandy</username><pt><x>648</x><y>332</y></pt><pt><x>664</x><y>338</y></pt><pt><x>669</x><y>349</y></pt><pt><x>674</x><y>368</y></pt><pt><x>688</x><y>437</y></pt><pt><x>658</x><y>445</y></pt><pt><x>633</x><y>405</y></pt><pt><x>635</x><y>392</y></pt><pt><x>634</x><y>377</y></pt><pt><x>632</x><y>371</y></pt><pt><x>631</x><y>363</y></pt><pt><x>636</x><y>352</y></pt><pt><x>641</x><y>351</y></pt><pt><x>643</x><y>343</y></pt></polygon></object><object><name>people</name><deleted>0</deleted><verified>0</verified><date>11-Jun-2012 17:30:55</date><id>5</id><polygon><username>sandy</username><pt><x>415</x><y>324</y></pt><pt><x>421</x><y>332</y></pt><pt><x>426</x><y>342</y></pt><pt><x>425</x><y>370</y></pt><pt><x>420</x><y>377</y></pt><pt><x>422</x><y>399</y></pt><pt><x>423</x><y>411</y></pt><pt><x>407</x><y>411</y></pt><pt><x>407</x><y>405</y></pt><pt><x>409</x><y>385</y></pt><pt><x>406</x><y>372</y></pt><pt><x>404</x><y>361</y></pt><pt><x>401</x><y>354</y></pt><pt><x>403</x><y>341</y></pt><pt><x>407</x><y>326</y></pt></polygon></object><object><name>woman</name><deleted>0</deleted><verified>0</verified><date>11-Jun-2012 17:30:55</date><id>6</id><polygon><username>sandy</username><pt><x>288</x><y>319</y></pt><pt><x>301</x><y>322</y></pt><pt><x>305</x><y>337</y></pt><pt><x>310</x><y>350</y></pt><pt><x>308</x><y>361</y></pt><pt><x>309</x><y>386</y></pt><pt><x>307</x><y>401</y></pt><pt><x>298</x><y>423</y></pt><pt><x>304</x><y>451</y></pt><pt><x>308</x><y>481</y></pt><pt><x>301</x><y>482</y></pt><pt><x>286</x><y>479</y></pt><pt><x>278</x><y>405</y></pt><pt><x>272</x><y>385</y></pt><pt><x>274</x><y>366</y></pt><pt><x>279</x><y>355</y></pt><pt><x>286</x><y>347</y></pt><pt><x>278</x><y>339</y></pt><pt><x>278</x><y>323</y></pt></polygon></object><object><name>man</name><deleted>0</deleted><verified>0</verified><date>11-Jun-2012 17:30:55</date><id>7</id><polygon><username>sandy</username><pt><x>259</x><y>480</y></pt><pt><x>249</x><y>477</y></pt><pt><x>248</x><y>472</y></pt><pt><x>258</x><y>437</y></pt><pt><x>261</x><y>404</y></pt><pt><x>258</x><y>370</y></pt><pt><x>262</x><y>356</y></pt><pt><x>265</x><y>346</y></pt><pt><x>264</x><y>343</y></pt><pt><x>258</x><y>346</y></pt><pt><x>255</x><y>340</y></pt><pt><x>253</x><y>331</y></pt><pt><x>251</x><y>327</y></pt><pt><x>245</x><y>326</y></pt><pt><x>240</x><y>330</y></pt><pt><x>236</x><y>333</y></pt><pt><x>235</x><y>342</y></pt><pt><x>229</x><y>348</y></pt><pt><x>221</x><y>361</y></pt><pt><x>220</x><y>374</y></pt><pt><x>224</x><y>389</y></pt><pt><x>226</x><y>410</y></pt><pt><x>230</x><y>422</y></pt><pt><x>228</x><y>457</y></pt><pt><x>226</x><y>481</y></pt><pt><x>233</x><y>486</y></pt><pt><x>246</x><y>488</y></pt><pt><x>252</x><y>487</y></pt></polygon></object><object><name>people</name><deleted>0</deleted><verified>0</verified><date>11-Jun-2012 17:30:55</date><id>8</id><polygon><username>sandy</username><pt><x>331</x><y>332</y></pt><pt><x>333</x><y>349</y></pt><pt><x>337</x><y>365</y></pt><pt><x>337</x><y>374</y></pt><pt><x>342</x><y>383</y></pt><pt><x>342</x><y>391</y></pt><pt><x>325</x><y>389</y></pt><pt><x>325</x><y>421</y></pt><pt><x>324</x><y>427</y></pt><pt><x>306</x><y>423</y></pt><pt><x>301</x><y>422</y></pt><pt><x>276</x><y>401</y></pt><pt><x>254</x><y>403</y></pt><pt><x>220</x><y>391</y></pt><pt><x>216</x><y>389</y></pt><pt><x>217</x><y>365</y></pt><pt><x>211</x><y>363</y></pt><pt><x>214</x><y>343</y></pt><pt><x>219</x><y>340</y></pt><pt><x>221</x><y>333</y></pt><pt><x>226</x><y>333</y></pt><pt><x>228</x><y>343</y></pt><pt><x>266</x><y>342</y></pt><pt><x>269</x><y>334</y></pt><pt><x>268</x><y>330</y></pt><pt><x>275</x><y>327</y></pt><pt><x>280</x><y>337</y></pt><pt><x>302</x><y>325</y></pt><pt><x>310</x><y>324</y></pt><pt><x>316</x><y>336</y></pt></polygon></object><object><name>people</name><deleted>0</deleted><verified>0</verified><date>11-Jun-2012 17:30:55</date><id>9</id><polygon><username>sandy</username><pt><x>209</x><y>343</y></pt><pt><x>207</x><y>360</y></pt><pt><x>208</x><y>374</y></pt><pt><x>208</x><y>379</y></pt><pt><x>199</x><y>381</y></pt><pt><x>191</x><y>391</y></pt><pt><x>188</x><y>397</y></pt><pt><x>184</x><y>387</y></pt><pt><x>177</x><y>372</y></pt><pt><x>126</x><y>366</y></pt><pt><x>115</x><y>371</y></pt><pt><x>100</x><y>374</y></pt><pt><x>79</x><y>372</y></pt><pt><x>76</x><y>387</y></pt><pt><x>77</x><y>409</y></pt><pt><x>73</x><y>419</y></pt><pt><x>61</x><y>415</y></pt><pt><x>55</x><y>414</y></pt><pt><x>55</x><y>396</y></pt><pt><x>39</x><y>393</y></pt><pt><x>0</x><y>392</y></pt><pt><x>0</x><y>337</y></pt><pt><x>14</x><y>337</y></pt><pt><x>23</x><y>343</y></pt><pt><x>27</x><y>343</y></pt><pt><x>29</x><y>334</y></pt><pt><x>38</x><y>340</y></pt><pt><x>49</x><y>334</y></pt><pt><x>63</x><y>337</y></pt><pt><x>69</x><y>332</y></pt><pt><x>77</x><y>339</y></pt><pt><x>82</x><y>334</y></pt><pt><x>87</x><y>332</y></pt><pt><x>106</x><y>335</y></pt><pt><x>113</x><y>335</y></pt><pt><x>118</x><y>328</y></pt><pt><x>129</x><y>335</y></pt><pt><x>176</x><y>337</y></pt><pt><x>182</x><y>342</y></pt><pt><x>193</x><y>334</y></pt><pt><x>199</x><y>331</y></pt><pt><x>206</x><y>336</y></pt></polygon></object><object><name>man</name><deleted>0</deleted><verified>0</verified><date>11-Jun-2012 17:30:55</date><id>10</id><polygon><username>sandy</username><pt><x>799</x><y>310</y></pt><pt><x>789</x><y>310</y></pt><pt><x>782</x><y>321</y></pt><pt><x>773</x><y>334</y></pt><pt><x>769</x><y>354</y></pt><pt><x>776</x><y>404</y></pt><pt><x>787</x><y>447</y></pt><pt><x>799</x><y>449</y></pt></polygon></object><object><name>people</name><deleted>0</deleted><verified>0</verified><date>11-Jun-2012 17:30:55</date><id>11</id><polygon><username>sandy</username><pt><x>738</x><y>319</y></pt><pt><x>748</x><y>321</y></pt><pt><x>749</x><y>333</y></pt><pt><x>756</x><y>384</y></pt><pt><x>732</x><y>385</y></pt><pt><x>733</x><y>366</y></pt><pt><x>728</x><y>364</y></pt><pt><x>730</x><y>346</y></pt><pt><x>732</x><y>334</y></pt><pt><x>732</x><y>324</y></pt></polygon></object><object><name>sign</name><deleted>0</deleted><verified>0</verified><date>11-Jun-2012 17:30:55</date><id>12</id><polygon><username>sandy</username><pt><x>370</x><y>268</y></pt><pt><x>368</x><y>291</y></pt><pt><x>413</x><y>289</y></pt><pt><x>413</x><y>262</y></pt></polygon></object><object><name>shop</name><deleted>0</deleted><verified>0</verified><date>11-Jun-2012 17:30:55</date><id>13</id><polygon><username>sandy</username><pt><x>219</x><y>279</y></pt><pt><x>220</x><y>368</y></pt><pt><x>306</x><y>385</y></pt><pt><x>484</x><y>372</y></pt><pt><x>484</x><y>258</y></pt><pt><x>288</x><y>260</y></pt></polygon></object><object><name>shop</name><deleted>0</deleted><verified>0</verified><date>11-Jun-2012 17:30:55</date><id>14</id><polygon><username>sandy</username><pt><x>172</x><y>282</y></pt><pt><x>219</x><y>278</y></pt><pt><x>219</x><y>366</y></pt><pt><x>170</x><y>352</y></pt></polygon></object><object><name>sign</name><deleted>0</deleted><verified>0</verified><date>11-Jun-2012 17:30:55</date><id>15</id><polygon><username>sandy</username><pt><x>248</x><y>297</y></pt><pt><x>245</x><y>276</y></pt><pt><x>231</x><y>278</y></pt><pt><x>233</x><y>299</y></pt></polygon></object><object><name>sign</name><deleted>0</deleted><verified>0</verified><date>11-Jun-2012 17:30:55</date><id>16</id><polygon><username>sandy</username><pt><x>752</x><y>253</y></pt><pt><x>753</x><y>265</y></pt><pt><x>728</x><y>267</y></pt><pt><x>728</x><y>255</y></pt></polygon></object><object><name>noticeboards</name><deleted>0</deleted><verified>0</verified><date>11-Jun-2012 17:30:55</date><id>17</id><polygon><username>sandy</username><pt><x>54</x><y>244</y></pt><pt><x>53</x><y>257</y></pt><pt><x>0</x><y>255</y></pt><pt><x>2</x><y>243</y></pt></polygon></object><object><name>noticeboards</name><deleted>0</deleted><verified>0</verified><date>11-Jun-2012 17:30:55</date><id>18</id><polygon><username>sandy</username><pt><x>135</x><y>233</y></pt><pt><x>137</x><y>298</y></pt><pt><x>164</x><y>296</y></pt><pt><x>162</x><y>232</y></pt></polygon></object><object><name>sign</name><deleted>0</deleted><verified>0</verified><date>11-Jun-2012 17:30:55</date><id>19</id><polygon><username>sandy</username><pt><x>138</x><y>205</y></pt><pt><x>138</x><y>230</y></pt><pt><x>163</x><y>232</y></pt><pt><x>161</x><y>202</y></pt></polygon></object><object><name>sign</name><deleted>0</deleted><verified>0</verified><date>11-Jun-2012 17:30:55</date><id>20</id><polygon><username>sandy</username><pt><x>41</x><y>297</y></pt><pt><x>41</x><y>314</y></pt><pt><x>57</x><y>313</y></pt><pt><x>55</x><y>294</y></pt></polygon></object><object><name>sign</name><deleted>0</deleted><verified>0</verified><date>11-Jun-2012 17:30:55</date><id>21</id><polygon><username>sandy</username><pt><x>8</x><y>309</y></pt><pt><x>6</x><y>319</y></pt><pt><x>17</x><y>322</y></pt><pt><x>17</x><y>307</y></pt></polygon></object><object><name>bag</name><deleted>0</deleted><verified>0</verified><date>11-Jun-2012 17:30:55</date><id>22</id><polygon><username>sandy</username><pt><x>263</x><y>485</y></pt><pt><x>297</x><y>487</y></pt><pt><x>296</x><y>437</y></pt><pt><x>301</x><y>433</y></pt><pt><x>299</x><y>407</y></pt><pt><x>289</x><y>400</y></pt><pt><x>282</x><y>401</y></pt><pt><x>250</x><y>405</y></pt><pt><x>245</x><y>436</y></pt><pt><x>257</x><y>439</y></pt></polygon></object><object><name>bag</name><deleted>0</deleted><verified>0</verified><date>11-Jun-2012 17:30:55</date><id>23</id><polygon><username>sandy</username><pt><x>38</x><y>419</y></pt><pt><x>34</x><y>389</y></pt><pt><x>23</x><y>392</y></pt><pt><x>18</x><y>384</y></pt><pt><x>10</x><y>383</y></pt><pt><x>3</x><y>386</y></pt><pt><x>3</x><y>420</y></pt></polygon></object><object><name>bag</name><deleted>0</deleted><verified>0</verified><date>11-Jun-2012 17:30:55</date><id>24</id><polygon><username>sandy</username><pt><x>711</x><y>467</y></pt><pt><x>717</x><y>464</y></pt><pt><x>727</x><y>458</y></pt><pt><x>737</x><y>464</y></pt><pt><x>746</x><y>471</y></pt><pt><x>753</x><y>529</y></pt><pt><x>723</x><y>535</y></pt><pt><x>713</x><y>535</y></pt><pt><x>706</x><y>527</y></pt><pt><x>700</x><y>527</y></pt><pt><x>701</x><y>483</y></pt></polygon></object><object><name>bag</name><deleted>0</deleted><verified>0</verified><date>11-Jun-2012 17:30:55</date><id>25</id><polygon><username>sandy</username><pt><x>208</x><y>396</y></pt><pt><x>206</x><y>375</y></pt><pt><x>193</x><y>375</y></pt><pt><x>193</x><y>396</y></pt></polygon></object><object><name>noticeboards</name><deleted>0</deleted><verified>0</verified><date>11-Jun-2012 17:30:55</date><id>26</id><polygon><username>sandy</username><pt><x>717</x><y>276</y></pt><pt><x>718</x><y>342</y></pt><pt><x>796</x><y>343</y></pt><pt><x>800</x><y>270</y></pt></polygon></object><object><name>clock</name><deleted>0</deleted><verified>0</verified><date>11-Jun-2012 17:30:55</date><id>27</id><polygon><username>sandy</username><pt><x>133</x><y>189</y></pt><pt><x>135</x><y>202</y></pt><pt><x>164</x><y>201</y></pt><pt><x>165</x><y>188</y></pt></polygon></object><object><name>foot rail</name><deleted>0</deleted><verified>0</verified><date>11-Jun-2012 17:30:55</date><id>28</id><polygon><username>sandy</username><pt><x>416</x><y>469</y></pt><pt><x>389</x><y>469</y></pt><pt><x>385</x><y>478</y></pt><pt><x>405</x><y>485</y></pt><pt><x>407</x><y>507</y></pt><pt><x>415</x><y>507</y></pt><pt><x>419</x><y>491</y></pt><pt><x>437</x><y>494</y></pt><pt><x>442</x><y>503</y></pt><pt><x>441</x><y>516</y></pt><pt><x>450</x><y>516</y></pt><pt><x>452</x><y>513</y></pt><pt><x>450</x><y>502</y></pt><pt><x>453</x><y>498</y></pt><pt><x>484</x><y>506</y></pt><pt><x>497</x><y>515</y></pt><pt><x>497</x><y>529</y></pt><pt><x>504</x><y>536</y></pt><pt><x>510</x><y>531</y></pt><pt><x>507</x><y>515</y></pt><pt><x>510</x><y>507</y></pt><pt><x>538</x><y>506</y></pt><pt><x>546</x><y>506</y></pt><pt><x>544</x><y>528</y></pt><pt><x>552</x><y>529</y></pt><pt><x>557</x><y>527</y></pt><pt><x>555</x><y>512</y></pt><pt><x>558</x><y>501</y></pt><pt><x>625</x><y>501</y></pt><pt><x>628</x><y>498</y></pt><pt><x>629</x><y>514</y></pt><pt><x>628</x><y>523</y></pt><pt><x>640</x><y>521</y></pt><pt><x>638</x><y>509</y></pt><pt><x>640</x><y>499</y></pt><pt><x>690</x><y>495</y></pt><pt><x>787</x><y>492</y></pt><pt><x>789</x><y>511</y></pt><pt><x>795</x><y>512</y></pt><pt><x>797</x><y>495</y></pt><pt><x>799</x><y>488</y></pt><pt><x>797</x><y>481</y></pt><pt><x>512</x><y>501</y></pt><pt><x>501</x><y>503</y></pt><pt><x>433</x><y>488</y></pt><pt><x>399</x><y>477</y></pt></polygon></object><imagesize><nrows>600</nrows><ncols>800</ncols></imagesize><object><name>telephonebooth</name><deleted>0</deleted><verified>0</verified><date>16-Jun-2012 23:07:21</date><id>29</id><polygon><username>sandy</username><pt><x>37</x><y>287</y></pt><pt><x>36</x><y>389</y></pt><pt><x>60</x><y>390</y></pt><pt><x>58</x><y>287</y></pt></polygon></object><object><name>telephonebooth</name><deleted>0</deleted><verified>0</verified><date>16-Jun-2012 23:07:21</date><id>30</id><polygon><username>sandy</username><pt><x>2</x><y>301</y></pt><pt><x>20</x><y>300</y></pt><pt><x>23</x><y>368</y></pt><pt><x>4</x><y>367</y></pt></polygon></object></annotation>
