<annotation><filename>a_alehouse_alehousewiki02.jpg</filename><folder>100images</folder><source><sourceImage>The MIT-CSAIL database of objects and scenes</sourceImage><sourceAnnotation>LabelMe Webtool</sourceAnnotation></source><object><name>car</name><deleted>0</deleted><verified>0</verified><date>11-Jun-2012 18:03:58</date><id>0</id><polygon><username>sandy</username><pt><x>141</x><y>444</y></pt><pt><x>152</x><y>465</y></pt><pt><x>159</x><y>481</y></pt><pt><x>158</x><y>499</y></pt><pt><x>158</x><y>512</y></pt><pt><x>149</x><y>517</y></pt><pt><x>148</x><y>526</y></pt><pt><x>142</x><y>526</y></pt><pt><x>134</x><y>524</y></pt><pt><x>130</x><y>516</y></pt><pt><x>61</x><y>522</y></pt><pt><x>58</x><y>531</y></pt><pt><x>50</x><y>535</y></pt><pt><x>40</x><y>533</y></pt><pt><x>36</x><y>533</y></pt><pt><x>32</x><y>514</y></pt><pt><x>6</x><y>509</y></pt><pt><x>0</x><y>514</y></pt><pt><x>2</x><y>466</y></pt><pt><x>4</x><y>462</y></pt><pt><x>9</x><y>456</y></pt><pt><x>26</x><y>443</y></pt><pt><x>45</x><y>439</y></pt><pt><x>89</x><y>439</y></pt><pt><x>122</x><y>440</y></pt></polygon></object><object><name>car</name><deleted>0</deleted><verified>0</verified><date>11-Jun-2012 18:03:58</date><id>1</id><polygon><username>sandy</username><pt><x>761</x><y>401</y></pt><pt><x>750</x><y>419</y></pt><pt><x>750</x><y>436</y></pt><pt><x>752</x><y>436</y></pt><pt><x>758</x><y>441</y></pt><pt><x>758</x><y>443</y></pt><pt><x>759</x><y>454</y></pt><pt><x>766</x><y>454</y></pt><pt><x>771</x><y>445</y></pt><pt><x>788</x><y>444</y></pt><pt><x>792</x><y>452</y></pt><pt><x>796</x><y>452</y></pt><pt><x>799</x><y>450</y></pt><pt><x>797</x><y>396</y></pt><pt><x>797</x><y>385</y></pt><pt><x>786</x><y>384</y></pt><pt><x>772</x><y>389</y></pt></polygon></object><object><name>person</name><deleted>0</deleted><verified>0</verified><date>11-Jun-2012 18:03:58</date><id>2</id><polygon><username>sandy</username><pt><x>551</x><y>408</y></pt><pt><x>558</x><y>421</y></pt><pt><x>568</x><y>426</y></pt><pt><x>574</x><y>442</y></pt><pt><x>579</x><y>455</y></pt><pt><x>587</x><y>462</y></pt><pt><x>582</x><y>467</y></pt><pt><x>576</x><y>466</y></pt><pt><x>571</x><y>459</y></pt><pt><x>564</x><y>460</y></pt><pt><x>568</x><y>474</y></pt><pt><x>577</x><y>487</y></pt><pt><x>585</x><y>506</y></pt><pt><x>586</x><y>509</y></pt><pt><x>577</x><y>515</y></pt><pt><x>572</x><y>512</y></pt><pt><x>573</x><y>510</y></pt><pt><x>572</x><y>500</y></pt><pt><x>561</x><y>484</y></pt><pt><x>553</x><y>486</y></pt><pt><x>547</x><y>498</y></pt><pt><x>544</x><y>506</y></pt><pt><x>541</x><y>512</y></pt><pt><x>536</x><y>506</y></pt><pt><x>529</x><y>500</y></pt><pt><x>528</x><y>495</y></pt><pt><x>537</x><y>496</y></pt><pt><x>540</x><y>496</y></pt><pt><x>545</x><y>480</y></pt><pt><x>548</x><y>464</y></pt><pt><x>547</x><y>445</y></pt><pt><x>539</x><y>451</y></pt><pt><x>533</x><y>453</y></pt><pt><x>529</x><y>449</y></pt><pt><x>533</x><y>443</y></pt><pt><x>540</x><y>442</y></pt><pt><x>544</x><y>436</y></pt><pt><x>543</x><y>426</y></pt><pt><x>545</x><y>421</y></pt><pt><x>543</x><y>415</y></pt></polygon></object><object><name>person</name><deleted>0</deleted><verified>0</verified><date>11-Jun-2012 18:03:58</date><id>3</id><polygon><username>sandy</username><pt><x>634</x><y>413</y></pt><pt><x>634</x><y>428</y></pt><pt><x>634</x><y>441</y></pt><pt><x>639</x><y>451</y></pt><pt><x>644</x><y>447</y></pt><pt><x>647</x><y>451</y></pt><pt><x>640</x><y>455</y></pt><pt><x>634</x><y>455</y></pt><pt><x>627</x><y>438</y></pt><pt><x>621</x><y>448</y></pt><pt><x>624</x><y>456</y></pt><pt><x>621</x><y>458</y></pt><pt><x>616</x><y>454</y></pt><pt><x>616</x><y>448</y></pt><pt><x>619</x><y>430</y></pt><pt><x>619</x><y>419</y></pt><pt><x>616</x><y>415</y></pt><pt><x>620</x><y>406</y></pt><pt><x>624</x><y>406</y></pt><pt><x>624</x><y>398</y></pt><pt><x>629</x><y>397</y></pt><pt><x>633</x><y>400</y></pt></polygon></object><object><name>person</name><deleted>0</deleted><verified>0</verified><date>11-Jun-2012 18:03:58</date><id>4</id><polygon><username>sandy</username><pt><x>469</x><y>404</y></pt><pt><x>469</x><y>412</y></pt><pt><x>474</x><y>415</y></pt><pt><x>475</x><y>423</y></pt><pt><x>458</x><y>425</y></pt><pt><x>457</x><y>415</y></pt><pt><x>460</x><y>406</y></pt></polygon></object><object><name>person</name><deleted>0</deleted><verified>0</verified><date>11-Jun-2012 18:03:58</date><id>5</id><polygon><username>sandy</username><pt><x>269</x><y>411</y></pt><pt><x>273</x><y>421</y></pt><pt><x>269</x><y>434</y></pt><pt><x>273</x><y>443</y></pt><pt><x>277</x><y>459</y></pt><pt><x>279</x><y>469</y></pt><pt><x>276</x><y>471</y></pt><pt><x>270</x><y>469</y></pt><pt><x>265</x><y>450</y></pt><pt><x>255</x><y>462</y></pt><pt><x>235</x><y>471</y></pt><pt><x>233</x><y>474</y></pt><pt><x>242</x><y>483</y></pt><pt><x>249</x><y>492</y></pt><pt><x>244</x><y>497</y></pt><pt><x>237</x><y>508</y></pt><pt><x>234</x><y>508</y></pt><pt><x>224</x><y>508</y></pt><pt><x>217</x><y>507</y></pt><pt><x>222</x><y>500</y></pt><pt><x>222</x><y>480</y></pt><pt><x>217</x><y>474</y></pt><pt><x>208</x><y>470</y></pt><pt><x>211</x><y>460</y></pt><pt><x>194</x><y>463</y></pt><pt><x>173</x><y>465</y></pt><pt><x>157</x><y>465</y></pt><pt><x>147</x><y>459</y></pt><pt><x>144</x><y>444</y></pt><pt><x>145</x><y>421</y></pt><pt><x>150</x><y>412</y></pt><pt><x>159</x><y>422</y></pt><pt><x>169</x><y>424</y></pt><pt><x>169</x><y>415</y></pt><pt><x>167</x><y>411</y></pt><pt><x>176</x><y>407</y></pt><pt><x>188</x><y>413</y></pt><pt><x>202</x><y>408</y></pt><pt><x>216</x><y>407</y></pt><pt><x>225</x><y>403</y></pt><pt><x>235</x><y>407</y></pt><pt><x>247</x><y>413</y></pt><pt><x>259</x><y>416</y></pt><pt><x>266</x><y>403</y></pt></polygon></object><object><name>pub</name><deleted>0</deleted><verified>0</verified><date>11-Jun-2012 18:03:58</date><id>6</id><polygon><username>sandy</username><pt><x>781</x><y>326</y></pt><pt><x>785</x><y>429</y></pt><pt><x>445</x><y>471</y></pt><pt><x>423</x><y>467</y></pt><pt><x>389</x><y>470</y></pt><pt><x>367</x><y>473</y></pt><pt><x>320</x><y>467</y></pt><pt><x>307</x><y>467</y></pt><pt><x>304</x><y>460</y></pt><pt><x>289</x><y>456</y></pt><pt><x>278</x><y>465</y></pt><pt><x>249</x><y>462</y></pt><pt><x>244</x><y>452</y></pt><pt><x>244</x><y>322</y></pt><pt><x>242</x><y>314</y></pt><pt><x>351</x><y>294</y></pt><pt><x>440</x><y>293</y></pt><pt><x>704</x><y>310</y></pt><pt><x>711</x><y>318</y></pt></polygon></object><object><name>road</name><deleted>0</deleted><verified>0</verified><date>11-Jun-2012 18:03:58</date><id>7</id><polygon><username>sandy</username><pt><x>162</x><y>514</y></pt><pt><x>223</x><y>529</y></pt><pt><x>251</x><y>531</y></pt><pt><x>335</x><y>522</y></pt><pt><x>452</x><y>507</y></pt><pt><x>691</x><y>467</y></pt><pt><x>799</x><y>443</y></pt><pt><x>797</x><y>527</y></pt><pt><x>765</x><y>543</y></pt><pt><x>758</x><y>554</y></pt><pt><x>758</x><y>570</y></pt><pt><x>765</x><y>580</y></pt><pt><x>795</x><y>594</y></pt><pt><x>799</x><y>598</y></pt><pt><x>2</x><y>599</y></pt><pt><x>0</x><y>451</y></pt><pt><x>83</x><y>451</y></pt></polygon></object><object><name>bus</name><deleted>0</deleted><verified>0</verified><date>11-Jun-2012 18:03:58</date><id>8</id><polygon><username>sandy</username><pt><x>42</x><y>321</y></pt><pt><x>55</x><y>351</y></pt><pt><x>52</x><y>455</y></pt><pt><x>2</x><y>463</y></pt><pt><x>0</x><y>310</y></pt><pt><x>15</x><y>310</y></pt><pt><x>26</x><y>313</y></pt></polygon></object><object><name>sign</name><deleted>0</deleted><verified>0</verified><date>11-Jun-2012 18:03:58</date><id>9</id><polygon><username>sandy</username><pt><x>313</x><y>280</y></pt><pt><x>312</x><y>316</y></pt><pt><x>321</x><y>318</y></pt><pt><x>324</x><y>322</y></pt><pt><x>335</x><y>320</y></pt><pt><x>338</x><y>314</y></pt><pt><x>343</x><y>318</y></pt><pt><x>341</x><y>278</y></pt><pt><x>336</x><y>279</y></pt><pt><x>333</x><y>274</y></pt><pt><x>326</x><y>275</y></pt></polygon></object><object><name>sign</name><deleted>0</deleted><verified>0</verified><date>11-Jun-2012 18:03:58</date><id>10</id><polygon><username>sandy</username><pt><x>133</x><y>327</y></pt><pt><x>131</x><y>347</y></pt><pt><x>151</x><y>345</y></pt><pt><x>152</x><y>322</y></pt></polygon></object><object><name>sign</name><deleted>0</deleted><verified>0</verified><date>11-Jun-2012 18:03:58</date><id>11</id><polygon><username>sandy</username><pt><x>761</x><y>345</y></pt><pt><x>760</x><y>375</y></pt><pt><x>784</x><y>374</y></pt><pt><x>784</x><y>342</y></pt></polygon></object><object><name>pavement</name><deleted>0</deleted><verified>0</verified><date>11-Jun-2012 18:03:58</date><id>12</id><polygon><username>sandy</username><pt><x>424</x><y>508</y></pt><pt><x>689</x><y>465</y></pt><pt><x>685</x><y>462</y></pt><pt><x>796</x><y>440</y></pt><pt><x>792</x><y>428</y></pt><pt><x>447</x><y>468</y></pt><pt><x>444</x><y>471</y></pt><pt><x>423</x><y>464</y></pt><pt><x>364</x><y>473</y></pt><pt><x>305</x><y>466</y></pt><pt><x>255</x><y>459</y></pt><pt><x>246</x><y>455</y></pt><pt><x>239</x><y>442</y></pt><pt><x>155</x><y>457</y></pt><pt><x>137</x><y>462</y></pt><pt><x>147</x><y>512</y></pt><pt><x>224</x><y>523</y></pt><pt><x>258</x><y>529</y></pt></polygon></object><object><name>pavement</name><deleted>0</deleted><verified>0</verified><date>11-Jun-2012 18:03:58</date><id>13</id><polygon><username>sandy</username><pt><x>799</x><y>581</y></pt><pt><x>797</x><y>529</y></pt><pt><x>776</x><y>539</y></pt><pt><x>765</x><y>543</y></pt><pt><x>760</x><y>555</y></pt><pt><x>761</x><y>571</y></pt><pt><x>769</x><y>583</y></pt><pt><x>800</x><y>597</y></pt></polygon></object><object><name>railings</name><deleted>0</deleted><verified>0</verified><date>11-Jun-2012 18:03:58</date><id>14</id><polygon><username>sandy</username><pt><x>400</x><y>437</y></pt><pt><x>403</x><y>495</y></pt><pt><x>404</x><y>500</y></pt><pt><x>394</x><y>499</y></pt><pt><x>394</x><y>491</y></pt><pt><x>360</x><y>494</y></pt><pt><x>360</x><y>504</y></pt><pt><x>349</x><y>503</y></pt><pt><x>347</x><y>496</y></pt><pt><x>257</x><y>507</y></pt><pt><x>258</x><y>517</y></pt><pt><x>247</x><y>514</y></pt><pt><x>244</x><y>443</y></pt><pt><x>249</x><y>438</y></pt><pt><x>258</x><y>442</y></pt><pt><x>261</x><y>449</y></pt><pt><x>349</x><y>440</y></pt><pt><x>351</x><y>431</y></pt><pt><x>357</x><y>431</y></pt><pt><x>356</x><y>440</y></pt></polygon></object><object><name>lamppost</name><deleted>0</deleted><verified>0</verified><date>11-Jun-2012 18:03:58</date><id>15</id><polygon><username>sandy</username><pt><x>76</x><y>8</y></pt><pt><x>97</x><y>11</y></pt><pt><x>102</x><y>8</y></pt><pt><x>104</x><y>14</y></pt><pt><x>104</x><y>24</y></pt><pt><x>146</x><y>38</y></pt><pt><x>151</x><y>43</y></pt><pt><x>153</x><y>60</y></pt><pt><x>148</x><y>411</y></pt><pt><x>151</x><y>419</y></pt><pt><x>153</x><y>468</y></pt><pt><x>141</x><y>463</y></pt><pt><x>138</x><y>413</y></pt><pt><x>143</x><y>411</y></pt><pt><x>146</x><y>57</y></pt><pt><x>144</x><y>41</y></pt><pt><x>99</x><y>28</y></pt><pt><x>88</x><y>27</y></pt><pt><x>71</x><y>18</y></pt></polygon></object><object><name>lamppost</name><deleted>0</deleted><verified>0</verified><date>11-Jun-2012 18:03:58</date><id>16</id><polygon><username>sandy</username><pt><x>44</x><y>114</y></pt><pt><x>58</x><y>120</y></pt><pt><x>67</x><y>127</y></pt><pt><x>93</x><y>133</y></pt><pt><x>96</x><y>104</y></pt><pt><x>98</x><y>97</y></pt><pt><x>99</x><y>132</y></pt><pt><x>99</x><y>135</y></pt><pt><x>115</x><y>137</y></pt><pt><x>99</x><y>138</y></pt><pt><x>99</x><y>140</y></pt><pt><x>93</x><y>404</y></pt><pt><x>94</x><y>424</y></pt><pt><x>84</x><y>424</y></pt><pt><x>84</x><y>403</y></pt><pt><x>93</x><y>136</y></pt><pt><x>63</x><y>132</y></pt><pt><x>52</x><y>129</y></pt><pt><x>42</x><y>123</y></pt></polygon></object><object><name>building</name><deleted>0</deleted><verified>0</verified><date>11-Jun-2012 18:03:58</date><id>17</id><polygon><username>sandy</username><pt><x>235</x><y>87</y></pt><pt><x>240</x><y>102</y></pt><pt><x>244</x><y>106</y></pt><pt><x>242</x><y>316</y></pt><pt><x>245</x><y>447</y></pt><pt><x>246</x><y>458</y></pt><pt><x>370</x><y>474</y></pt><pt><x>389</x><y>470</y></pt><pt><x>425</x><y>464</y></pt><pt><x>440</x><y>471</y></pt><pt><x>796</x><y>426</y></pt><pt><x>797</x><y>160</y></pt><pt><x>679</x><y>121</y></pt><pt><x>682</x><y>106</y></pt><pt><x>689</x><y>92</y></pt><pt><x>686</x><y>84</y></pt><pt><x>653</x><y>73</y></pt><pt><x>641</x><y>43</y></pt><pt><x>631</x><y>47</y></pt><pt><x>614</x><y>42</y></pt><pt><x>612</x><y>26</y></pt><pt><x>591</x><y>31</y></pt><pt><x>527</x><y>8</y></pt><pt><x>524</x><y>6</y></pt><pt><x>523</x><y>0</y></pt><pt><x>339</x><y>1</y></pt><pt><x>293</x><y>29</y></pt><pt><x>292</x><y>43</y></pt><pt><x>279</x><y>48</y></pt></polygon></object><object><name>railings</name><deleted>0</deleted><verified>0</verified><date>11-Jun-2012 18:03:58</date><id>18</id><polygon><username>sandy</username><pt><x>760</x><y>130</y></pt><pt><x>761</x><y>145</y></pt><pt><x>679</x><y>119</y></pt><pt><x>678</x><y>108</y></pt><pt><x>685</x><y>102</y></pt></polygon></object><object><name>building</name><deleted>0</deleted><verified>0</verified><date>11-Jun-2012 18:03:58</date><id>19</id><polygon><username>sandy</username><pt><x>15</x><y>264</y></pt><pt><x>47</x><y>232</y></pt><pt><x>55</x><y>232</y></pt><pt><x>57</x><y>224</y></pt><pt><x>76</x><y>228</y></pt><pt><x>73</x><y>247</y></pt><pt><x>94</x><y>247</y></pt><pt><x>148</x><y>247</y></pt><pt><x>148</x><y>276</y></pt><pt><x>175</x><y>278</y></pt><pt><x>194</x><y>280</y></pt><pt><x>197</x><y>288</y></pt><pt><x>206</x><y>283</y></pt><pt><x>209</x><y>267</y></pt><pt><x>210</x><y>261</y></pt><pt><x>214</x><y>259</y></pt><pt><x>225</x><y>264</y></pt><pt><x>226</x><y>275</y></pt><pt><x>232</x><y>276</y></pt><pt><x>232</x><y>266</y></pt><pt><x>240</x><y>268</y></pt><pt><x>243</x><y>420</y></pt><pt><x>91</x><y>426</y></pt><pt><x>48</x><y>428</y></pt><pt><x>3</x><y>426</y></pt><pt><x>0</x><y>267</y></pt></polygon></object><object><name>crossing</name><deleted>0</deleted><verified>0</verified><date>11-Jun-2012 18:03:58</date><id>20</id><polygon><username>sandy</username><pt><x>671</x><y>504</y></pt><pt><x>797</x><y>518</y></pt><pt><x>799</x><y>525</y></pt><pt><x>765</x><y>542</y></pt><pt><x>466</x><y>506</y></pt><pt><x>524</x><y>495</y></pt></polygon></object><object><name>crossing</name><deleted>0</deleted><verified>0</verified><date>11-Jun-2012 18:03:58</date><id>21</id><polygon><username>sandy</username><pt><x>4</x><y>547</y></pt><pt><x>188</x><y>526</y></pt><pt><x>142</x><y>506</y></pt><pt><x>5</x><y>519</y></pt></polygon></object><object><name>traffic light</name><deleted>0</deleted><verified>0</verified><date>11-Jun-2012 18:03:58</date><id>22</id><polygon><username>sandy</username><pt><x>255</x><y>319</y></pt><pt><x>255</x><y>513</y></pt><pt><x>247</x><y>512</y></pt><pt><x>242</x><y>372</y></pt><pt><x>234</x><y>369</y></pt><pt><x>226</x><y>366</y></pt><pt><x>224</x><y>351</y></pt><pt><x>228</x><y>327</y></pt><pt><x>234</x><y>322</y></pt><pt><x>247</x><y>325</y></pt></polygon></object><object><name>traffic light</name><deleted>0</deleted><verified>0</verified><date>11-Jun-2012 18:03:58</date><id>23</id><polygon><username>sandy</username><pt><x>222</x><y>397</y></pt><pt><x>220</x><y>377</y></pt><pt><x>213</x><y>377</y></pt><pt><x>213</x><y>397</y></pt></polygon></object><object><name>traffic light</name><deleted>0</deleted><verified>0</verified><date>11-Jun-2012 18:03:58</date><id>24</id><polygon><username>sandy</username><pt><x>181</x><y>377</y></pt><pt><x>182</x><y>400</y></pt><pt><x>195</x><y>399</y></pt><pt><x>193</x><y>380</y></pt></polygon></object><object><name>backpack</name><deleted>0</deleted><verified>0</verified><date>11-Jun-2012 18:03:58</date><id>25</id><polygon><username>sandy</username><pt><x>556</x><y>428</y></pt><pt><x>556</x><y>442</y></pt><pt><x>552</x><y>448</y></pt><pt><x>555</x><y>453</y></pt><pt><x>567</x><y>457</y></pt><pt><x>579</x><y>454</y></pt><pt><x>571</x><y>430</y></pt><pt><x>566</x><y>424</y></pt></polygon></object><imagesize><nrows>600</nrows><ncols>800</ncols></imagesize><object><name>-theworldsend-</name><deleted>1</deleted><verified>0</verified><date>16-Jul-2012 11:06:40</date><id>26</id><polygon><username>sandy</username><pt><x>540</x><y>314</y></pt><pt><x>542</x><y>336</y></pt><pt><x>657</x><y>340</y></pt><pt><x>658</x><y>319</y></pt></polygon></object><object><name>-theworldsend-</name><deleted>1</deleted><verified>0</verified><date>16-Jul-2012 11:06:40</date><id>27</id><polygon><username>sandy</username><pt><x>346</x><y>331</y></pt><pt><x>252</x><y>342</y></pt><pt><x>253</x><y>322</y></pt><pt><x>349</x><y>311</y></pt></polygon></object></annotation>
