<annotation><filename>a_arbor_arbor_000002.jpg</filename><folder>100images</folder><source><sourceImage>The MIT-CSAIL database of objects and scenes</sourceImage><sourceAnnotation>LabelMe Webtool</sourceAnnotation></source><object><name>man</name><deleted>0</deleted><verified>0</verified><date>11-Jun-2012 19:18:28</date><id>0</id><polygon><username>sandy</username><pt><x>421</x><y>328</y></pt><pt><x>434</x><y>328</y></pt><pt><x>436</x><y>340</y></pt><pt><x>437</x><y>349</y></pt><pt><x>445</x><y>350</y></pt><pt><x>459</x><y>368</y></pt><pt><x>463</x><y>377</y></pt><pt><x>456</x><y>379</y></pt><pt><x>448</x><y>386</y></pt><pt><x>441</x><y>391</y></pt><pt><x>439</x><y>403</y></pt><pt><x>442</x><y>418</y></pt><pt><x>447</x><y>429</y></pt><pt><x>443</x><y>438</y></pt><pt><x>438</x><y>438</y></pt><pt><x>433</x><y>438</y></pt><pt><x>430</x><y>433</y></pt><pt><x>433</x><y>424</y></pt><pt><x>428</x><y>404</y></pt><pt><x>425</x><y>412</y></pt><pt><x>425</x><y>420</y></pt><pt><x>422</x><y>421</y></pt><pt><x>415</x><y>419</y></pt><pt><x>411</x><y>411</y></pt><pt><x>414</x><y>407</y></pt><pt><x>424</x><y>394</y></pt><pt><x>421</x><y>394</y></pt><pt><x>421</x><y>386</y></pt><pt><x>409</x><y>386</y></pt><pt><x>400</x><y>385</y></pt><pt><x>398</x><y>378</y></pt><pt><x>401</x><y>367</y></pt><pt><x>405</x><y>356</y></pt><pt><x>411</x><y>352</y></pt><pt><x>420</x><y>351</y></pt><pt><x>420</x><y>343</y></pt></polygon></object><object><name>woman</name><deleted>0</deleted><verified>0</verified><date>11-Jun-2012 19:18:28</date><id>1</id><polygon><username>sandy</username><pt><x>305</x><y>337</y></pt><pt><x>316</x><y>339</y></pt><pt><x>319</x><y>354</y></pt><pt><x>330</x><y>370</y></pt><pt><x>352</x><y>374</y></pt><pt><x>362</x><y>380</y></pt><pt><x>353</x><y>384</y></pt><pt><x>365</x><y>407</y></pt><pt><x>372</x><y>418</y></pt><pt><x>387</x><y>420</y></pt><pt><x>386</x><y>424</y></pt><pt><x>380</x><y>426</y></pt><pt><x>370</x><y>425</y></pt><pt><x>363</x><y>422</y></pt><pt><x>357</x><y>412</y></pt><pt><x>360</x><y>429</y></pt><pt><x>360</x><y>439</y></pt><pt><x>367</x><y>441</y></pt><pt><x>364</x><y>447</y></pt><pt><x>350</x><y>442</y></pt><pt><x>347</x><y>439</y></pt><pt><x>343</x><y>413</y></pt><pt><x>343</x><y>407</y></pt><pt><x>312</x><y>408</y></pt><pt><x>305</x><y>409</y></pt><pt><x>297</x><y>389</y></pt><pt><x>291</x><y>379</y></pt><pt><x>291</x><y>366</y></pt><pt><x>295</x><y>358</y></pt><pt><x>302</x><y>353</y></pt><pt><x>301</x><y>347</y></pt></polygon></object><object><name>chair</name><deleted>0</deleted><verified>0</verified><date>11-Jun-2012 19:18:28</date><id>2</id><polygon><username>sandy</username><pt><x>284</x><y>365</y></pt><pt><x>292</x><y>389</y></pt><pt><x>295</x><y>404</y></pt><pt><x>293</x><y>413</y></pt><pt><x>288</x><y>434</y></pt><pt><x>292</x><y>441</y></pt><pt><x>298</x><y>415</y></pt><pt><x>319</x><y>411</y></pt><pt><x>319</x><y>443</y></pt><pt><x>327</x><y>447</y></pt><pt><x>327</x><y>411</y></pt><pt><x>346</x><y>413</y></pt><pt><x>351</x><y>441</y></pt><pt><x>358</x><y>447</y></pt><pt><x>357</x><y>413</y></pt><pt><x>357</x><y>394</y></pt><pt><x>362</x><y>378</y></pt><pt><x>333</x><y>378</y></pt><pt><x>325</x><y>354</y></pt><pt><x>295</x><y>354</y></pt></polygon></object><object><name>chair</name><deleted>0</deleted><verified>0</verified><date>11-Jun-2012 19:18:28</date><id>3</id><polygon><username>sandy</username><pt><x>452</x><y>427</y></pt><pt><x>450</x><y>400</y></pt><pt><x>456</x><y>383</y></pt><pt><x>462</x><y>371</y></pt><pt><x>453</x><y>349</y></pt><pt><x>407</x><y>352</y></pt><pt><x>405</x><y>385</y></pt><pt><x>408</x><y>428</y></pt><pt><x>416</x><y>430</y></pt><pt><x>421</x><y>401</y></pt><pt><x>443</x><y>398</y></pt></polygon></object><object><name>house</name><deleted>0</deleted><verified>0</verified><date>11-Jun-2012 19:18:28</date><id>4</id><polygon><username>sandy</username><pt><x>122</x><y>62</y></pt><pt><x>278</x><y>93</y></pt><pt><x>436</x><y>169</y></pt><pt><x>487</x><y>164</y></pt><pt><x>631</x><y>188</y></pt><pt><x>630</x><y>191</y></pt><pt><x>790</x><y>162</y></pt><pt><x>799</x><y>159</y></pt><pt><x>796</x><y>381</y></pt><pt><x>537</x><y>385</y></pt><pt><x>518</x><y>401</y></pt><pt><x>387</x><y>403</y></pt><pt><x>304</x><y>386</y></pt><pt><x>303</x><y>263</y></pt><pt><x>128</x><y>254</y></pt><pt><x>128</x><y>427</y></pt><pt><x>2</x><y>436</y></pt><pt><x>0</x><y>102</y></pt></polygon></object><object><name>flowers</name><deleted>0</deleted><verified>0</verified><date>11-Jun-2012 19:18:28</date><id>5</id><polygon><username>sandy</username><pt><x>6</x><y>399</y></pt><pt><x>26</x><y>403</y></pt><pt><x>46</x><y>403</y></pt><pt><x>48</x><y>422</y></pt><pt><x>62</x><y>425</y></pt><pt><x>83</x><y>426</y></pt><pt><x>92</x><y>421</y></pt><pt><x>89</x><y>412</y></pt><pt><x>88</x><y>397</y></pt><pt><x>94</x><y>386</y></pt><pt><x>107</x><y>384</y></pt><pt><x>116</x><y>403</y></pt><pt><x>125</x><y>396</y></pt><pt><x>135</x><y>404</y></pt><pt><x>132</x><y>424</y></pt><pt><x>131</x><y>435</y></pt><pt><x>146</x><y>435</y></pt><pt><x>163</x><y>433</y></pt><pt><x>171</x><y>437</y></pt><pt><x>172</x><y>457</y></pt><pt><x>157</x><y>467</y></pt><pt><x>129</x><y>465</y></pt><pt><x>98</x><y>463</y></pt><pt><x>62</x><y>465</y></pt><pt><x>45</x><y>468</y></pt><pt><x>0</x><y>466</y></pt></polygon></object><object><name>flowers</name><deleted>0</deleted><verified>0</verified><date>11-Jun-2012 19:18:28</date><id>6</id><polygon><username>sandy</username><pt><x>719</x><y>398</y></pt><pt><x>721</x><y>430</y></pt><pt><x>799</x><y>442</y></pt><pt><x>799</x><y>416</y></pt><pt><x>777</x><y>415</y></pt><pt><x>767</x><y>401</y></pt></polygon></object><object><name>flowers</name><deleted>0</deleted><verified>0</verified><date>11-Jun-2012 19:18:28</date><id>7</id><polygon><username>sandy</username><pt><x>775</x><y>479</y></pt><pt><x>775</x><y>465</y></pt><pt><x>765</x><y>460</y></pt><pt><x>719</x><y>469</y></pt><pt><x>713</x><y>453</y></pt><pt><x>727</x><y>439</y></pt><pt><x>707</x><y>434</y></pt><pt><x>702</x><y>416</y></pt><pt><x>684</x><y>424</y></pt><pt><x>683</x><y>435</y></pt><pt><x>685</x><y>453</y></pt><pt><x>669</x><y>449</y></pt><pt><x>653</x><y>455</y></pt><pt><x>640</x><y>445</y></pt><pt><x>630</x><y>447</y></pt><pt><x>617</x><y>451</y></pt><pt><x>620</x><y>435</y></pt><pt><x>631</x><y>420</y></pt><pt><x>635</x><y>401</y></pt><pt><x>616</x><y>392</y></pt><pt><x>600</x><y>406</y></pt><pt><x>591</x><y>398</y></pt><pt><x>582</x><y>325</y></pt><pt><x>581</x><y>308</y></pt><pt><x>567</x><y>309</y></pt><pt><x>568</x><y>362</y></pt><pt><x>575</x><y>389</y></pt><pt><x>571</x><y>416</y></pt><pt><x>579</x><y>440</y></pt><pt><x>568</x><y>448</y></pt><pt><x>524</x><y>449</y></pt><pt><x>506</x><y>407</y></pt><pt><x>473</x><y>408</y></pt><pt><x>485</x><y>445</y></pt><pt><x>488</x><y>482</y></pt><pt><x>515</x><y>473</y></pt><pt><x>547</x><y>480</y></pt><pt><x>580</x><y>470</y></pt><pt><x>592</x><y>479</y></pt><pt><x>615</x><y>482</y></pt><pt><x>633</x><y>484</y></pt><pt><x>665</x><y>485</y></pt><pt><x>679</x><y>495</y></pt><pt><x>714</x><y>489</y></pt><pt><x>737</x><y>488</y></pt></polygon></object><object><name>car</name><deleted>0</deleted><verified>0</verified><date>11-Jun-2012 19:18:28</date><id>8</id><polygon><username>sandy</username><pt><x>288</x><y>318</y></pt><pt><x>320</x><y>309</y></pt><pt><x>385</x><y>313</y></pt><pt><x>422</x><y>333</y></pt><pt><x>448</x><y>341</y></pt><pt><x>458</x><y>376</y></pt><pt><x>454</x><y>391</y></pt><pt><x>272</x><y>385</y></pt><pt><x>242</x><y>383</y></pt><pt><x>240</x><y>348</y></pt><pt><x>252</x><y>343</y></pt><pt><x>259</x><y>337</y></pt><pt><x>268</x><y>336</y></pt></polygon></object><object><name>car</name><deleted>0</deleted><verified>0</verified><date>11-Jun-2012 19:18:28</date><id>9</id><polygon><username>sandy</username><pt><x>133</x><y>304</y></pt><pt><x>182</x><y>304</y></pt><pt><x>205</x><y>304</y></pt><pt><x>223</x><y>332</y></pt><pt><x>232</x><y>331</y></pt><pt><x>235</x><y>338</y></pt><pt><x>226</x><y>340</y></pt><pt><x>234</x><y>342</y></pt><pt><x>262</x><y>350</y></pt><pt><x>268</x><y>366</y></pt><pt><x>268</x><y>381</y></pt><pt><x>262</x><y>396</y></pt><pt><x>257</x><y>406</y></pt><pt><x>252</x><y>412</y></pt><pt><x>239</x><y>411</y></pt><pt><x>232</x><y>412</y></pt><pt><x>225</x><y>401</y></pt><pt><x>178</x><y>404</y></pt><pt><x>170</x><y>415</y></pt><pt><x>132</x><y>408</y></pt></polygon></object><object><name>tree</name><deleted>0</deleted><verified>0</verified><date>11-Jun-2012 19:18:28</date><id>10</id><polygon><username>sandy</username><pt><x>719</x><y>1</y></pt><pt><x>697</x><y>25</y></pt><pt><x>691</x><y>45</y></pt><pt><x>668</x><y>33</y></pt><pt><x>652</x><y>33</y></pt><pt><x>634</x><y>58</y></pt><pt><x>626</x><y>71</y></pt><pt><x>624</x><y>93</y></pt><pt><x>648</x><y>93</y></pt><pt><x>638</x><y>109</y></pt><pt><x>624</x><y>115</y></pt><pt><x>603</x><y>122</y></pt><pt><x>587</x><y>126</y></pt><pt><x>588</x><y>135</y></pt><pt><x>602</x><y>142</y></pt><pt><x>623</x><y>144</y></pt><pt><x>601</x><y>153</y></pt><pt><x>595</x><y>163</y></pt><pt><x>583</x><y>177</y></pt><pt><x>596</x><y>178</y></pt><pt><x>631</x><y>181</y></pt><pt><x>650</x><y>172</y></pt><pt><x>668</x><y>170</y></pt><pt><x>667</x><y>178</y></pt><pt><x>654</x><y>189</y></pt><pt><x>634</x><y>196</y></pt><pt><x>627</x><y>205</y></pt><pt><x>616</x><y>218</y></pt><pt><x>598</x><y>226</y></pt><pt><x>580</x><y>223</y></pt><pt><x>565</x><y>233</y></pt><pt><x>571</x><y>240</y></pt><pt><x>580</x><y>239</y></pt><pt><x>572</x><y>252</y></pt><pt><x>564</x><y>262</y></pt><pt><x>542</x><y>273</y></pt><pt><x>530</x><y>286</y></pt><pt><x>543</x><y>282</y></pt><pt><x>583</x><y>276</y></pt><pt><x>596</x><y>277</y></pt><pt><x>618</x><y>266</y></pt><pt><x>638</x><y>266</y></pt><pt><x>632</x><y>279</y></pt><pt><x>619</x><y>283</y></pt><pt><x>602</x><y>289</y></pt><pt><x>597</x><y>301</y></pt><pt><x>614</x><y>307</y></pt><pt><x>631</x><y>313</y></pt><pt><x>656</x><y>307</y></pt><pt><x>681</x><y>298</y></pt><pt><x>704</x><y>287</y></pt><pt><x>729</x><y>274</y></pt><pt><x>751</x><y>276</y></pt><pt><x>755</x><y>286</y></pt><pt><x>765</x><y>312</y></pt><pt><x>781</x><y>311</y></pt><pt><x>789</x><y>409</y></pt><pt><x>799</x><y>409</y></pt><pt><x>796</x><y>1</y></pt></polygon></object><object><name>tree</name><deleted>0</deleted><verified>0</verified><date>11-Jun-2012 19:18:28</date><id>11</id><polygon><username>sandy</username><pt><x>238</x><y>316</y></pt><pt><x>302</x><y>310</y></pt><pt><x>302</x><y>262</y></pt><pt><x>134</x><y>254</y></pt><pt><x>134</x><y>306</y></pt><pt><x>210</x><y>313</y></pt></polygon></object><object><name>trellis</name><deleted>0</deleted><verified>0</verified><date>11-Jun-2012 19:18:28</date><id>12</id><polygon><username>sandy</username><pt><x>128</x><y>163</y></pt><pt><x>129</x><y>173</y></pt><pt><x>141</x><y>179</y></pt><pt><x>173</x><y>177</y></pt><pt><x>175</x><y>499</y></pt><pt><x>182</x><y>497</y></pt><pt><x>217</x><y>485</y></pt><pt><x>221</x><y>274</y></pt><pt><x>249</x><y>242</y></pt><pt><x>279</x><y>219</y></pt><pt><x>311</x><y>207</y></pt><pt><x>355</x><y>206</y></pt><pt><x>395</x><y>218</y></pt><pt><x>422</x><y>232</y></pt><pt><x>439</x><y>252</y></pt><pt><x>458</x><y>274</y></pt><pt><x>463</x><y>484</y></pt><pt><x>467</x><y>501</y></pt><pt><x>474</x><y>500</y></pt><pt><x>471</x><y>192</y></pt><pt><x>500</x><y>191</y></pt><pt><x>511</x><y>185</y></pt><pt><x>510</x><y>176</y></pt><pt><x>472</x><y>178</y></pt><pt><x>474</x><y>166</y></pt><pt><x>506</x><y>166</y></pt><pt><x>519</x><y>161</y></pt><pt><x>518</x><y>152</y></pt><pt><x>474</x><y>152</y></pt><pt><x>473</x><y>142</y></pt><pt><x>468</x><y>145</y></pt><pt><x>469</x><y>157</y></pt><pt><x>424</x><y>156</y></pt><pt><x>421</x><y>144</y></pt><pt><x>414</x><y>145</y></pt><pt><x>419</x><y>157</y></pt><pt><x>374</x><y>158</y></pt><pt><x>369</x><y>148</y></pt><pt><x>363</x><y>148</y></pt><pt><x>366</x><y>158</y></pt><pt><x>323</x><y>157</y></pt><pt><x>317</x><y>147</y></pt><pt><x>311</x><y>155</y></pt><pt><x>316</x><y>161</y></pt><pt><x>275</x><y>161</y></pt><pt><x>267</x><y>147</y></pt><pt><x>262</x><y>155</y></pt><pt><x>264</x><y>161</y></pt><pt><x>228</x><y>159</y></pt><pt><x>223</x><y>161</y></pt><pt><x>213</x><y>152</y></pt><pt><x>209</x><y>156</y></pt><pt><x>213</x><y>162</y></pt><pt><x>181</x><y>162</y></pt><pt><x>169</x><y>155</y></pt><pt><x>163</x><y>159</y></pt><pt><x>166</x><y>164</y></pt></polygon></object><object><name>plants</name><deleted>0</deleted><verified>0</verified><date>11-Jun-2012 19:18:28</date><id>13</id><polygon><username>sandy</username><pt><x>332</x><y>252</y></pt><pt><x>333</x><y>266</y></pt><pt><x>352</x><y>273</y></pt><pt><x>350</x><y>291</y></pt><pt><x>339</x><y>297</y></pt><pt><x>338</x><y>312</y></pt><pt><x>336</x><y>325</y></pt><pt><x>328</x><y>340</y></pt><pt><x>325</x><y>356</y></pt><pt><x>330</x><y>365</y></pt><pt><x>334</x><y>378</y></pt><pt><x>358</x><y>379</y></pt><pt><x>360</x><y>392</y></pt><pt><x>397</x><y>383</y></pt><pt><x>396</x><y>374</y></pt><pt><x>403</x><y>357</y></pt><pt><x>393</x><y>353</y></pt><pt><x>381</x><y>352</y></pt><pt><x>370</x><y>345</y></pt><pt><x>368</x><y>326</y></pt><pt><x>372</x><y>314</y></pt><pt><x>366</x><y>308</y></pt><pt><x>353</x><y>302</y></pt><pt><x>364</x><y>296</y></pt><pt><x>367</x><y>289</y></pt><pt><x>369</x><y>276</y></pt><pt><x>376</x><y>270</y></pt><pt><x>379</x><y>254</y></pt><pt><x>368</x><y>254</y></pt><pt><x>356</x><y>260</y></pt><pt><x>351</x><y>251</y></pt><pt><x>342</x><y>259</y></pt></polygon></object><object><name>plants</name><deleted>0</deleted><verified>0</verified><date>11-Jun-2012 19:18:28</date><id>14</id><polygon><username>sandy</username><pt><x>562</x><y>347</y></pt><pt><x>564</x><y>370</y></pt><pt><x>552</x><y>372</y></pt><pt><x>542</x><y>386</y></pt><pt><x>532</x><y>371</y></pt><pt><x>529</x><y>353</y></pt><pt><x>531</x><y>341</y></pt><pt><x>548</x><y>338</y></pt></polygon></object><object><name>plants</name><deleted>0</deleted><verified>0</verified><date>11-Jun-2012 19:18:28</date><id>15</id><polygon><username>sandy</username><pt><x>704</x><y>340</y></pt><pt><x>722</x><y>338</y></pt><pt><x>729</x><y>349</y></pt><pt><x>737</x><y>348</y></pt><pt><x>745</x><y>338</y></pt><pt><x>759</x><y>339</y></pt><pt><x>766</x><y>342</y></pt><pt><x>786</x><y>349</y></pt><pt><x>786</x><y>364</y></pt><pt><x>780</x><y>382</y></pt><pt><x>770</x><y>392</y></pt><pt><x>756</x><y>385</y></pt><pt><x>746</x><y>372</y></pt><pt><x>679</x><y>372</y></pt><pt><x>656</x><y>374</y></pt><pt><x>646</x><y>389</y></pt><pt><x>636</x><y>391</y></pt><pt><x>626</x><y>379</y></pt><pt><x>621</x><y>366</y></pt><pt><x>617</x><y>354</y></pt><pt><x>614</x><y>349</y></pt><pt><x>625</x><y>339</y></pt><pt><x>625</x><y>324</y></pt><pt><x>628</x><y>309</y></pt><pt><x>636</x><y>314</y></pt><pt><x>640</x><y>334</y></pt><pt><x>656</x><y>342</y></pt><pt><x>673</x><y>350</y></pt><pt><x>685</x><y>346</y></pt></polygon></object><object><name>bricks</name><deleted>0</deleted><verified>0</verified><date>11-Jun-2012 19:18:28</date><id>16</id><polygon><username>sandy</username><pt><x>2</x><y>486</y></pt><pt><x>0</x><y>502</y></pt><pt><x>58</x><y>500</y></pt><pt><x>105</x><y>495</y></pt><pt><x>130</x><y>501</y></pt><pt><x>156</x><y>503</y></pt><pt><x>175</x><y>498</y></pt><pt><x>174</x><y>477</y></pt><pt><x>133</x><y>479</y></pt><pt><x>100</x><y>478</y></pt><pt><x>55</x><y>478</y></pt></polygon></object><object><name>bricks</name><deleted>0</deleted><verified>0</verified><date>11-Jun-2012 19:18:28</date><id>17</id><polygon><username>sandy</username><pt><x>165</x><y>404</y></pt><pt><x>177</x><y>405</y></pt><pt><x>175</x><y>437</y></pt><pt><x>165</x><y>434</y></pt><pt><x>134</x><y>436</y></pt><pt><x>133</x><y>407</y></pt></polygon></object><object><name>bricks</name><deleted>0</deleted><verified>0</verified><date>11-Jun-2012 19:18:28</date><id>18</id><polygon><username>sandy</username><pt><x>478</x><y>486</y></pt><pt><x>478</x><y>499</y></pt><pt><x>495</x><y>508</y></pt><pt><x>552</x><y>508</y></pt><pt><x>579</x><y>509</y></pt><pt><x>719</x><y>529</y></pt><pt><x>725</x><y>522</y></pt><pt><x>745</x><y>519</y></pt><pt><x>796</x><y>501</y></pt><pt><x>797</x><y>471</y></pt><pt><x>726</x><y>465</y></pt><pt><x>731</x><y>470</y></pt><pt><x>760</x><y>475</y></pt><pt><x>770</x><y>474</y></pt><pt><x>717</x><y>496</y></pt><pt><x>678</x><y>493</y></pt><pt><x>641</x><y>486</y></pt><pt><x>601</x><y>483</y></pt><pt><x>544</x><y>482</y></pt><pt><x>495</x><y>484</y></pt></polygon></object><object><name>cloud</name><deleted>0</deleted><verified>0</verified><date>11-Jun-2012 19:18:28</date><id>19</id><polygon><username>sandy</username><pt><x>571</x><y>127</y></pt><pt><x>560</x><y>137</y></pt><pt><x>543</x><y>142</y></pt><pt><x>528</x><y>141</y></pt><pt><x>515</x><y>148</y></pt><pt><x>524</x><y>153</y></pt><pt><x>554</x><y>156</y></pt><pt><x>565</x><y>151</y></pt><pt><x>577</x><y>144</y></pt><pt><x>591</x><y>147</y></pt><pt><x>604</x><y>143</y></pt><pt><x>599</x><y>131</y></pt></polygon></object><object><name>door</name><deleted>0</deleted><verified>0</verified><date>11-Jun-2012 19:18:28</date><id>20</id><polygon><username>sandy</username><pt><x>589</x><y>282</y></pt><pt><x>589</x><y>339</y></pt><pt><x>612</x><y>343</y></pt><pt><x>610</x><y>289</y></pt></polygon></object><object><name>roof</name><deleted>0</deleted><verified>0</verified><date>11-Jun-2012 19:18:28</date><id>21</id><polygon><username>sandy</username><pt><x>488</x><y>238</y></pt><pt><x>614</x><y>251</y></pt><pt><x>728</x><y>251</y></pt><pt><x>795</x><y>245</y></pt><pt><x>795</x><y>166</y></pt><pt><x>634</x><y>190</y></pt><pt><x>485</x><y>162</y></pt><pt><x>437</x><y>170</y></pt><pt><x>274</x><y>92</y></pt><pt><x>118</x><y>60</y></pt><pt><x>2</x><y>103</y></pt><pt><x>5</x><y>162</y></pt><pt><x>546</x><y>226</y></pt></polygon></object><object><name>table</name><deleted>0</deleted><verified>0</verified><date>11-Jun-2012 19:18:28</date><id>22</id><polygon><username>sandy</username><pt><x>649</x><y>355</y></pt><pt><x>650</x><y>363</y></pt><pt><x>665</x><y>364</y></pt><pt><x>667</x><y>374</y></pt><pt><x>641</x><y>379</y></pt><pt><x>648</x><y>382</y></pt><pt><x>656</x><y>400</y></pt><pt><x>755</x><y>405</y></pt><pt><x>777</x><y>396</y></pt><pt><x>771</x><y>374</y></pt><pt><x>742</x><y>371</y></pt><pt><x>743</x><y>362</y></pt><pt><x>760</x><y>357</y></pt><pt><x>761</x><y>351</y></pt><pt><x>688</x><y>351</y></pt></polygon></object><object><name>window</name><deleted>0</deleted><verified>0</verified><date>11-Jun-2012 19:18:28</date><id>23</id><polygon><username>sandy</username><pt><x>762</x><y>331</y></pt><pt><x>762</x><y>270</y></pt><pt><x>737</x><y>269</y></pt><pt><x>741</x><y>331</y></pt></polygon></object><object><name>window</name><deleted>0</deleted><verified>0</verified><date>11-Jun-2012 19:18:28</date><id>24</id><polygon><username>sandy</username><pt><x>683</x><y>268</y></pt><pt><x>683</x><y>334</y></pt><pt><x>723</x><y>330</y></pt><pt><x>719</x><y>267</y></pt></polygon></object><object><name>window</name><deleted>0</deleted><verified>0</verified><date>11-Jun-2012 19:18:28</date><id>25</id><polygon><username>sandy</username><pt><x>661</x><y>332</y></pt><pt><x>659</x><y>275</y></pt><pt><x>627</x><y>273</y></pt><pt><x>629</x><y>334</y></pt></polygon></object><object><name>background</name><deleted>1</deleted><verified>0</verified><date>11-Jun-2012 19:18:28</date><id>26</id><polygon><username>sandy</username><pt><x>0</x><y>0</y></pt><pt><x>0</x><y>599</y></pt><pt><x>799</x><y>598</y></pt><pt><x>795</x><y>1</y></pt></polygon></object><imagesize><nrows>600</nrows><ncols>800</ncols></imagesize><object><name>trellis</name><deleted>0</deleted><verified>0</verified><date>16-Jun-2012 23:11:49</date><id>27</id><polygon><username>sandy</username><pt><x>101</x><y>251</y></pt><pt><x>107</x><y>438</y></pt><pt><x>2</x><y>436</y></pt><pt><x>4</x><y>245</y></pt></polygon></object></annotation>
