<annotation><filename>a_art_school_artschool03.jpg</filename><folder>100images</folder><source><sourceImage>The MIT-CSAIL database of objects and scenes</sourceImage><sourceAnnotation>LabelMe Webtool</sourceAnnotation></source><object><name>canvas</name><deleted>0</deleted><verified>0</verified><date>11-Jun-2012 19:33:51</date><id>0</id><polygon><username>sandy</username><pt><x>186</x><y>159</y></pt><pt><x>218</x><y>428</y></pt><pt><x>616</x><y>412</y></pt><pt><x>652</x><y>157</y></pt><pt><x>645</x><y>145</y></pt><pt><x>192</x><y>150</y></pt></polygon></object><object><name>painting</name><deleted>0</deleted><verified>0</verified><date>11-Jun-2012 19:33:51</date><id>1</id><polygon><username>sandy</username><pt><x>457</x><y>202</y></pt><pt><x>454</x><y>247</y></pt><pt><x>459</x><y>251</y></pt><pt><x>459</x><y>287</y></pt><pt><x>469</x><y>293</y></pt><pt><x>466</x><y>311</y></pt><pt><x>454</x><y>322</y></pt><pt><x>440</x><y>316</y></pt><pt><x>433</x><y>316</y></pt><pt><x>422</x><y>324</y></pt><pt><x>424</x><y>348</y></pt><pt><x>413</x><y>345</y></pt><pt><x>412</x><y>322</y></pt><pt><x>403</x><y>339</y></pt><pt><x>398</x><y>337</y></pt><pt><x>372</x><y>330</y></pt><pt><x>376</x><y>290</y></pt><pt><x>380</x><y>283</y></pt><pt><x>378</x><y>254</y></pt><pt><x>383</x><y>250</y></pt><pt><x>384</x><y>184</y></pt><pt><x>389</x><y>176</y></pt><pt><x>395</x><y>175</y></pt><pt><x>398</x><y>185</y></pt><pt><x>403</x><y>196</y></pt><pt><x>411</x><y>192</y></pt></polygon></object><object><name>painting</name><deleted>0</deleted><verified>0</verified><date>11-Jun-2012 19:33:51</date><id>2</id><polygon><username>sandy</username><pt><x>517</x><y>3</y></pt><pt><x>513</x><y>75</y></pt><pt><x>457</x><y>76</y></pt><pt><x>459</x><y>0</y></pt></polygon></object><object><name>painting</name><deleted>0</deleted><verified>0</verified><date>11-Jun-2012 19:33:51</date><id>3</id><polygon><username>sandy</username><pt><x>274</x><y>41</y></pt><pt><x>275</x><y>153</y></pt><pt><x>462</x><y>150</y></pt><pt><x>465</x><y>34</y></pt></polygon></object><object><name>easel</name><deleted>0</deleted><verified>0</verified><date>11-Jun-2012 19:33:51</date><id>4</id><polygon><username>sandy</username><pt><x>245</x><y>24</y></pt><pt><x>251</x><y>148</y></pt><pt><x>273</x><y>460</y></pt><pt><x>266</x><y>489</y></pt><pt><x>266</x><y>521</y></pt><pt><x>267</x><y>574</y></pt><pt><x>508</x><y>585</y></pt><pt><x>510</x><y>502</y></pt><pt><x>529</x><y>499</y></pt><pt><x>532</x><y>481</y></pt><pt><x>519</x><y>454</y></pt><pt><x>518</x><y>427</y></pt><pt><x>532</x><y>429</y></pt><pt><x>530</x><y>416</y></pt><pt><x>551</x><y>21</y></pt><pt><x>552</x><y>9</y></pt><pt><x>532</x><y>8</y></pt><pt><x>527</x><y>19</y></pt><pt><x>526</x><y>74</y></pt><pt><x>423</x><y>76</y></pt><pt><x>414</x><y>69</y></pt><pt><x>415</x><y>2</y></pt><pt><x>382</x><y>4</y></pt><pt><x>379</x><y>69</y></pt><pt><x>372</x><y>75</y></pt><pt><x>269</x><y>76</y></pt><pt><x>266</x><y>16</y></pt><pt><x>262</x><y>5</y></pt><pt><x>245</x><y>9</y></pt></polygon></object><object><name>easel</name><deleted>0</deleted><verified>0</verified><date>11-Jun-2012 19:33:51</date><id>5</id><polygon><username>sandy</username><pt><x>289</x><y>4</y></pt><pt><x>289</x><y>38</y></pt><pt><x>290</x><y>175</y></pt><pt><x>458</x><y>181</y></pt><pt><x>458</x><y>2</y></pt><pt><x>439</x><y>2</y></pt><pt><x>437</x><y>13</y></pt><pt><x>386</x><y>10</y></pt><pt><x>386</x><y>3</y></pt><pt><x>357</x><y>2</y></pt><pt><x>358</x><y>13</y></pt><pt><x>301</x><y>12</y></pt><pt><x>298</x><y>0</y></pt></polygon></object><object><name>dragon</name><deleted>0</deleted><verified>0</verified><date>11-Jun-2012 19:33:51</date><id>6</id><polygon><username>sandy</username><pt><x>631</x><y>78</y></pt><pt><x>641</x><y>85</y></pt><pt><x>644</x><y>94</y></pt><pt><x>652</x><y>88</y></pt><pt><x>656</x><y>83</y></pt><pt><x>664</x><y>85</y></pt><pt><x>668</x><y>89</y></pt><pt><x>671</x><y>93</y></pt><pt><x>677</x><y>89</y></pt><pt><x>681</x><y>85</y></pt><pt><x>690</x><y>86</y></pt><pt><x>692</x><y>92</y></pt><pt><x>694</x><y>98</y></pt><pt><x>701</x><y>90</y></pt><pt><x>702</x><y>88</y></pt><pt><x>709</x><y>88</y></pt><pt><x>707</x><y>93</y></pt><pt><x>700</x><y>100</y></pt><pt><x>694</x><y>102</y></pt><pt><x>688</x><y>99</y></pt><pt><x>685</x><y>93</y></pt><pt><x>681</x><y>98</y></pt><pt><x>672</x><y>100</y></pt><pt><x>672</x><y>112</y></pt><pt><x>661</x><y>115</y></pt><pt><x>661</x><y>107</y></pt><pt><x>661</x><y>101</y></pt><pt><x>650</x><y>104</y></pt><pt><x>648</x><y>114</y></pt><pt><x>642</x><y>114</y></pt><pt><x>642</x><y>106</y></pt><pt><x>638</x><y>106</y></pt><pt><x>632</x><y>108</y></pt><pt><x>626</x><y>106</y></pt><pt><x>621</x><y>109</y></pt><pt><x>625</x><y>102</y></pt><pt><x>632</x><y>102</y></pt><pt><x>634</x><y>97</y></pt><pt><x>633</x><y>89</y></pt><pt><x>627</x><y>92</y></pt><pt><x>623</x><y>96</y></pt><pt><x>618</x><y>91</y></pt><pt><x>615</x><y>84</y></pt><pt><x>621</x><y>79</y></pt></polygon></object><object><name>lamp</name><deleted>0</deleted><verified>0</verified><date>11-Jun-2012 19:33:51</date><id>7</id><polygon><username>sandy</username><pt><x>742</x><y>31</y></pt><pt><x>723</x><y>41</y></pt><pt><x>671</x><y>284</y></pt><pt><x>639</x><y>287</y></pt><pt><x>652</x><y>311</y></pt><pt><x>702</x><y>309</y></pt><pt><x>687</x><y>282</y></pt><pt><x>677</x><y>284</y></pt><pt><x>725</x><y>50</y></pt><pt><x>742</x><y>40</y></pt><pt><x>743</x><y>50</y></pt><pt><x>746</x><y>54</y></pt><pt><x>757</x><y>50</y></pt><pt><x>770</x><y>39</y></pt><pt><x>778</x><y>26</y></pt><pt><x>774</x><y>16</y></pt><pt><x>755</x><y>20</y></pt><pt><x>740</x><y>14</y></pt><pt><x>733</x><y>16</y></pt><pt><x>731</x><y>24</y></pt></polygon></object><object><name>lamp</name><deleted>0</deleted><verified>0</verified><date>11-Jun-2012 19:33:51</date><id>8</id><polygon><username>sandy</username><pt><x>600</x><y>26</y></pt><pt><x>614</x><y>28</y></pt><pt><x>627</x><y>23</y></pt><pt><x>635</x><y>14</y></pt><pt><x>639</x><y>5</y></pt><pt><x>629</x><y>1</y></pt><pt><x>585</x><y>1</y></pt><pt><x>548</x><y>18</y></pt><pt><x>550</x><y>88</y></pt><pt><x>547</x><y>101</y></pt><pt><x>565</x><y>102</y></pt><pt><x>568</x><y>90</y></pt><pt><x>558</x><y>89</y></pt><pt><x>553</x><y>33</y></pt><pt><x>555</x><y>28</y></pt><pt><x>595</x><y>3</y></pt><pt><x>604</x><y>5</y></pt><pt><x>600</x><y>15</y></pt></polygon></object><object><name>paintbrush</name><deleted>0</deleted><verified>0</verified><date>11-Jun-2012 19:33:51</date><id>9</id><polygon><username>sandy</username><pt><x>202</x><y>503</y></pt><pt><x>200</x><y>532</y></pt><pt><x>195</x><y>529</y></pt></polygon></object><object><name>paintbrush</name><deleted>0</deleted><verified>0</verified><date>11-Jun-2012 19:33:51</date><id>10</id><polygon><username>sandy</username><pt><x>751</x><y>433</y></pt><pt><x>748</x><y>484</y></pt><pt><x>757</x><y>493</y></pt><pt><x>767</x><y>495</y></pt><pt><x>780</x><y>493</y></pt><pt><x>799</x><y>469</y></pt><pt><x>799</x><y>441</y></pt><pt><x>790</x><y>433</y></pt><pt><x>781</x><y>439</y></pt><pt><x>775</x><y>452</y></pt><pt><x>773</x><y>445</y></pt><pt><x>773</x><y>437</y></pt><pt><x>767</x><y>435</y></pt><pt><x>767</x><y>427</y></pt><pt><x>758</x><y>426</y></pt></polygon></object><object><name>table</name><deleted>0</deleted><verified>0</verified><date>11-Jun-2012 19:33:51</date><id>11</id><polygon><username>sandy</username><pt><x>725</x><y>133</y></pt><pt><x>720</x><y>207</y></pt><pt><x>704</x><y>210</y></pt><pt><x>694</x><y>252</y></pt><pt><x>687</x><y>257</y></pt><pt><x>685</x><y>222</y></pt><pt><x>604</x><y>222</y></pt><pt><x>582</x><y>219</y></pt><pt><x>557</x><y>194</y></pt><pt><x>565</x><y>103</y></pt><pt><x>690</x><y>104</y></pt></polygon></object><object><name>table</name><deleted>0</deleted><verified>0</verified><date>11-Jun-2012 19:33:51</date><id>12</id><polygon><username>sandy</username><pt><x>799</x><y>107</y></pt><pt><x>699</x><y>107</y></pt><pt><x>689</x><y>229</y></pt><pt><x>707</x><y>252</y></pt><pt><x>719</x><y>253</y></pt><pt><x>743</x><y>148</y></pt><pt><x>797</x><y>147</y></pt></polygon></object><object><name>tablecloth</name><deleted>0</deleted><verified>0</verified><date>11-Jun-2012 19:33:51</date><id>13</id><polygon><username>sandy</username><pt><x>552</x><y>122</y></pt><pt><x>564</x><y>101</y></pt><pt><x>698</x><y>106</y></pt><pt><x>729</x><y>132</y></pt><pt><x>734</x><y>138</y></pt><pt><x>728</x><y>185</y></pt><pt><x>725</x><y>210</y></pt><pt><x>702</x><y>211</y></pt><pt><x>684</x><y>208</y></pt><pt><x>588</x><y>207</y></pt><pt><x>564</x><y>146</y></pt><pt><x>547</x><y>141</y></pt></polygon></object><object><name>mixing plate</name><deleted>0</deleted><verified>0</verified><date>11-Jun-2012 19:33:51</date><id>14</id><polygon><username>sandy</username><pt><x>218</x><y>503</y></pt><pt><x>253</x><y>529</y></pt><pt><x>179</x><y>580</y></pt><pt><x>144</x><y>542</y></pt></polygon></object><object><name>mixing plate</name><deleted>0</deleted><verified>0</verified><date>11-Jun-2012 19:33:51</date><id>15</id><polygon><username>sandy</username><pt><x>57</x><y>551</y></pt><pt><x>152</x><y>552</y></pt><pt><x>135</x><y>598</y></pt><pt><x>36</x><y>597</y></pt></polygon></object><object><name>drape</name><deleted>0</deleted><verified>0</verified><date>11-Jun-2012 19:33:51</date><id>16</id><polygon><username>sandy</username><pt><x>2</x><y>160</y></pt><pt><x>16</x><y>193</y></pt><pt><x>13</x><y>206</y></pt><pt><x>23</x><y>224</y></pt><pt><x>29</x><y>231</y></pt><pt><x>32</x><y>262</y></pt><pt><x>35</x><y>280</y></pt><pt><x>33</x><y>299</y></pt><pt><x>32</x><y>314</y></pt><pt><x>71</x><y>364</y></pt><pt><x>89</x><y>390</y></pt><pt><x>90</x><y>406</y></pt><pt><x>99</x><y>435</y></pt><pt><x>104</x><y>464</y></pt><pt><x>104</x><y>475</y></pt><pt><x>109</x><y>482</y></pt><pt><x>207</x><y>478</y></pt><pt><x>208</x><y>472</y></pt><pt><x>194</x><y>456</y></pt><pt><x>186</x><y>448</y></pt><pt><x>182</x><y>430</y></pt><pt><x>179</x><y>401</y></pt><pt><x>181</x><y>312</y></pt><pt><x>200</x><y>284</y></pt><pt><x>238</x><y>149</y></pt><pt><x>231</x><y>54</y></pt><pt><x>153</x><y>40</y></pt><pt><x>0</x><y>126</y></pt></polygon></object><object><name>plant</name><deleted>0</deleted><verified>0</verified><date>11-Jun-2012 19:33:51</date><id>17</id><polygon><username>sandy</username><pt><x>742</x><y>291</y></pt><pt><x>751</x><y>282</y></pt><pt><x>749</x><y>275</y></pt><pt><x>743</x><y>273</y></pt><pt><x>740</x><y>266</y></pt><pt><x>737</x><y>258</y></pt><pt><x>746</x><y>252</y></pt><pt><x>751</x><y>252</y></pt><pt><x>762</x><y>250</y></pt><pt><x>767</x><y>250</y></pt><pt><x>760</x><y>247</y></pt><pt><x>758</x><y>243</y></pt><pt><x>769</x><y>240</y></pt><pt><x>788</x><y>244</y></pt><pt><x>796</x><y>249</y></pt><pt><x>797</x><y>251</y></pt><pt><x>797</x><y>275</y></pt><pt><x>792</x><y>282</y></pt><pt><x>790</x><y>295</y></pt><pt><x>781</x><y>299</y></pt><pt><x>777</x><y>308</y></pt><pt><x>769</x><y>327</y></pt><pt><x>765</x><y>331</y></pt><pt><x>755</x><y>332</y></pt><pt><x>748</x><y>328</y></pt><pt><x>742</x><y>324</y></pt><pt><x>737</x><y>321</y></pt><pt><x>737</x><y>317</y></pt><pt><x>743</x><y>310</y></pt></polygon></object><object><name>painting</name><deleted>0</deleted><verified>0</verified><date>11-Jun-2012 19:33:51</date><id>18</id><polygon><username>sandy</username><pt><x>44</x><y>136</y></pt><pt><x>114</x><y>136</y></pt><pt><x>122</x><y>113</y></pt><pt><x>137</x><y>103</y></pt><pt><x>166</x><y>98</y></pt><pt><x>182</x><y>98</y></pt><pt><x>224</x><y>62</y></pt><pt><x>238</x><y>52</y></pt><pt><x>165</x><y>36</y></pt><pt><x>147</x><y>48</y></pt><pt><x>87</x><y>53</y></pt><pt><x>61</x><y>84</y></pt><pt><x>52</x><y>103</y></pt><pt><x>47</x><y>128</y></pt></polygon></object><object><name>woman</name><deleted>0</deleted><verified>0</verified><date>11-Jun-2012 19:33:51</date><id>19</id><polygon><username>sandy</username><pt><x>399</x><y>468</y></pt><pt><x>407</x><y>441</y></pt><pt><x>418</x><y>433</y></pt><pt><x>423</x><y>418</y></pt><pt><x>425</x><y>406</y></pt><pt><x>423</x><y>400</y></pt><pt><x>427</x><y>391</y></pt><pt><x>426</x><y>383</y></pt><pt><x>416</x><y>370</y></pt><pt><x>412</x><y>356</y></pt><pt><x>401</x><y>337</y></pt><pt><x>391</x><y>324</y></pt><pt><x>366</x><y>319</y></pt><pt><x>338</x><y>325</y></pt><pt><x>313</x><y>341</y></pt><pt><x>298</x><y>362</y></pt><pt><x>294</x><y>377</y></pt><pt><x>289</x><y>394</y></pt><pt><x>286</x><y>409</y></pt><pt><x>291</x><y>424</y></pt><pt><x>297</x><y>441</y></pt><pt><x>299</x><y>460</y></pt><pt><x>309</x><y>468</y></pt><pt><x>318</x><y>482</y></pt><pt><x>318</x><y>502</y></pt><pt><x>304</x><y>515</y></pt><pt><x>273</x><y>517</y></pt><pt><x>240</x><y>517</y></pt><pt><x>219</x><y>532</y></pt><pt><x>211</x><y>540</y></pt><pt><x>201</x><y>535</y></pt><pt><x>195</x><y>527</y></pt><pt><x>188</x><y>525</y></pt><pt><x>179</x><y>535</y></pt><pt><x>174</x><y>538</y></pt><pt><x>171</x><y>548</y></pt><pt><x>170</x><y>559</y></pt><pt><x>172</x><y>567</y></pt><pt><x>180</x><y>574</y></pt><pt><x>178</x><y>598</y></pt><pt><x>537</x><y>597</y></pt><pt><x>513</x><y>544</y></pt><pt><x>498</x><y>536</y></pt><pt><x>459</x><y>527</y></pt><pt><x>423</x><y>519</y></pt><pt><x>412</x><y>517</y></pt><pt><x>401</x><y>506</y></pt><pt><x>395</x><y>495</y></pt><pt><x>394</x><y>485</y></pt></polygon></object><object><name>chair</name><deleted>1</deleted><verified>0</verified><date>11-Jun-2012 19:33:51</date><id>20</id><polygon><username>sandy</username><pt><x>678</x><y>390</y></pt><pt><x>716</x><y>235</y></pt><pt><x>714</x><y>228</y></pt><pt><x>718</x><y>216</y></pt><pt><x>723</x><y>210</y></pt><pt><x>795</x><y>221</y></pt><pt><x>799</x><y>222</y></pt><pt><x>796</x><y>453</y></pt><pt><x>781</x><y>449</y></pt><pt><x>789</x><y>422</y></pt><pt><x>776</x><y>398</y></pt><pt><x>766</x><y>396</y></pt><pt><x>762</x><y>407</y></pt><pt><x>756</x><y>407</y></pt><pt><x>752</x><y>401</y></pt><pt><x>757</x><y>392</y></pt><pt><x>709</x><y>387</y></pt><pt><x>690</x><y>447</y></pt><pt><x>684</x><y>449</y></pt><pt><x>684</x><y>442</y></pt><pt><x>691</x><y>408</y></pt><pt><x>687</x><y>380</y></pt></polygon></object><object><name>basket</name><deleted>1</deleted><verified>0</verified><date>11-Jun-2012 19:33:51</date><id>21</id><polygon><username>sandy</username><pt><x>675</x><y>512</y></pt><pt><x>708</x><y>467</y></pt><pt><x>721</x><y>452</y></pt><pt><x>732</x><y>451</y></pt><pt><x>750</x><y>450</y></pt><pt><x>797</x><y>473</y></pt><pt><x>796</x><y>539</y></pt><pt><x>771</x><y>583</y></pt><pt><x>756</x><y>588</y></pt><pt><x>746</x><y>589</y></pt><pt><x>679</x><y>554</y></pt><pt><x>671</x><y>545</y></pt><pt><x>671</x><y>531</y></pt></polygon></object><object><name>arm</name><deleted>1</deleted><verified>0</verified><date>11-Jun-2012 19:33:51</date><id>22</id><polygon><username>sandy</username><pt><x>325</x><y>141</y></pt><pt><x>352</x><y>121</y></pt><pt><x>367</x><y>121</y></pt><pt><x>372</x><y>118</y></pt><pt><x>371</x><y>109</y></pt><pt><x>336</x><y>109</y></pt><pt><x>298</x><y>131</y></pt><pt><x>288</x><y>142</y></pt><pt><x>297</x><y>147</y></pt></polygon></object><imagesize><nrows>600</nrows><ncols>800</ncols></imagesize><object><name>kitchenpaper</name><deleted>0</deleted><verified>0</verified><date>16-Jun-2012 23:18:22</date><id>23</id><polygon><username>sandy</username><pt><x>704</x><y>594</y></pt><pt><x>715</x><y>562</y></pt><pt><x>720</x><y>552</y></pt><pt><x>730</x><y>548</y></pt><pt><x>748</x><y>553</y></pt><pt><x>761</x><y>560</y></pt><pt><x>767</x><y>574</y></pt><pt><x>768</x><y>588</y></pt><pt><x>764</x><y>596</y></pt><pt><x>763</x><y>598</y></pt></polygon></object><object><name>wineglass</name><deleted>0</deleted><verified>0</verified><date>16-Jul-2012 11:07:52</date><id>24</id><polygon><username>sandy</username><pt><x>94</x><y>474</y></pt><pt><x>104</x><y>463</y></pt><pt><x>123</x><y>460</y></pt><pt><x>132</x><y>466</y></pt><pt><x>140</x><y>496</y></pt><pt><x>129</x><y>512</y></pt><pt><x>132</x><y>530</y></pt><pt><x>142</x><y>537</y></pt><pt><x>141</x><y>548</y></pt><pt><x>126</x><y>550</y></pt><pt><x>112</x><y>551</y></pt><pt><x>113</x><y>536</y></pt><pt><x>123</x><y>532</y></pt><pt><x>118</x><y>511</y></pt><pt><x>102</x><y>505</y></pt><pt><x>97</x><y>493</y></pt></polygon></object></annotation>
