<annotation><filename>a_atrium_home_google_16_atrium__home_13.jpg</filename><folder>100images</folder><source><sourceImage>The MIT-CSAIL database of objects and scenes</sourceImage><sourceAnnotation>LabelMe Webtool</sourceAnnotation></source><object><name>people</name><deleted>0</deleted><verified>0</verified><date>11-Jun-2012 22:07:56</date><id>0</id><polygon><username>sandy</username><pt><x>435</x><y>247</y></pt><pt><x>446</x><y>256</y></pt><pt><x>449</x><y>262</y></pt><pt><x>449</x><y>272</y></pt><pt><x>444</x><y>276</y></pt><pt><x>454</x><y>284</y></pt><pt><x>461</x><y>306</y></pt><pt><x>470</x><y>329</y></pt><pt><x>483</x><y>332</y></pt><pt><x>492</x><y>338</y></pt><pt><x>502</x><y>342</y></pt><pt><x>501</x><y>353</y></pt><pt><x>463</x><y>357</y></pt><pt><x>431</x><y>346</y></pt><pt><x>411</x><y>312</y></pt><pt><x>413</x><y>297</y></pt><pt><x>415</x><y>289</y></pt><pt><x>421</x><y>277</y></pt><pt><x>422</x><y>273</y></pt><pt><x>417</x><y>272</y></pt><pt><x>418</x><y>262</y></pt><pt><x>421</x><y>259</y></pt><pt><x>422</x><y>250</y></pt></polygon></object><object><name>people</name><deleted>0</deleted><verified>0</verified><date>11-Jun-2012 22:07:56</date><id>1</id><polygon><username>sandy</username><pt><x>526</x><y>240</y></pt><pt><x>536</x><y>243</y></pt><pt><x>541</x><y>250</y></pt><pt><x>545</x><y>252</y></pt><pt><x>541</x><y>263</y></pt><pt><x>538</x><y>271</y></pt><pt><x>554</x><y>284</y></pt><pt><x>558</x><y>295</y></pt><pt><x>555</x><y>316</y></pt><pt><x>558</x><y>329</y></pt><pt><x>559</x><y>338</y></pt><pt><x>555</x><y>348</y></pt><pt><x>498</x><y>355</y></pt><pt><x>493</x><y>335</y></pt><pt><x>500</x><y>327</y></pt><pt><x>498</x><y>301</y></pt><pt><x>506</x><y>270</y></pt><pt><x>518</x><y>269</y></pt><pt><x>517</x><y>256</y></pt><pt><x>517</x><y>247</y></pt></polygon></object><object><name>people</name><deleted>0</deleted><verified>0</verified><date>11-Jun-2012 22:07:56</date><id>2</id><polygon><username>sandy</username><pt><x>285</x><y>212</y></pt><pt><x>297</x><y>213</y></pt><pt><x>296</x><y>222</y></pt><pt><x>296</x><y>229</y></pt><pt><x>300</x><y>234</y></pt><pt><x>307</x><y>238</y></pt><pt><x>310</x><y>243</y></pt><pt><x>303</x><y>249</y></pt><pt><x>302</x><y>259</y></pt><pt><x>294</x><y>262</y></pt><pt><x>292</x><y>258</y></pt><pt><x>292</x><y>250</y></pt><pt><x>292</x><y>244</y></pt><pt><x>286</x><y>234</y></pt><pt><x>282</x><y>229</y></pt><pt><x>281</x><y>219</y></pt></polygon></object><object><name>people</name><deleted>0</deleted><verified>0</verified><date>11-Jun-2012 22:07:56</date><id>3</id><polygon><username>sandy</username><pt><x>323</x><y>213</y></pt><pt><x>328</x><y>213</y></pt><pt><x>331</x><y>217</y></pt><pt><x>330</x><y>226</y></pt><pt><x>333</x><y>231</y></pt><pt><x>335</x><y>242</y></pt><pt><x>331</x><y>254</y></pt><pt><x>328</x><y>261</y></pt><pt><x>323</x><y>262</y></pt><pt><x>317</x><y>255</y></pt><pt><x>313</x><y>246</y></pt><pt><x>314</x><y>236</y></pt><pt><x>316</x><y>229</y></pt><pt><x>317</x><y>219</y></pt></polygon></object><object><name>chair</name><deleted>0</deleted><verified>0</verified><date>11-Jun-2012 22:07:56</date><id>4</id><polygon><username>sandy</username><pt><x>278</x><y>332</y></pt><pt><x>303</x><y>402</y></pt><pt><x>304</x><y>413</y></pt><pt><x>293</x><y>447</y></pt><pt><x>288</x><y>497</y></pt><pt><x>297</x><y>500</y></pt><pt><x>300</x><y>485</y></pt><pt><x>341</x><y>468</y></pt><pt><x>369</x><y>464</y></pt><pt><x>401</x><y>470</y></pt><pt><x>405</x><y>471</y></pt><pt><x>404</x><y>488</y></pt><pt><x>409</x><y>488</y></pt><pt><x>410</x><y>471</y></pt><pt><x>416</x><y>437</y></pt><pt><x>421</x><y>406</y></pt><pt><x>416</x><y>388</y></pt><pt><x>401</x><y>368</y></pt><pt><x>400</x><y>355</y></pt><pt><x>395</x><y>345</y></pt><pt><x>382</x><y>335</y></pt><pt><x>367</x><y>333</y></pt><pt><x>349</x><y>337</y></pt><pt><x>314</x><y>346</y></pt><pt><x>303</x><y>323</y></pt><pt><x>294</x><y>308</y></pt><pt><x>284</x><y>293</y></pt><pt><x>279</x><y>287</y></pt><pt><x>276</x><y>287</y></pt><pt><x>272</x><y>288</y></pt><pt><x>269</x><y>292</y></pt><pt><x>269</x><y>302</y></pt><pt><x>273</x><y>317</y></pt></polygon></object><object><name>chair</name><deleted>0</deleted><verified>0</verified><date>11-Jun-2012 22:07:56</date><id>5</id><polygon><username>sandy</username><pt><x>260</x><y>227</y></pt><pt><x>270</x><y>251</y></pt><pt><x>268</x><y>269</y></pt><pt><x>277</x><y>266</y></pt><pt><x>280</x><y>253</y></pt><pt><x>285</x><y>254</y></pt><pt><x>285</x><y>267</y></pt><pt><x>293</x><y>268</y></pt><pt><x>298</x><y>256</y></pt><pt><x>308</x><y>257</y></pt><pt><x>311</x><y>240</y></pt><pt><x>288</x><y>234</y></pt><pt><x>286</x><y>218</y></pt><pt><x>280</x><y>219</y></pt></polygon></object><object><name>chair</name><deleted>0</deleted><verified>0</verified><date>11-Jun-2012 22:07:56</date><id>6</id><polygon><username>sandy</username><pt><x>309</x><y>224</y></pt><pt><x>311</x><y>246</y></pt><pt><x>311</x><y>263</y></pt><pt><x>329</x><y>260</y></pt><pt><x>329</x><y>218</y></pt></polygon></object><object><name>table</name><deleted>0</deleted><verified>0</verified><date>11-Jun-2012 22:07:56</date><id>7</id><polygon><username>sandy</username><pt><x>434</x><y>360</y></pt><pt><x>434</x><y>414</y></pt><pt><x>437</x><y>420</y></pt><pt><x>435</x><y>436</y></pt><pt><x>441</x><y>439</y></pt><pt><x>444</x><y>419</y></pt><pt><x>448</x><y>418</y></pt><pt><x>455</x><y>420</y></pt><pt><x>459</x><y>432</y></pt><pt><x>461</x><y>445</y></pt><pt><x>463</x><y>452</y></pt><pt><x>464</x><y>475</y></pt><pt><x>466</x><y>481</y></pt><pt><x>472</x><y>483</y></pt><pt><x>474</x><y>459</y></pt><pt><x>518</x><y>443</y></pt><pt><x>622</x><y>435</y></pt><pt><x>644</x><y>437</y></pt><pt><x>641</x><y>386</y></pt><pt><x>643</x><y>381</y></pt><pt><x>655</x><y>381</y></pt><pt><x>656</x><y>379</y></pt><pt><x>591</x><y>345</y></pt></polygon></object><object><name>sofa</name><deleted>0</deleted><verified>0</verified><date>11-Jun-2012 22:07:56</date><id>8</id><polygon><username>sandy</username><pt><x>403</x><y>274</y></pt><pt><x>397</x><y>290</y></pt><pt><x>394</x><y>311</y></pt><pt><x>393</x><y>321</y></pt><pt><x>405</x><y>326</y></pt><pt><x>409</x><y>335</y></pt><pt><x>409</x><y>350</y></pt><pt><x>404</x><y>364</y></pt><pt><x>401</x><y>374</y></pt><pt><x>403</x><y>382</y></pt><pt><x>407</x><y>371</y></pt><pt><x>410</x><y>369</y></pt><pt><x>417</x><y>373</y></pt><pt><x>419</x><y>381</y></pt><pt><x>422</x><y>393</y></pt><pt><x>423</x><y>407</y></pt><pt><x>430</x><y>410</y></pt><pt><x>597</x><y>345</y></pt><pt><x>596</x><y>327</y></pt><pt><x>587</x><y>316</y></pt><pt><x>579</x><y>312</y></pt><pt><x>571</x><y>308</y></pt><pt><x>561</x><y>304</y></pt><pt><x>536</x><y>296</y></pt><pt><x>524</x><y>270</y></pt><pt><x>516</x><y>262</y></pt><pt><x>507</x><y>260</y></pt><pt><x>427</x><y>264</y></pt><pt><x>417</x><y>261</y></pt><pt><x>409</x><y>266</y></pt></polygon></object><object><name>flowers</name><deleted>0</deleted><verified>0</verified><date>11-Jun-2012 22:07:56</date><id>9</id><polygon><username>sandy</username><pt><x>602</x><y>308</y></pt><pt><x>615</x><y>318</y></pt><pt><x>605</x><y>323</y></pt><pt><x>603</x><y>332</y></pt><pt><x>613</x><y>334</y></pt><pt><x>619</x><y>340</y></pt><pt><x>622</x><y>348</y></pt><pt><x>616</x><y>353</y></pt><pt><x>609</x><y>356</y></pt><pt><x>601</x><y>364</y></pt><pt><x>593</x><y>364</y></pt><pt><x>584</x><y>366</y></pt><pt><x>576</x><y>363</y></pt><pt><x>567</x><y>362</y></pt><pt><x>559</x><y>357</y></pt><pt><x>555</x><y>355</y></pt><pt><x>554</x><y>346</y></pt><pt><x>560</x><y>336</y></pt><pt><x>561</x><y>331</y></pt><pt><x>556</x><y>322</y></pt><pt><x>559</x><y>315</y></pt><pt><x>568</x><y>310</y></pt><pt><x>581</x><y>307</y></pt><pt><x>592</x><y>306</y></pt></polygon></object><object><name>flowers</name><deleted>0</deleted><verified>0</verified><date>11-Jun-2012 22:07:56</date><id>10</id><polygon><username>sandy</username><pt><x>400</x><y>258</y></pt><pt><x>405</x><y>241</y></pt><pt><x>411</x><y>235</y></pt><pt><x>405</x><y>222</y></pt><pt><x>395</x><y>213</y></pt><pt><x>393</x><y>203</y></pt><pt><x>378</x><y>195</y></pt><pt><x>365</x><y>197</y></pt><pt><x>350</x><y>194</y></pt><pt><x>346</x><y>199</y></pt><pt><x>340</x><y>206</y></pt><pt><x>338</x><y>218</y></pt><pt><x>337</x><y>233</y></pt><pt><x>336</x><y>248</y></pt><pt><x>336</x><y>262</y></pt><pt><x>349</x><y>265</y></pt><pt><x>368</x><y>267</y></pt><pt><x>388</x><y>266</y></pt></polygon></object><object><name>flowers</name><deleted>0</deleted><verified>0</verified><date>11-Jun-2012 22:07:56</date><id>11</id><polygon><username>sandy</username><pt><x>26</x><y>208</y></pt><pt><x>29</x><y>250</y></pt><pt><x>116</x><y>242</y></pt><pt><x>140</x><y>259</y></pt><pt><x>222</x><y>255</y></pt><pt><x>240</x><y>244</y></pt><pt><x>248</x><y>238</y></pt><pt><x>255</x><y>230</y></pt><pt><x>255</x><y>218</y></pt><pt><x>247</x><y>205</y></pt><pt><x>227</x><y>205</y></pt><pt><x>207</x><y>204</y></pt><pt><x>195</x><y>204</y></pt><pt><x>186</x><y>208</y></pt><pt><x>177</x><y>225</y></pt><pt><x>162</x><y>224</y></pt><pt><x>147</x><y>221</y></pt><pt><x>138</x><y>225</y></pt><pt><x>126</x><y>235</y></pt><pt><x>122</x><y>236</y></pt><pt><x>120</x><y>220</y></pt><pt><x>113</x><y>215</y></pt><pt><x>107</x><y>221</y></pt><pt><x>107</x><y>226</y></pt><pt><x>105</x><y>235</y></pt><pt><x>99</x><y>228</y></pt><pt><x>93</x><y>223</y></pt><pt><x>86</x><y>207</y></pt><pt><x>83</x><y>198</y></pt><pt><x>68</x><y>195</y></pt><pt><x>58</x><y>202</y></pt><pt><x>49</x><y>200</y></pt><pt><x>34</x><y>197</y></pt></polygon></object><object><name>flowers</name><deleted>0</deleted><verified>0</verified><date>11-Jun-2012 22:07:56</date><id>12</id><polygon><username>sandy</username><pt><x>558</x><y>202</y></pt><pt><x>574</x><y>203</y></pt><pt><x>579</x><y>192</y></pt><pt><x>583</x><y>188</y></pt><pt><x>601</x><y>194</y></pt><pt><x>606</x><y>200</y></pt><pt><x>614</x><y>204</y></pt><pt><x>617</x><y>210</y></pt><pt><x>617</x><y>223</y></pt><pt><x>615</x><y>232</y></pt><pt><x>607</x><y>241</y></pt><pt><x>594</x><y>244</y></pt><pt><x>585</x><y>243</y></pt><pt><x>580</x><y>241</y></pt><pt><x>573</x><y>235</y></pt><pt><x>564</x><y>229</y></pt><pt><x>560</x><y>230</y></pt><pt><x>552</x><y>232</y></pt><pt><x>545</x><y>228</y></pt><pt><x>543</x><y>217</y></pt><pt><x>550</x><y>208</y></pt></polygon></object><object><name>flowers</name><deleted>0</deleted><verified>0</verified><date>11-Jun-2012 22:07:56</date><id>13</id><polygon><username>sandy</username><pt><x>420</x><y>209</y></pt><pt><x>419</x><y>220</y></pt><pt><x>437</x><y>220</y></pt><pt><x>439</x><y>212</y></pt><pt><x>432</x><y>208</y></pt><pt><x>429</x><y>203</y></pt></polygon></object><object><name>rug</name><deleted>0</deleted><verified>0</verified><date>11-Jun-2012 22:07:56</date><id>14</id><polygon><username>sandy</username><pt><x>316</x><y>598</y></pt><pt><x>305</x><y>412</y></pt><pt><x>618</x><y>386</y></pt><pt><x>798</x><y>499</y></pt><pt><x>799</x><y>526</y></pt></polygon></object><object><name>rug</name><deleted>0</deleted><verified>0</verified><date>11-Jun-2012 22:07:56</date><id>15</id><polygon><username>sandy</username><pt><x>296</x><y>270</y></pt><pt><x>410</x><y>269</y></pt><pt><x>398</x><y>253</y></pt><pt><x>295</x><y>255</y></pt></polygon></object><object><name>plants</name><deleted>0</deleted><verified>0</verified><date>11-Jun-2012 22:07:56</date><id>16</id><polygon><username>sandy</username><pt><x>2</x><y>571</y></pt><pt><x>16</x><y>574</y></pt><pt><x>12</x><y>549</y></pt><pt><x>5</x><y>541</y></pt><pt><x>5</x><y>530</y></pt><pt><x>22</x><y>530</y></pt><pt><x>34</x><y>530</y></pt><pt><x>38</x><y>522</y></pt><pt><x>33</x><y>513</y></pt><pt><x>17</x><y>507</y></pt><pt><x>10</x><y>503</y></pt><pt><x>22</x><y>499</y></pt><pt><x>38</x><y>493</y></pt><pt><x>49</x><y>487</y></pt><pt><x>68</x><y>477</y></pt><pt><x>79</x><y>474</y></pt><pt><x>87</x><y>460</y></pt><pt><x>83</x><y>446</y></pt><pt><x>92</x><y>454</y></pt><pt><x>97</x><y>452</y></pt><pt><x>103</x><y>442</y></pt><pt><x>93</x><y>439</y></pt><pt><x>95</x><y>432</y></pt><pt><x>102</x><y>427</y></pt><pt><x>110</x><y>407</y></pt><pt><x>106</x><y>392</y></pt><pt><x>116</x><y>390</y></pt><pt><x>128</x><y>383</y></pt><pt><x>135</x><y>378</y></pt><pt><x>148</x><y>366</y></pt><pt><x>161</x><y>362</y></pt><pt><x>167</x><y>352</y></pt><pt><x>175</x><y>348</y></pt><pt><x>199</x><y>334</y></pt><pt><x>198</x><y>328</y></pt><pt><x>185</x><y>321</y></pt><pt><x>181</x><y>312</y></pt><pt><x>194</x><y>306</y></pt><pt><x>207</x><y>298</y></pt><pt><x>209</x><y>293</y></pt><pt><x>207</x><y>288</y></pt><pt><x>210</x><y>276</y></pt><pt><x>202</x><y>268</y></pt><pt><x>192</x><y>259</y></pt><pt><x>148</x><y>258</y></pt><pt><x>120</x><y>245</y></pt><pt><x>116</x><y>243</y></pt><pt><x>34</x><y>248</y></pt><pt><x>24</x><y>236</y></pt><pt><x>17</x><y>233</y></pt><pt><x>8</x><y>227</y></pt><pt><x>4</x><y>233</y></pt><pt><x>11</x><y>241</y></pt><pt><x>7</x><y>245</y></pt><pt><x>0</x><y>243</y></pt></polygon></object><object><name>plants</name><deleted>0</deleted><verified>0</verified><date>11-Jun-2012 22:07:56</date><id>17</id><polygon><username>sandy</username><pt><x>158</x><y>93</y></pt><pt><x>161</x><y>74</y></pt><pt><x>169</x><y>76</y></pt><pt><x>166</x><y>89</y></pt><pt><x>180</x><y>80</y></pt><pt><x>185</x><y>88</y></pt><pt><x>191</x><y>96</y></pt><pt><x>184</x><y>112</y></pt><pt><x>175</x><y>122</y></pt><pt><x>172</x><y>131</y></pt><pt><x>182</x><y>133</y></pt><pt><x>190</x><y>135</y></pt><pt><x>194</x><y>145</y></pt><pt><x>194</x><y>158</y></pt><pt><x>200</x><y>175</y></pt><pt><x>211</x><y>171</y></pt><pt><x>207</x><y>161</y></pt><pt><x>212</x><y>153</y></pt><pt><x>218</x><y>147</y></pt><pt><x>221</x><y>140</y></pt><pt><x>228</x><y>135</y></pt><pt><x>240</x><y>133</y></pt><pt><x>253</x><y>144</y></pt><pt><x>256</x><y>157</y></pt><pt><x>260</x><y>166</y></pt><pt><x>262</x><y>175</y></pt><pt><x>272</x><y>194</y></pt><pt><x>273</x><y>196</y></pt><pt><x>280</x><y>198</y></pt><pt><x>281</x><y>206</y></pt><pt><x>276</x><y>214</y></pt><pt><x>260</x><y>223</y></pt><pt><x>248</x><y>205</y></pt><pt><x>174</x><y>227</y></pt><pt><x>150</x><y>222</y></pt><pt><x>130</x><y>231</y></pt><pt><x>123</x><y>227</y></pt><pt><x>121</x><y>211</y></pt><pt><x>122</x><y>206</y></pt><pt><x>114</x><y>198</y></pt><pt><x>120</x><y>180</y></pt><pt><x>122</x><y>167</y></pt><pt><x>114</x><y>149</y></pt><pt><x>125</x><y>114</y></pt><pt><x>128</x><y>103</y></pt><pt><x>129</x><y>88</y></pt><pt><x>137</x><y>78</y></pt><pt><x>149</x><y>75</y></pt></polygon></object><object><name>plants</name><deleted>0</deleted><verified>0</verified><date>11-Jun-2012 22:07:56</date><id>18</id><polygon><username>sandy</username><pt><x>392</x><y>162</y></pt><pt><x>400</x><y>172</y></pt><pt><x>401</x><y>184</y></pt><pt><x>400</x><y>198</y></pt><pt><x>409</x><y>197</y></pt><pt><x>437</x><y>198</y></pt><pt><x>443</x><y>191</y></pt><pt><x>436</x><y>187</y></pt><pt><x>430</x><y>177</y></pt><pt><x>426</x><y>164</y></pt><pt><x>434</x><y>152</y></pt><pt><x>442</x><y>148</y></pt><pt><x>454</x><y>152</y></pt><pt><x>460</x><y>169</y></pt><pt><x>461</x><y>178</y></pt><pt><x>495</x><y>178</y></pt><pt><x>504</x><y>170</y></pt><pt><x>520</x><y>164</y></pt><pt><x>532</x><y>163</y></pt><pt><x>544</x><y>169</y></pt><pt><x>538</x><y>186</y></pt><pt><x>551</x><y>186</y></pt><pt><x>558</x><y>180</y></pt><pt><x>575</x><y>179</y></pt><pt><x>588</x><y>172</y></pt><pt><x>591</x><y>160</y></pt><pt><x>583</x><y>152</y></pt><pt><x>570</x><y>154</y></pt><pt><x>566</x><y>145</y></pt><pt><x>556</x><y>128</y></pt><pt><x>550</x><y>112</y></pt><pt><x>556</x><y>97</y></pt><pt><x>582</x><y>81</y></pt><pt><x>598</x><y>79</y></pt><pt><x>613</x><y>84</y></pt><pt><x>623</x><y>116</y></pt><pt><x>621</x><y>139</y></pt><pt><x>627</x><y>149</y></pt><pt><x>625</x><y>163</y></pt><pt><x>624</x><y>181</y></pt><pt><x>622</x><y>202</y></pt><pt><x>620</x><y>215</y></pt><pt><x>549</x><y>244</y></pt><pt><x>531</x><y>254</y></pt><pt><x>452</x><y>235</y></pt><pt><x>457</x><y>221</y></pt><pt><x>431</x><y>220</y></pt><pt><x>415</x><y>225</y></pt><pt><x>387</x><y>219</y></pt><pt><x>387</x><y>200</y></pt><pt><x>380</x><y>182</y></pt><pt><x>378</x><y>171</y></pt><pt><x>382</x><y>160</y></pt></polygon></object><object><name>plants</name><deleted>0</deleted><verified>0</verified><date>11-Jun-2012 22:07:56</date><id>19</id><polygon><username>sandy</username><pt><x>630</x><y>213</y></pt><pt><x>640</x><y>218</y></pt><pt><x>654</x><y>217</y></pt><pt><x>659</x><y>212</y></pt><pt><x>662</x><y>204</y></pt><pt><x>670</x><y>197</y></pt><pt><x>675</x><y>205</y></pt><pt><x>675</x><y>211</y></pt><pt><x>691</x><y>211</y></pt><pt><x>690</x><y>218</y></pt><pt><x>695</x><y>221</y></pt><pt><x>704</x><y>215</y></pt><pt><x>714</x><y>222</y></pt><pt><x>726</x><y>223</y></pt><pt><x>734</x><y>214</y></pt><pt><x>744</x><y>212</y></pt><pt><x>749</x><y>218</y></pt><pt><x>752</x><y>219</y></pt><pt><x>764</x><y>220</y></pt><pt><x>771</x><y>223</y></pt><pt><x>769</x><y>231</y></pt><pt><x>774</x><y>236</y></pt><pt><x>783</x><y>236</y></pt><pt><x>793</x><y>241</y></pt><pt><x>792</x><y>251</y></pt><pt><x>797</x><y>249</y></pt><pt><x>797</x><y>327</y></pt><pt><x>714</x><y>304</y></pt><pt><x>703</x><y>303</y></pt><pt><x>688</x><y>301</y></pt><pt><x>675</x><y>298</y></pt><pt><x>654</x><y>294</y></pt><pt><x>641</x><y>292</y></pt><pt><x>636</x><y>292</y></pt><pt><x>628</x><y>294</y></pt><pt><x>620</x><y>291</y></pt><pt><x>609</x><y>288</y></pt><pt><x>602</x><y>266</y></pt><pt><x>607</x><y>254</y></pt><pt><x>613</x><y>241</y></pt><pt><x>623</x><y>225</y></pt></polygon></object><object><name>parasol</name><deleted>0</deleted><verified>0</verified><date>11-Jun-2012 22:07:56</date><id>20</id><polygon><username>sandy</username><pt><x>279</x><y>173</y></pt><pt><x>336</x><y>153</y></pt><pt><x>392</x><y>170</y></pt><pt><x>366</x><y>176</y></pt><pt><x>336</x><y>178</y></pt><pt><x>309</x><y>180</y></pt></polygon></object><object><name>window</name><deleted>0</deleted><verified>0</verified><date>11-Jun-2012 22:07:56</date><id>21</id><polygon><username>sandy</username><pt><x>164</x><y>4</y></pt><pt><x>259</x><y>159</y></pt><pt><x>262</x><y>191</y></pt><pt><x>377</x><y>207</y></pt><pt><x>386</x><y>163</y></pt><pt><x>798</x><y>21</y></pt><pt><x>797</x><y>2</y></pt></polygon></object><object><name>urn</name><deleted>0</deleted><verified>0</verified><date>11-Jun-2012 22:07:56</date><id>22</id><polygon><username>sandy</username><pt><x>394</x><y>275</y></pt><pt><x>391</x><y>286</y></pt><pt><x>377</x><y>295</y></pt><pt><x>373</x><y>301</y></pt><pt><x>382</x><y>305</y></pt><pt><x>387</x><y>310</y></pt><pt><x>385</x><y>316</y></pt><pt><x>363</x><y>319</y></pt><pt><x>353</x><y>319</y></pt><pt><x>347</x><y>316</y></pt><pt><x>346</x><y>309</y></pt><pt><x>355</x><y>304</y></pt><pt><x>359</x><y>299</y></pt><pt><x>361</x><y>296</y></pt><pt><x>350</x><y>293</y></pt><pt><x>347</x><y>287</y></pt><pt><x>343</x><y>283</y></pt><pt><x>338</x><y>272</y></pt><pt><x>335</x><y>268</y></pt><pt><x>361</x><y>268</y></pt><pt><x>379</x><y>265</y></pt><pt><x>391</x><y>267</y></pt></polygon></object><object><name>furniture</name><deleted>0</deleted><verified>0</verified><date>11-Jun-2012 22:07:56</date><id>23</id><polygon><username>sandy</username><pt><x>589</x><y>523</y></pt><pt><x>624</x><y>510</y></pt><pt><x>653</x><y>509</y></pt><pt><x>673</x><y>511</y></pt><pt><x>681</x><y>511</y></pt><pt><x>681</x><y>523</y></pt><pt><x>680</x><y>533</y></pt><pt><x>678</x><y>545</y></pt><pt><x>684</x><y>549</y></pt><pt><x>689</x><y>548</y></pt><pt><x>693</x><y>545</y></pt><pt><x>692</x><y>524</y></pt><pt><x>691</x><y>511</y></pt><pt><x>703</x><y>455</y></pt><pt><x>696</x><y>443</y></pt><pt><x>642</x><y>406</y></pt><pt><x>630</x><y>408</y></pt><pt><x>619</x><y>403</y></pt><pt><x>536</x><y>415</y></pt><pt><x>532</x><y>420</y></pt><pt><x>518</x><y>422</y></pt><pt><x>513</x><y>424</y></pt><pt><x>516</x><y>437</y></pt><pt><x>523</x><y>461</y></pt><pt><x>522</x><y>475</y></pt><pt><x>521</x><y>488</y></pt><pt><x>519</x><y>501</y></pt><pt><x>525</x><y>507</y></pt><pt><x>530</x><y>503</y></pt><pt><x>532</x><y>476</y></pt><pt><x>548</x><y>486</y></pt><pt><x>555</x><y>497</y></pt><pt><x>563</x><y>509</y></pt><pt><x>570</x><y>522</y></pt><pt><x>571</x><y>539</y></pt><pt><x>570</x><y>554</y></pt><pt><x>570</x><y>564</y></pt><pt><x>578</x><y>565</y></pt><pt><x>583</x><y>564</y></pt><pt><x>581</x><y>554</y></pt><pt><x>581</x><y>544</y></pt><pt><x>582</x><y>527</y></pt></polygon></object><object><name>window</name><deleted>0</deleted><verified>0</verified><date>11-Jun-2012 22:07:56</date><id>24</id><polygon><username>sandy</username><pt><x>24</x><y>141</y></pt><pt><x>25</x><y>239</y></pt><pt><x>65</x><y>236</y></pt><pt><x>64</x><y>147</y></pt><pt><x>32</x><y>141</y></pt></polygon></object><object><name>window</name><deleted>0</deleted><verified>0</verified><date>11-Jun-2012 22:07:56</date><id>25</id><polygon><username>sandy</username><pt><x>126</x><y>159</y></pt><pt><x>124</x><y>236</y></pt><pt><x>133</x><y>231</y></pt><pt><x>134</x><y>164</y></pt></polygon></object><object><name>window</name><deleted>0</deleted><verified>0</verified><date>11-Jun-2012 22:07:56</date><id>26</id><polygon><username>sandy</username><pt><x>710</x><y>162</y></pt><pt><x>710</x><y>228</y></pt><pt><x>798</x><y>253</y></pt><pt><x>799</x><y>153</y></pt></polygon></object><object><name>background</name><deleted>1</deleted><verified>0</verified><date>11-Jun-2012 22:07:56</date><id>27</id><polygon><username>sandy</username><pt><x>799</x><y>599</y></pt><pt><x>799</x><y>0</y></pt><pt><x>2</x><y>2</y></pt><pt><x>2</x><y>599</y></pt></polygon></object><imagesize><nrows>600</nrows><ncols>800</ncols></imagesize></annotation>
