<annotation><filename>a_atrium_home_google_16_atrium__home_5.jpg</filename><folder>100images</folder><source><sourceImage>The MIT-CSAIL database of objects and scenes</sourceImage><sourceAnnotation>LabelMe Webtool</sourceAnnotation></source><object><name>chair</name><deleted>0</deleted><verified>0</verified><date>11-Jun-2012 22:16:02</date><id>0</id><polygon><username>sandy</username><pt><x>604</x><y>324</y></pt><pt><x>629</x><y>322</y></pt><pt><x>634</x><y>303</y></pt><pt><x>636</x><y>287</y></pt><pt><x>637</x><y>279</y></pt><pt><x>644</x><y>280</y></pt><pt><x>647</x><y>269</y></pt><pt><x>650</x><y>264</y></pt><pt><x>797</x><y>274</y></pt><pt><x>799</x><y>273</y></pt><pt><x>798</x><y>498</y></pt><pt><x>596</x><y>464</y></pt><pt><x>596</x><y>470</y></pt><pt><x>590</x><y>472</y></pt><pt><x>588</x><y>466</y></pt><pt><x>593</x><y>456</y></pt><pt><x>598</x><y>384</y></pt><pt><x>593</x><y>379</y></pt><pt><x>591</x><y>364</y></pt><pt><x>594</x><y>352</y></pt><pt><x>595</x><y>338</y></pt><pt><x>597</x><y>327</y></pt></polygon></object><object><name>plant</name><deleted>0</deleted><verified>0</verified><date>11-Jun-2012 22:16:02</date><id>1</id><polygon><username>sandy</username><pt><x>548</x><y>281</y></pt><pt><x>545</x><y>204</y></pt><pt><x>540</x><y>170</y></pt><pt><x>542</x><y>150</y></pt><pt><x>547</x><y>125</y></pt><pt><x>549</x><y>113</y></pt><pt><x>543</x><y>100</y></pt><pt><x>550</x><y>89</y></pt><pt><x>562</x><y>77</y></pt><pt><x>558</x><y>71</y></pt><pt><x>565</x><y>59</y></pt><pt><x>571</x><y>55</y></pt><pt><x>576</x><y>41</y></pt><pt><x>579</x><y>27</y></pt><pt><x>571</x><y>30</y></pt><pt><x>562</x><y>37</y></pt><pt><x>550</x><y>49</y></pt><pt><x>545</x><y>64</y></pt><pt><x>532</x><y>84</y></pt><pt><x>527</x><y>86</y></pt><pt><x>517</x><y>76</y></pt><pt><x>514</x><y>66</y></pt><pt><x>505</x><y>54</y></pt><pt><x>490</x><y>48</y></pt><pt><x>485</x><y>46</y></pt><pt><x>476</x><y>51</y></pt><pt><x>475</x><y>58</y></pt><pt><x>486</x><y>72</y></pt><pt><x>502</x><y>85</y></pt><pt><x>504</x><y>114</y></pt><pt><x>508</x><y>133</y></pt><pt><x>505</x><y>152</y></pt><pt><x>502</x><y>165</y></pt><pt><x>515</x><y>163</y></pt><pt><x>513</x><y>178</y></pt><pt><x>510</x><y>185</y></pt><pt><x>515</x><y>202</y></pt><pt><x>518</x><y>219</y></pt><pt><x>525</x><y>237</y></pt><pt><x>526</x><y>250</y></pt><pt><x>525</x><y>263</y></pt><pt><x>526</x><y>276</y></pt><pt><x>505</x><y>277</y></pt><pt><x>495</x><y>270</y></pt><pt><x>486</x><y>268</y></pt><pt><x>477</x><y>273</y></pt><pt><x>476</x><y>278</y></pt><pt><x>471</x><y>286</y></pt><pt><x>474</x><y>301</y></pt><pt><x>483</x><y>313</y></pt><pt><x>507</x><y>318</y></pt><pt><x>516</x><y>324</y></pt><pt><x>534</x><y>328</y></pt><pt><x>534</x><y>340</y></pt><pt><x>545</x><y>340</y></pt><pt><x>546</x><y>328</y></pt><pt><x>565</x><y>316</y></pt><pt><x>579</x><y>318</y></pt><pt><x>618</x><y>322</y></pt><pt><x>624</x><y>310</y></pt><pt><x>620</x><y>307</y></pt><pt><x>593</x><y>304</y></pt><pt><x>570</x><y>299</y></pt><pt><x>560</x><y>291</y></pt></polygon></object><object><name>plant</name><deleted>0</deleted><verified>0</verified><date>11-Jun-2012 22:16:02</date><id>2</id><polygon><username>sandy</username><pt><x>450</x><y>320</y></pt><pt><x>455</x><y>329</y></pt><pt><x>451</x><y>338</y></pt><pt><x>464</x><y>338</y></pt><pt><x>477</x><y>336</y></pt><pt><x>483</x><y>331</y></pt><pt><x>501</x><y>338</y></pt><pt><x>510</x><y>348</y></pt><pt><x>532</x><y>351</y></pt><pt><x>521</x><y>360</y></pt><pt><x>523</x><y>381</y></pt><pt><x>531</x><y>384</y></pt><pt><x>525</x><y>394</y></pt><pt><x>518</x><y>395</y></pt><pt><x>523</x><y>403</y></pt><pt><x>526</x><y>410</y></pt><pt><x>519</x><y>409</y></pt><pt><x>513</x><y>406</y></pt><pt><x>506</x><y>404</y></pt><pt><x>496</x><y>398</y></pt><pt><x>492</x><y>402</y></pt><pt><x>502</x><y>412</y></pt><pt><x>502</x><y>418</y></pt><pt><x>492</x><y>423</y></pt><pt><x>464</x><y>427</y></pt><pt><x>457</x><y>434</y></pt><pt><x>447</x><y>434</y></pt><pt><x>442</x><y>445</y></pt><pt><x>434</x><y>452</y></pt><pt><x>427</x><y>456</y></pt><pt><x>417</x><y>459</y></pt><pt><x>412</x><y>459</y></pt><pt><x>408</x><y>449</y></pt><pt><x>405</x><y>440</y></pt><pt><x>407</x><y>423</y></pt><pt><x>409</x><y>413</y></pt><pt><x>402</x><y>412</y></pt><pt><x>392</x><y>410</y></pt><pt><x>387</x><y>402</y></pt><pt><x>389</x><y>396</y></pt><pt><x>401</x><y>396</y></pt><pt><x>408</x><y>393</y></pt><pt><x>406</x><y>389</y></pt><pt><x>402</x><y>375</y></pt><pt><x>401</x><y>367</y></pt><pt><x>409</x><y>360</y></pt><pt><x>406</x><y>350</y></pt><pt><x>412</x><y>339</y></pt><pt><x>416</x><y>334</y></pt><pt><x>424</x><y>335</y></pt><pt><x>431</x><y>328</y></pt><pt><x>441</x><y>319</y></pt></polygon></object><object><name>plant</name><deleted>0</deleted><verified>0</verified><date>11-Jun-2012 22:16:02</date><id>3</id><polygon><username>sandy</username><pt><x>400</x><y>446</y></pt><pt><x>410</x><y>421</y></pt><pt><x>419</x><y>418</y></pt><pt><x>420</x><y>414</y></pt><pt><x>412</x><y>407</y></pt><pt><x>404</x><y>406</y></pt><pt><x>397</x><y>402</y></pt><pt><x>392</x><y>392</y></pt><pt><x>395</x><y>389</y></pt><pt><x>395</x><y>381</y></pt><pt><x>387</x><y>375</y></pt><pt><x>378</x><y>377</y></pt><pt><x>375</x><y>373</y></pt><pt><x>383</x><y>365</y></pt><pt><x>377</x><y>357</y></pt><pt><x>368</x><y>353</y></pt><pt><x>364</x><y>361</y></pt><pt><x>361</x><y>365</y></pt><pt><x>354</x><y>367</y></pt><pt><x>343</x><y>362</y></pt><pt><x>338</x><y>359</y></pt><pt><x>335</x><y>363</y></pt><pt><x>331</x><y>372</y></pt><pt><x>327</x><y>386</y></pt><pt><x>317</x><y>400</y></pt><pt><x>324</x><y>408</y></pt><pt><x>344</x><y>412</y></pt><pt><x>352</x><y>421</y></pt><pt><x>353</x><y>431</y></pt><pt><x>357</x><y>444</y></pt><pt><x>362</x><y>449</y></pt><pt><x>375</x><y>454</y></pt><pt><x>386</x><y>450</y></pt></polygon></object><object><name>plant</name><deleted>0</deleted><verified>0</verified><date>11-Jun-2012 22:16:02</date><id>4</id><polygon><username>sandy</username><pt><x>345</x><y>502</y></pt><pt><x>346</x><y>486</y></pt><pt><x>340</x><y>478</y></pt><pt><x>335</x><y>464</y></pt><pt><x>331</x><y>453</y></pt><pt><x>329</x><y>448</y></pt><pt><x>332</x><y>438</y></pt><pt><x>340</x><y>431</y></pt><pt><x>346</x><y>424</y></pt><pt><x>351</x><y>422</y></pt><pt><x>347</x><y>411</y></pt><pt><x>343</x><y>405</y></pt><pt><x>338</x><y>401</y></pt><pt><x>330</x><y>405</y></pt><pt><x>323</x><y>411</y></pt><pt><x>299</x><y>407</y></pt><pt><x>295</x><y>400</y></pt><pt><x>296</x><y>393</y></pt><pt><x>284</x><y>399</y></pt><pt><x>275</x><y>396</y></pt><pt><x>266</x><y>404</y></pt><pt><x>259</x><y>410</y></pt><pt><x>253</x><y>413</y></pt><pt><x>250</x><y>420</y></pt><pt><x>243</x><y>427</y></pt><pt><x>240</x><y>436</y></pt><pt><x>254</x><y>433</y></pt><pt><x>265</x><y>434</y></pt><pt><x>272</x><y>431</y></pt><pt><x>278</x><y>437</y></pt><pt><x>276</x><y>447</y></pt><pt><x>269</x><y>454</y></pt><pt><x>253</x><y>465</y></pt><pt><x>257</x><y>471</y></pt><pt><x>268</x><y>466</y></pt><pt><x>271</x><y>487</y></pt><pt><x>275</x><y>501</y></pt><pt><x>282</x><y>504</y></pt><pt><x>286</x><y>502</y></pt><pt><x>299</x><y>504</y></pt><pt><x>308</x><y>503</y></pt><pt><x>320</x><y>502</y></pt><pt><x>333</x><y>500</y></pt></polygon></object><object><name>plant</name><deleted>0</deleted><verified>0</verified><date>11-Jun-2012 22:16:02</date><id>5</id><polygon><username>sandy</username><pt><x>262</x><y>487</y></pt><pt><x>253</x><y>476</y></pt><pt><x>242</x><y>473</y></pt><pt><x>236</x><y>471</y></pt><pt><x>240</x><y>460</y></pt><pt><x>237</x><y>456</y></pt><pt><x>241</x><y>452</y></pt><pt><x>230</x><y>454</y></pt><pt><x>228</x><y>449</y></pt><pt><x>236</x><y>446</y></pt><pt><x>243</x><y>441</y></pt><pt><x>250</x><y>437</y></pt><pt><x>249</x><y>431</y></pt><pt><x>234</x><y>435</y></pt><pt><x>221</x><y>436</y></pt><pt><x>212</x><y>439</y></pt><pt><x>212</x><y>431</y></pt><pt><x>208</x><y>426</y></pt><pt><x>201</x><y>430</y></pt><pt><x>194</x><y>439</y></pt><pt><x>191</x><y>443</y></pt><pt><x>183</x><y>440</y></pt><pt><x>177</x><y>439</y></pt><pt><x>167</x><y>441</y></pt><pt><x>162</x><y>449</y></pt><pt><x>176</x><y>449</y></pt><pt><x>180</x><y>452</y></pt><pt><x>172</x><y>455</y></pt><pt><x>161</x><y>450</y></pt><pt><x>152</x><y>450</y></pt><pt><x>146</x><y>457</y></pt><pt><x>150</x><y>464</y></pt><pt><x>169</x><y>469</y></pt><pt><x>182</x><y>470</y></pt><pt><x>183</x><y>479</y></pt><pt><x>170</x><y>479</y></pt><pt><x>166</x><y>478</y></pt><pt><x>158</x><y>485</y></pt><pt><x>157</x><y>488</y></pt><pt><x>151</x><y>492</y></pt><pt><x>152</x><y>500</y></pt><pt><x>168</x><y>495</y></pt><pt><x>179</x><y>493</y></pt><pt><x>183</x><y>494</y></pt><pt><x>183</x><y>503</y></pt><pt><x>177</x><y>506</y></pt><pt><x>173</x><y>514</y></pt><pt><x>179</x><y>521</y></pt><pt><x>187</x><y>514</y></pt><pt><x>194</x><y>514</y></pt><pt><x>204</x><y>511</y></pt><pt><x>210</x><y>517</y></pt><pt><x>219</x><y>518</y></pt><pt><x>233</x><y>518</y></pt><pt><x>238</x><y>517</y></pt><pt><x>241</x><y>510</y></pt><pt><x>246</x><y>505</y></pt><pt><x>246</x><y>497</y></pt><pt><x>242</x><y>490</y></pt><pt><x>249</x><y>487</y></pt></polygon></object><object><name>jacuzzi</name><deleted>0</deleted><verified>0</verified><date>11-Jun-2012 22:16:02</date><id>6</id><polygon><username>sandy</username><pt><x>250</x><y>258</y></pt><pt><x>298</x><y>260</y></pt><pt><x>370</x><y>267</y></pt><pt><x>429</x><y>271</y></pt><pt><x>455</x><y>275</y></pt><pt><x>457</x><y>284</y></pt><pt><x>461</x><y>383</y></pt><pt><x>458</x><y>436</y></pt><pt><x>122</x><y>559</y></pt><pt><x>74</x><y>559</y></pt><pt><x>57</x><y>556</y></pt><pt><x>3</x><y>528</y></pt><pt><x>2</x><y>273</y></pt><pt><x>205</x><y>258</y></pt><pt><x>231</x><y>259</y></pt><pt><x>241</x><y>258</y></pt></polygon></object><object><name>parrot</name><deleted>0</deleted><verified>0</verified><date>11-Jun-2012 22:16:02</date><id>7</id><polygon><username>sandy</username><pt><x>704</x><y>41</y></pt><pt><x>714</x><y>45</y></pt><pt><x>714</x><y>55</y></pt><pt><x>721</x><y>64</y></pt><pt><x>725</x><y>71</y></pt><pt><x>740</x><y>87</y></pt><pt><x>746</x><y>96</y></pt><pt><x>748</x><y>103</y></pt><pt><x>741</x><y>105</y></pt><pt><x>743</x><y>111</y></pt><pt><x>742</x><y>118</y></pt><pt><x>734</x><y>116</y></pt><pt><x>741</x><y>137</y></pt><pt><x>749</x><y>155</y></pt><pt><x>747</x><y>159</y></pt><pt><x>740</x><y>157</y></pt><pt><x>738</x><y>158</y></pt><pt><x>741</x><y>175</y></pt><pt><x>742</x><y>185</y></pt><pt><x>743</x><y>197</y></pt><pt><x>735</x><y>188</y></pt><pt><x>728</x><y>172</y></pt><pt><x>726</x><y>161</y></pt><pt><x>724</x><y>143</y></pt><pt><x>719</x><y>145</y></pt><pt><x>715</x><y>145</y></pt><pt><x>720</x><y>127</y></pt><pt><x>723</x><y>110</y></pt><pt><x>720</x><y>94</y></pt><pt><x>708</x><y>94</y></pt><pt><x>696</x><y>86</y></pt><pt><x>691</x><y>80</y></pt><pt><x>689</x><y>69</y></pt><pt><x>692</x><y>59</y></pt><pt><x>693</x><y>53</y></pt><pt><x>690</x><y>49</y></pt><pt><x>694</x><y>42</y></pt></polygon></object><object><name>bottle</name><deleted>0</deleted><verified>0</verified><date>11-Jun-2012 22:16:02</date><id>8</id><polygon><username>sandy</username><pt><x>76</x><y>376</y></pt><pt><x>87</x><y>377</y></pt><pt><x>88</x><y>385</y></pt><pt><x>94</x><y>390</y></pt><pt><x>96</x><y>416</y></pt><pt><x>92</x><y>419</y></pt><pt><x>95</x><y>428</y></pt><pt><x>95</x><y>450</y></pt><pt><x>86</x><y>456</y></pt><pt><x>78</x><y>454</y></pt><pt><x>72</x><y>450</y></pt><pt><x>71</x><y>439</y></pt><pt><x>71</x><y>428</y></pt><pt><x>70</x><y>410</y></pt><pt><x>68</x><y>397</y></pt><pt><x>71</x><y>391</y></pt><pt><x>75</x><y>383</y></pt></polygon></object><object><name>bottle</name><deleted>0</deleted><verified>0</verified><date>11-Jun-2012 22:16:02</date><id>9</id><polygon><username>sandy</username><pt><x>65</x><y>453</y></pt><pt><x>64</x><y>426</y></pt><pt><x>66</x><y>415</y></pt><pt><x>64</x><y>404</y></pt><pt><x>63</x><y>393</y></pt><pt><x>58</x><y>389</y></pt><pt><x>58</x><y>379</y></pt><pt><x>53</x><y>376</y></pt><pt><x>46</x><y>376</y></pt><pt><x>44</x><y>383</y></pt><pt><x>45</x><y>390</y></pt><pt><x>41</x><y>399</y></pt><pt><x>41</x><y>418</y></pt><pt><x>39</x><y>434</y></pt><pt><x>41</x><y>456</y></pt><pt><x>46</x><y>456</y></pt><pt><x>55</x><y>456</y></pt></polygon></object><object><name>candle</name><deleted>0</deleted><verified>0</verified><date>11-Jun-2012 22:16:02</date><id>10</id><polygon><username>sandy</username><pt><x>103</x><y>396</y></pt><pt><x>106</x><y>448</y></pt><pt><x>123</x><y>449</y></pt><pt><x>123</x><y>396</y></pt><pt><x>122</x><y>389</y></pt><pt><x>106</x><y>389</y></pt></polygon></object><object><name>window</name><deleted>0</deleted><verified>0</verified><date>11-Jun-2012 22:16:02</date><id>11</id><polygon><username>sandy</username><pt><x>185</x><y>66</y></pt><pt><x>185</x><y>263</y></pt><pt><x>2</x><y>271</y></pt><pt><x>2</x><y>28</y></pt></polygon></object><object><name>window</name><deleted>0</deleted><verified>0</verified><date>11-Jun-2012 22:16:02</date><id>12</id><polygon><username>sandy</username><pt><x>437</x><y>64</y></pt><pt><x>447</x><y>375</y></pt><pt><x>793</x><y>426</y></pt><pt><x>796</x><y>13</y></pt></polygon></object><object><name>plant pot</name><deleted>0</deleted><verified>0</verified><date>11-Jun-2012 22:16:02</date><id>13</id><polygon><username>sandy</username><pt><x>570</x><y>448</y></pt><pt><x>573</x><y>434</y></pt><pt><x>571</x><y>427</y></pt><pt><x>587</x><y>362</y></pt><pt><x>595</x><y>344</y></pt><pt><x>600</x><y>339</y></pt><pt><x>597</x><y>334</y></pt><pt><x>576</x><y>326</y></pt><pt><x>551</x><y>325</y></pt><pt><x>517</x><y>324</y></pt><pt><x>501</x><y>327</y></pt><pt><x>493</x><y>327</y></pt><pt><x>486</x><y>333</y></pt><pt><x>485</x><y>341</y></pt><pt><x>493</x><y>347</y></pt><pt><x>498</x><y>351</y></pt><pt><x>505</x><y>424</y></pt><pt><x>504</x><y>430</y></pt><pt><x>502</x><y>436</y></pt><pt><x>507</x><y>449</y></pt><pt><x>527</x><y>454</y></pt><pt><x>548</x><y>455</y></pt></polygon></object><object><name>plant pot</name><deleted>0</deleted><verified>0</verified><date>11-Jun-2012 22:16:02</date><id>14</id><polygon><username>sandy</username><pt><x>486</x><y>478</y></pt><pt><x>490</x><y>467</y></pt><pt><x>494</x><y>430</y></pt><pt><x>498</x><y>413</y></pt><pt><x>488</x><y>407</y></pt><pt><x>435</x><y>408</y></pt><pt><x>424</x><y>416</y></pt><pt><x>422</x><y>431</y></pt><pt><x>429</x><y>478</y></pt><pt><x>447</x><y>488</y></pt><pt><x>462</x><y>490</y></pt><pt><x>476</x><y>483</y></pt></polygon></object><object><name>plant pot</name><deleted>0</deleted><verified>0</verified><date>11-Jun-2012 22:16:02</date><id>15</id><polygon><username>sandy</username><pt><x>404</x><y>500</y></pt><pt><x>408</x><y>465</y></pt><pt><x>410</x><y>441</y></pt><pt><x>394</x><y>435</y></pt><pt><x>382</x><y>432</y></pt><pt><x>359</x><y>435</y></pt><pt><x>350</x><y>439</y></pt><pt><x>346</x><y>448</y></pt><pt><x>348</x><y>459</y></pt><pt><x>357</x><y>504</y></pt><pt><x>368</x><y>508</y></pt><pt><x>380</x><y>512</y></pt><pt><x>388</x><y>509</y></pt></polygon></object><object><name>plant pot</name><deleted>0</deleted><verified>0</verified><date>11-Jun-2012 22:16:02</date><id>16</id><polygon><username>sandy</username><pt><x>337</x><y>541</y></pt><pt><x>349</x><y>484</y></pt><pt><x>319</x><y>476</y></pt><pt><x>302</x><y>473</y></pt><pt><x>276</x><y>481</y></pt><pt><x>268</x><y>487</y></pt><pt><x>265</x><y>501</y></pt><pt><x>280</x><y>548</y></pt><pt><x>300</x><y>550</y></pt><pt><x>313</x><y>550</y></pt><pt><x>322</x><y>546</y></pt></polygon></object><object><name>plant pot</name><deleted>0</deleted><verified>0</verified><date>11-Jun-2012 22:16:02</date><id>17</id><polygon><username>sandy</username><pt><x>239</x><y>567</y></pt><pt><x>246</x><y>548</y></pt><pt><x>250</x><y>519</y></pt><pt><x>259</x><y>510</y></pt><pt><x>255</x><y>497</y></pt><pt><x>250</x><y>493</y></pt><pt><x>208</x><y>483</y></pt><pt><x>171</x><y>492</y></pt><pt><x>163</x><y>499</y></pt><pt><x>161</x><y>508</y></pt><pt><x>160</x><y>517</y></pt><pt><x>167</x><y>524</y></pt><pt><x>176</x><y>553</y></pt><pt><x>181</x><y>572</y></pt><pt><x>187</x><y>583</y></pt><pt><x>209</x><y>582</y></pt><pt><x>221</x><y>581</y></pt><pt><x>235</x><y>575</y></pt></polygon></object><object><name>towel</name><deleted>0</deleted><verified>0</verified><date>11-Jun-2012 22:16:02</date><id>18</id><polygon><username>sandy</username><pt><x>23</x><y>341</y></pt><pt><x>29</x><y>412</y></pt><pt><x>6</x><y>414</y></pt><pt><x>2</x><y>413</y></pt><pt><x>4</x><y>339</y></pt></polygon></object><object><name>basket</name><deleted>0</deleted><verified>0</verified><date>11-Jun-2012 22:16:02</date><id>19</id><polygon><username>sandy</username><pt><x>42</x><y>355</y></pt><pt><x>66</x><y>365</y></pt><pt><x>77</x><y>375</y></pt><pt><x>83</x><y>386</y></pt><pt><x>83</x><y>420</y></pt><pt><x>57</x><y>437</y></pt><pt><x>35</x><y>442</y></pt><pt><x>2</x><y>443</y></pt><pt><x>2</x><y>353</y></pt><pt><x>25</x><y>354</y></pt></polygon></object><imagesize><nrows>600</nrows><ncols>800</ncols></imagesize><object><name>floor</name><deleted>1</deleted><verified>0</verified><date>16-Jun-2012 23:20:04</date><id>20</id><polygon><username>sandy</username><pt><x>581</x><y>412</y></pt><pt><x>796</x><y>448</y></pt><pt><x>798</x><y>595</y></pt><pt><x>2</x><y>595</y></pt><pt><x>0</x><y>541</y></pt></polygon></object></annotation>