<annotation><filename>a_atrium_home_google_10_atrium__home_15.jpg</filename><folder>100images</folder><source><sourceImage>The MIT-CSAIL database of objects and scenes</sourceImage><sourceAnnotation>LabelMe Webtool</sourceAnnotation></source><object><name>statue</name><deleted>0</deleted><verified>0</verified><date>11-Jun-2012 19:43:13</date><id>0</id><polygon><username>sandy</username><pt><x>683</x><y>337</y></pt><pt><x>697</x><y>339</y></pt><pt><x>697</x><y>347</y></pt><pt><x>703</x><y>351</y></pt><pt><x>701</x><y>358</y></pt><pt><x>693</x><y>361</y></pt><pt><x>706</x><y>368</y></pt><pt><x>715</x><y>378</y></pt><pt><x>726</x><y>400</y></pt><pt><x>731</x><y>411</y></pt><pt><x>735</x><y>424</y></pt><pt><x>736</x><y>439</y></pt><pt><x>730</x><y>452</y></pt><pt><x>726</x><y>464</y></pt><pt><x>737</x><y>471</y></pt><pt><x>738</x><y>485</y></pt><pt><x>737</x><y>496</y></pt><pt><x>742</x><y>504</y></pt><pt><x>742</x><y>512</y></pt><pt><x>744</x><y>515</y></pt><pt><x>750</x><y>518</y></pt><pt><x>755</x><y>559</y></pt><pt><x>752</x><y>560</y></pt><pt><x>702</x><y>561</y></pt><pt><x>683</x><y>547</y></pt><pt><x>684</x><y>535</y></pt><pt><x>692</x><y>536</y></pt><pt><x>700</x><y>533</y></pt><pt><x>704</x><y>527</y></pt><pt><x>697</x><y>495</y></pt><pt><x>696</x><y>481</y></pt><pt><x>693</x><y>471</y></pt><pt><x>693</x><y>448</y></pt><pt><x>693</x><y>439</y></pt><pt><x>698</x><y>423</y></pt><pt><x>698</x><y>416</y></pt><pt><x>690</x><y>414</y></pt><pt><x>682</x><y>410</y></pt><pt><x>675</x><y>407</y></pt><pt><x>676</x><y>398</y></pt><pt><x>675</x><y>372</y></pt><pt><x>681</x><y>365</y></pt><pt><x>673</x><y>365</y></pt><pt><x>669</x><y>356</y></pt><pt><x>669</x><y>345</y></pt><pt><x>671</x><y>336</y></pt></polygon></object><object><name>statue</name><deleted>0</deleted><verified>0</verified><date>11-Jun-2012 19:43:13</date><id>1</id><polygon><username>sandy</username><pt><x>94</x><y>419</y></pt><pt><x>98</x><y>414</y></pt><pt><x>104</x><y>403</y></pt><pt><x>114</x><y>399</y></pt><pt><x>115</x><y>390</y></pt><pt><x>118</x><y>382</y></pt><pt><x>130</x><y>378</y></pt><pt><x>137</x><y>381</y></pt><pt><x>143</x><y>370</y></pt><pt><x>143</x><y>357</y></pt><pt><x>137</x><y>353</y></pt><pt><x>138</x><y>346</y></pt><pt><x>135</x><y>339</y></pt><pt><x>133</x><y>338</y></pt><pt><x>127</x><y>339</y></pt><pt><x>123</x><y>346</y></pt><pt><x>116</x><y>352</y></pt><pt><x>114</x><y>361</y></pt><pt><x>106</x><y>365</y></pt><pt><x>90</x><y>374</y></pt><pt><x>82</x><y>384</y></pt><pt><x>72</x><y>397</y></pt><pt><x>59</x><y>414</y></pt><pt><x>57</x><y>416</y></pt><pt><x>52</x><y>565</y></pt><pt><x>96</x><y>561</y></pt><pt><x>115</x><y>546</y></pt><pt><x>113</x><y>533</y></pt><pt><x>102</x><y>535</y></pt><pt><x>90</x><y>528</y></pt><pt><x>79</x><y>491</y></pt><pt><x>83</x><y>478</y></pt><pt><x>87</x><y>459</y></pt><pt><x>91</x><y>443</y></pt><pt><x>86</x><y>430</y></pt></polygon></object><object><name>statue</name><deleted>0</deleted><verified>0</verified><date>11-Jun-2012 19:43:13</date><id>2</id><polygon><username>sandy</username><pt><x>377</x><y>322</y></pt><pt><x>374</x><y>351</y></pt><pt><x>377</x><y>356</y></pt><pt><x>375</x><y>365</y></pt><pt><x>371</x><y>377</y></pt><pt><x>368</x><y>393</y></pt><pt><x>370</x><y>404</y></pt><pt><x>400</x><y>401</y></pt><pt><x>404</x><y>387</y></pt><pt><x>408</x><y>376</y></pt><pt><x>401</x><y>370</y></pt><pt><x>395</x><y>355</y></pt><pt><x>397</x><y>345</y></pt><pt><x>397</x><y>338</y></pt><pt><x>401</x><y>326</y></pt><pt><x>403</x><y>314</y></pt><pt><x>398</x><y>302</y></pt><pt><x>384</x><y>309</y></pt></polygon></object><object><name>chair</name><deleted>0</deleted><verified>0</verified><date>11-Jun-2012 19:43:13</date><id>3</id><polygon><username>sandy</username><pt><x>334</x><y>454</y></pt><pt><x>333</x><y>418</y></pt><pt><x>338</x><y>416</y></pt><pt><x>334</x><y>410</y></pt><pt><x>320</x><y>411</y></pt><pt><x>307</x><y>401</y></pt><pt><x>297</x><y>398</y></pt><pt><x>289</x><y>398</y></pt><pt><x>278</x><y>399</y></pt><pt><x>273</x><y>404</y></pt><pt><x>277</x><y>412</y></pt><pt><x>279</x><y>419</y></pt><pt><x>262</x><y>411</y></pt><pt><x>253</x><y>404</y></pt><pt><x>240</x><y>403</y></pt><pt><x>233</x><y>403</y></pt><pt><x>225</x><y>409</y></pt><pt><x>228</x><y>419</y></pt><pt><x>234</x><y>423</y></pt><pt><x>240</x><y>440</y></pt><pt><x>243</x><y>458</y></pt><pt><x>243</x><y>469</y></pt><pt><x>239</x><y>479</y></pt><pt><x>262</x><y>485</y></pt><pt><x>253</x><y>498</y></pt><pt><x>253</x><y>501</y></pt><pt><x>259</x><y>499</y></pt><pt><x>264</x><y>489</y></pt><pt><x>272</x><y>485</y></pt><pt><x>277</x><y>491</y></pt><pt><x>274</x><y>508</y></pt><pt><x>280</x><y>507</y></pt><pt><x>280</x><y>495</y></pt><pt><x>288</x><y>488</y></pt><pt><x>299</x><y>487</y></pt><pt><x>298</x><y>496</y></pt><pt><x>308</x><y>495</y></pt><pt><x>306</x><y>488</y></pt><pt><x>317</x><y>489</y></pt><pt><x>320</x><y>499</y></pt><pt><x>322</x><y>502</y></pt><pt><x>325</x><y>497</y></pt><pt><x>324</x><y>482</y></pt><pt><x>324</x><y>459</y></pt><pt><x>323</x><y>449</y></pt></polygon></object><object><name>chair</name><deleted>0</deleted><verified>0</verified><date>11-Jun-2012 19:43:13</date><id>4</id><polygon><username>sandy</username><pt><x>471</x><y>450</y></pt><pt><x>468</x><y>498</y></pt><pt><x>473</x><y>495</y></pt><pt><x>475</x><y>485</y></pt><pt><x>483</x><y>483</y></pt><pt><x>482</x><y>491</y></pt><pt><x>487</x><y>488</y></pt><pt><x>486</x><y>484</y></pt><pt><x>492</x><y>482</y></pt><pt><x>500</x><y>483</y></pt><pt><x>509</x><y>487</y></pt><pt><x>515</x><y>497</y></pt><pt><x>522</x><y>498</y></pt><pt><x>518</x><y>491</y></pt><pt><x>517</x><y>484</y></pt><pt><x>522</x><y>479</y></pt><pt><x>528</x><y>491</y></pt><pt><x>533</x><y>492</y></pt><pt><x>529</x><y>483</y></pt><pt><x>529</x><y>480</y></pt><pt><x>538</x><y>480</y></pt><pt><x>533</x><y>466</y></pt><pt><x>533</x><y>455</y></pt><pt><x>536</x><y>447</y></pt><pt><x>539</x><y>433</y></pt><pt><x>542</x><y>427</y></pt><pt><x>550</x><y>415</y></pt><pt><x>556</x><y>408</y></pt><pt><x>546</x><y>406</y></pt><pt><x>539</x><y>403</y></pt><pt><x>533</x><y>401</y></pt><pt><x>525</x><y>401</y></pt><pt><x>521</x><y>404</y></pt><pt><x>515</x><y>407</y></pt><pt><x>498</x><y>416</y></pt><pt><x>491</x><y>419</y></pt><pt><x>480</x><y>419</y></pt><pt><x>474</x><y>424</y></pt><pt><x>473</x><y>428</y></pt><pt><x>474</x><y>435</y></pt><pt><x>469</x><y>438</y></pt></polygon></object><object><name>chair</name><deleted>0</deleted><verified>0</verified><date>11-Jun-2012 19:43:13</date><id>5</id><polygon><username>sandy</username><pt><x>469</x><y>398</y></pt><pt><x>482</x><y>404</y></pt><pt><x>481</x><y>411</y></pt><pt><x>474</x><y>418</y></pt><pt><x>471</x><y>427</y></pt><pt><x>470</x><y>441</y></pt><pt><x>472</x><y>450</y></pt><pt><x>471</x><y>455</y></pt><pt><x>469</x><y>454</y></pt><pt><x>468</x><y>447</y></pt><pt><x>464</x><y>447</y></pt><pt><x>462</x><y>451</y></pt><pt><x>463</x><y>459</y></pt><pt><x>459</x><y>459</y></pt><pt><x>458</x><y>453</y></pt><pt><x>448</x><y>448</y></pt><pt><x>445</x><y>448</y></pt><pt><x>444</x><y>455</y></pt><pt><x>441</x><y>454</y></pt><pt><x>441</x><y>447</y></pt><pt><x>434</x><y>449</y></pt><pt><x>428</x><y>448</y></pt><pt><x>427</x><y>451</y></pt><pt><x>427</x><y>458</y></pt><pt><x>423</x><y>459</y></pt><pt><x>422</x><y>421</y></pt><pt><x>423</x><y>414</y></pt><pt><x>421</x><y>410</y></pt><pt><x>425</x><y>410</y></pt><pt><x>434</x><y>410</y></pt><pt><x>441</x><y>404</y></pt><pt><x>449</x><y>399</y></pt><pt><x>459</x><y>399</y></pt></polygon></object><object><name>fan</name><deleted>0</deleted><verified>0</verified><date>11-Jun-2012 19:43:13</date><id>6</id><polygon><username>sandy</username><pt><x>290</x><y>335</y></pt><pt><x>304</x><y>345</y></pt><pt><x>308</x><y>358</y></pt><pt><x>307</x><y>368</y></pt><pt><x>304</x><y>377</y></pt><pt><x>295</x><y>386</y></pt><pt><x>284</x><y>391</y></pt><pt><x>284</x><y>397</y></pt><pt><x>279</x><y>400</y></pt><pt><x>277</x><y>387</y></pt><pt><x>266</x><y>384</y></pt><pt><x>255</x><y>372</y></pt><pt><x>254</x><y>363</y></pt><pt><x>258</x><y>352</y></pt><pt><x>265</x><y>342</y></pt><pt><x>274</x><y>338</y></pt></polygon></object><object><name>table</name><deleted>0</deleted><verified>0</verified><date>11-Jun-2012 19:43:13</date><id>7</id><polygon><username>sandy</username><pt><x>383</x><y>450</y></pt><pt><x>382</x><y>474</y></pt><pt><x>385</x><y>478</y></pt><pt><x>411</x><y>473</y></pt><pt><x>413</x><y>450</y></pt><pt><x>413</x><y>448</y></pt><pt><x>419</x><y>444</y></pt><pt><x>420</x><y>439</y></pt><pt><x>415</x><y>435</y></pt><pt><x>408</x><y>433</y></pt><pt><x>398</x><y>434</y></pt><pt><x>393</x><y>433</y></pt><pt><x>384</x><y>434</y></pt><pt><x>380</x><y>438</y></pt><pt><x>376</x><y>444</y></pt></polygon></object><object><name>column</name><deleted>0</deleted><verified>0</verified><date>11-Jun-2012 19:43:13</date><id>8</id><polygon><username>sandy</username><pt><x>304</x><y>214</y></pt><pt><x>305</x><y>223</y></pt><pt><x>306</x><y>301</y></pt><pt><x>303</x><y>349</y></pt><pt><x>305</x><y>385</y></pt><pt><x>305</x><y>442</y></pt><pt><x>334</x><y>443</y></pt><pt><x>331</x><y>307</y></pt><pt><x>330</x><y>222</y></pt><pt><x>333</x><y>215</y></pt><pt><x>327</x><y>210</y></pt><pt><x>318</x><y>210</y></pt></polygon></object><object><name>column</name><deleted>0</deleted><verified>0</verified><date>11-Jun-2012 19:43:13</date><id>9</id><polygon><username>sandy</username><pt><x>441</x><y>215</y></pt><pt><x>441</x><y>222</y></pt><pt><x>444</x><y>223</y></pt><pt><x>443</x><y>280</y></pt><pt><x>443</x><y>367</y></pt><pt><x>445</x><y>426</y></pt><pt><x>472</x><y>426</y></pt><pt><x>470</x><y>345</y></pt><pt><x>469</x><y>287</y></pt><pt><x>467</x><y>225</y></pt><pt><x>471</x><y>218</y></pt><pt><x>465</x><y>213</y></pt><pt><x>456</x><y>211</y></pt></polygon></object><object><name>column</name><deleted>0</deleted><verified>0</verified><date>11-Jun-2012 19:43:13</date><id>10</id><polygon><username>sandy</username><pt><x>538</x><y>196</y></pt><pt><x>538</x><y>205</y></pt><pt><x>542</x><y>208</y></pt><pt><x>543</x><y>215</y></pt><pt><x>541</x><y>364</y></pt><pt><x>542</x><y>448</y></pt><pt><x>540</x><y>452</y></pt><pt><x>540</x><y>460</y></pt><pt><x>573</x><y>460</y></pt><pt><x>574</x><y>450</y></pt><pt><x>571</x><y>449</y></pt><pt><x>571</x><y>365</y></pt><pt><x>570</x><y>257</y></pt><pt><x>568</x><y>204</y></pt><pt><x>572</x><y>193</y></pt><pt><x>561</x><y>193</y></pt></polygon></object><object><name>column</name><deleted>0</deleted><verified>0</verified><date>11-Jun-2012 19:43:13</date><id>11</id><polygon><username>sandy</username><pt><x>579</x><y>163</y></pt><pt><x>576</x><y>173</y></pt><pt><x>583</x><y>179</y></pt><pt><x>584</x><y>246</y></pt><pt><x>583</x><y>350</y></pt><pt><x>584</x><y>385</y></pt><pt><x>582</x><y>471</y></pt><pt><x>579</x><y>480</y></pt><pt><x>583</x><y>485</y></pt><pt><x>597</x><y>486</y></pt><pt><x>618</x><y>489</y></pt><pt><x>628</x><y>486</y></pt><pt><x>627</x><y>479</y></pt><pt><x>623</x><y>473</y></pt><pt><x>619</x><y>468</y></pt><pt><x>620</x><y>371</y></pt><pt><x>618</x><y>288</y></pt><pt><x>612</x><y>173</y></pt><pt><x>616</x><y>169</y></pt><pt><x>618</x><y>163</y></pt><pt><x>601</x><y>157</y></pt></polygon></object><object><name>column</name><deleted>0</deleted><verified>0</verified><date>11-Jun-2012 19:43:13</date><id>12</id><polygon><username>sandy</username><pt><x>633</x><y>117</y></pt><pt><x>632</x><y>127</y></pt><pt><x>641</x><y>132</y></pt><pt><x>642</x><y>238</y></pt><pt><x>640</x><y>313</y></pt><pt><x>642</x><y>382</y></pt><pt><x>642</x><y>506</y></pt><pt><x>638</x><y>511</y></pt><pt><x>635</x><y>525</y></pt><pt><x>639</x><y>531</y></pt><pt><x>659</x><y>533</y></pt><pt><x>677</x><y>535</y></pt><pt><x>691</x><y>531</y></pt><pt><x>697</x><y>527</y></pt><pt><x>698</x><y>519</y></pt><pt><x>691</x><y>511</y></pt><pt><x>690</x><y>419</y></pt><pt><x>686</x><y>294</y></pt><pt><x>683</x><y>206</y></pt><pt><x>679</x><y>128</y></pt><pt><x>687</x><y>118</y></pt><pt><x>687</x><y>111</y></pt><pt><x>673</x><y>104</y></pt><pt><x>661</x><y>106</y></pt><pt><x>653</x><y>105</y></pt></polygon></object><object><name>column</name><deleted>0</deleted><verified>0</verified><date>11-Jun-2012 19:43:13</date><id>13</id><polygon><username>sandy</username><pt><x>731</x><y>29</y></pt><pt><x>732</x><y>43</y></pt><pt><x>745</x><y>53</y></pt><pt><x>742</x><y>161</y></pt><pt><x>744</x><y>289</y></pt><pt><x>744</x><y>397</y></pt><pt><x>748</x><y>571</y></pt><pt><x>745</x><y>577</y></pt><pt><x>741</x><y>582</y></pt><pt><x>738</x><y>595</y></pt><pt><x>744</x><y>598</y></pt><pt><x>799</x><y>598</y></pt><pt><x>796</x><y>10</y></pt><pt><x>762</x><y>11</y></pt><pt><x>750</x><y>13</y></pt><pt><x>740</x><y>18</y></pt></polygon></object><object><name>column</name><deleted>0</deleted><verified>0</verified><date>11-Jun-2012 19:43:13</date><id>14</id><polygon><username>sandy</username><pt><x>205</x><y>193</y></pt><pt><x>206</x><y>201</y></pt><pt><x>209</x><y>207</y></pt><pt><x>207</x><y>261</y></pt><pt><x>206</x><y>325</y></pt><pt><x>204</x><y>368</y></pt><pt><x>206</x><y>449</y></pt><pt><x>204</x><y>455</y></pt><pt><x>202</x><y>462</y></pt><pt><x>219</x><y>462</y></pt><pt><x>233</x><y>459</y></pt><pt><x>238</x><y>456</y></pt><pt><x>235</x><y>451</y></pt><pt><x>234</x><y>445</y></pt><pt><x>235</x><y>368</y></pt><pt><x>233</x><y>272</y></pt><pt><x>235</x><y>206</y></pt><pt><x>239</x><y>195</y></pt><pt><x>231</x><y>192</y></pt></polygon></object><object><name>column</name><deleted>0</deleted><verified>0</verified><date>11-Jun-2012 19:43:13</date><id>15</id><polygon><username>sandy</username><pt><x>182</x><y>156</y></pt><pt><x>199</x><y>157</y></pt><pt><x>205</x><y>163</y></pt><pt><x>205</x><y>166</y></pt><pt><x>199</x><y>172</y></pt><pt><x>200</x><y>203</y></pt><pt><x>199</x><y>262</y></pt><pt><x>199</x><y>353</y></pt><pt><x>199</x><y>372</y></pt><pt><x>195</x><y>472</y></pt><pt><x>201</x><y>480</y></pt><pt><x>201</x><y>491</y></pt><pt><x>179</x><y>491</y></pt><pt><x>171</x><y>491</y></pt><pt><x>163</x><y>489</y></pt><pt><x>159</x><y>484</y></pt><pt><x>163</x><y>480</y></pt><pt><x>163</x><y>368</y></pt><pt><x>165</x><y>257</y></pt><pt><x>170</x><y>172</y></pt><pt><x>164</x><y>167</y></pt><pt><x>165</x><y>161</y></pt><pt><x>172</x><y>156</y></pt></polygon></object><object><name>column</name><deleted>0</deleted><verified>0</verified><date>11-Jun-2012 19:43:13</date><id>16</id><polygon><username>sandy</username><pt><x>145</x><y>503</y></pt><pt><x>148</x><y>380</y></pt><pt><x>149</x><y>237</y></pt><pt><x>150</x><y>126</y></pt><pt><x>158</x><y>114</y></pt><pt><x>151</x><y>109</y></pt><pt><x>138</x><y>102</y></pt><pt><x>116</x><y>99</y></pt><pt><x>105</x><y>105</y></pt><pt><x>100</x><y>108</y></pt><pt><x>103</x><y>119</y></pt><pt><x>109</x><y>125</y></pt><pt><x>104</x><y>242</y></pt><pt><x>103</x><y>377</y></pt><pt><x>98</x><y>515</y></pt><pt><x>93</x><y>523</y></pt><pt><x>96</x><y>530</y></pt><pt><x>115</x><y>535</y></pt><pt><x>138</x><y>535</y></pt><pt><x>150</x><y>532</y></pt><pt><x>151</x><y>527</y></pt><pt><x>152</x><y>518</y></pt></polygon></object><object><name>column</name><deleted>0</deleted><verified>0</verified><date>11-Jun-2012 19:43:13</date><id>17</id><polygon><username>sandy</username><pt><x>62</x><y>42</y></pt><pt><x>72</x><y>33</y></pt><pt><x>71</x><y>14</y></pt><pt><x>55</x><y>12</y></pt><pt><x>40</x><y>5</y></pt><pt><x>16</x><y>5</y></pt><pt><x>2</x><y>6</y></pt><pt><x>2</x><y>596</y></pt><pt><x>62</x><y>598</y></pt><pt><x>58</x><y>587</y></pt><pt><x>55</x><y>579</y></pt><pt><x>59</x><y>399</y></pt><pt><x>60</x><y>232</y></pt><pt><x>61</x><y>96</y></pt></polygon></object><object><name>flowers</name><deleted>0</deleted><verified>0</verified><date>11-Jun-2012 19:43:13</date><id>18</id><polygon><username>sandy</username><pt><x>365</x><y>364</y></pt><pt><x>351</x><y>364</y></pt><pt><x>342</x><y>369</y></pt><pt><x>342</x><y>390</y></pt><pt><x>348</x><y>398</y></pt><pt><x>429</x><y>400</y></pt><pt><x>437</x><y>389</y></pt><pt><x>440</x><y>376</y></pt><pt><x>434</x><y>364</y></pt><pt><x>416</x><y>361</y></pt><pt><x>406</x><y>365</y></pt></polygon></object><object><name>plants</name><deleted>0</deleted><verified>0</verified><date>11-Jun-2012 19:43:13</date><id>19</id><polygon><username>sandy</username><pt><x>635</x><y>393</y></pt><pt><x>594</x><y>340</y></pt><pt><x>582</x><y>324</y></pt><pt><x>560</x><y>298</y></pt><pt><x>554</x><y>286</y></pt><pt><x>543</x><y>280</y></pt><pt><x>539</x><y>275</y></pt><pt><x>548</x><y>259</y></pt><pt><x>554</x><y>254</y></pt><pt><x>567</x><y>259</y></pt><pt><x>571</x><y>272</y></pt><pt><x>579</x><y>270</y></pt><pt><x>575</x><y>261</y></pt><pt><x>583</x><y>258</y></pt><pt><x>594</x><y>251</y></pt><pt><x>605</x><y>245</y></pt><pt><x>610</x><y>243</y></pt><pt><x>625</x><y>248</y></pt><pt><x>627</x><y>229</y></pt><pt><x>618</x><y>218</y></pt><pt><x>616</x><y>209</y></pt><pt><x>626</x><y>205</y></pt><pt><x>639</x><y>210</y></pt></polygon></object><object><name>plants</name><deleted>0</deleted><verified>0</verified><date>11-Jun-2012 19:43:13</date><id>20</id><polygon><username>sandy</username><pt><x>767</x><y>284</y></pt><pt><x>788</x><y>288</y></pt><pt><x>792</x><y>295</y></pt><pt><x>786</x><y>304</y></pt><pt><x>772</x><y>306</y></pt><pt><x>773</x><y>314</y></pt><pt><x>786</x><y>332</y></pt><pt><x>797</x><y>342</y></pt><pt><x>796</x><y>352</y></pt><pt><x>774</x><y>326</y></pt><pt><x>765</x><y>311</y></pt><pt><x>764</x><y>304</y></pt><pt><x>761</x><y>304</y></pt><pt><x>752</x><y>304</y></pt><pt><x>746</x><y>293</y></pt><pt><x>749</x><y>287</y></pt><pt><x>759</x><y>284</y></pt></polygon></object><object><name>plants</name><deleted>0</deleted><verified>0</verified><date>11-Jun-2012 19:43:13</date><id>21</id><polygon><username>sandy</username><pt><x>5</x><y>400</y></pt><pt><x>27</x><y>397</y></pt><pt><x>27</x><y>376</y></pt><pt><x>41</x><y>367</y></pt><pt><x>45</x><y>355</y></pt><pt><x>38</x><y>338</y></pt><pt><x>32</x><y>330</y></pt><pt><x>29</x><y>322</y></pt><pt><x>44</x><y>307</y></pt><pt><x>30</x><y>299</y></pt><pt><x>26</x><y>289</y></pt><pt><x>44</x><y>260</y></pt><pt><x>53</x><y>225</y></pt><pt><x>47</x><y>204</y></pt><pt><x>17</x><y>206</y></pt><pt><x>18</x><y>187</y></pt><pt><x>16</x><y>180</y></pt><pt><x>2</x><y>189</y></pt></polygon></object><object><name>plants</name><deleted>0</deleted><verified>0</verified><date>11-Jun-2012 19:43:13</date><id>22</id><polygon><username>sandy</username><pt><x>160</x><y>223</y></pt><pt><x>179</x><y>247</y></pt><pt><x>192</x><y>269</y></pt><pt><x>199</x><y>304</y></pt><pt><x>197</x><y>330</y></pt><pt><x>191</x><y>349</y></pt><pt><x>173</x><y>353</y></pt><pt><x>156</x><y>370</y></pt><pt><x>103</x><y>369</y></pt><pt><x>94</x><y>362</y></pt><pt><x>90</x><y>342</y></pt><pt><x>93</x><y>320</y></pt><pt><x>98</x><y>303</y></pt><pt><x>99</x><y>286</y></pt><pt><x>97</x><y>263</y></pt><pt><x>73</x><y>244</y></pt><pt><x>67</x><y>222</y></pt><pt><x>81</x><y>215</y></pt><pt><x>99</x><y>233</y></pt><pt><x>116</x><y>233</y></pt></polygon></object><object><name>plants</name><deleted>0</deleted><verified>0</verified><date>11-Jun-2012 19:43:13</date><id>23</id><polygon><username>sandy</username><pt><x>354</x><y>269</y></pt><pt><x>371</x><y>255</y></pt><pt><x>389</x><y>255</y></pt><pt><x>410</x><y>264</y></pt><pt><x>423</x><y>277</y></pt><pt><x>426</x><y>296</y></pt><pt><x>427</x><y>342</y></pt><pt><x>427</x><y>367</y></pt><pt><x>347</x><y>367</y></pt><pt><x>345</x><y>343</y></pt><pt><x>346</x><y>322</y></pt><pt><x>348</x><y>302</y></pt><pt><x>348</x><y>281</y></pt></polygon></object><object><name>cushion</name><deleted>0</deleted><verified>0</verified><date>11-Jun-2012 19:43:13</date><id>24</id><polygon><username>sandy</username><pt><x>299</x><y>424</y></pt><pt><x>313</x><y>423</y></pt><pt><x>327</x><y>424</y></pt><pt><x>333</x><y>429</y></pt><pt><x>326</x><y>434</y></pt><pt><x>309</x><y>434</y></pt></polygon></object><object><name>cushion</name><deleted>0</deleted><verified>0</verified><date>11-Jun-2012 19:43:13</date><id>25</id><polygon><username>sandy</username><pt><x>240</x><y>412</y></pt><pt><x>251</x><y>407</y></pt><pt><x>264</x><y>413</y></pt><pt><x>265</x><y>421</y></pt><pt><x>281</x><y>422</y></pt><pt><x>290</x><y>443</y></pt><pt><x>275</x><y>443</y></pt><pt><x>258</x><y>425</y></pt><pt><x>245</x><y>422</y></pt></polygon></object><object><name>cushion</name><deleted>0</deleted><verified>0</verified><date>11-Jun-2012 19:43:13</date><id>26</id><polygon><username>sandy</username><pt><x>428</x><y>429</y></pt><pt><x>428</x><y>423</y></pt><pt><x>434</x><y>422</y></pt><pt><x>444</x><y>421</y></pt><pt><x>468</x><y>425</y></pt><pt><x>463</x><y>434</y></pt></polygon></object><object><name>cushion</name><deleted>0</deleted><verified>0</verified><date>11-Jun-2012 19:43:13</date><id>27</id><polygon><username>sandy</username><pt><x>536</x><y>412</y></pt><pt><x>528</x><y>404</y></pt><pt><x>515</x><y>409</y></pt><pt><x>506</x><y>424</y></pt><pt><x>502</x><y>431</y></pt><pt><x>477</x><y>430</y></pt><pt><x>470</x><y>441</y></pt><pt><x>497</x><y>441</y></pt><pt><x>514</x><y>440</y></pt></polygon></object><imagesize><nrows>600</nrows><ncols>800</ncols></imagesize><object><name>window</name><deleted>0</deleted><verified>0</verified><date>11-Jun-2012 21:55:00</date><id>28</id><polygon><username>sandy</username><pt><x>503</x><y>293</y></pt><pt><x>506</x><y>278</y></pt><pt><x>508</x><y>268</y></pt><pt><x>513</x><y>259</y></pt><pt><x>519</x><y>253</y></pt><pt><x>528</x><y>248</y></pt><pt><x>543</x><y>250</y></pt><pt><x>547</x><y>252</y></pt><pt><x>548</x><y>435</y></pt><pt><x>502</x><y>438</y></pt></polygon></object><object><name>window</name><deleted>0</deleted><verified>0</verified><date>11-Jun-2012 21:55:00</date><id>29</id><polygon><username>sandy</username><pt><x>714</x><y>222</y></pt><pt><x>736</x><y>227</y></pt><pt><x>744</x><y>236</y></pt><pt><x>750</x><y>422</y></pt><pt><x>682</x><y>427</y></pt><pt><x>681</x><y>240</y></pt><pt><x>689</x><y>228</y></pt><pt><x>698</x><y>223</y></pt></polygon></object><object><name>window</name><deleted>0</deleted><verified>0</verified><date>11-Jun-2012 21:55:00</date><id>30</id><polygon><username>sandy</username><pt><x>244</x><y>246</y></pt><pt><x>256</x><y>250</y></pt><pt><x>264</x><y>260</y></pt><pt><x>269</x><y>268</y></pt><pt><x>273</x><y>285</y></pt><pt><x>271</x><y>425</y></pt><pt><x>223</x><y>434</y></pt><pt><x>226</x><y>257</y></pt><pt><x>233</x><y>250</y></pt></polygon></object><object><name>window</name><deleted>0</deleted><verified>0</verified><date>11-Jun-2012 21:55:00</date><id>31</id><polygon><username>sandy</username><pt><x>64</x><y>230</y></pt><pt><x>81</x><y>224</y></pt><pt><x>94</x><y>228</y></pt><pt><x>101</x><y>232</y></pt><pt><x>104</x><y>436</y></pt><pt><x>59</x><y>441</y></pt></polygon></object><object><name>window</name><deleted>0</deleted><verified>0</verified><date>11-Jun-2012 21:55:00</date><id>32</id><polygon><username>sandy</username><pt><x>107</x><y>5</y></pt><pt><x>219</x><y>150</y></pt><pt><x>238</x><y>165</y></pt><pt><x>276</x><y>177</y></pt><pt><x>326</x><y>187</y></pt><pt><x>388</x><y>190</y></pt><pt><x>454</x><y>186</y></pt><pt><x>513</x><y>176</y></pt><pt><x>553</x><y>156</y></pt><pt><x>601</x><y>110</y></pt><pt><x>653</x><y>51</y></pt><pt><x>702</x><y>1</y></pt></polygon></object></annotation>