<annotation><filename>b_bathroom_pasadena_IMG_0153.jpg</filename><folder>100images</folder><source><sourceImage>The MIT-CSAIL database of objects and scenes</sourceImage><sourceAnnotation>LabelMe Webtool</sourceAnnotation></source><object><name>mirror</name><deleted>0</deleted><verified>0</verified><date>19-Jun-2012 20:09:09</date><id>0</id><polygon><username>sandy</username><pt><x>273</x><y>30</y></pt><pt><x>276</x><y>265</y></pt><pt><x>626</x><y>283</y></pt><pt><x>637</x><y>0</y></pt></polygon></object><object><name>bath</name><deleted>0</deleted><verified>0</verified><date>19-Jun-2012 20:09:09</date><id>1</id><polygon><username>sandy</username><pt><x>71</x><y>486</y></pt><pt><x>223</x><y>545</y></pt><pt><x>174</x><y>599</y></pt><pt><x>0</x><y>599</y></pt><pt><x>3</x><y>517</y></pt></polygon></object><object><name>shower</name><deleted>0</deleted><verified>0</verified><date>19-Jun-2012 20:09:09</date><id>2</id><polygon><username>sandy</username><pt><x>127</x><y>6</y></pt><pt><x>127</x><y>20</y></pt><pt><x>122</x><y>24</y></pt><pt><x>115</x><y>25</y></pt><pt><x>110</x><y>17</y></pt><pt><x>107</x><y>15</y></pt><pt><x>102</x><y>20</y></pt><pt><x>98</x><y>29</y></pt><pt><x>99</x><y>37</y></pt><pt><x>98</x><y>46</y></pt><pt><x>93</x><y>53</y></pt><pt><x>82</x><y>49</y></pt><pt><x>76</x><y>44</y></pt><pt><x>71</x><y>39</y></pt><pt><x>73</x><y>31</y></pt><pt><x>80</x><y>25</y></pt><pt><x>87</x><y>20</y></pt><pt><x>96</x><y>12</y></pt><pt><x>109</x><y>6</y></pt><pt><x>110</x><y>0</y></pt><pt><x>118</x><y>1</y></pt></polygon></object><object><name>towel</name><deleted>0</deleted><verified>0</verified><date>19-Jun-2012 20:09:09</date><id>3</id><polygon><username>sandy</username><pt><x>478</x><y>153</y></pt><pt><x>473</x><y>251</y></pt><pt><x>608</x><y>261</y></pt><pt><x>608</x><y>139</y></pt><pt><x>579</x><y>141</y></pt><pt><x>576</x><y>148</y></pt><pt><x>527</x><y>147</y></pt><pt><x>525</x><y>140</y></pt><pt><x>488</x><y>141</y></pt><pt><x>483</x><y>146</y></pt></polygon></object><object><name>toilet</name><deleted>0</deleted><verified>0</verified><date>19-Jun-2012 20:09:09</date><id>4</id><polygon><username>sandy</username><pt><x>609</x><y>518</y></pt><pt><x>601</x><y>540</y></pt><pt><x>598</x><y>553</y></pt><pt><x>602</x><y>595</y></pt><pt><x>797</x><y>598</y></pt><pt><x>797</x><y>540</y></pt><pt><x>763</x><y>537</y></pt><pt><x>740</x><y>521</y></pt><pt><x>718</x><y>508</y></pt><pt><x>692</x><y>507</y></pt><pt><x>670</x><y>515</y></pt><pt><x>665</x><y>518</y></pt><pt><x>617</x><y>518</y></pt></polygon></object><object><name>glass</name><deleted>0</deleted><verified>0</verified><date>19-Jun-2012 20:09:09</date><id>5</id><polygon><username>sandy</username><pt><x>614</x><y>447</y></pt><pt><x>615</x><y>481</y></pt><pt><x>621</x><y>488</y></pt><pt><x>633</x><y>490</y></pt><pt><x>649</x><y>488</y></pt><pt><x>649</x><y>443</y></pt><pt><x>641</x><y>438</y></pt><pt><x>632</x><y>437</y></pt><pt><x>621</x><y>439</y></pt></polygon></object><object><name>glass</name><deleted>0</deleted><verified>0</verified><date>19-Jun-2012 20:09:09</date><id>6</id><polygon><username>sandy</username><pt><x>623</x><y>422</y></pt><pt><x>625</x><y>455</y></pt><pt><x>636</x><y>461</y></pt><pt><x>644</x><y>459</y></pt><pt><x>647</x><y>458</y></pt><pt><x>650</x><y>418</y></pt><pt><x>644</x><y>417</y></pt><pt><x>636</x><y>415</y></pt></polygon></object><object><name>glass</name><deleted>0</deleted><verified>0</verified><date>19-Jun-2012 20:09:09</date><id>7</id><polygon><username>sandy</username><pt><x>734</x><y>436</y></pt><pt><x>735</x><y>471</y></pt><pt><x>743</x><y>479</y></pt><pt><x>752</x><y>483</y></pt><pt><x>760</x><y>479</y></pt><pt><x>766</x><y>476</y></pt><pt><x>769</x><y>469</y></pt><pt><x>770</x><y>433</y></pt><pt><x>761</x><y>428</y></pt><pt><x>753</x><y>429</y></pt><pt><x>744</x><y>429</y></pt></polygon></object><object><name>glass</name><deleted>0</deleted><verified>0</verified><date>19-Jun-2012 20:09:09</date><id>8</id><polygon><username>sandy</username><pt><x>732</x><y>508</y></pt><pt><x>750</x><y>512</y></pt><pt><x>766</x><y>509</y></pt><pt><x>767</x><y>460</y></pt><pt><x>749</x><y>456</y></pt><pt><x>736</x><y>453</y></pt><pt><x>729</x><y>461</y></pt><pt><x>728</x><y>469</y></pt></polygon></object><object><name>tap</name><deleted>0</deleted><verified>0</verified><date>19-Jun-2012 20:09:09</date><id>9</id><polygon><username>sandy</username><pt><x>402</x><y>390</y></pt><pt><x>405</x><y>404</y></pt><pt><x>409</x><y>412</y></pt><pt><x>417</x><y>413</y></pt><pt><x>423</x><y>423</y></pt><pt><x>430</x><y>427</y></pt><pt><x>437</x><y>430</y></pt><pt><x>429</x><y>436</y></pt><pt><x>417</x><y>433</y></pt><pt><x>384</x><y>431</y></pt><pt><x>375</x><y>428</y></pt><pt><x>373</x><y>425</y></pt><pt><x>376</x><y>417</y></pt><pt><x>377</x><y>412</y></pt><pt><x>386</x><y>410</y></pt><pt><x>387</x><y>405</y></pt><pt><x>382</x><y>399</y></pt><pt><x>382</x><y>390</y></pt><pt><x>388</x><y>385</y></pt><pt><x>396</x><y>386</y></pt></polygon></object><object><name>tap</name><deleted>0</deleted><verified>0</verified><date>19-Jun-2012 20:09:09</date><id>10</id><polygon><username>sandy</username><pt><x>145</x><y>402</y></pt><pt><x>155</x><y>423</y></pt><pt><x>156</x><y>438</y></pt><pt><x>152</x><y>450</y></pt><pt><x>143</x><y>454</y></pt><pt><x>132</x><y>456</y></pt><pt><x>123</x><y>450</y></pt><pt><x>117</x><y>444</y></pt><pt><x>111</x><y>431</y></pt><pt><x>110</x><y>415</y></pt><pt><x>115</x><y>404</y></pt><pt><x>128</x><y>399</y></pt><pt><x>137</x><y>400</y></pt></polygon></object><object><name>tap</name><deleted>0</deleted><verified>0</verified><date>19-Jun-2012 20:09:09</date><id>11</id><polygon><username>sandy</username><pt><x>133</x><y>469</y></pt><pt><x>118</x><y>480</y></pt><pt><x>115</x><y>482</y></pt><pt><x>107</x><y>482</y></pt><pt><x>105</x><y>494</y></pt><pt><x>108</x><y>503</y></pt><pt><x>114</x><y>501</y></pt><pt><x>115</x><y>494</y></pt><pt><x>123</x><y>490</y></pt><pt><x>127</x><y>494</y></pt><pt><x>134</x><y>493</y></pt><pt><x>139</x><y>487</y></pt><pt><x>139</x><y>479</y></pt></polygon></object><object><name>icebucket</name><deleted>0</deleted><verified>0</verified><date>19-Jun-2012 20:09:09</date><id>12</id><polygon><username>sandy</username><pt><x>644</x><y>396</y></pt><pt><x>657</x><y>478</y></pt><pt><x>675</x><y>489</y></pt><pt><x>711</x><y>490</y></pt><pt><x>721</x><y>483</y></pt><pt><x>731</x><y>415</y></pt><pt><x>735</x><y>408</y></pt><pt><x>735</x><y>397</y></pt><pt><x>725</x><y>387</y></pt><pt><x>708</x><y>388</y></pt><pt><x>705</x><y>383</y></pt><pt><x>700</x><y>382</y></pt><pt><x>692</x><y>379</y></pt><pt><x>683</x><y>381</y></pt><pt><x>677</x><y>383</y></pt><pt><x>659</x><y>383</y></pt><pt><x>652</x><y>388</y></pt></polygon></object><object><name>soap</name><deleted>0</deleted><verified>0</verified><date>19-Jun-2012 20:09:09</date><id>13</id><polygon><username>sandy</username><pt><x>512</x><y>427</y></pt><pt><x>509</x><y>433</y></pt><pt><x>509</x><y>437</y></pt><pt><x>538</x><y>442</y></pt><pt><x>541</x><y>435</y></pt><pt><x>535</x><y>430</y></pt><pt><x>522</x><y>431</y></pt></polygon></object><object><name>basket</name><deleted>0</deleted><verified>0</verified><date>19-Jun-2012 20:09:09</date><id>14</id><polygon><username>sandy</username><pt><x>263</x><y>403</y></pt><pt><x>277</x><y>422</y></pt><pt><x>294</x><y>423</y></pt><pt><x>308</x><y>420</y></pt><pt><x>316</x><y>415</y></pt><pt><x>319</x><y>408</y></pt><pt><x>321</x><y>390</y></pt><pt><x>302</x><y>388</y></pt><pt><x>290</x><y>389</y></pt><pt><x>280</x><y>393</y></pt></polygon></object><object><name>showercurtain</name><deleted>0</deleted><verified>0</verified><date>19-Jun-2012 20:09:09</date><id>15</id><polygon><username>sandy</username><pt><x>434</x><y>66</y></pt><pt><x>407</x><y>252</y></pt><pt><x>471</x><y>252</y></pt><pt><x>472</x><y>65</y></pt></polygon></object><object><name>counter</name><deleted>0</deleted><verified>0</verified><date>19-Jun-2012 20:09:09</date><id>16</id><polygon><username>sandy</username><pt><x>142</x><y>467</y></pt><pt><x>281</x><y>400</y></pt><pt><x>799</x><y>484</y></pt><pt><x>798</x><y>531</y></pt><pt><x>575</x><y>498</y></pt><pt><x>536</x><y>557</y></pt><pt><x>513</x><y>564</y></pt><pt><x>138</x><y>481</y></pt></polygon></object><object><name>tray</name><deleted>0</deleted><verified>0</verified><date>19-Jun-2012 20:09:09</date><id>17</id><polygon><username>sandy</username><pt><x>603</x><y>491</y></pt><pt><x>624</x><y>449</y></pt><pt><x>776</x><y>471</y></pt><pt><x>767</x><y>521</y></pt></polygon></object><object><name>sink</name><deleted>0</deleted><verified>0</verified><date>19-Jun-2012 20:09:09</date><id>18</id><polygon><username>sandy</username><pt><x>476</x><y>440</y></pt><pt><x>483</x><y>460</y></pt><pt><x>481</x><y>471</y></pt><pt><x>446</x><y>495</y></pt><pt><x>372</x><y>511</y></pt><pt><x>317</x><y>505</y></pt><pt><x>278</x><y>494</y></pt><pt><x>264</x><y>479</y></pt><pt><x>258</x><y>469</y></pt><pt><x>260</x><y>454</y></pt><pt><x>290</x><y>434</y></pt><pt><x>346</x><y>419</y></pt><pt><x>391</x><y>416</y></pt><pt><x>439</x><y>425</y></pt><pt><x>464</x><y>435</y></pt></polygon></object><object><name>showercurtain</name><deleted>0</deleted><verified>0</verified><date>19-Jun-2012 20:09:09</date><id>19</id><polygon><username>sandy</username><pt><x>2</x><y>393</y></pt><pt><x>36</x><y>596</y></pt><pt><x>2</x><y>594</y></pt></polygon></object><imagesize><nrows>600</nrows><ncols>800</ncols></imagesize></annotation>