<annotation><filename>b_barbeque_barbeque_000532.jpg</filename><folder>100images</folder><source><sourceImage>The MIT-CSAIL database of objects and scenes</sourceImage><sourceAnnotation>LabelMe Webtool</sourceAnnotation></source><object><name>man</name><deleted>0</deleted><verified>0</verified><date>18-Jun-2012 22:29:02</date><id>0</id><polygon><username>sandy</username><pt><x>326</x><y>379</y></pt><pt><x>317</x><y>355</y></pt><pt><x>309</x><y>344</y></pt><pt><x>307</x><y>327</y></pt><pt><x>302</x><y>311</y></pt><pt><x>327</x><y>315</y></pt><pt><x>353</x><y>313</y></pt><pt><x>377</x><y>316</y></pt><pt><x>388</x><y>323</y></pt><pt><x>401</x><y>319</y></pt><pt><x>410</x><y>317</y></pt><pt><x>414</x><y>314</y></pt><pt><x>413</x><y>304</y></pt><pt><x>404</x><y>296</y></pt><pt><x>395</x><y>293</y></pt><pt><x>379</x><y>292</y></pt><pt><x>367</x><y>290</y></pt><pt><x>341</x><y>291</y></pt><pt><x>315</x><y>284</y></pt><pt><x>320</x><y>253</y></pt><pt><x>328</x><y>249</y></pt><pt><x>334</x><y>239</y></pt><pt><x>344</x><y>233</y></pt><pt><x>339</x><y>219</y></pt><pt><x>336</x><y>214</y></pt><pt><x>328</x><y>214</y></pt><pt><x>322</x><y>210</y></pt><pt><x>318</x><y>210</y></pt><pt><x>310</x><y>224</y></pt><pt><x>307</x><y>226</y></pt><pt><x>304</x><y>241</y></pt><pt><x>302</x><y>249</y></pt><pt><x>301</x><y>255</y></pt><pt><x>289</x><y>251</y></pt><pt><x>283</x><y>248</y></pt><pt><x>275</x><y>230</y></pt><pt><x>271</x><y>223</y></pt><pt><x>272</x><y>218</y></pt><pt><x>268</x><y>212</y></pt><pt><x>269</x><y>201</y></pt><pt><x>278</x><y>185</y></pt><pt><x>280</x><y>174</y></pt><pt><x>283</x><y>159</y></pt><pt><x>282</x><y>147</y></pt><pt><x>277</x><y>140</y></pt><pt><x>271</x><y>136</y></pt><pt><x>265</x><y>131</y></pt><pt><x>252</x><y>132</y></pt><pt><x>243</x><y>132</y></pt><pt><x>232</x><y>145</y></pt><pt><x>228</x><y>161</y></pt><pt><x>227</x><y>164</y></pt><pt><x>224</x><y>172</y></pt><pt><x>228</x><y>178</y></pt><pt><x>231</x><y>182</y></pt><pt><x>233</x><y>192</y></pt><pt><x>227</x><y>192</y></pt><pt><x>225</x><y>205</y></pt><pt><x>225</x><y>208</y></pt><pt><x>216</x><y>215</y></pt><pt><x>213</x><y>224</y></pt><pt><x>211</x><y>232</y></pt><pt><x>210</x><y>240</y></pt><pt><x>210</x><y>264</y></pt><pt><x>216</x><y>288</y></pt><pt><x>217</x><y>314</y></pt><pt><x>219</x><y>365</y></pt><pt><x>226</x><y>393</y></pt><pt><x>235</x><y>395</y></pt><pt><x>242</x><y>415</y></pt><pt><x>251</x><y>424</y></pt><pt><x>262</x><y>449</y></pt><pt><x>259</x><y>466</y></pt><pt><x>256</x><y>482</y></pt><pt><x>251</x><y>498</y></pt><pt><x>246</x><y>535</y></pt><pt><x>238</x><y>567</y></pt><pt><x>237</x><y>587</y></pt><pt><x>239</x><y>595</y></pt><pt><x>241</x><y>599</y></pt><pt><x>315</x><y>598</y></pt><pt><x>316</x><y>593</y></pt><pt><x>308</x><y>586</y></pt><pt><x>301</x><y>586</y></pt><pt><x>299</x><y>586</y></pt><pt><x>300</x><y>570</y></pt><pt><x>300</x><y>557</y></pt><pt><x>305</x><y>550</y></pt><pt><x>310</x><y>537</y></pt><pt><x>316</x><y>528</y></pt><pt><x>321</x><y>520</y></pt><pt><x>320</x><y>491</y></pt><pt><x>318</x><y>475</y></pt><pt><x>317</x><y>433</y></pt><pt><x>318</x><y>410</y></pt><pt><x>318</x><y>400</y></pt><pt><x>318</x><y>390</y></pt></polygon></object><object><name>charcoal</name><deleted>0</deleted><verified>0</verified><date>18-Jun-2012 22:29:02</date><id>1</id><polygon><username>sandy</username><pt><x>387</x><y>558</y></pt><pt><x>389</x><y>479</y></pt><pt><x>388</x><y>453</y></pt><pt><x>386</x><y>438</y></pt><pt><x>315</x><y>441</y></pt><pt><x>320</x><y>552</y></pt><pt><x>323</x><y>560</y></pt></polygon></object><object><name>charcoal</name><deleted>0</deleted><verified>0</verified><date>18-Jun-2012 22:29:02</date><id>2</id><polygon><username>sandy</username><pt><x>410</x><y>543</y></pt><pt><x>388</x><y>533</y></pt><pt><x>387</x><y>460</y></pt><pt><x>386</x><y>442</y></pt><pt><x>437</x><y>449</y></pt><pt><x>445</x><y>477</y></pt><pt><x>447</x><y>508</y></pt><pt><x>445</x><y>525</y></pt></polygon></object><object><name>plants</name><deleted>0</deleted><verified>0</verified><date>18-Jun-2012 22:29:02</date><id>3</id><polygon><username>sandy</username><pt><x>798</x><y>532</y></pt><pt><x>769</x><y>532</y></pt><pt><x>741</x><y>536</y></pt><pt><x>723</x><y>531</y></pt><pt><x>703</x><y>532</y></pt><pt><x>692</x><y>534</y></pt><pt><x>689</x><y>548</y></pt><pt><x>683</x><y>567</y></pt><pt><x>689</x><y>578</y></pt><pt><x>700</x><y>581</y></pt><pt><x>707</x><y>586</y></pt><pt><x>699</x><y>588</y></pt><pt><x>686</x><y>587</y></pt><pt><x>669</x><y>591</y></pt><pt><x>662</x><y>593</y></pt><pt><x>666</x><y>530</y></pt><pt><x>671</x><y>473</y></pt><pt><x>670</x><y>440</y></pt><pt><x>674</x><y>420</y></pt><pt><x>675</x><y>414</y></pt><pt><x>663</x><y>403</y></pt><pt><x>660</x><y>397</y></pt><pt><x>663</x><y>351</y></pt><pt><x>668</x><y>289</y></pt><pt><x>664</x><y>265</y></pt><pt><x>660</x><y>211</y></pt><pt><x>654</x><y>188</y></pt><pt><x>652</x><y>164</y></pt><pt><x>650</x><y>146</y></pt><pt><x>645</x><y>99</y></pt><pt><x>796</x><y>102</y></pt></polygon></object><object><name>plants</name><deleted>0</deleted><verified>0</verified><date>18-Jun-2012 22:29:02</date><id>4</id><polygon><username>sandy</username><pt><x>91</x><y>228</y></pt><pt><x>108</x><y>263</y></pt><pt><x>125</x><y>310</y></pt><pt><x>131</x><y>334</y></pt><pt><x>138</x><y>342</y></pt><pt><x>145</x><y>332</y></pt><pt><x>146</x><y>298</y></pt><pt><x>150</x><y>267</y></pt><pt><x>154</x><y>245</y></pt><pt><x>159</x><y>212</y></pt><pt><x>165</x><y>245</y></pt><pt><x>166</x><y>267</y></pt><pt><x>171</x><y>260</y></pt><pt><x>174</x><y>300</y></pt><pt><x>183</x><y>299</y></pt><pt><x>188</x><y>304</y></pt><pt><x>193</x><y>291</y></pt><pt><x>194</x><y>280</y></pt><pt><x>200</x><y>268</y></pt><pt><x>206</x><y>256</y></pt><pt><x>214</x><y>249</y></pt><pt><x>217</x><y>290</y></pt><pt><x>214</x><y>305</y></pt><pt><x>225</x><y>292</y></pt><pt><x>228</x><y>300</y></pt><pt><x>254</x><y>374</y></pt><pt><x>263</x><y>427</y></pt><pt><x>251</x><y>439</y></pt><pt><x>235</x><y>440</y></pt><pt><x>221</x><y>443</y></pt><pt><x>206</x><y>433</y></pt><pt><x>197</x><y>430</y></pt><pt><x>186</x><y>429</y></pt><pt><x>172</x><y>436</y></pt><pt><x>158</x><y>442</y></pt><pt><x>157</x><y>442</y></pt><pt><x>150</x><y>434</y></pt><pt><x>138</x><y>437</y></pt><pt><x>131</x><y>428</y></pt><pt><x>130</x><y>415</y></pt><pt><x>122</x><y>403</y></pt><pt><x>119</x><y>390</y></pt><pt><x>120</x><y>388</y></pt><pt><x>108</x><y>385</y></pt><pt><x>98</x><y>383</y></pt><pt><x>79</x><y>383</y></pt><pt><x>78</x><y>344</y></pt><pt><x>88</x><y>345</y></pt><pt><x>98</x><y>355</y></pt><pt><x>105</x><y>352</y></pt><pt><x>95</x><y>328</y></pt><pt><x>91</x><y>321</y></pt><pt><x>89</x><y>291</y></pt><pt><x>86</x><y>273</y></pt><pt><x>85</x><y>254</y></pt><pt><x>85</x><y>237</y></pt></polygon></object><object><name>plants</name><deleted>0</deleted><verified>0</verified><date>18-Jun-2012 22:29:02</date><id>5</id><polygon><username>sandy</username><pt><x>294</x><y>123</y></pt><pt><x>302</x><y>148</y></pt><pt><x>295</x><y>250</y></pt><pt><x>295</x><y>276</y></pt><pt><x>209</x><y>260</y></pt><pt><x>99</x><y>235</y></pt><pt><x>154</x><y>233</y></pt><pt><x>210</x><y>247</y></pt><pt><x>272</x><y>221</y></pt><pt><x>274</x><y>209</y></pt><pt><x>264</x><y>187</y></pt><pt><x>269</x><y>175</y></pt><pt><x>278</x><y>166</y></pt><pt><x>290</x><y>167</y></pt><pt><x>295</x><y>173</y></pt><pt><x>292</x><y>155</y></pt><pt><x>293</x><y>144</y></pt></polygon></object><object><name>tongs</name><deleted>0</deleted><verified>0</verified><date>18-Jun-2012 22:29:02</date><id>6</id><polygon><username>sandy</username><pt><x>498</x><y>296</y></pt><pt><x>500</x><y>313</y></pt><pt><x>476</x><y>312</y></pt><pt><x>473</x><y>310</y></pt><pt><x>437</x><y>312</y></pt><pt><x>428</x><y>307</y></pt><pt><x>415</x><y>313</y></pt><pt><x>410</x><y>305</y></pt><pt><x>427</x><y>305</y></pt><pt><x>441</x><y>300</y></pt><pt><x>469</x><y>297</y></pt><pt><x>479</x><y>294</y></pt></polygon></object><object><name>chimney</name><deleted>0</deleted><verified>0</verified><date>18-Jun-2012 22:29:02</date><id>7</id><polygon><username>sandy</username><pt><x>305</x><y>74</y></pt><pt><x>307</x><y>4</y></pt><pt><x>634</x><y>0</y></pt><pt><x>643</x><y>100</y></pt><pt><x>653</x><y>186</y></pt><pt><x>660</x><y>205</y></pt><pt><x>662</x><y>313</y></pt><pt><x>664</x><y>407</y></pt><pt><x>662</x><y>417</y></pt><pt><x>664</x><y>466</y></pt><pt><x>520</x><y>507</y></pt><pt><x>315</x><y>402</y></pt><pt><x>298</x><y>385</y></pt><pt><x>295</x><y>241</y></pt><pt><x>299</x><y>188</y></pt><pt><x>303</x><y>127</y></pt></polygon></object><object><name>barbecue</name><deleted>1</deleted><verified>0</verified><date>18-Jun-2012 22:29:02</date><id>8</id><polygon><username>sandy</username><pt><x>413</x><y>390</y></pt><pt><x>414</x><y>297</y></pt><pt><x>488</x><y>287</y></pt><pt><x>494</x><y>292</y></pt><pt><x>500</x><y>308</y></pt><pt><x>501</x><y>332</y></pt><pt><x>502</x><y>420</y></pt><pt><x>500</x><y>423</y></pt></polygon></object><object><name>meat</name><deleted>0</deleted><verified>0</verified><date>18-Jun-2012 22:29:02</date><id>9</id><polygon><username>sandy</username><pt><x>496</x><y>321</y></pt><pt><x>423</x><y>298</y></pt><pt><x>487</x><y>289</y></pt><pt><x>497</x><y>293</y></pt><pt><x>500</x><y>304</y></pt></polygon></object><object><name>grill</name><deleted>0</deleted><verified>0</verified><date>18-Jun-2012 22:29:02</date><id>10</id><polygon><username>sandy</username><pt><x>463</x><y>320</y></pt><pt><x>456</x><y>322</y></pt><pt><x>449</x><y>326</y></pt><pt><x>451</x><y>331</y></pt><pt><x>459</x><y>334</y></pt><pt><x>470</x><y>331</y></pt><pt><x>482</x><y>327</y></pt><pt><x>492</x><y>327</y></pt><pt><x>500</x><y>323</y></pt><pt><x>500</x><y>310</y></pt><pt><x>493</x><y>292</y></pt><pt><x>489</x><y>286</y></pt><pt><x>419</x><y>299</y></pt><pt><x>430</x><y>306</y></pt><pt><x>456</x><y>309</y></pt><pt><x>477</x><y>317</y></pt></polygon></object><object><name>grill</name><deleted>0</deleted><verified>0</verified><date>18-Jun-2012 22:29:02</date><id>11</id><polygon><username>sandy</username><pt><x>194</x><y>485</y></pt><pt><x>201</x><y>573</y></pt><pt><x>280</x><y>555</y></pt><pt><x>262</x><y>471</y></pt><pt><x>202</x><y>483</y></pt><pt><x>200</x><y>464</y></pt><pt><x>200</x><y>441</y></pt><pt><x>199</x><y>433</y></pt><pt><x>195</x><y>428</y></pt><pt><x>191</x><y>434</y></pt><pt><x>193</x><y>451</y></pt><pt><x>194</x><y>465</y></pt><pt><x>196</x><y>466</y></pt></polygon></object><object><name>tree</name><deleted>0</deleted><verified>0</verified><date>18-Jun-2012 22:29:02</date><id>12</id><polygon><username>sandy</username><pt><x>584</x><y>9</y></pt><pt><x>576</x><y>39</y></pt><pt><x>565</x><y>64</y></pt><pt><x>564</x><y>109</y></pt><pt><x>577</x><y>117</y></pt><pt><x>608</x><y>148</y></pt><pt><x>637</x><y>148</y></pt><pt><x>688</x><y>154</y></pt><pt><x>716</x><y>158</y></pt><pt><x>732</x><y>166</y></pt><pt><x>795</x><y>243</y></pt><pt><x>797</x><y>243</y></pt><pt><x>799</x><y>5</y></pt><pt><x>798</x><y>3</y></pt><pt><x>590</x><y>3</y></pt></polygon></object><object><name>tree</name><deleted>0</deleted><verified>0</verified><date>18-Jun-2012 22:29:02</date><id>13</id><polygon><username>sandy</username><pt><x>259</x><y>111</y></pt><pt><x>247</x><y>98</y></pt><pt><x>241</x><y>87</y></pt><pt><x>256</x><y>92</y></pt><pt><x>256</x><y>74</y></pt><pt><x>232</x><y>66</y></pt><pt><x>204</x><y>65</y></pt><pt><x>195</x><y>64</y></pt><pt><x>184</x><y>61</y></pt><pt><x>176</x><y>59</y></pt><pt><x>177</x><y>51</y></pt><pt><x>193</x><y>53</y></pt><pt><x>202</x><y>54</y></pt><pt><x>241</x><y>63</y></pt><pt><x>257</x><y>65</y></pt><pt><x>252</x><y>36</y></pt><pt><x>222</x><y>41</y></pt><pt><x>210</x><y>40</y></pt><pt><x>201</x><y>41</y></pt><pt><x>193</x><y>36</y></pt><pt><x>197</x><y>27</y></pt><pt><x>210</x><y>27</y></pt><pt><x>222</x><y>34</y></pt><pt><x>236</x><y>30</y></pt><pt><x>253</x><y>32</y></pt><pt><x>255</x><y>11</y></pt><pt><x>249</x><y>7</y></pt><pt><x>242</x><y>4</y></pt><pt><x>234</x><y>0</y></pt><pt><x>291</x><y>4</y></pt><pt><x>285</x><y>15</y></pt><pt><x>308</x><y>18</y></pt><pt><x>307</x><y>24</y></pt><pt><x>287</x><y>23</y></pt><pt><x>279</x><y>24</y></pt><pt><x>271</x><y>31</y></pt><pt><x>267</x><y>40</y></pt><pt><x>265</x><y>47</y></pt><pt><x>265</x><y>55</y></pt><pt><x>281</x><y>62</y></pt><pt><x>293</x><y>61</y></pt><pt><x>299</x><y>60</y></pt><pt><x>305</x><y>57</y></pt><pt><x>308</x><y>60</y></pt><pt><x>306</x><y>66</y></pt><pt><x>296</x><y>67</y></pt><pt><x>287</x><y>65</y></pt><pt><x>271</x><y>63</y></pt><pt><x>267</x><y>62</y></pt><pt><x>267</x><y>76</y></pt><pt><x>269</x><y>81</y></pt><pt><x>285</x><y>73</y></pt><pt><x>293</x><y>73</y></pt><pt><x>302</x><y>72</y></pt><pt><x>308</x><y>76</y></pt><pt><x>303</x><y>80</y></pt><pt><x>293</x><y>77</y></pt><pt><x>284</x><y>78</y></pt><pt><x>274</x><y>82</y></pt><pt><x>268</x><y>87</y></pt><pt><x>270</x><y>114</y></pt><pt><x>271</x><y>130</y></pt><pt><x>259</x><y>133</y></pt><pt><x>257</x><y>127</y></pt></polygon></object><object><name>tree</name><deleted>0</deleted><verified>0</verified><date>18-Jun-2012 22:29:02</date><id>14</id><polygon><username>sandy</username><pt><x>94</x><y>599</y></pt><pt><x>83</x><y>445</y></pt><pt><x>75</x><y>361</y></pt><pt><x>71</x><y>256</y></pt><pt><x>69</x><y>170</y></pt><pt><x>67</x><y>63</y></pt><pt><x>67</x><y>3</y></pt><pt><x>3</x><y>6</y></pt><pt><x>3</x><y>118</y></pt><pt><x>6</x><y>214</y></pt><pt><x>9</x><y>331</y></pt><pt><x>18</x><y>440</y></pt><pt><x>26</x><y>527</y></pt><pt><x>31</x><y>598</y></pt></polygon></object><object><name>window</name><deleted>0</deleted><verified>0</verified><date>18-Jun-2012 22:29:02</date><id>15</id><polygon><username>sandy</username><pt><x>194</x><y>9</y></pt><pt><x>197</x><y>99</y></pt><pt><x>233</x><y>103</y></pt><pt><x>232</x><y>15</y></pt></polygon></object><object><name>meat</name><deleted>0</deleted><verified>0</verified><date>18-Jun-2012 22:29:02</date><id>16</id><polygon><username>sandy</username><pt><x>341</x><y>371</y></pt><pt><x>358</x><y>377</y></pt><pt><x>382</x><y>373</y></pt><pt><x>380</x><y>363</y></pt></polygon></object><imagesize><nrows>600</nrows><ncols>800</ncols></imagesize><object><name>railing</name><deleted>0</deleted><verified>0</verified><date>16-Jul-2012 11:14:17</date><id>17</id><polygon><username>sandy</username><pt><x>170</x><y>63</y></pt><pt><x>172</x><y>100</y></pt><pt><x>254</x><y>106</y></pt><pt><x>257</x><y>77</y></pt></polygon></object><object><name>barbecue</name><deleted>0</deleted><verified>0</verified><date>16-Jul-2012 11:14:17</date><id>18</id><polygon><username>sandy</username><pt><x>412</x><y>396</y></pt><pt><x>500</x><y>430</y></pt><pt><x>498</x><y>331</y></pt><pt><x>415</x><y>307</y></pt></polygon></object></annotation>
