<annotation><filename>b_bathroom_bathroom_flikrrealestate_59.jpg</filename><folder>100images</folder><source><sourceImage>The MIT-CSAIL database of objects and scenes</sourceImage><sourceAnnotation>LabelMe Webtool</sourceAnnotation></source><object><name>shower</name><deleted>0</deleted><verified>0</verified><date>19-Jun-2012 19:46:08</date><id>0</id><polygon><username>sandy</username><pt><x>217</x><y>156</y></pt><pt><x>218</x><y>384</y></pt><pt><x>349</x><y>598</y></pt><pt><x>382</x><y>599</y></pt><pt><x>514</x><y>536</y></pt><pt><x>513</x><y>514</y></pt><pt><x>503</x><y>506</y></pt><pt><x>508</x><y>165</y></pt><pt><x>298</x><y>95</y></pt></polygon></object><object><name>bath</name><deleted>0</deleted><verified>0</verified><date>19-Jun-2012 19:46:08</date><id>1</id><polygon><username>sandy</username><pt><x>156</x><y>465</y></pt><pt><x>249</x><y>562</y></pt><pt><x>255</x><y>596</y></pt><pt><x>254</x><y>599</y></pt><pt><x>2</x><y>596</y></pt><pt><x>5</x><y>497</y></pt></polygon></object><object><name>flowers</name><deleted>0</deleted><verified>0</verified><date>19-Jun-2012 19:46:08</date><id>2</id><polygon><username>sandy</username><pt><x>203</x><y>380</y></pt><pt><x>212</x><y>334</y></pt><pt><x>221</x><y>311</y></pt><pt><x>229</x><y>302</y></pt><pt><x>237</x><y>300</y></pt><pt><x>245</x><y>293</y></pt><pt><x>243</x><y>286</y></pt><pt><x>237</x><y>285</y></pt><pt><x>231</x><y>285</y></pt><pt><x>224</x><y>293</y></pt><pt><x>223</x><y>286</y></pt><pt><x>229</x><y>275</y></pt><pt><x>232</x><y>269</y></pt><pt><x>241</x><y>266</y></pt><pt><x>245</x><y>263</y></pt><pt><x>245</x><y>252</y></pt><pt><x>239</x><y>244</y></pt><pt><x>231</x><y>244</y></pt><pt><x>221</x><y>244</y></pt><pt><x>212</x><y>251</y></pt><pt><x>208</x><y>239</y></pt><pt><x>196</x><y>234</y></pt><pt><x>187</x><y>238</y></pt><pt><x>192</x><y>246</y></pt><pt><x>188</x><y>254</y></pt><pt><x>181</x><y>248</y></pt><pt><x>178</x><y>244</y></pt><pt><x>172</x><y>244</y></pt><pt><x>166</x><y>242</y></pt><pt><x>162</x><y>236</y></pt><pt><x>148</x><y>239</y></pt><pt><x>143</x><y>247</y></pt><pt><x>136</x><y>245</y></pt><pt><x>136</x><y>255</y></pt><pt><x>144</x><y>261</y></pt><pt><x>159</x><y>271</y></pt><pt><x>165</x><y>287</y></pt><pt><x>167</x><y>303</y></pt><pt><x>169</x><y>307</y></pt><pt><x>160</x><y>300</y></pt><pt><x>155</x><y>291</y></pt><pt><x>143</x><y>291</y></pt><pt><x>140</x><y>298</y></pt><pt><x>153</x><y>304</y></pt><pt><x>168</x><y>317</y></pt><pt><x>174</x><y>329</y></pt><pt><x>176</x><y>343</y></pt><pt><x>180</x><y>384</y></pt></polygon></object><object><name>sink</name><deleted>0</deleted><verified>0</verified><date>19-Jun-2012 19:46:08</date><id>3</id><polygon><username>sandy</username><pt><x>625</x><y>362</y></pt><pt><x>675</x><y>367</y></pt><pt><x>689</x><y>371</y></pt><pt><x>672</x><y>377</y></pt><pt><x>633</x><y>375</y></pt><pt><x>603</x><y>371</y></pt><pt><x>596</x><y>365</y></pt><pt><x>602</x><y>363</y></pt><pt><x>612</x><y>361</y></pt></polygon></object><object><name>sink</name><deleted>0</deleted><verified>0</verified><date>19-Jun-2012 19:46:08</date><id>4</id><polygon><username>sandy</username><pt><x>799</x><y>379</y></pt><pt><x>782</x><y>380</y></pt><pt><x>773</x><y>381</y></pt><pt><x>776</x><y>388</y></pt><pt><x>788</x><y>389</y></pt><pt><x>798</x><y>391</y></pt></polygon></object><object><name>window</name><deleted>0</deleted><verified>0</verified><date>19-Jun-2012 19:46:08</date><id>5</id><polygon><username>sandy</username><pt><x>113</x><y>382</y></pt><pt><x>113</x><y>124</y></pt><pt><x>0</x><y>103</y></pt><pt><x>2</x><y>395</y></pt></polygon></object><object><name>mirror</name><deleted>0</deleted><verified>0</verified><date>19-Jun-2012 19:46:08</date><id>6</id><polygon><username>sandy</username><pt><x>595</x><y>162</y></pt><pt><x>593</x><y>336</y></pt><pt><x>799</x><y>353</y></pt><pt><x>798</x><y>116</y></pt></polygon></object><object><name>tap</name><deleted>0</deleted><verified>0</verified><date>19-Jun-2012 19:46:08</date><id>7</id><polygon><username>sandy</username><pt><x>665</x><y>355</y></pt><pt><x>679</x><y>354</y></pt><pt><x>678</x><y>347</y></pt><pt><x>656</x><y>347</y></pt><pt><x>655</x><y>339</y></pt><pt><x>654</x><y>335</y></pt><pt><x>649</x><y>334</y></pt><pt><x>645</x><y>339</y></pt><pt><x>641</x><y>343</y></pt><pt><x>640</x><y>343</y></pt><pt><x>633</x><y>343</y></pt><pt><x>629</x><y>349</y></pt><pt><x>641</x><y>349</y></pt><pt><x>639</x><y>356</y></pt><pt><x>637</x><y>363</y></pt><pt><x>660</x><y>364</y></pt></polygon></object><object><name>light</name><deleted>0</deleted><verified>0</verified><date>19-Jun-2012 19:46:08</date><id>8</id><polygon><username>sandy</username><pt><x>673</x><y>106</y></pt><pt><x>686</x><y>116</y></pt><pt><x>701</x><y>126</y></pt><pt><x>701</x><y>134</y></pt><pt><x>689</x><y>142</y></pt><pt><x>681</x><y>146</y></pt><pt><x>674</x><y>145</y></pt><pt><x>662</x><y>144</y></pt><pt><x>657</x><y>149</y></pt><pt><x>648</x><y>151</y></pt><pt><x>643</x><y>152</y></pt><pt><x>639</x><y>156</y></pt><pt><x>631</x><y>157</y></pt><pt><x>621</x><y>153</y></pt><pt><x>613</x><y>148</y></pt><pt><x>618</x><y>139</y></pt><pt><x>623</x><y>133</y></pt><pt><x>629</x><y>125</y></pt><pt><x>637</x><y>119</y></pt><pt><x>641</x><y>113</y></pt><pt><x>647</x><y>112</y></pt><pt><x>651</x><y>107</y></pt><pt><x>658</x><y>107</y></pt><pt><x>660</x><y>109</y></pt></polygon></object><object><name>light</name><deleted>0</deleted><verified>0</verified><date>19-Jun-2012 19:46:08</date><id>9</id><polygon><username>sandy</username><pt><x>781</x><y>109</y></pt><pt><x>788</x><y>99</y></pt><pt><x>794</x><y>89</y></pt><pt><x>798</x><y>86</y></pt><pt><x>797</x><y>115</y></pt><pt><x>788</x><y>114</y></pt></polygon></object><object><name>towel</name><deleted>0</deleted><verified>0</verified><date>19-Jun-2012 19:46:08</date><id>10</id><polygon><username>sandy</username><pt><x>612</x><y>293</y></pt><pt><x>617</x><y>341</y></pt><pt><x>603</x><y>343</y></pt><pt><x>583</x><y>344</y></pt><pt><x>583</x><y>309</y></pt><pt><x>585</x><y>294</y></pt><pt><x>597</x><y>294</y></pt></polygon></object><object><name>vase</name><deleted>0</deleted><verified>0</verified><date>19-Jun-2012 19:46:08</date><id>11</id><polygon><username>sandy</username><pt><x>168</x><y>337</y></pt><pt><x>176</x><y>360</y></pt><pt><x>177</x><y>379</y></pt><pt><x>178</x><y>392</y></pt><pt><x>204</x><y>392</y></pt><pt><x>206</x><y>361</y></pt><pt><x>208</x><y>345</y></pt><pt><x>211</x><y>333</y></pt><pt><x>195</x><y>335</y></pt><pt><x>177</x><y>335</y></pt></polygon></object><object><name>sponge</name><deleted>0</deleted><verified>0</verified><date>19-Jun-2012 19:46:08</date><id>12</id><polygon><username>sandy</username><pt><x>742</x><y>314</y></pt><pt><x>740</x><y>352</y></pt><pt><x>712</x><y>352</y></pt><pt><x>708</x><y>309</y></pt></polygon></object><object><name>drawers</name><deleted>0</deleted><verified>0</verified><date>19-Jun-2012 19:46:08</date><id>13</id><polygon><username>sandy</username><pt><x>671</x><y>393</y></pt><pt><x>671</x><y>555</y></pt><pt><x>741</x><y>578</y></pt><pt><x>742</x><y>397</y></pt></polygon></object><object><name>blind</name><deleted>0</deleted><verified>0</verified><date>19-Jun-2012 19:46:08</date><id>14</id><polygon><username>sandy</username><pt><x>155</x><y>21</y></pt><pt><x>160</x><y>143</y></pt><pt><x>141</x><y>141</y></pt><pt><x>135</x><y>132</y></pt><pt><x>108</x><y>124</y></pt><pt><x>87</x><y>101</y></pt><pt><x>69</x><y>100</y></pt><pt><x>49</x><y>103</y></pt><pt><x>6</x><y>105</y></pt><pt><x>2</x><y>102</y></pt><pt><x>0</x><y>2</y></pt><pt><x>100</x><y>1</y></pt></polygon></object><object><name>cupboard</name><deleted>0</deleted><verified>0</verified><date>19-Jun-2012 19:46:08</date><id>15</id><polygon><username>sandy</username><pt><x>558</x><y>408</y></pt><pt><x>556</x><y>514</y></pt><pt><x>658</x><y>548</y></pt><pt><x>658</x><y>424</y></pt></polygon></object><object><name>cupboard</name><deleted>0</deleted><verified>0</verified><date>19-Jun-2012 19:46:08</date><id>16</id><polygon><username>sandy</username><pt><x>759</x><y>443</y></pt><pt><x>758</x><y>588</y></pt><pt><x>799</x><y>597</y></pt><pt><x>798</x><y>446</y></pt></polygon></object><object><name>jar</name><deleted>0</deleted><verified>0</verified><date>19-Jun-2012 19:46:08</date><id>17</id><polygon><username>sandy</username><pt><x>575</x><y>339</y></pt><pt><x>577</x><y>362</y></pt><pt><x>562</x><y>364</y></pt><pt><x>553</x><y>360</y></pt><pt><x>551</x><y>341</y></pt><pt><x>553</x><y>333</y></pt><pt><x>557</x><y>333</y></pt><pt><x>559</x><y>328</y></pt><pt><x>562</x><y>324</y></pt><pt><x>567</x><y>327</y></pt><pt><x>568</x><y>334</y></pt></polygon></object><object><name>jar</name><deleted>0</deleted><verified>0</verified><date>19-Jun-2012 19:46:08</date><id>18</id><polygon><username>sandy</username><pt><x>727</x><y>269</y></pt><pt><x>731</x><y>280</y></pt><pt><x>735</x><y>291</y></pt><pt><x>737</x><y>299</y></pt><pt><x>742</x><y>301</y></pt><pt><x>741</x><y>354</y></pt><pt><x>732</x><y>355</y></pt><pt><x>731</x><y>360</y></pt><pt><x>728</x><y>367</y></pt><pt><x>737</x><y>368</y></pt><pt><x>731</x><y>372</y></pt><pt><x>721</x><y>373</y></pt><pt><x>715</x><y>371</y></pt><pt><x>711</x><y>368</y></pt><pt><x>709</x><y>366</y></pt><pt><x>717</x><y>364</y></pt><pt><x>719</x><y>361</y></pt><pt><x>717</x><y>354</y></pt><pt><x>711</x><y>355</y></pt><pt><x>708</x><y>348</y></pt><pt><x>706</x><y>339</y></pt><pt><x>705</x><y>308</y></pt><pt><x>707</x><y>300</y></pt><pt><x>714</x><y>300</y></pt><pt><x>717</x><y>294</y></pt><pt><x>719</x><y>292</y></pt><pt><x>717</x><y>285</y></pt><pt><x>721</x><y>281</y></pt></polygon></object><object><name>cottonballs</name><deleted>0</deleted><verified>0</verified><date>19-Jun-2012 19:46:08</date><id>19</id><polygon><username>sandy</username><pt><x>565</x><y>341</y></pt><pt><x>576</x><y>339</y></pt><pt><x>578</x><y>361</y></pt><pt><x>559</x><y>360</y></pt><pt><x>554</x><y>342</y></pt></polygon></object><object><name>tap</name><deleted>0</deleted><verified>0</verified><date>19-Jun-2012 19:46:08</date><id>20</id><polygon><username>sandy</username><pt><x>207</x><y>543</y></pt><pt><x>201</x><y>526</y></pt><pt><x>199</x><y>516</y></pt><pt><x>207</x><y>512</y></pt><pt><x>214</x><y>508</y></pt><pt><x>208</x><y>503</y></pt><pt><x>203</x><y>507</y></pt><pt><x>195</x><y>513</y></pt><pt><x>193</x><y>520</y></pt><pt><x>191</x><y>529</y></pt><pt><x>187</x><y>539</y></pt><pt><x>187</x><y>546</y></pt><pt><x>177</x><y>554</y></pt><pt><x>169</x><y>545</y></pt><pt><x>163</x><y>529</y></pt><pt><x>162</x><y>519</y></pt><pt><x>162</x><y>503</y></pt><pt><x>159</x><y>498</y></pt><pt><x>147</x><y>482</y></pt><pt><x>136</x><y>473</y></pt><pt><x>127</x><y>474</y></pt><pt><x>115</x><y>478</y></pt><pt><x>107</x><y>486</y></pt><pt><x>101</x><y>491</y></pt><pt><x>98</x><y>497</y></pt><pt><x>101</x><y>503</y></pt><pt><x>111</x><y>500</y></pt><pt><x>121</x><y>491</y></pt><pt><x>128</x><y>487</y></pt><pt><x>136</x><y>488</y></pt><pt><x>141</x><y>493</y></pt><pt><x>145</x><y>502</y></pt><pt><x>151</x><y>513</y></pt><pt><x>153</x><y>528</y></pt><pt><x>152</x><y>545</y></pt><pt><x>148</x><y>553</y></pt><pt><x>148</x><y>563</y></pt><pt><x>149</x><y>567</y></pt><pt><x>138</x><y>581</y></pt><pt><x>134</x><y>573</y></pt><pt><x>132</x><y>562</y></pt><pt><x>129</x><y>556</y></pt><pt><x>124</x><y>555</y></pt><pt><x>119</x><y>556</y></pt><pt><x>114</x><y>558</y></pt><pt><x>108</x><y>562</y></pt><pt><x>104</x><y>565</y></pt><pt><x>100</x><y>571</y></pt><pt><x>103</x><y>576</y></pt><pt><x>122</x><y>563</y></pt><pt><x>123</x><y>568</y></pt><pt><x>120</x><y>575</y></pt><pt><x>117</x><y>585</y></pt><pt><x>116</x><y>591</y></pt><pt><x>119</x><y>597</y></pt><pt><x>128</x><y>593</y></pt><pt><x>136</x><y>589</y></pt><pt><x>144</x><y>585</y></pt><pt><x>156</x><y>571</y></pt><pt><x>172</x><y>567</y></pt><pt><x>177</x><y>564</y></pt><pt><x>181</x><y>556</y></pt><pt><x>193</x><y>548</y></pt><pt><x>198</x><y>547</y></pt></polygon></object><imagesize><nrows>600</nrows><ncols>800</ncols></imagesize><object><name>soap</name><deleted>0</deleted><verified>0</verified><date>16-Jul-2012 11:17:45</date><id>21</id><polygon><username>sandy</username><pt><x>141</x><y>436</y></pt><pt><x>149</x><y>437</y></pt><pt><x>151</x><y>448</y></pt><pt><x>153</x><y>480</y></pt><pt><x>132</x><y>477</y></pt><pt><x>132</x><y>446</y></pt></polygon></object><object><name>door</name><deleted>0</deleted><verified>0</verified><date>16-Jul-2012 11:17:45</date><id>22</id><polygon><username>sandy</username><pt><x>474</x><y>122</y></pt><pt><x>477</x><y>567</y></pt><pt><x>505</x><y>507</y></pt><pt><x>507</x><y>168</y></pt></polygon></object></annotation>