<annotation><filename>b_barbershop_barbershop_000593.jpg</filename><folder>100images</folder><source><sourceImage>The MIT-CSAIL database of objects and scenes</sourceImage><sourceAnnotation>LabelMe Webtool</sourceAnnotation></source><object><name>man</name><deleted>0</deleted><verified>0</verified><date>18-Jun-2012 22:59:14</date><id>0</id><polygon><username>sandy</username><pt><x>547</x><y>251</y></pt><pt><x>543</x><y>230</y></pt><pt><x>528</x><y>200</y></pt><pt><x>518</x><y>183</y></pt><pt><x>506</x><y>181</y></pt><pt><x>495</x><y>180</y></pt><pt><x>481</x><y>182</y></pt><pt><x>466</x><y>185</y></pt><pt><x>448</x><y>203</y></pt><pt><x>438</x><y>214</y></pt><pt><x>432</x><y>236</y></pt><pt><x>430</x><y>253</y></pt><pt><x>423</x><y>267</y></pt><pt><x>417</x><y>277</y></pt><pt><x>410</x><y>285</y></pt><pt><x>386</x><y>305</y></pt><pt><x>354</x><y>334</y></pt><pt><x>331</x><y>356</y></pt><pt><x>323</x><y>378</y></pt><pt><x>312</x><y>401</y></pt><pt><x>327</x><y>516</y></pt><pt><x>331</x><y>539</y></pt><pt><x>339</x><y>560</y></pt><pt><x>355</x><y>575</y></pt><pt><x>359</x><y>597</y></pt><pt><x>797</x><y>597</y></pt><pt><x>799</x><y>547</y></pt><pt><x>775</x><y>530</y></pt><pt><x>749</x><y>515</y></pt><pt><x>711</x><y>493</y></pt><pt><x>704</x><y>490</y></pt><pt><x>653</x><y>479</y></pt><pt><x>645</x><y>464</y></pt><pt><x>635</x><y>453</y></pt><pt><x>586</x><y>401</y></pt><pt><x>549</x><y>353</y></pt><pt><x>520</x><y>310</y></pt><pt><x>520</x><y>299</y></pt><pt><x>523</x><y>292</y></pt><pt><x>531</x><y>287</y></pt><pt><x>539</x><y>269</y></pt><pt><x>542</x><y>262</y></pt></polygon></object><object><name>barber</name><deleted>0</deleted><verified>0</verified><date>18-Jun-2012 22:59:14</date><id>1</id><polygon><username>sandy</username><pt><x>267</x><y>101</y></pt><pt><x>277</x><y>129</y></pt><pt><x>277</x><y>137</y></pt><pt><x>276</x><y>147</y></pt><pt><x>281</x><y>158</y></pt><pt><x>280</x><y>166</y></pt><pt><x>273</x><y>170</y></pt><pt><x>274</x><y>184</y></pt><pt><x>269</x><y>193</y></pt><pt><x>269</x><y>203</y></pt><pt><x>289</x><y>221</y></pt><pt><x>299</x><y>233</y></pt><pt><x>300</x><y>240</y></pt><pt><x>330</x><y>266</y></pt><pt><x>339</x><y>249</y></pt><pt><x>348</x><y>240</y></pt><pt><x>372</x><y>235</y></pt><pt><x>378</x><y>230</y></pt><pt><x>383</x><y>225</y></pt><pt><x>390</x><y>222</y></pt><pt><x>403</x><y>218</y></pt><pt><x>417</x><y>221</y></pt><pt><x>420</x><y>229</y></pt><pt><x>426</x><y>255</y></pt><pt><x>423</x><y>260</y></pt><pt><x>409</x><y>263</y></pt><pt><x>406</x><y>268</y></pt><pt><x>388</x><y>269</y></pt><pt><x>383</x><y>284</y></pt><pt><x>371</x><y>304</y></pt><pt><x>355</x><y>321</y></pt><pt><x>342</x><y>327</y></pt><pt><x>330</x><y>322</y></pt><pt><x>320</x><y>328</y></pt><pt><x>307</x><y>347</y></pt><pt><x>319</x><y>391</y></pt><pt><x>316</x><y>564</y></pt><pt><x>317</x><y>596</y></pt><pt><x>203</x><y>595</y></pt><pt><x>191</x><y>541</y></pt><pt><x>182</x><y>520</y></pt><pt><x>180</x><y>505</y></pt><pt><x>175</x><y>502</y></pt><pt><x>174</x><y>471</y></pt><pt><x>171</x><y>458</y></pt><pt><x>173</x><y>423</y></pt><pt><x>160</x><y>372</y></pt><pt><x>154</x><y>350</y></pt><pt><x>146</x><y>328</y></pt><pt><x>136</x><y>308</y></pt><pt><x>133</x><y>289</y></pt><pt><x>126</x><y>245</y></pt><pt><x>131</x><y>228</y></pt><pt><x>153</x><y>211</y></pt><pt><x>169</x><y>201</y></pt><pt><x>174</x><y>197</y></pt><pt><x>175</x><y>188</y></pt><pt><x>183</x><y>183</y></pt><pt><x>186</x><y>186</y></pt><pt><x>183</x><y>168</y></pt><pt><x>175</x><y>157</y></pt><pt><x>171</x><y>146</y></pt><pt><x>167</x><y>134</y></pt><pt><x>164</x><y>123</y></pt><pt><x>160</x><y>109</y></pt><pt><x>163</x><y>95</y></pt><pt><x>168</x><y>85</y></pt><pt><x>177</x><y>75</y></pt><pt><x>188</x><y>66</y></pt><pt><x>206</x><y>60</y></pt><pt><x>233</x><y>65</y></pt><pt><x>253</x><y>66</y></pt><pt><x>263</x><y>74</y></pt><pt><x>269</x><y>82</y></pt><pt><x>270</x><y>90</y></pt></polygon></object><object><name>man</name><deleted>0</deleted><verified>0</verified><date>18-Jun-2012 22:59:14</date><id>2</id><polygon><username>sandy</username><pt><x>557</x><y>206</y></pt><pt><x>563</x><y>191</y></pt><pt><x>557</x><y>186</y></pt><pt><x>549</x><y>181</y></pt><pt><x>542</x><y>181</y></pt><pt><x>534</x><y>187</y></pt><pt><x>529</x><y>197</y></pt><pt><x>529</x><y>208</y></pt><pt><x>541</x><y>216</y></pt><pt><x>546</x><y>214</y></pt></polygon></object><object><name>man</name><deleted>0</deleted><verified>0</verified><date>18-Jun-2012 22:59:14</date><id>3</id><polygon><username>sandy</username><pt><x>694</x><y>167</y></pt><pt><x>697</x><y>180</y></pt><pt><x>692</x><y>186</y></pt><pt><x>693</x><y>197</y></pt><pt><x>704</x><y>199</y></pt><pt><x>704</x><y>207</y></pt><pt><x>699</x><y>218</y></pt><pt><x>693</x><y>222</y></pt><pt><x>687</x><y>230</y></pt><pt><x>680</x><y>239</y></pt><pt><x>676</x><y>246</y></pt><pt><x>677</x><y>258</y></pt><pt><x>629</x><y>254</y></pt><pt><x>629</x><y>234</y></pt><pt><x>641</x><y>222</y></pt><pt><x>651</x><y>210</y></pt><pt><x>657</x><y>205</y></pt><pt><x>672</x><y>191</y></pt><pt><x>676</x><y>191</y></pt><pt><x>674</x><y>184</y></pt><pt><x>674</x><y>175</y></pt><pt><x>676</x><y>166</y></pt><pt><x>680</x><y>161</y></pt><pt><x>684</x><y>161</y></pt></polygon></object><object><name>barber</name><deleted>0</deleted><verified>0</verified><date>18-Jun-2012 22:59:14</date><id>4</id><polygon><username>sandy</username><pt><x>721</x><y>136</y></pt><pt><x>726</x><y>128</y></pt><pt><x>723</x><y>118</y></pt><pt><x>727</x><y>107</y></pt><pt><x>729</x><y>103</y></pt><pt><x>735</x><y>100</y></pt><pt><x>752</x><y>98</y></pt><pt><x>757</x><y>105</y></pt><pt><x>757</x><y>111</y></pt><pt><x>756</x><y>115</y></pt><pt><x>758</x><y>120</y></pt><pt><x>756</x><y>124</y></pt><pt><x>758</x><y>127</y></pt><pt><x>755</x><y>131</y></pt><pt><x>748</x><y>140</y></pt><pt><x>760</x><y>154</y></pt><pt><x>768</x><y>146</y></pt><pt><x>779</x><y>146</y></pt><pt><x>785</x><y>149</y></pt><pt><x>780</x><y>157</y></pt><pt><x>774</x><y>171</y></pt><pt><x>767</x><y>177</y></pt><pt><x>756</x><y>187</y></pt><pt><x>748</x><y>222</y></pt><pt><x>744</x><y>265</y></pt><pt><x>702</x><y>261</y></pt><pt><x>703</x><y>223</y></pt><pt><x>704</x><y>195</y></pt><pt><x>705</x><y>173</y></pt><pt><x>705</x><y>151</y></pt><pt><x>709</x><y>143</y></pt></polygon></object><object><name>man</name><deleted>0</deleted><verified>0</verified><date>18-Jun-2012 22:59:14</date><id>5</id><polygon><username>sandy</username><pt><x>799</x><y>137</y></pt><pt><x>789</x><y>149</y></pt><pt><x>783</x><y>160</y></pt><pt><x>778</x><y>167</y></pt><pt><x>770</x><y>176</y></pt><pt><x>759</x><y>185</y></pt><pt><x>754</x><y>198</y></pt><pt><x>752</x><y>221</y></pt><pt><x>750</x><y>235</y></pt><pt><x>759</x><y>246</y></pt><pt><x>772</x><y>266</y></pt><pt><x>799</x><y>271</y></pt></polygon></object><object><name>razor</name><deleted>0</deleted><verified>0</verified><date>18-Jun-2012 22:59:14</date><id>6</id><polygon><username>sandy</username><pt><x>425</x><y>230</y></pt><pt><x>432</x><y>236</y></pt><pt><x>427</x><y>243</y></pt><pt><x>419</x><y>252</y></pt><pt><x>415</x><y>253</y></pt><pt><x>378</x><y>255</y></pt><pt><x>376</x><y>244</y></pt><pt><x>385</x><y>238</y></pt><pt><x>409</x><y>230</y></pt></polygon></object><object><name>mirror</name><deleted>0</deleted><verified>0</verified><date>18-Jun-2012 22:59:14</date><id>7</id><polygon><username>sandy</username><pt><x>631</x><y>77</y></pt><pt><x>627</x><y>252</y></pt><pt><x>799</x><y>271</y></pt><pt><x>799</x><y>58</y></pt></polygon></object><object><name>mirror</name><deleted>0</deleted><verified>0</verified><date>18-Jun-2012 22:59:14</date><id>8</id><polygon><username>sandy</username><pt><x>493</x><y>82</y></pt><pt><x>496</x><y>191</y></pt><pt><x>630</x><y>199</y></pt><pt><x>632</x><y>68</y></pt></polygon></object><object><name>mirror</name><deleted>0</deleted><verified>0</verified><date>18-Jun-2012 22:59:14</date><id>9</id><polygon><username>sandy</username><pt><x>351</x><y>95</y></pt><pt><x>355</x><y>191</y></pt><pt><x>497</x><y>190</y></pt><pt><x>492</x><y>78</y></pt></polygon></object><object><name>mirror</name><deleted>0</deleted><verified>0</verified><date>18-Jun-2012 22:59:14</date><id>10</id><polygon><username>sandy</username><pt><x>270</x><y>100</y></pt><pt><x>273</x><y>191</y></pt><pt><x>356</x><y>189</y></pt><pt><x>352</x><y>93</y></pt></polygon></object><object><name>chair</name><deleted>0</deleted><verified>0</verified><date>18-Jun-2012 22:59:14</date><id>11</id><polygon><username>sandy</username><pt><x>703</x><y>318</y></pt><pt><x>729</x><y>321</y></pt><pt><x>730</x><y>314</y></pt><pt><x>789</x><y>324</y></pt><pt><x>791</x><y>331</y></pt><pt><x>799</x><y>332</y></pt><pt><x>796</x><y>457</y></pt><pt><x>747</x><y>449</y></pt><pt><x>746</x><y>451</y></pt><pt><x>739</x><y>492</y></pt><pt><x>797</x><y>498</y></pt><pt><x>798</x><y>542</y></pt><pt><x>691</x><y>487</y></pt><pt><x>715</x><y>492</y></pt><pt><x>691</x><y>474</y></pt><pt><x>691</x><y>455</y></pt><pt><x>699</x><y>454</y></pt><pt><x>706</x><y>465</y></pt><pt><x>726</x><y>479</y></pt><pt><x>726</x><y>443</y></pt><pt><x>671</x><y>431</y></pt><pt><x>663</x><y>409</y></pt><pt><x>656</x><y>417</y></pt><pt><x>642</x><y>453</y></pt><pt><x>631</x><y>450</y></pt><pt><x>638</x><y>430</y></pt><pt><x>648</x><y>407</y></pt><pt><x>654</x><y>394</y></pt><pt><x>660</x><y>399</y></pt><pt><x>669</x><y>384</y></pt><pt><x>674</x><y>374</y></pt><pt><x>680</x><y>368</y></pt><pt><x>682</x><y>364</y></pt><pt><x>677</x><y>363</y></pt><pt><x>670</x><y>362</y></pt><pt><x>671</x><y>354</y></pt><pt><x>674</x><y>347</y></pt><pt><x>702</x><y>349</y></pt></polygon></object><object><name>chair</name><deleted>0</deleted><verified>0</verified><date>18-Jun-2012 22:59:14</date><id>12</id><polygon><username>sandy</username><pt><x>577</x><y>205</y></pt><pt><x>575</x><y>275</y></pt><pt><x>551</x><y>275</y></pt><pt><x>546</x><y>281</y></pt><pt><x>542</x><y>285</y></pt><pt><x>531</x><y>292</y></pt><pt><x>527</x><y>312</y></pt><pt><x>552</x><y>321</y></pt><pt><x>555</x><y>331</y></pt><pt><x>518</x><y>330</y></pt><pt><x>521</x><y>281</y></pt><pt><x>539</x><y>211</y></pt></polygon></object><object><name>chair</name><deleted>0</deleted><verified>0</verified><date>18-Jun-2012 22:59:14</date><id>13</id><polygon><username>sandy</username><pt><x>371</x><y>202</y></pt><pt><x>398</x><y>212</y></pt><pt><x>402</x><y>220</y></pt><pt><x>432</x><y>220</y></pt><pt><x>431</x><y>265</y></pt><pt><x>370</x><y>260</y></pt></polygon></object><object><name>chair</name><deleted>0</deleted><verified>0</verified><date>18-Jun-2012 22:59:14</date><id>14</id><polygon><username>sandy</username><pt><x>354</x><y>206</y></pt><pt><x>355</x><y>250</y></pt><pt><x>327</x><y>261</y></pt><pt><x>285</x><y>252</y></pt><pt><x>282</x><y>213</y></pt><pt><x>291</x><y>207</y></pt><pt><x>300</x><y>203</y></pt></polygon></object><object><name>fan</name><deleted>0</deleted><verified>0</verified><date>18-Jun-2012 22:59:14</date><id>15</id><polygon><username>sandy</username><pt><x>604</x><y>14</y></pt><pt><x>613</x><y>26</y></pt><pt><x>611</x><y>34</y></pt><pt><x>605</x><y>43</y></pt><pt><x>600</x><y>46</y></pt><pt><x>586</x><y>47</y></pt><pt><x>570</x><y>39</y></pt><pt><x>557</x><y>32</y></pt><pt><x>551</x><y>20</y></pt><pt><x>551</x><y>12</y></pt><pt><x>557</x><y>5</y></pt><pt><x>565</x><y>3</y></pt><pt><x>577</x><y>3</y></pt><pt><x>594</x><y>6</y></pt></polygon></object><object><name>fan</name><deleted>0</deleted><verified>0</verified><date>18-Jun-2012 22:59:14</date><id>16</id><polygon><username>sandy</username><pt><x>417</x><y>27</y></pt><pt><x>416</x><y>35</y></pt><pt><x>421</x><y>38</y></pt><pt><x>427</x><y>37</y></pt><pt><x>429</x><y>66</y></pt><pt><x>419</x><y>67</y></pt><pt><x>418</x><y>58</y></pt><pt><x>410</x><y>61</y></pt><pt><x>402</x><y>59</y></pt><pt><x>396</x><y>58</y></pt><pt><x>388</x><y>51</y></pt><pt><x>384</x><y>46</y></pt><pt><x>380</x><y>42</y></pt><pt><x>378</x><y>37</y></pt><pt><x>380</x><y>31</y></pt><pt><x>389</x><y>27</y></pt><pt><x>402</x><y>30</y></pt><pt><x>405</x><y>30</y></pt><pt><x>406</x><y>23</y></pt><pt><x>411</x><y>23</y></pt></polygon></object><object><name>fan</name><deleted>0</deleted><verified>0</verified><date>18-Jun-2012 22:59:14</date><id>17</id><polygon><username>sandy</username><pt><x>299</x><y>44</y></pt><pt><x>302</x><y>52</y></pt><pt><x>306</x><y>56</y></pt><pt><x>313</x><y>57</y></pt><pt><x>316</x><y>82</y></pt><pt><x>307</x><y>82</y></pt><pt><x>306</x><y>75</y></pt><pt><x>300</x><y>77</y></pt><pt><x>292</x><y>75</y></pt><pt><x>281</x><y>70</y></pt><pt><x>276</x><y>66</y></pt><pt><x>271</x><y>59</y></pt><pt><x>268</x><y>56</y></pt><pt><x>268</x><y>50</y></pt><pt><x>273</x><y>43</y></pt><pt><x>280</x><y>42</y></pt><pt><x>286</x><y>44</y></pt></polygon></object><object><name>apron</name><deleted>0</deleted><verified>0</verified><date>18-Jun-2012 22:59:14</date><id>18</id><polygon><username>sandy</username><pt><x>416</x><y>293</y></pt><pt><x>426</x><y>312</y></pt><pt><x>448</x><y>327</y></pt><pt><x>497</x><y>318</y></pt><pt><x>510</x><y>310</y></pt><pt><x>520</x><y>311</y></pt><pt><x>560</x><y>366</y></pt><pt><x>617</x><y>432</y></pt><pt><x>644</x><y>461</y></pt><pt><x>651</x><y>475</y></pt><pt><x>688</x><y>487</y></pt><pt><x>736</x><y>508</y></pt><pt><x>796</x><y>548</y></pt><pt><x>798</x><y>594</y></pt><pt><x>460</x><y>596</y></pt><pt><x>448</x><y>579</y></pt><pt><x>433</x><y>557</y></pt><pt><x>428</x><y>546</y></pt><pt><x>424</x><y>530</y></pt><pt><x>424</x><y>523</y></pt><pt><x>399</x><y>520</y></pt><pt><x>393</x><y>519</y></pt><pt><x>388</x><y>513</y></pt><pt><x>388</x><y>503</y></pt><pt><x>391</x><y>499</y></pt><pt><x>374</x><y>503</y></pt><pt><x>332</x><y>510</y></pt><pt><x>333</x><y>536</y></pt><pt><x>329</x><y>549</y></pt><pt><x>323</x><y>553</y></pt><pt><x>306</x><y>544</y></pt><pt><x>293</x><y>533</y></pt><pt><x>284</x><y>525</y></pt><pt><x>275</x><y>516</y></pt><pt><x>274</x><y>510</y></pt><pt><x>292</x><y>458</y></pt><pt><x>304</x><y>424</y></pt><pt><x>306</x><y>415</y></pt><pt><x>333</x><y>355</y></pt><pt><x>381</x><y>314</y></pt><pt><x>393</x><y>300</y></pt><pt><x>400</x><y>295</y></pt><pt><x>409</x><y>292</y></pt></polygon></object><object><name>light</name><deleted>0</deleted><verified>0</verified><date>18-Jun-2012 22:59:14</date><id>19</id><polygon><username>sandy</username><pt><x>632</x><y>61</y></pt><pt><x>630</x><y>74</y></pt><pt><x>496</x><y>85</y></pt><pt><x>495</x><y>72</y></pt></polygon></object><object><name>light</name><deleted>0</deleted><verified>0</verified><date>18-Jun-2012 22:59:14</date><id>20</id><polygon><username>sandy</username><pt><x>356</x><y>88</y></pt><pt><x>356</x><y>96</y></pt><pt><x>470</x><y>89</y></pt><pt><x>469</x><y>75</y></pt></polygon></object><object><name>light</name><deleted>0</deleted><verified>0</verified><date>18-Jun-2012 22:59:14</date><id>21</id><polygon><username>sandy</username><pt><x>333</x><y>90</y></pt><pt><x>336</x><y>102</y></pt><pt><x>270</x><y>106</y></pt><pt><x>271</x><y>96</y></pt></polygon></object><object><name>wristband</name><deleted>0</deleted><verified>0</verified><date>18-Jun-2012 22:59:14</date><id>22</id><polygon><username>sandy</username><pt><x>351</x><y>292</y></pt><pt><x>341</x><y>278</y></pt><pt><x>332</x><y>269</y></pt><pt><x>327</x><y>265</y></pt><pt><x>325</x><y>273</y></pt><pt><x>334</x><y>284</y></pt><pt><x>344</x><y>298</y></pt></polygon></object><object><name>wristband</name><deleted>0</deleted><verified>0</verified><date>18-Jun-2012 22:59:14</date><id>23</id><polygon><username>sandy</username><pt><x>318</x><y>278</y></pt><pt><x>331</x><y>293</y></pt><pt><x>339</x><y>303</y></pt><pt><x>346</x><y>298</y></pt><pt><x>332</x><y>281</y></pt><pt><x>323</x><y>274</y></pt></polygon></object><object><name>bottles</name><deleted>0</deleted><verified>0</verified><date>18-Jun-2012 22:59:14</date><id>24</id><polygon><username>sandy</username><pt><x>437</x><y>176</y></pt><pt><x>438</x><y>198</y></pt><pt><x>481</x><y>196</y></pt><pt><x>482</x><y>172</y></pt><pt><x>476</x><y>167</y></pt><pt><x>471</x><y>168</y></pt><pt><x>470</x><y>175</y></pt><pt><x>466</x><y>171</y></pt><pt><x>462</x><y>175</y></pt><pt><x>459</x><y>173</y></pt><pt><x>456</x><y>172</y></pt><pt><x>451</x><y>176</y></pt><pt><x>448</x><y>170</y></pt></polygon></object><object><name>bottles</name><deleted>0</deleted><verified>0</verified><date>18-Jun-2012 22:59:14</date><id>25</id><polygon><username>sandy</username><pt><x>624</x><y>176</y></pt><pt><x>627</x><y>189</y></pt><pt><x>626</x><y>206</y></pt><pt><x>615</x><y>205</y></pt><pt><x>571</x><y>201</y></pt><pt><x>544</x><y>197</y></pt><pt><x>545</x><y>175</y></pt><pt><x>550</x><y>168</y></pt><pt><x>558</x><y>168</y></pt><pt><x>562</x><y>175</y></pt><pt><x>573</x><y>172</y></pt><pt><x>581</x><y>169</y></pt><pt><x>601</x><y>175</y></pt><pt><x>609</x><y>184</y></pt><pt><x>613</x><y>175</y></pt><pt><x>619</x><y>171</y></pt></polygon></object><object><name>bottles</name><deleted>0</deleted><verified>0</verified><date>18-Jun-2012 22:59:14</date><id>26</id><polygon><username>sandy</username><pt><x>292</x><y>173</y></pt><pt><x>296</x><y>180</y></pt><pt><x>300</x><y>185</y></pt><pt><x>316</x><y>186</y></pt><pt><x>314</x><y>192</y></pt><pt><x>273</x><y>191</y></pt><pt><x>273</x><y>175</y></pt><pt><x>281</x><y>172</y></pt></polygon></object><object><name>TV</name><deleted>0</deleted><verified>0</verified><date>18-Jun-2012 22:59:14</date><id>27</id><polygon><username>sandy</username><pt><x>259</x><y>11</y></pt><pt><x>268</x><y>67</y></pt><pt><x>199</x><y>74</y></pt><pt><x>194</x><y>7</y></pt><pt><x>230</x><y>8</y></pt></polygon></object><object><name>bin</name><deleted>0</deleted><verified>0</verified><date>18-Jun-2012 22:59:14</date><id>28</id><polygon><username>sandy</username><pt><x>622</x><y>352</y></pt><pt><x>618</x><y>429</y></pt><pt><x>548</x><y>417</y></pt><pt><x>546</x><y>346</y></pt><pt><x>553</x><y>339</y></pt><pt><x>564</x><y>337</y></pt><pt><x>571</x><y>336</y></pt><pt><x>590</x><y>335</y></pt><pt><x>610</x><y>341</y></pt></polygon></object><object><name>worksurface</name><deleted>0</deleted><verified>0</verified><date>18-Jun-2012 22:59:14</date><id>29</id><polygon><username>sandy</username><pt><x>625</x><y>213</y></pt><pt><x>628</x><y>197</y></pt><pt><x>271</x><y>188</y></pt><pt><x>269</x><y>197</y></pt></polygon></object><imagesize><nrows>600
</nrows><ncols>800
</ncols></imagesize></annotation>