<annotation><filename>b_bank_building_bank_000897.jpg</filename><folder>100images</folder><source><sourceImage>The MIT-CSAIL database of objects and scenes</sourceImage><sourceAnnotation>LabelMe Webtool</sourceAnnotation></source><object><name>car</name><deleted>0</deleted><verified>0</verified><date>11-Jun-2012 22:33:23</date><id>0</id><polygon><username>sandy</username><pt><x>561</x><y>453</y></pt><pt><x>592</x><y>435</y></pt><pt><x>621</x><y>423</y></pt><pt><x>669</x><y>424</y></pt><pt><x>698</x><y>430</y></pt><pt><x>704</x><y>479</y></pt><pt><x>607</x><y>492</y></pt><pt><x>600</x><y>502</y></pt><pt><x>589</x><y>508</y></pt><pt><x>577</x><y>508</y></pt><pt><x>564</x><y>504</y></pt><pt><x>560</x><y>501</y></pt><pt><x>539</x><y>501</y></pt><pt><x>528</x><y>497</y></pt><pt><x>516</x><y>495</y></pt><pt><x>512</x><y>495</y></pt><pt><x>505</x><y>488</y></pt><pt><x>504</x><y>478</y></pt><pt><x>511</x><y>471</y></pt><pt><x>518</x><y>465</y></pt><pt><x>541</x><y>458</y></pt></polygon></object><object><name>car</name><deleted>0</deleted><verified>0</verified><date>11-Jun-2012 22:33:23</date><id>1</id><polygon><username>sandy</username><pt><x>651</x><y>537</y></pt><pt><x>645</x><y>516</y></pt><pt><x>651</x><y>514</y></pt><pt><x>655</x><y>480</y></pt><pt><x>661</x><y>458</y></pt><pt><x>676</x><y>438</y></pt><pt><x>688</x><y>432</y></pt><pt><x>701</x><y>423</y></pt><pt><x>798</x><y>420</y></pt><pt><x>798</x><y>557</y></pt><pt><x>771</x><y>555</y></pt><pt><x>764</x><y>570</y></pt><pt><x>715</x><y>568</y></pt><pt><x>704</x><y>547</y></pt></polygon></object><object><name>car</name><deleted>0</deleted><verified>0</verified><date>11-Jun-2012 22:33:23</date><id>2</id><polygon><username>sandy</username><pt><x>683</x><y>420</y></pt><pt><x>691</x><y>417</y></pt><pt><x>741</x><y>412</y></pt><pt><x>758</x><y>412</y></pt><pt><x>799</x><y>411</y></pt><pt><x>797</x><y>436</y></pt><pt><x>677</x><y>433</y></pt></polygon></object><object><name>car</name><deleted>0</deleted><verified>0</verified><date>11-Jun-2012 22:33:23</date><id>3</id><polygon><username>sandy</username><pt><x>125</x><y>466</y></pt><pt><x>121</x><y>458</y></pt><pt><x>114</x><y>455</y></pt><pt><x>113</x><y>442</y></pt><pt><x>104</x><y>437</y></pt><pt><x>94</x><y>415</y></pt><pt><x>83</x><y>407</y></pt><pt><x>39</x><y>400</y></pt><pt><x>27</x><y>408</y></pt><pt><x>20</x><y>413</y></pt><pt><x>19</x><y>423</y></pt><pt><x>16</x><y>438</y></pt><pt><x>12</x><y>444</y></pt><pt><x>2</x><y>451</y></pt><pt><x>0</x><y>478</y></pt><pt><x>33</x><y>482</y></pt><pt><x>38</x><y>484</y></pt><pt><x>54</x><y>481</y></pt><pt><x>99</x><y>481</y></pt><pt><x>117</x><y>479</y></pt><pt><x>120</x><y>475</y></pt></polygon></object><object><name>people</name><deleted>0</deleted><verified>0</verified><date>11-Jun-2012 22:33:23</date><id>4</id><polygon><username>sandy</username><pt><x>387</x><y>417</y></pt><pt><x>399</x><y>424</y></pt><pt><x>398</x><y>433</y></pt><pt><x>400</x><y>446</y></pt><pt><x>394</x><y>458</y></pt><pt><x>391</x><y>469</y></pt><pt><x>393</x><y>485</y></pt><pt><x>385</x><y>488</y></pt><pt><x>378</x><y>485</y></pt><pt><x>379</x><y>470</y></pt><pt><x>382</x><y>457</y></pt><pt><x>376</x><y>452</y></pt><pt><x>375</x><y>446</y></pt><pt><x>375</x><y>436</y></pt><pt><x>377</x><y>425</y></pt></polygon></object><object><name>zebra crossing</name><deleted>0</deleted><verified>0</verified><date>11-Jun-2012 22:33:23</date><id>5</id><polygon><username>sandy</username><pt><x>137</x><y>518</y></pt><pt><x>285</x><y>512</y></pt><pt><x>452</x><y>587</y></pt><pt><x>423</x><y>597</y></pt><pt><x>193</x><y>599</y></pt></polygon></object><object><name>sign</name><deleted>0</deleted><verified>0</verified><date>11-Jun-2012 22:33:23</date><id>6</id><polygon><username>sandy</username><pt><x>180</x><y>354</y></pt><pt><x>181</x><y>380</y></pt><pt><x>209</x><y>380</y></pt><pt><x>209</x><y>351</y></pt></polygon></object><object><name>sign</name><deleted>0</deleted><verified>0</verified><date>11-Jun-2012 22:33:23</date><id>7</id><polygon><username>sandy</username><pt><x>178</x><y>388</y></pt><pt><x>178</x><y>393</y></pt><pt><x>214</x><y>394</y></pt><pt><x>212</x><y>386</y></pt></polygon></object><object><name>sign</name><deleted>0</deleted><verified>0</verified><date>11-Jun-2012 22:33:23</date><id>8</id><polygon><username>sandy</username><pt><x>93</x><y>369</y></pt><pt><x>94</x><y>380</y></pt><pt><x>102</x><y>377</y></pt><pt><x>102</x><y>369</y></pt></polygon></object><object><name>road</name><deleted>0</deleted><verified>0</verified><date>11-Jun-2012 22:33:23</date><id>9</id><polygon><username>sandy</username><pt><x>0</x><y>508</y></pt><pt><x>131</x><y>518</y></pt><pt><x>297</x><y>514</y></pt><pt><x>374</x><y>507</y></pt><pt><x>427</x><y>493</y></pt><pt><x>656</x><y>469</y></pt><pt><x>797</x><y>576</y></pt><pt><x>546</x><y>567</y></pt><pt><x>484</x><y>579</y></pt><pt><x>418</x><y>595</y></pt><pt><x>413</x><y>596</y></pt><pt><x>0</x><y>597</y></pt></polygon></object><object><name>pavement</name><deleted>0</deleted><verified>0</verified><date>11-Jun-2012 22:33:23</date><id>10</id><polygon><username>sandy</username><pt><x>140</x><y>416</y></pt><pt><x>95</x><y>417</y></pt><pt><x>123</x><y>476</y></pt><pt><x>110</x><y>482</y></pt><pt><x>0</x><y>487</y></pt><pt><x>4</x><y>504</y></pt><pt><x>136</x><y>516</y></pt><pt><x>300</x><y>514</y></pt><pt><x>370</x><y>508</y></pt><pt><x>426</x><y>491</y></pt><pt><x>503</x><y>482</y></pt><pt><x>511</x><y>468</y></pt><pt><x>356</x><y>481</y></pt><pt><x>260</x><y>483</y></pt><pt><x>232</x><y>480</y></pt><pt><x>159</x><y>427</y></pt></polygon></object><object><name>pavement</name><deleted>0</deleted><verified>0</verified><date>11-Jun-2012 22:33:23</date><id>11</id><polygon><username>sandy</username><pt><x>799</x><y>599</y></pt><pt><x>798</x><y>571</y></pt><pt><x>549</x><y>567</y></pt><pt><x>486</x><y>580</y></pt><pt><x>417</x><y>595</y></pt></polygon></object><object><name>child</name><deleted>0</deleted><verified>0</verified><date>11-Jun-2012 22:33:23</date><id>12</id><polygon><username>sandy</username><pt><x>230</x><y>463</y></pt><pt><x>239</x><y>459</y></pt><pt><x>240</x><y>469</y></pt><pt><x>244</x><y>472</y></pt><pt><x>247</x><y>478</y></pt><pt><x>241</x><y>483</y></pt><pt><x>240</x><y>490</y></pt><pt><x>241</x><y>507</y></pt><pt><x>234</x><y>513</y></pt><pt><x>231</x><y>504</y></pt><pt><x>230</x><y>487</y></pt><pt><x>226</x><y>483</y></pt><pt><x>223</x><y>472</y></pt></polygon></object><object><name>people</name><deleted>0</deleted><verified>0</verified><date>11-Jun-2012 22:33:23</date><id>13</id><polygon><username>sandy</username><pt><x>181</x><y>427</y></pt><pt><x>185</x><y>436</y></pt><pt><x>184</x><y>441</y></pt><pt><x>193</x><y>448</y></pt><pt><x>198</x><y>452</y></pt><pt><x>193</x><y>458</y></pt><pt><x>191</x><y>464</y></pt><pt><x>188</x><y>476</y></pt><pt><x>190</x><y>506</y></pt><pt><x>188</x><y>514</y></pt><pt><x>183</x><y>516</y></pt><pt><x>180</x><y>513</y></pt><pt><x>173</x><y>511</y></pt><pt><x>169</x><y>506</y></pt><pt><x>170</x><y>496</y></pt><pt><x>172</x><y>470</y></pt><pt><x>168</x><y>456</y></pt><pt><x>164</x><y>450</y></pt><pt><x>168</x><y>441</y></pt><pt><x>174</x><y>441</y></pt><pt><x>173</x><y>431</y></pt></polygon></object><object><name>people</name><deleted>0</deleted><verified>0</verified><date>11-Jun-2012 22:33:23</date><id>14</id><polygon><username>sandy</username><pt><x>216</x><y>428</y></pt><pt><x>221</x><y>433</y></pt><pt><x>223</x><y>429</y></pt><pt><x>226</x><y>423</y></pt><pt><x>232</x><y>425</y></pt><pt><x>235</x><y>436</y></pt><pt><x>234</x><y>450</y></pt><pt><x>240</x><y>453</y></pt><pt><x>235</x><y>464</y></pt><pt><x>237</x><y>474</y></pt><pt><x>233</x><y>489</y></pt><pt><x>221</x><y>493</y></pt><pt><x>222</x><y>512</y></pt><pt><x>220</x><y>516</y></pt><pt><x>214</x><y>516</y></pt><pt><x>207</x><y>515</y></pt><pt><x>200</x><y>507</y></pt><pt><x>199</x><y>501</y></pt><pt><x>206</x><y>489</y></pt><pt><x>202</x><y>483</y></pt><pt><x>201</x><y>475</y></pt><pt><x>206</x><y>466</y></pt><pt><x>203</x><y>459</y></pt><pt><x>200</x><y>453</y></pt><pt><x>206</x><y>443</y></pt><pt><x>209</x><y>435</y></pt></polygon></object><object><name>building</name><deleted>0</deleted><verified>0</verified><date>11-Jun-2012 22:33:23</date><id>15</id><polygon><username>sandy</username><pt><x>125</x><y>279</y></pt><pt><x>136</x><y>280</y></pt><pt><x>159</x><y>281</y></pt><pt><x>159</x><y>258</y></pt><pt><x>155</x><y>250</y></pt><pt><x>170</x><y>221</y></pt><pt><x>185</x><y>215</y></pt><pt><x>203</x><y>180</y></pt><pt><x>215</x><y>178</y></pt><pt><x>245</x><y>116</y></pt><pt><x>253</x><y>112</y></pt><pt><x>251</x><y>90</y></pt><pt><x>247</x><y>86</y></pt><pt><x>250</x><y>83</y></pt><pt><x>253</x><y>79</y></pt><pt><x>254</x><y>73</y></pt><pt><x>270</x><y>70</y></pt><pt><x>273</x><y>73</y></pt><pt><x>318</x><y>61</y></pt><pt><x>320</x><y>54</y></pt><pt><x>341</x><y>50</y></pt><pt><x>347</x><y>59</y></pt><pt><x>346</x><y>74</y></pt><pt><x>357</x><y>82</y></pt><pt><x>356</x><y>86</y></pt><pt><x>798</x><y>141</y></pt><pt><x>799</x><y>460</y></pt><pt><x>367</x><y>481</y></pt><pt><x>250</x><y>477</y></pt><pt><x>205</x><y>459</y></pt><pt><x>137</x><y>414</y></pt><pt><x>122</x><y>417</y></pt><pt><x>106</x><y>408</y></pt><pt><x>103</x><y>337</y></pt><pt><x>113</x><y>327</y></pt></polygon></object><object><name>door</name><deleted>0</deleted><verified>0</verified><date>11-Jun-2012 22:33:23</date><id>16</id><polygon><username>sandy</username><pt><x>288</x><y>348</y></pt><pt><x>290</x><y>442</y></pt><pt><x>324</x><y>439</y></pt><pt><x>325</x><y>343</y></pt></polygon></object><object><name>lamppost</name><deleted>0</deleted><verified>0</verified><date>11-Jun-2012 22:33:23</date><id>17</id><polygon><username>sandy</username><pt><x>135</x><y>448</y></pt><pt><x>135</x><y>439</y></pt><pt><x>132</x><y>435</y></pt><pt><x>134</x><y>347</y></pt><pt><x>145</x><y>346</y></pt><pt><x>146</x><y>337</y></pt><pt><x>148</x><y>329</y></pt><pt><x>144</x><y>325</y></pt><pt><x>138</x><y>328</y></pt><pt><x>134</x><y>330</y></pt><pt><x>131</x><y>328</y></pt><pt><x>125</x><y>329</y></pt><pt><x>124</x><y>325</y></pt><pt><x>120</x><y>332</y></pt><pt><x>120</x><y>342</y></pt><pt><x>120</x><y>346</y></pt><pt><x>129</x><y>348</y></pt><pt><x>126</x><y>437</y></pt><pt><x>124</x><y>440</y></pt><pt><x>123</x><y>450</y></pt></polygon></object><object><name>lamppost</name><deleted>0</deleted><verified>0</verified><date>11-Jun-2012 22:33:23</date><id>18</id><polygon><username>sandy</username><pt><x>110</x><y>355</y></pt><pt><x>114</x><y>360</y></pt><pt><x>110</x><y>364</y></pt><pt><x>103</x><y>366</y></pt><pt><x>107</x><y>412</y></pt><pt><x>107</x><y>418</y></pt><pt><x>98</x><y>414</y></pt><pt><x>100</x><y>366</y></pt><pt><x>98</x><y>362</y></pt><pt><x>94</x><y>358</y></pt><pt><x>96</x><y>353</y></pt><pt><x>102</x><y>354</y></pt></polygon></object><object><name>bench</name><deleted>0</deleted><verified>0</verified><date>11-Jun-2012 22:33:23</date><id>19</id><polygon><username>sandy</username><pt><x>356</x><y>460</y></pt><pt><x>385</x><y>455</y></pt><pt><x>386</x><y>470</y></pt><pt><x>383</x><y>476</y></pt><pt><x>378</x><y>478</y></pt><pt><x>380</x><y>486</y></pt><pt><x>384</x><y>491</y></pt><pt><x>366</x><y>491</y></pt><pt><x>361</x><y>482</y></pt><pt><x>353</x><y>483</y></pt><pt><x>356</x><y>494</y></pt><pt><x>355</x><y>498</y></pt><pt><x>336</x><y>497</y></pt><pt><x>332</x><y>486</y></pt><pt><x>327</x><y>481</y></pt><pt><x>330</x><y>475</y></pt><pt><x>336</x><y>469</y></pt><pt><x>340</x><y>463</y></pt><pt><x>349</x><y>459</y></pt></polygon></object><object><name>bin</name><deleted>0</deleted><verified>0</verified><date>11-Jun-2012 22:33:23</date><id>20</id><polygon><username>sandy</username><pt><x>421</x><y>448</y></pt><pt><x>423</x><y>483</y></pt><pt><x>397</x><y>483</y></pt><pt><x>394</x><y>447</y></pt></polygon></object><object><name>tree</name><deleted>0</deleted><verified>0</verified><date>11-Jun-2012 22:33:23</date><id>21</id><polygon><username>sandy</username><pt><x>798</x><y>79</y></pt><pt><x>771</x><y>76</y></pt><pt><x>759</x><y>56</y></pt><pt><x>746</x><y>61</y></pt><pt><x>705</x><y>57</y></pt><pt><x>691</x><y>46</y></pt><pt><x>678</x><y>49</y></pt><pt><x>659</x><y>44</y></pt><pt><x>652</x><y>38</y></pt><pt><x>625</x><y>41</y></pt><pt><x>608</x><y>32</y></pt><pt><x>594</x><y>34</y></pt><pt><x>584</x><y>44</y></pt><pt><x>594</x><y>58</y></pt><pt><x>609</x><y>81</y></pt><pt><x>688</x><y>106</y></pt><pt><x>703</x><y>110</y></pt><pt><x>691</x><y>119</y></pt><pt><x>672</x><y>127</y></pt><pt><x>653</x><y>127</y></pt><pt><x>639</x><y>122</y></pt><pt><x>628</x><y>127</y></pt><pt><x>630</x><y>144</y></pt><pt><x>639</x><y>154</y></pt><pt><x>677</x><y>157</y></pt><pt><x>712</x><y>150</y></pt><pt><x>750</x><y>154</y></pt><pt><x>762</x><y>142</y></pt><pt><x>778</x><y>140</y></pt><pt><x>777</x><y>152</y></pt><pt><x>763</x><y>163</y></pt><pt><x>750</x><y>174</y></pt><pt><x>743</x><y>182</y></pt><pt><x>736</x><y>199</y></pt><pt><x>752</x><y>200</y></pt><pt><x>767</x><y>192</y></pt><pt><x>776</x><y>184</y></pt><pt><x>782</x><y>174</y></pt><pt><x>794</x><y>174</y></pt><pt><x>799</x><y>170</y></pt><pt><x>794</x><y>172</y></pt></polygon></object><object><name>tree</name><deleted>0</deleted><verified>0</verified><date>11-Jun-2012 22:33:23</date><id>22</id><polygon><username>sandy</username><pt><x>744</x><y>1</y></pt><pt><x>749</x><y>8</y></pt><pt><x>761</x><y>3</y></pt><pt><x>761</x><y>29</y></pt><pt><x>770</x><y>32</y></pt><pt><x>778</x><y>20</y></pt><pt><x>782</x><y>14</y></pt><pt><x>791</x><y>15</y></pt><pt><x>799</x><y>8</y></pt><pt><x>798</x><y>0</y></pt></polygon></object><object><name>tree</name><deleted>0</deleted><verified>0</verified><date>11-Jun-2012 22:33:23</date><id>23</id><polygon><username>sandy</username><pt><x>43</x><y>366</y></pt><pt><x>41</x><y>347</y></pt><pt><x>44</x><y>336</y></pt><pt><x>59</x><y>325</y></pt><pt><x>68</x><y>311</y></pt><pt><x>73</x><y>302</y></pt><pt><x>84</x><y>306</y></pt><pt><x>93</x><y>317</y></pt><pt><x>99</x><y>331</y></pt><pt><x>110</x><y>333</y></pt><pt><x>115</x><y>366</y></pt><pt><x>110</x><y>379</y></pt><pt><x>104</x><y>394</y></pt><pt><x>95</x><y>403</y></pt><pt><x>88</x><y>408</y></pt><pt><x>80</x><y>403</y></pt><pt><x>72</x><y>393</y></pt><pt><x>65</x><y>391</y></pt><pt><x>55</x><y>387</y></pt><pt><x>48</x><y>373</y></pt></polygon></object><object><name>tree</name><deleted>0</deleted><verified>0</verified><date>11-Jun-2012 22:33:23</date><id>24</id><polygon><username>sandy</username><pt><x>2</x><y>353</y></pt><pt><x>11</x><y>360</y></pt><pt><x>8</x><y>369</y></pt><pt><x>7</x><y>372</y></pt><pt><x>17</x><y>378</y></pt><pt><x>22</x><y>382</y></pt><pt><x>17</x><y>390</y></pt><pt><x>19</x><y>394</y></pt><pt><x>29</x><y>395</y></pt><pt><x>31</x><y>388</y></pt><pt><x>37</x><y>386</y></pt><pt><x>44</x><y>395</y></pt><pt><x>45</x><y>406</y></pt><pt><x>42</x><y>414</y></pt><pt><x>2</x><y>411</y></pt></polygon></object><object><name>tree</name><deleted>0</deleted><verified>0</verified><date>11-Jun-2012 22:33:23</date><id>25</id><polygon><username>sandy</username><pt><x>134</x><y>306</y></pt><pt><x>134</x><y>345</y></pt><pt><x>158</x><y>324</y></pt><pt><x>157</x><y>296</y></pt><pt><x>155</x><y>278</y></pt><pt><x>148</x><y>282</y></pt><pt><x>136</x><y>293</y></pt></polygon></object><object><name>bank</name><deleted>0</deleted><verified>0</verified><date>11-Jun-2012 22:33:23</date><id>26</id><polygon><username>sandy</username><pt><x>194</x><y>212</y></pt><pt><x>200</x><y>460</y></pt><pt><x>252</x><y>478</y></pt><pt><x>364</x><y>478</y></pt><pt><x>796</x><y>460</y></pt><pt><x>798</x><y>140</y></pt><pt><x>357</x><y>83</y></pt><pt><x>357</x><y>78</y></pt><pt><x>348</x><y>73</y></pt><pt><x>346</x><y>56</y></pt><pt><x>337</x><y>50</y></pt><pt><x>323</x><y>55</y></pt><pt><x>316</x><y>61</y></pt><pt><x>276</x><y>72</y></pt><pt><x>264</x><y>69</y></pt><pt><x>253</x><y>73</y></pt><pt><x>252</x><y>83</y></pt><pt><x>246</x><y>88</y></pt><pt><x>252</x><y>115</y></pt><pt><x>245</x><y>115</y></pt><pt><x>214</x><y>175</y></pt><pt><x>205</x><y>183</y></pt><pt><x>194</x><y>194</y></pt></polygon></object><imagesize><nrows>600</nrows><ncols>800</ncols></imagesize><object><name>-bank-</name><deleted>1</deleted><verified>0</verified><date>16-Jun-2012 23:21:38</date><id>27</id><polygon><username>sandy</username><pt><x>284</x><y>276</y></pt><pt><x>282</x><y>289</y></pt><pt><x>314</x><y>282</y></pt><pt><x>317</x><y>269</y></pt></polygon></object><object><name>door</name><deleted>0</deleted><verified>0</verified><date>16-Jul-2012 11:10:36</date><id>28</id><polygon><username>sandy</username><pt><x>777</x><y>406</y></pt><pt><x>772</x><y>354</y></pt><pt><x>784</x><y>337</y></pt><pt><x>796</x><y>332</y></pt><pt><x>794</x><y>406</y></pt></polygon></object></annotation>
