<annotation><filename>b_barbershop_barbershop_000007.jpg</filename><folder>100images</folder><source><sourceImage>The MIT-CSAIL database of objects and scenes</sourceImage><sourceAnnotation>LabelMe Webtool</sourceAnnotation></source><object><name>barberchair</name><deleted>0</deleted><verified>0</verified><date>18-Jun-2012 22:42:53</date><id>0</id><polygon><username>sandy</username><pt><x>650</x><y>474</y></pt><pt><x>658</x><y>452</y></pt><pt><x>662</x><y>442</y></pt><pt><x>672</x><y>434</y></pt><pt><x>689</x><y>428</y></pt><pt><x>703</x><y>431</y></pt><pt><x>714</x><y>432</y></pt><pt><x>743</x><y>445</y></pt><pt><x>752</x><y>456</y></pt><pt><x>754</x><y>469</y></pt><pt><x>752</x><y>499</y></pt><pt><x>741</x><y>544</y></pt><pt><x>729</x><y>598</y></pt><pt><x>495</x><y>599</y></pt><pt><x>500</x><y>573</y></pt><pt><x>502</x><y>555</y></pt><pt><x>497</x><y>550</y></pt><pt><x>493</x><y>538</y></pt><pt><x>492</x><y>526</y></pt><pt><x>495</x><y>516</y></pt><pt><x>498</x><y>509</y></pt><pt><x>503</x><y>495</y></pt><pt><x>506</x><y>488</y></pt><pt><x>510</x><y>472</y></pt><pt><x>539</x><y>471</y></pt><pt><x>542</x><y>467</y></pt></polygon></object><object><name>barberchair</name><deleted>0</deleted><verified>0</verified><date>18-Jun-2012 22:42:53</date><id>1</id><polygon><username>sandy</username><pt><x>558</x><y>378</y></pt><pt><x>539</x><y>376</y></pt><pt><x>531</x><y>378</y></pt><pt><x>513</x><y>401</y></pt><pt><x>450</x><y>400</y></pt><pt><x>448</x><y>405</y></pt><pt><x>439</x><y>433</y></pt><pt><x>442</x><y>443</y></pt><pt><x>446</x><y>444</y></pt><pt><x>448</x><y>456</y></pt><pt><x>448</x><y>466</y></pt><pt><x>445</x><y>471</y></pt><pt><x>445</x><y>505</y></pt><pt><x>446</x><y>510</y></pt><pt><x>418</x><y>512</y></pt><pt><x>416</x><y>520</y></pt><pt><x>406</x><y>518</y></pt><pt><x>400</x><y>504</y></pt><pt><x>408</x><y>495</y></pt><pt><x>409</x><y>479</y></pt><pt><x>405</x><y>480</y></pt><pt><x>392</x><y>487</y></pt><pt><x>387</x><y>494</y></pt><pt><x>388</x><y>510</y></pt><pt><x>395</x><y>510</y></pt><pt><x>400</x><y>515</y></pt><pt><x>399</x><y>522</y></pt><pt><x>412</x><y>526</y></pt><pt><x>417</x><y>528</y></pt><pt><x>423</x><y>534</y></pt><pt><x>429</x><y>540</y></pt><pt><x>440</x><y>541</y></pt><pt><x>435</x><y>543</y></pt><pt><x>435</x><y>550</y></pt><pt><x>441</x><y>560</y></pt><pt><x>471</x><y>570</y></pt><pt><x>495</x><y>572</y></pt><pt><x>505</x><y>566</y></pt><pt><x>518</x><y>553</y></pt><pt><x>517</x><y>546</y></pt><pt><x>507</x><y>530</y></pt><pt><x>505</x><y>490</y></pt><pt><x>540</x><y>498</y></pt><pt><x>549</x><y>495</y></pt><pt><x>556</x><y>434</y></pt><pt><x>557</x><y>417</y></pt><pt><x>557</x><y>408</y></pt></polygon></object><object><name>barberchair</name><deleted>0</deleted><verified>0</verified><date>18-Jun-2012 22:42:53</date><id>2</id><polygon><username>sandy</username><pt><x>504</x><y>391</y></pt><pt><x>504</x><y>359</y></pt><pt><x>494</x><y>358</y></pt><pt><x>480</x><y>342</y></pt><pt><x>458</x><y>328</y></pt><pt><x>448</x><y>336</y></pt><pt><x>440</x><y>340</y></pt><pt><x>419</x><y>343</y></pt><pt><x>414</x><y>347</y></pt><pt><x>411</x><y>362</y></pt><pt><x>409</x><y>372</y></pt><pt><x>409</x><y>378</y></pt><pt><x>392</x><y>377</y></pt><pt><x>387</x><y>378</y></pt><pt><x>385</x><y>384</y></pt><pt><x>392</x><y>388</y></pt><pt><x>397</x><y>395</y></pt><pt><x>412</x><y>397</y></pt><pt><x>405</x><y>399</y></pt><pt><x>396</x><y>403</y></pt><pt><x>395</x><y>409</y></pt><pt><x>401</x><y>417</y></pt><pt><x>408</x><y>422</y></pt><pt><x>425</x><y>424</y></pt><pt><x>426</x><y>441</y></pt><pt><x>416</x><y>443</y></pt><pt><x>408</x><y>447</y></pt><pt><x>401</x><y>435</y></pt><pt><x>397</x><y>431</y></pt><pt><x>390</x><y>428</y></pt><pt><x>383</x><y>435</y></pt><pt><x>388</x><y>440</y></pt><pt><x>396</x><y>443</y></pt><pt><x>398</x><y>450</y></pt><pt><x>412</x><y>456</y></pt><pt><x>421</x><y>459</y></pt><pt><x>425</x><y>464</y></pt><pt><x>431</x><y>471</y></pt><pt><x>445</x><y>475</y></pt><pt><x>478</x><y>471</y></pt><pt><x>472</x><y>451</y></pt><pt><x>476</x><y>431</y></pt><pt><x>487</x><y>430</y></pt><pt><x>500</x><y>432</y></pt></polygon></object><object><name>chair</name><deleted>0</deleted><verified>0</verified><date>18-Jun-2012 22:42:53</date><id>3</id><polygon><username>sandy</username><pt><x>248</x><y>527</y></pt><pt><x>244</x><y>491</y></pt><pt><x>238</x><y>467</y></pt><pt><x>230</x><y>451</y></pt><pt><x>219</x><y>443</y></pt><pt><x>186</x><y>442</y></pt><pt><x>183</x><y>440</y></pt><pt><x>179</x><y>431</y></pt><pt><x>172</x><y>428</y></pt><pt><x>163</x><y>430</y></pt><pt><x>155</x><y>434</y></pt><pt><x>151</x><y>440</y></pt><pt><x>152</x><y>451</y></pt><pt><x>170</x><y>535</y></pt><pt><x>176</x><y>560</y></pt><pt><x>222</x><y>565</y></pt><pt><x>229</x><y>557</y></pt><pt><x>228</x><y>543</y></pt><pt><x>228</x><y>535</y></pt><pt><x>242</x><y>536</y></pt></polygon></object><object><name>chair</name><deleted>0</deleted><verified>0</verified><date>18-Jun-2012 22:42:53</date><id>4</id><polygon><username>sandy</username><pt><x>134</x><y>448</y></pt><pt><x>147</x><y>452</y></pt><pt><x>149</x><y>464</y></pt><pt><x>172</x><y>464</y></pt><pt><x>191</x><y>468</y></pt><pt><x>210</x><y>482</y></pt><pt><x>215</x><y>494</y></pt><pt><x>219</x><y>514</y></pt><pt><x>223</x><y>533</y></pt><pt><x>225</x><y>551</y></pt><pt><x>224</x><y>564</y></pt><pt><x>222</x><y>566</y></pt><pt><x>211</x><y>572</y></pt><pt><x>196</x><y>568</y></pt><pt><x>200</x><y>592</y></pt><pt><x>199</x><y>595</y></pt><pt><x>199</x><y>596</y></pt><pt><x>198</x><y>599</y></pt><pt><x>139</x><y>598</y></pt><pt><x>116</x><y>512</y></pt><pt><x>112</x><y>508</y></pt><pt><x>108</x><y>477</y></pt><pt><x>103</x><y>462</y></pt><pt><x>111</x><y>453</y></pt><pt><x>125</x><y>450</y></pt></polygon></object><object><name>chair</name><deleted>0</deleted><verified>0</verified><date>18-Jun-2012 22:42:53</date><id>5</id><polygon><username>sandy</username><pt><x>75</x><y>474</y></pt><pt><x>100</x><y>476</y></pt><pt><x>105</x><y>494</y></pt><pt><x>134</x><y>493</y></pt><pt><x>152</x><y>494</y></pt><pt><x>173</x><y>512</y></pt><pt><x>177</x><y>519</y></pt><pt><x>184</x><y>544</y></pt><pt><x>193</x><y>593</y></pt><pt><x>192</x><y>594</y></pt><pt><x>74</x><y>597</y></pt><pt><x>68</x><y>578</y></pt><pt><x>64</x><y>552</y></pt><pt><x>59</x><y>544</y></pt><pt><x>53</x><y>532</y></pt><pt><x>51</x><y>522</y></pt><pt><x>49</x><y>514</y></pt><pt><x>50</x><y>506</y></pt><pt><x>49</x><y>496</y></pt><pt><x>51</x><y>487</y></pt><pt><x>55</x><y>482</y></pt><pt><x>63</x><y>479</y></pt></polygon></object><object><name>chair</name><deleted>0</deleted><verified>0</verified><date>18-Jun-2012 22:42:53</date><id>6</id><polygon><username>sandy</username><pt><x>24</x><y>514</y></pt><pt><x>33</x><y>537</y></pt><pt><x>58</x><y>534</y></pt><pt><x>79</x><y>536</y></pt><pt><x>106</x><y>548</y></pt><pt><x>118</x><y>558</y></pt><pt><x>129</x><y>574</y></pt><pt><x>134</x><y>587</y></pt><pt><x>135</x><y>595</y></pt><pt><x>135</x><y>595</y></pt><pt><x>135</x><y>598</y></pt><pt><x>0</x><y>597</y></pt><pt><x>2</x><y>518</y></pt><pt><x>10</x><y>514</y></pt><pt><x>15</x><y>514</y></pt></polygon></object><object><name>chair</name><deleted>0</deleted><verified>0</verified><date>18-Jun-2012 22:42:53</date><id>7</id><polygon><username>sandy</username><pt><x>319</x><y>420</y></pt><pt><x>337</x><y>400</y></pt><pt><x>333</x><y>371</y></pt><pt><x>327</x><y>364</y></pt><pt><x>321</x><y>364</y></pt><pt><x>310</x><y>362</y></pt><pt><x>308</x><y>353</y></pt><pt><x>290</x><y>363</y></pt><pt><x>294</x><y>425</y></pt></polygon></object><object><name>drinksmachine</name><deleted>0</deleted><verified>0</verified><date>18-Jun-2012 22:42:53</date><id>8</id><polygon><username>sandy</username><pt><x>175</x><y>254</y></pt><pt><x>184</x><y>521</y></pt><pt><x>249</x><y>523</y></pt><pt><x>273</x><y>488</y></pt><pt><x>266</x><y>259</y></pt><pt><x>241</x><y>250</y></pt><pt><x>232</x><y>249</y></pt></polygon></object><object><name>mirror</name><deleted>0</deleted><verified>0</verified><date>18-Jun-2012 22:42:53</date><id>9</id><polygon><username>sandy</username><pt><x>712</x><y>235</y></pt><pt><x>719</x><y>339</y></pt><pt><x>650</x><y>332</y></pt><pt><x>647</x><y>248</y></pt></polygon></object><object><name>mirror</name><deleted>0</deleted><verified>0</verified><date>18-Jun-2012 22:42:53</date><id>10</id><polygon><username>sandy</username><pt><x>593</x><y>268</y></pt><pt><x>599</x><y>328</y></pt><pt><x>571</x><y>325</y></pt><pt><x>568</x><y>272</y></pt></polygon></object><object><name>mirror</name><deleted>0</deleted><verified>0</verified><date>18-Jun-2012 22:42:53</date><id>11</id><polygon><username>sandy</username><pt><x>549</x><y>277</y></pt><pt><x>550</x><y>322</y></pt><pt><x>528</x><y>321</y></pt><pt><x>526</x><y>276</y></pt></polygon></object><object><name>mirror</name><deleted>0</deleted><verified>0</verified><date>18-Jun-2012 22:42:53</date><id>12</id><polygon><username>sandy</username><pt><x>516</x><y>282</y></pt><pt><x>518</x><y>321</y></pt><pt><x>502</x><y>321</y></pt><pt><x>503</x><y>284</y></pt></polygon></object><object><name>sign</name><deleted>0</deleted><verified>0</verified><date>18-Jun-2012 22:42:53</date><id>13</id><polygon><username>sandy</username><pt><x>63</x><y>301</y></pt><pt><x>81</x><y>309</y></pt><pt><x>88</x><y>323</y></pt><pt><x>89</x><y>338</y></pt><pt><x>82</x><y>357</y></pt><pt><x>66</x><y>369</y></pt><pt><x>45</x><y>372</y></pt><pt><x>26</x><y>364</y></pt><pt><x>14</x><y>348</y></pt><pt><x>13</x><y>333</y></pt><pt><x>17</x><y>323</y></pt><pt><x>25</x><y>315</y></pt><pt><x>34</x><y>307</y></pt><pt><x>45</x><y>304</y></pt><pt><x>56</x><y>302</y></pt></polygon></object><object><name>mirror</name><deleted>0</deleted><verified>0</verified><date>18-Jun-2012 22:42:53</date><id>14</id><polygon><username>sandy</username><pt><x>113</x><y>236</y></pt><pt><x>109</x><y>339</y></pt><pt><x>172</x><y>331</y></pt><pt><x>175</x><y>251</y></pt></polygon></object><object><name>bottle</name><deleted>0</deleted><verified>0</verified><date>18-Jun-2012 22:42:53</date><id>15</id><polygon><username>sandy</username><pt><x>2</x><y>215</y></pt><pt><x>0</x><y>262</y></pt><pt><x>22</x><y>261</y></pt><pt><x>98</x><y>273</y></pt><pt><x>100</x><y>226</y></pt><pt><x>87</x><y>226</y></pt><pt><x>68</x><y>224</y></pt><pt><x>53</x><y>222</y></pt><pt><x>52</x><y>216</y></pt><pt><x>21</x><y>214</y></pt></polygon></object><object><name>bottle</name><deleted>0</deleted><verified>0</verified><date>18-Jun-2012 22:42:53</date><id>16</id><polygon><username>sandy</username><pt><x>788</x><y>385</y></pt><pt><x>787</x><y>410</y></pt><pt><x>799</x><y>412</y></pt><pt><x>799</x><y>374</y></pt><pt><x>793</x><y>374</y></pt></polygon></object><object><name>bottle</name><deleted>0</deleted><verified>0</verified><date>18-Jun-2012 22:42:53</date><id>17</id><polygon><username>sandy</username><pt><x>785</x><y>365</y></pt><pt><x>783</x><y>407</y></pt><pt><x>777</x><y>409</y></pt><pt><x>769</x><y>402</y></pt><pt><x>769</x><y>365</y></pt><pt><x>773</x><y>360</y></pt><pt><x>774</x><y>354</y></pt><pt><x>778</x><y>353</y></pt></polygon></object><object><name>bottle</name><deleted>0</deleted><verified>0</verified><date>18-Jun-2012 22:42:53</date><id>18</id><polygon><username>sandy</username><pt><x>757</x><y>379</y></pt><pt><x>756</x><y>403</y></pt><pt><x>768</x><y>405</y></pt><pt><x>771</x><y>399</y></pt><pt><x>768</x><y>371</y></pt><pt><x>767</x><y>368</y></pt><pt><x>761</x><y>367</y></pt></polygon></object><object><name>bottle</name><deleted>0</deleted><verified>0</verified><date>18-Jun-2012 22:42:53</date><id>19</id><polygon><username>sandy</username><pt><x>749</x><y>378</y></pt><pt><x>750</x><y>399</y></pt><pt><x>757</x><y>400</y></pt><pt><x>761</x><y>368</y></pt><pt><x>759</x><y>362</y></pt><pt><x>759</x><y>351</y></pt><pt><x>754</x><y>353</y></pt><pt><x>752</x><y>364</y></pt></polygon></object><object><name>bottle</name><deleted>0</deleted><verified>0</verified><date>18-Jun-2012 22:42:53</date><id>20</id><polygon><username>sandy</username><pt><x>738</x><y>365</y></pt><pt><x>738</x><y>400</y></pt><pt><x>750</x><y>398</y></pt><pt><x>752</x><y>362</y></pt></polygon></object><object><name>bottle</name><deleted>0</deleted><verified>0</verified><date>18-Jun-2012 22:42:53</date><id>21</id><polygon><username>sandy</username><pt><x>739</x><y>351</y></pt><pt><x>733</x><y>353</y></pt><pt><x>732</x><y>356</y></pt><pt><x>729</x><y>365</y></pt><pt><x>730</x><y>397</y></pt><pt><x>741</x><y>395</y></pt><pt><x>743</x><y>358</y></pt></polygon></object><object><name>bottle</name><deleted>0</deleted><verified>0</verified><date>18-Jun-2012 22:42:53</date><id>22</id><polygon><username>sandy</username><pt><x>721</x><y>358</y></pt><pt><x>717</x><y>394</y></pt><pt><x>734</x><y>394</y></pt><pt><x>732</x><y>357</y></pt></polygon></object><object><name>bottle</name><deleted>0</deleted><verified>0</verified><date>18-Jun-2012 22:42:53</date><id>23</id><polygon><username>sandy</username><pt><x>657</x><y>347</y></pt><pt><x>658</x><y>373</y></pt><pt><x>650</x><y>373</y></pt><pt><x>634</x><y>373</y></pt><pt><x>617</x><y>364</y></pt><pt><x>601</x><y>361</y></pt><pt><x>587</x><y>357</y></pt><pt><x>586</x><y>347</y></pt><pt><x>592</x><y>337</y></pt><pt><x>600</x><y>335</y></pt><pt><x>606</x><y>335</y></pt><pt><x>612</x><y>339</y></pt><pt><x>621</x><y>338</y></pt><pt><x>626</x><y>331</y></pt><pt><x>630</x><y>335</y></pt><pt><x>638</x><y>337</y></pt><pt><x>643</x><y>333</y></pt><pt><x>648</x><y>335</y></pt></polygon></object><object><name>bottle</name><deleted>0</deleted><verified>0</verified><date>18-Jun-2012 22:42:53</date><id>24</id><polygon><username>sandy</username><pt><x>570</x><y>334</y></pt><pt><x>567</x><y>350</y></pt><pt><x>527</x><y>345</y></pt><pt><x>531</x><y>329</y></pt><pt><x>545</x><y>326</y></pt><pt><x>563</x><y>329</y></pt></polygon></object><object><name>towel</name><deleted>0</deleted><verified>0</verified><date>18-Jun-2012 22:42:53</date><id>25</id><polygon><username>sandy</username><pt><x>596</x><y>573</y></pt><pt><x>605</x><y>587</y></pt><pt><x>605</x><y>595</y></pt><pt><x>695</x><y>595</y></pt><pt><x>694</x><y>582</y></pt><pt><x>691</x><y>572</y></pt><pt><x>680</x><y>561</y></pt><pt><x>674</x><y>561</y></pt><pt><x>659</x><y>563</y></pt><pt><x>655</x><y>565</y></pt><pt><x>621</x><y>565</y></pt><pt><x>612</x><y>565</y></pt><pt><x>604</x><y>569</y></pt></polygon></object><object><name>towel</name><deleted>0</deleted><verified>0</verified><date>18-Jun-2012 22:42:53</date><id>26</id><polygon><username>sandy</username><pt><x>531</x><y>432</y></pt><pt><x>548</x><y>466</y></pt><pt><x>549</x><y>474</y></pt><pt><x>534</x><y>487</y></pt><pt><x>530</x><y>506</y></pt><pt><x>527</x><y>511</y></pt><pt><x>520</x><y>510</y></pt><pt><x>510</x><y>502</y></pt><pt><x>506</x><y>506</y></pt><pt><x>502</x><y>526</y></pt><pt><x>500</x><y>536</y></pt><pt><x>495</x><y>537</y></pt><pt><x>494</x><y>534</y></pt><pt><x>490</x><y>535</y></pt><pt><x>485</x><y>534</y></pt><pt><x>472</x><y>531</y></pt><pt><x>467</x><y>525</y></pt><pt><x>467</x><y>514</y></pt><pt><x>472</x><y>469</y></pt><pt><x>475</x><y>450</y></pt><pt><x>479</x><y>437</y></pt><pt><x>483</x><y>431</y></pt><pt><x>503</x><y>430</y></pt><pt><x>514</x><y>432</y></pt><pt><x>518</x><y>430</y></pt></polygon></object><object><name>towel</name><deleted>0</deleted><verified>0</verified><date>18-Jun-2012 22:42:53</date><id>27</id><polygon><username>sandy</username><pt><x>451</x><y>409</y></pt><pt><x>485</x><y>411</y></pt><pt><x>481</x><y>436</y></pt><pt><x>454</x><y>435</y></pt><pt><x>446</x><y>435</y></pt></polygon></object><object><name>towel</name><deleted>0</deleted><verified>0</verified><date>18-Jun-2012 22:42:53</date><id>28</id><polygon><username>sandy</username><pt><x>456</x><y>389</y></pt><pt><x>482</x><y>392</y></pt><pt><x>479</x><y>401</y></pt><pt><x>451</x><y>403</y></pt></polygon></object><object><name>towel</name><deleted>0</deleted><verified>0</verified><date>18-Jun-2012 22:42:53</date><id>29</id><polygon><username>sandy</username><pt><x>478</x><y>373</y></pt><pt><x>484</x><y>356</y></pt><pt><x>480</x><y>346</y></pt><pt><x>466</x><y>347</y></pt><pt><x>462</x><y>358</y></pt><pt><x>449</x><y>361</y></pt><pt><x>434</x><y>363</y></pt><pt><x>430</x><y>374</y></pt><pt><x>428</x><y>394</y></pt><pt><x>436</x><y>394</y></pt><pt><x>443</x><y>378</y></pt></polygon></object><object><name>towel</name><deleted>0</deleted><verified>0</verified><date>18-Jun-2012 22:42:53</date><id>30</id><polygon><username>sandy</username><pt><x>459</x><y>339</y></pt><pt><x>460</x><y>362</y></pt><pt><x>428</x><y>361</y></pt><pt><x>423</x><y>374</y></pt><pt><x>414</x><y>376</y></pt><pt><x>410</x><y>364</y></pt><pt><x>415</x><y>347</y></pt><pt><x>428</x><y>342</y></pt><pt><x>441</x><y>338</y></pt><pt><x>448</x><y>339</y></pt><pt><x>456</x><y>331</y></pt></polygon></object><object><name>sink</name><deleted>0</deleted><verified>0</verified><date>18-Jun-2012 22:42:53</date><id>31</id><polygon><username>sandy</username><pt><x>798</x><y>506</y></pt><pt><x>760</x><y>511</y></pt><pt><x>752</x><y>514</y></pt><pt><x>747</x><y>511</y></pt><pt><x>719</x><y>473</y></pt><pt><x>733</x><y>455</y></pt><pt><x>743</x><y>439</y></pt><pt><x>796</x><y>455</y></pt></polygon></object><object><name>sink</name><deleted>0</deleted><verified>0</verified><date>18-Jun-2012 22:42:53</date><id>32</id><polygon><username>sandy</username><pt><x>565</x><y>409</y></pt><pt><x>565</x><y>421</y></pt><pt><x>579</x><y>430</y></pt><pt><x>595</x><y>434</y></pt><pt><x>600</x><y>437</y></pt><pt><x>613</x><y>435</y></pt><pt><x>616</x><y>427</y></pt><pt><x>631</x><y>426</y></pt><pt><x>632</x><y>404</y></pt><pt><x>610</x><y>392</y></pt><pt><x>608</x><y>398</y></pt><pt><x>600</x><y>402</y></pt><pt><x>598</x><y>406</y></pt></polygon></object><object><name>sink</name><deleted>0</deleted><verified>0</verified><date>18-Jun-2012 22:42:53</date><id>33</id><polygon><username>sandy</username><pt><x>516</x><y>381</y></pt><pt><x>516</x><y>390</y></pt><pt><x>526</x><y>393</y></pt><pt><x>556</x><y>390</y></pt><pt><x>554</x><y>375</y></pt></polygon></object><object><name>clock</name><deleted>0</deleted><verified>0</verified><date>18-Jun-2012 22:42:53</date><id>34</id><polygon><username>sandy</username><pt><x>370</x><y>283</y></pt><pt><x>372</x><y>320</y></pt><pt><x>389</x><y>321</y></pt><pt><x>390</x><y>280</y></pt></polygon></object><object><name>light</name><deleted>0</deleted><verified>0</verified><date>18-Jun-2012 22:42:53</date><id>35</id><polygon><username>sandy</username><pt><x>432</x><y>4</y></pt><pt><x>408</x><y>244</y></pt><pt><x>395</x><y>242</y></pt><pt><x>408</x><y>3</y></pt></polygon></object><object><name>shelves</name><deleted>0</deleted><verified>0</verified><date>18-Jun-2012 22:42:53</date><id>36</id><polygon><username>sandy</username><pt><x>0</x><y>266</y></pt><pt><x>0</x><y>270</y></pt><pt><x>2</x><y>274</y></pt><pt><x>20</x><y>276</y></pt><pt><x>113</x><y>284</y></pt><pt><x>113</x><y>277</y></pt><pt><x>20</x><y>266</y></pt></polygon></object><object><name>shelves</name><deleted>0</deleted><verified>0</verified><date>18-Jun-2012 22:42:53</date><id>37</id><polygon><username>sandy</username><pt><x>799</x><y>183</y></pt><pt><x>799</x><y>207</y></pt><pt><x>686</x><y>238</y></pt><pt><x>563</x><y>269</y></pt><pt><x>510</x><y>280</y></pt><pt><x>491</x><y>285</y></pt><pt><x>495</x><y>277</y></pt><pt><x>541</x><y>264</y></pt><pt><x>604</x><y>245</y></pt><pt><x>699</x><y>216</y></pt></polygon></object><object><name>shelves</name><deleted>0</deleted><verified>0</verified><date>18-Jun-2012 22:42:53</date><id>38</id><polygon><username>sandy</username><pt><x>0</x><y>164</y></pt><pt><x>143</x><y>217</y></pt><pt><x>204</x><y>237</y></pt><pt><x>274</x><y>265</y></pt><pt><x>308</x><y>275</y></pt><pt><x>306</x><y>281</y></pt><pt><x>271</x><y>274</y></pt><pt><x>185</x><y>247</y></pt><pt><x>106</x><y>222</y></pt><pt><x>0</x><y>188</y></pt></polygon></object><imagesize><nrows>600</nrows><ncols>800</ncols></imagesize></annotation>