<annotation><filename>b_badminton_court_outdoor_google_5_11_2_badminton_court.jpg</filename><folder>100images</folder><source><sourceImage>The MIT-CSAIL database of objects and scenes</sourceImage><sourceAnnotation>LabelMe Webtool</sourceAnnotation></source><object><name>man</name><deleted>0</deleted><verified>0</verified><date>11-Jun-2012 22:25:05</date><id>0</id><polygon><username>sandy</username><pt><x>356</x><y>100</y></pt><pt><x>371</x><y>108</y></pt><pt><x>372</x><y>117</y></pt><pt><x>370</x><y>126</y></pt><pt><x>371</x><y>142</y></pt><pt><x>368</x><y>149</y></pt><pt><x>364</x><y>154</y></pt><pt><x>367</x><y>163</y></pt><pt><x>389</x><y>171</y></pt><pt><x>416</x><y>191</y></pt><pt><x>428</x><y>244</y></pt><pt><x>430</x><y>267</y></pt><pt><x>425</x><y>273</y></pt><pt><x>417</x><y>281</y></pt><pt><x>415</x><y>289</y></pt><pt><x>419</x><y>309</y></pt><pt><x>421</x><y>331</y></pt><pt><x>422</x><y>359</y></pt><pt><x>418</x><y>375</y></pt><pt><x>417</x><y>381</y></pt><pt><x>419</x><y>386</y></pt><pt><x>420</x><y>410</y></pt><pt><x>422</x><y>432</y></pt><pt><x>420</x><y>446</y></pt><pt><x>421</x><y>467</y></pt><pt><x>420</x><y>504</y></pt><pt><x>422</x><y>525</y></pt><pt><x>427</x><y>531</y></pt><pt><x>427</x><y>541</y></pt><pt><x>424</x><y>551</y></pt><pt><x>420</x><y>553</y></pt><pt><x>412</x><y>552</y></pt><pt><x>407</x><y>548</y></pt><pt><x>405</x><y>537</y></pt><pt><x>405</x><y>520</y></pt><pt><x>405</x><y>500</y></pt><pt><x>398</x><y>478</y></pt><pt><x>392</x><y>467</y></pt><pt><x>391</x><y>454</y></pt><pt><x>383</x><y>456</y></pt><pt><x>375</x><y>450</y></pt><pt><x>373</x><y>461</y></pt><pt><x>377</x><y>482</y></pt><pt><x>376</x><y>508</y></pt><pt><x>376</x><y>528</y></pt><pt><x>379</x><y>550</y></pt><pt><x>383</x><y>561</y></pt><pt><x>383</x><y>578</y></pt><pt><x>383</x><y>583</y></pt><pt><x>358</x><y>584</y></pt><pt><x>347</x><y>584</y></pt><pt><x>333</x><y>583</y></pt><pt><x>325</x><y>582</y></pt><pt><x>321</x><y>576</y></pt><pt><x>318</x><y>571</y></pt><pt><x>324</x><y>566</y></pt><pt><x>343</x><y>556</y></pt><pt><x>356</x><y>553</y></pt><pt><x>356</x><y>537</y></pt><pt><x>347</x><y>502</y></pt><pt><x>341</x><y>482</y></pt><pt><x>340</x><y>470</y></pt><pt><x>334</x><y>466</y></pt><pt><x>329</x><y>461</y></pt><pt><x>325</x><y>454</y></pt><pt><x>321</x><y>440</y></pt><pt><x>318</x><y>430</y></pt><pt><x>319</x><y>411</y></pt><pt><x>321</x><y>383</y></pt><pt><x>323</x><y>358</y></pt><pt><x>319</x><y>338</y></pt><pt><x>317</x><y>315</y></pt><pt><x>314</x><y>294</y></pt><pt><x>313</x><y>283</y></pt><pt><x>311</x><y>292</y></pt><pt><x>310</x><y>300</y></pt><pt><x>313</x><y>299</y></pt><pt><x>309</x><y>303</y></pt><pt><x>305</x><y>306</y></pt><pt><x>300</x><y>307</y></pt><pt><x>296</x><y>309</y></pt><pt><x>288</x><y>305</y></pt><pt><x>283</x><y>298</y></pt><pt><x>296</x><y>281</y></pt><pt><x>292</x><y>269</y></pt><pt><x>295</x><y>249</y></pt><pt><x>289</x><y>244</y></pt><pt><x>299</x><y>191</y></pt><pt><x>311</x><y>178</y></pt><pt><x>334</x><y>168</y></pt><pt><x>326</x><y>153</y></pt><pt><x>324</x><y>137</y></pt><pt><x>323</x><y>118</y></pt><pt><x>323</x><y>107</y></pt><pt><x>332</x><y>97</y></pt><pt><x>345</x><y>98</y></pt></polygon></object><object><name>man</name><deleted>0</deleted><verified>0</verified><date>11-Jun-2012 22:25:05</date><id>1</id><polygon><username>sandy</username><pt><x>181</x><y>298</y></pt><pt><x>193</x><y>316</y></pt><pt><x>196</x><y>327</y></pt><pt><x>193</x><y>336</y></pt><pt><x>188</x><y>348</y></pt><pt><x>188</x><y>358</y></pt><pt><x>184</x><y>391</y></pt><pt><x>181</x><y>397</y></pt><pt><x>183</x><y>410</y></pt><pt><x>179</x><y>419</y></pt><pt><x>177</x><y>426</y></pt><pt><x>181</x><y>434</y></pt><pt><x>180</x><y>442</y></pt><pt><x>170</x><y>441</y></pt><pt><x>162</x><y>439</y></pt><pt><x>154</x><y>443</y></pt><pt><x>150</x><y>437</y></pt><pt><x>152</x><y>425</y></pt><pt><x>151</x><y>394</y></pt><pt><x>147</x><y>385</y></pt><pt><x>147</x><y>373</y></pt><pt><x>149</x><y>355</y></pt><pt><x>145</x><y>353</y></pt><pt><x>147</x><y>332</y></pt><pt><x>141</x><y>319</y></pt><pt><x>137</x><y>303</y></pt><pt><x>138</x><y>294</y></pt><pt><x>144</x><y>290</y></pt><pt><x>142</x><y>280</y></pt><pt><x>147</x><y>273</y></pt><pt><x>154</x><y>276</y></pt><pt><x>159</x><y>279</y></pt><pt><x>159</x><y>287</y></pt><pt><x>169</x><y>283</y></pt><pt><x>180</x><y>275</y></pt><pt><x>184</x><y>273</y></pt><pt><x>187</x><y>277</y></pt><pt><x>183</x><y>283</y></pt><pt><x>178</x><y>286</y></pt><pt><x>172</x><y>293</y></pt></polygon></object><object><name>racket</name><deleted>0</deleted><verified>0</verified><date>11-Jun-2012 22:25:05</date><id>2</id><polygon><username>sandy</username><pt><x>286</x><y>285</y></pt><pt><x>274</x><y>284</y></pt><pt><x>264</x><y>287</y></pt><pt><x>254</x><y>292</y></pt><pt><x>250</x><y>304</y></pt><pt><x>250</x><y>318</y></pt><pt><x>262</x><y>327</y></pt><pt><x>276</x><y>331</y></pt><pt><x>290</x><y>333</y></pt><pt><x>306</x><y>326</y></pt><pt><x>311</x><y>316</y></pt><pt><x>310</x><y>313</y></pt><pt><x>318</x><y>311</y></pt><pt><x>316</x><y>307</y></pt><pt><x>308</x><y>305</y></pt><pt><x>303</x><y>293</y></pt><pt><x>296</x><y>286</y></pt></polygon></object><object><name>racket</name><deleted>0</deleted><verified>0</verified><date>11-Jun-2012 22:25:05</date><id>3</id><polygon><username>sandy</username><pt><x>198</x><y>250</y></pt><pt><x>195</x><y>259</y></pt><pt><x>190</x><y>264</y></pt><pt><x>188</x><y>270</y></pt><pt><x>189</x><y>275</y></pt><pt><x>183</x><y>274</y></pt><pt><x>185</x><y>264</y></pt><pt><x>183</x><y>258</y></pt><pt><x>188</x><y>253</y></pt><pt><x>190</x><y>248</y></pt></polygon></object><object><name>net</name><deleted>0</deleted><verified>0</verified><date>11-Jun-2012 22:25:05</date><id>4</id><polygon><username>sandy</username><pt><x>544</x><y>219</y></pt><pt><x>542</x><y>233</y></pt><pt><x>483</x><y>237</y></pt><pt><x>427</x><y>241</y></pt><pt><x>288</x><y>247</y></pt><pt><x>187</x><y>246</y></pt><pt><x>74</x><y>245</y></pt><pt><x>2</x><y>243</y></pt><pt><x>2</x><y>215</y></pt><pt><x>102</x><y>217</y></pt><pt><x>213</x><y>220</y></pt><pt><x>243</x><y>220</y></pt><pt><x>297</x><y>224</y></pt><pt><x>440</x><y>222</y></pt><pt><x>519</x><y>220</y></pt></polygon></object><object><name>shuttlecock</name><deleted>0</deleted><verified>0</verified><date>11-Jun-2012 22:25:05</date><id>5</id><polygon><username>sandy</username><pt><x>195</x><y>110</y></pt><pt><x>192</x><y>117</y></pt><pt><x>187</x><y>116</y></pt><pt><x>184</x><y>113</y></pt></polygon></object><object><name>lamp</name><deleted>0</deleted><verified>0</verified><date>11-Jun-2012 22:25:05</date><id>6</id><polygon><username>sandy</username><pt><x>651</x><y>96</y></pt><pt><x>641</x><y>88</y></pt><pt><x>634</x><y>82</y></pt><pt><x>635</x><y>72</y></pt><pt><x>633</x><y>63</y></pt><pt><x>632</x><y>55</y></pt><pt><x>635</x><y>48</y></pt><pt><x>645</x><y>43</y></pt><pt><x>655</x><y>50</y></pt><pt><x>657</x><y>58</y></pt><pt><x>656</x><y>82</y></pt><pt><x>659</x><y>89</y></pt><pt><x>659</x><y>108</y></pt><pt><x>658</x><y>122</y></pt><pt><x>663</x><y>123</y></pt><pt><x>664</x><y>114</y></pt><pt><x>671</x><y>119</y></pt><pt><x>679</x><y>113</y></pt><pt><x>678</x><y>79</y></pt><pt><x>672</x><y>79</y></pt><pt><x>669</x><y>83</y></pt><pt><x>662</x><y>83</y></pt><pt><x>662</x><y>60</y></pt><pt><x>660</x><y>45</y></pt><pt><x>652</x><y>38</y></pt><pt><x>645</x><y>34</y></pt><pt><x>635</x><y>35</y></pt><pt><x>629</x><y>48</y></pt><pt><x>624</x><y>64</y></pt><pt><x>622</x><y>75</y></pt><pt><x>620</x><y>85</y></pt><pt><x>617</x><y>92</y></pt><pt><x>610</x><y>97</y></pt><pt><x>607</x><y>100</y></pt><pt><x>605</x><y>103</y></pt><pt><x>610</x><y>107</y></pt><pt><x>616</x><y>106</y></pt><pt><x>617</x><y>117</y></pt><pt><x>622</x><y>122</y></pt><pt><x>637</x><y>123</y></pt><pt><x>641</x><y>118</y></pt><pt><x>643</x><y>103</y></pt></polygon></object><object><name>building</name><deleted>0</deleted><verified>0</verified><date>11-Jun-2012 22:25:05</date><id>7</id><polygon><username>sandy</username><pt><x>621</x><y>1</y></pt><pt><x>616</x><y>16</y></pt><pt><x>595</x><y>23</y></pt><pt><x>594</x><y>30</y></pt><pt><x>620</x><y>33</y></pt><pt><x>638</x><y>465</y></pt><pt><x>799</x><y>466</y></pt><pt><x>798</x><y>1</y></pt></polygon></object><object><name>trees</name><deleted>0</deleted><verified>0</verified><date>11-Jun-2012 22:25:05</date><id>8</id><polygon><username>sandy</username><pt><x>471</x><y>130</y></pt><pt><x>478</x><y>119</y></pt><pt><x>478</x><y>114</y></pt><pt><x>492</x><y>110</y></pt><pt><x>490</x><y>100</y></pt><pt><x>478</x><y>99</y></pt><pt><x>467</x><y>96</y></pt><pt><x>459</x><y>93</y></pt><pt><x>461</x><y>87</y></pt><pt><x>479</x><y>90</y></pt><pt><x>473</x><y>83</y></pt><pt><x>460</x><y>83</y></pt><pt><x>452</x><y>82</y></pt><pt><x>443</x><y>82</y></pt><pt><x>439</x><y>73</y></pt><pt><x>442</x><y>68</y></pt><pt><x>449</x><y>66</y></pt><pt><x>450</x><y>63</y></pt><pt><x>446</x><y>58</y></pt><pt><x>443</x><y>52</y></pt><pt><x>450</x><y>47</y></pt><pt><x>456</x><y>53</y></pt><pt><x>461</x><y>47</y></pt><pt><x>462</x><y>36</y></pt><pt><x>473</x><y>34</y></pt><pt><x>474</x><y>43</y></pt><pt><x>485</x><y>36</y></pt><pt><x>490</x><y>30</y></pt><pt><x>479</x><y>23</y></pt><pt><x>474</x><y>17</y></pt><pt><x>475</x><y>9</y></pt><pt><x>476</x><y>2</y></pt><pt><x>606</x><y>3</y></pt><pt><x>620</x><y>3</y></pt><pt><x>625</x><y>196</y></pt><pt><x>532</x><y>214</y></pt><pt><x>458</x><y>243</y></pt><pt><x>430</x><y>245</y></pt><pt><x>410</x><y>186</y></pt><pt><x>416</x><y>176</y></pt><pt><x>417</x><y>171</y></pt><pt><x>420</x><y>157</y></pt><pt><x>424</x><y>145</y></pt><pt><x>434</x><y>138</y></pt><pt><x>447</x><y>141</y></pt><pt><x>448</x><y>147</y></pt><pt><x>463</x><y>142</y></pt></polygon></object><object><name>plants</name><deleted>0</deleted><verified>0</verified><date>11-Jun-2012 22:25:05</date><id>9</id><polygon><username>sandy</username><pt><x>631</x><y>361</y></pt><pt><x>623</x><y>197</y></pt><pt><x>554</x><y>211</y></pt><pt><x>524</x><y>255</y></pt><pt><x>516</x><y>281</y></pt><pt><x>517</x><y>295</y></pt><pt><x>513</x><y>319</y></pt><pt><x>523</x><y>346</y></pt><pt><x>551</x><y>343</y></pt><pt><x>566</x><y>343</y></pt><pt><x>589</x><y>352</y></pt></polygon></object><object><name>plants</name><deleted>0</deleted><verified>0</verified><date>11-Jun-2012 22:25:05</date><id>10</id><polygon><username>sandy</username><pt><x>518</x><y>346</y></pt><pt><x>538</x><y>215</y></pt><pt><x>414</x><y>250</y></pt><pt><x>300</x><y>315</y></pt><pt><x>267</x><y>330</y></pt><pt><x>247</x><y>343</y></pt><pt><x>217</x><y>343</y></pt><pt><x>129</x><y>364</y></pt><pt><x>110</x><y>377</y></pt><pt><x>94</x><y>378</y></pt><pt><x>73</x><y>393</y></pt><pt><x>64</x><y>402</y></pt><pt><x>58</x><y>401</y></pt><pt><x>41</x><y>380</y></pt><pt><x>37</x><y>371</y></pt><pt><x>12</x><y>360</y></pt><pt><x>2</x><y>356</y></pt><pt><x>0</x><y>408</y></pt><pt><x>93</x><y>403</y></pt><pt><x>215</x><y>389</y></pt><pt><x>425</x><y>364</y></pt></polygon></object><object><name>hill</name><deleted>1</deleted><verified>0</verified><date>11-Jun-2012 22:25:05</date><id>11</id><polygon><username>sandy</username><pt><x>282</x><y>419</y></pt><pt><x>639</x><y>462</y></pt><pt><x>619</x><y>196</y></pt><pt><x>517</x><y>218</y></pt><pt><x>435</x><y>242</y></pt><pt><x>305</x><y>312</y></pt><pt><x>248</x><y>344</y></pt><pt><x>245</x><y>404</y></pt></polygon></object><object><name>pole</name><deleted>0</deleted><verified>0</verified><date>11-Jun-2012 22:25:05</date><id>12</id><polygon><username>sandy</username><pt><x>19</x><y>452</y></pt><pt><x>258</x><y>428</y></pt><pt><x>279</x><y>424</y></pt><pt><x>283</x><y>431</y></pt><pt><x>29</x><y>460</y></pt></polygon></object><object><name>bricks</name><deleted>0</deleted><verified>0</verified><date>11-Jun-2012 22:25:05</date><id>13</id><polygon><username>sandy</username><pt><x>210</x><y>397</y></pt><pt><x>208</x><y>408</y></pt><pt><x>317</x><y>414</y></pt><pt><x>319</x><y>388</y></pt><pt><x>275</x><y>388</y></pt><pt><x>253</x><y>393</y></pt><pt><x>234</x><y>394</y></pt><pt><x>219</x><y>397</y></pt></polygon></object><object><name>background</name><deleted>1</deleted><verified>0</verified><date>11-Jun-2012 22:25:05</date><id>14</id><polygon><username>sandy</username><pt><x>2</x><y>3</y></pt><pt><x>3</x><y>599</y></pt><pt><x>798</x><y>597</y></pt><pt><x>799</x><y>2</y></pt></polygon></object><imagesize><nrows>600</nrows><ncols>800</ncols></imagesize><object><name>fields</name><deleted>0</deleted><verified>0</verified><date>16-Jun-2012 23:20:54</date><id>15</id><polygon><username>sandy</username><pt><x>7</x><y>346</y></pt><pt><x>145</x><y>360</y></pt><pt><x>60</x><y>401</y></pt><pt><x>5</x><y>359</y></pt></polygon></object><object><name>grass</name><deleted>0</deleted><verified>0</verified><date>20-Jul-2012 09:59:51</date><id>16</id><polygon><username>sandy</username><pt><x>0</x><y>343</y></pt><pt><x>146</x><y>357</y></pt><pt><x>146</x><y>326</y></pt><pt><x>95</x><y>322</y></pt><pt><x>70</x><y>325</y></pt><pt><x>4</x><y>315</y></pt></polygon></object></annotation>