<annotation><filename>b_bar_bar_0364.jpg</filename><folder>100images</folder><source><sourceImage>The MIT-CSAIL database of objects and scenes</sourceImage><sourceAnnotation>LabelMe Webtool</sourceAnnotation></source><object><name>stool</name><deleted>0</deleted><verified>0</verified><date>18-Jun-2012 22:16:15</date><id>0</id><polygon><username>sandy</username><pt><x>94</x><y>597</y></pt><pt><x>94</x><y>583</y></pt><pt><x>96</x><y>566</y></pt><pt><x>105</x><y>555</y></pt><pt><x>117</x><y>549</y></pt><pt><x>116</x><y>523</y></pt><pt><x>111</x><y>516</y></pt><pt><x>108</x><y>506</y></pt><pt><x>108</x><y>497</y></pt><pt><x>116</x><y>495</y></pt><pt><x>119</x><y>492</y></pt><pt><x>134</x><y>492</y></pt><pt><x>158</x><y>497</y></pt><pt><x>192</x><y>496</y></pt><pt><x>228</x><y>490</y></pt><pt><x>250</x><y>481</y></pt><pt><x>256</x><y>478</y></pt><pt><x>273</x><y>480</y></pt><pt><x>273</x><y>501</y></pt><pt><x>265</x><y>512</y></pt><pt><x>267</x><y>541</y></pt><pt><x>273</x><y>549</y></pt><pt><x>273</x><y>565</y></pt><pt><x>276</x><y>594</y></pt><pt><x>277</x><y>598</y></pt></polygon></object><object><name>stool</name><deleted>0</deleted><verified>0</verified><date>18-Jun-2012 22:16:15</date><id>1</id><polygon><username>sandy</username><pt><x>362</x><y>532</y></pt><pt><x>349</x><y>523</y></pt><pt><x>350</x><y>500</y></pt><pt><x>369</x><y>488</y></pt><pt><x>384</x><y>485</y></pt><pt><x>384</x><y>460</y></pt><pt><x>380</x><y>458</y></pt><pt><x>380</x><y>443</y></pt><pt><x>384</x><y>438</y></pt><pt><x>407</x><y>442</y></pt><pt><x>436</x><y>442</y></pt><pt><x>472</x><y>441</y></pt><pt><x>484</x><y>437</y></pt><pt><x>489</x><y>430</y></pt><pt><x>499</x><y>438</y></pt><pt><x>499</x><y>451</y></pt><pt><x>491</x><y>459</y></pt><pt><x>489</x><y>506</y></pt><pt><x>493</x><y>514</y></pt><pt><x>491</x><y>533</y></pt><pt><x>484</x><y>542</y></pt><pt><x>487</x><y>598</y></pt><pt><x>353</x><y>597</y></pt><pt><x>350</x><y>594</y></pt></polygon></object><object><name>stool</name><deleted>0</deleted><verified>0</verified><date>18-Jun-2012 22:16:15</date><id>2</id><polygon><username>sandy</username><pt><x>629</x><y>597</y></pt><pt><x>650</x><y>542</y></pt><pt><x>654</x><y>531</y></pt><pt><x>654</x><y>400</y></pt><pt><x>658</x><y>356</y></pt><pt><x>649</x><y>346</y></pt><pt><x>625</x><y>371</y></pt><pt><x>615</x><y>384</y></pt><pt><x>575</x><y>387</y></pt><pt><x>571</x><y>407</y></pt><pt><x>560</x><y>412</y></pt><pt><x>553</x><y>423</y></pt><pt><x>558</x><y>429</y></pt><pt><x>558</x><y>437</y></pt><pt><x>552</x><y>439</y></pt><pt><x>539</x><y>447</y></pt><pt><x>541</x><y>462</y></pt><pt><x>561</x><y>468</y></pt><pt><x>557</x><y>492</y></pt><pt><x>542</x><y>523</y></pt><pt><x>531</x><y>599</y></pt></polygon></object><object><name>man</name><deleted>0</deleted><verified>0</verified><date>18-Jun-2012 22:16:15</date><id>3</id><polygon><username>sandy</username><pt><x>607</x><y>260</y></pt><pt><x>622</x><y>261</y></pt><pt><x>627</x><y>271</y></pt><pt><x>626</x><y>285</y></pt><pt><x>623</x><y>293</y></pt><pt><x>647</x><y>304</y></pt><pt><x>652</x><y>332</y></pt><pt><x>653</x><y>367</y></pt><pt><x>649</x><y>387</y></pt><pt><x>640</x><y>398</y></pt><pt><x>624</x><y>404</y></pt><pt><x>595</x><y>400</y></pt><pt><x>575</x><y>411</y></pt><pt><x>564</x><y>412</y></pt><pt><x>555</x><y>421</y></pt><pt><x>552</x><y>437</y></pt><pt><x>553</x><y>458</y></pt><pt><x>549</x><y>480</y></pt><pt><x>544</x><y>493</y></pt><pt><x>542</x><y>507</y></pt><pt><x>540</x><y>512</y></pt><pt><x>529</x><y>514</y></pt><pt><x>524</x><y>514</y></pt><pt><x>517</x><y>509</y></pt><pt><x>514</x><y>508</y></pt><pt><x>514</x><y>502</y></pt><pt><x>521</x><y>493</y></pt><pt><x>524</x><y>483</y></pt><pt><x>529</x><y>437</y></pt><pt><x>534</x><y>411</y></pt><pt><x>540</x><y>396</y></pt><pt><x>549</x><y>387</y></pt><pt><x>563</x><y>378</y></pt><pt><x>564</x><y>365</y></pt><pt><x>549</x><y>360</y></pt><pt><x>543</x><y>349</y></pt><pt><x>548</x><y>336</y></pt><pt><x>557</x><y>315</y></pt><pt><x>565</x><y>306</y></pt><pt><x>573</x><y>296</y></pt><pt><x>581</x><y>290</y></pt><pt><x>588</x><y>290</y></pt><pt><x>591</x><y>277</y></pt><pt><x>594</x><y>268</y></pt></polygon></object><object><name>beerpump</name><deleted>0</deleted><verified>0</verified><date>18-Jun-2012 22:16:15</date><id>4</id><polygon><username>sandy</username><pt><x>297</x><y>392</y></pt><pt><x>296</x><y>378</y></pt><pt><x>302</x><y>373</y></pt><pt><x>301</x><y>347</y></pt><pt><x>293</x><y>346</y></pt><pt><x>290</x><y>343</y></pt><pt><x>291</x><y>321</y></pt><pt><x>294</x><y>310</y></pt><pt><x>290</x><y>304</y></pt><pt><x>290</x><y>296</y></pt><pt><x>286</x><y>296</y></pt><pt><x>284</x><y>298</y></pt><pt><x>282</x><y>306</y></pt><pt><x>284</x><y>309</y></pt><pt><x>281</x><y>318</y></pt><pt><x>281</x><y>335</y></pt><pt><x>282</x><y>346</y></pt><pt><x>278</x><y>350</y></pt><pt><x>274</x><y>358</y></pt><pt><x>277</x><y>369</y></pt><pt><x>267</x><y>369</y></pt><pt><x>260</x><y>371</y></pt><pt><x>256</x><y>386</y></pt><pt><x>263</x><y>388</y></pt><pt><x>277</x><y>395</y></pt><pt><x>284</x><y>397</y></pt></polygon></object><object><name>beerpump</name><deleted>0</deleted><verified>0</verified><date>18-Jun-2012 22:16:15</date><id>5</id><polygon><username>sandy</username><pt><x>256</x><y>313</y></pt><pt><x>256</x><y>328</y></pt><pt><x>254</x><y>337</y></pt><pt><x>253</x><y>347</y></pt><pt><x>255</x><y>353</y></pt><pt><x>262</x><y>357</y></pt><pt><x>263</x><y>379</y></pt><pt><x>257</x><y>379</y></pt><pt><x>256</x><y>389</y></pt><pt><x>256</x><y>395</y></pt><pt><x>259</x><y>396</y></pt><pt><x>253</x><y>400</y></pt><pt><x>245</x><y>398</y></pt><pt><x>243</x><y>399</y></pt><pt><x>236</x><y>396</y></pt><pt><x>230</x><y>391</y></pt><pt><x>229</x><y>389</y></pt><pt><x>226</x><y>377</y></pt><pt><x>226</x><y>372</y></pt><pt><x>231</x><y>369</y></pt><pt><x>236</x><y>374</y></pt><pt><x>236</x><y>379</y></pt><pt><x>238</x><y>360</y></pt><pt><x>242</x><y>353</y></pt><pt><x>245</x><y>348</y></pt><pt><x>246</x><y>336</y></pt><pt><x>245</x><y>327</y></pt><pt><x>245</x><y>316</y></pt><pt><x>246</x><y>309</y></pt><pt><x>247</x><y>306</y></pt><pt><x>248</x><y>302</y></pt><pt><x>253</x><y>298</y></pt><pt><x>255</x><y>303</y></pt></polygon></object><object><name>beerpump</name><deleted>0</deleted><verified>0</verified><date>18-Jun-2012 22:16:15</date><id>6</id><polygon><username>sandy</username><pt><x>228</x><y>352</y></pt><pt><x>218</x><y>343</y></pt><pt><x>220</x><y>321</y></pt><pt><x>216</x><y>307</y></pt><pt><x>216</x><y>299</y></pt><pt><x>212</x><y>297</y></pt><pt><x>209</x><y>298</y></pt><pt><x>208</x><y>306</y></pt><pt><x>209</x><y>311</y></pt><pt><x>205</x><y>319</y></pt><pt><x>204</x><y>331</y></pt><pt><x>205</x><y>343</y></pt><pt><x>208</x><y>345</y></pt><pt><x>200</x><y>354</y></pt><pt><x>201</x><y>369</y></pt><pt><x>201</x><y>372</y></pt><pt><x>205</x><y>375</y></pt><pt><x>205</x><y>383</y></pt><pt><x>200</x><y>384</y></pt><pt><x>197</x><y>375</y></pt><pt><x>193</x><y>377</y></pt><pt><x>192</x><y>388</y></pt><pt><x>194</x><y>399</y></pt><pt><x>203</x><y>404</y></pt><pt><x>208</x><y>408</y></pt><pt><x>216</x><y>404</y></pt><pt><x>221</x><y>404</y></pt><pt><x>223</x><y>399</y></pt><pt><x>221</x><y>394</y></pt><pt><x>220</x><y>389</y></pt><pt><x>220</x><y>379</y></pt><pt><x>226</x><y>373</y></pt><pt><x>227</x><y>367</y></pt></polygon></object><object><name>beerpump</name><deleted>0</deleted><verified>0</verified><date>18-Jun-2012 22:16:15</date><id>7</id><polygon><username>sandy</username><pt><x>101</x><y>412</y></pt><pt><x>100</x><y>400</y></pt><pt><x>91</x><y>390</y></pt><pt><x>86</x><y>386</y></pt><pt><x>82</x><y>372</y></pt><pt><x>79</x><y>363</y></pt><pt><x>81</x><y>347</y></pt><pt><x>83</x><y>320</y></pt><pt><x>82</x><y>304</y></pt><pt><x>78</x><y>294</y></pt><pt><x>81</x><y>284</y></pt><pt><x>85</x><y>276</y></pt><pt><x>84</x><y>265</y></pt><pt><x>79</x><y>261</y></pt><pt><x>75</x><y>259</y></pt><pt><x>73</x><y>248</y></pt><pt><x>68</x><y>252</y></pt><pt><x>68</x><y>264</y></pt><pt><x>65</x><y>263</y></pt><pt><x>60</x><y>267</y></pt><pt><x>59</x><y>277</y></pt><pt><x>66</x><y>284</y></pt><pt><x>67</x><y>290</y></pt><pt><x>68</x><y>301</y></pt><pt><x>69</x><y>315</y></pt><pt><x>70</x><y>326</y></pt><pt><x>71</x><y>340</y></pt><pt><x>68</x><y>366</y></pt><pt><x>66</x><y>377</y></pt><pt><x>59</x><y>383</y></pt><pt><x>59</x><y>391</y></pt><pt><x>50</x><y>392</y></pt><pt><x>50</x><y>403</y></pt><pt><x>59</x><y>408</y></pt></polygon></object><object><name>alcohol</name><deleted>0</deleted><verified>0</verified><date>18-Jun-2012 22:16:15</date><id>8</id><polygon><username>sandy</username><pt><x>490</x><y>329</y></pt><pt><x>492</x><y>361</y></pt><pt><x>502</x><y>360</y></pt><pt><x>504</x><y>328</y></pt></polygon></object><object><name>alcohol</name><deleted>0</deleted><verified>0</verified><date>18-Jun-2012 22:16:15</date><id>9</id><polygon><username>sandy</username><pt><x>200</x><y>188</y></pt><pt><x>193</x><y>265</y></pt><pt><x>188</x><y>268</y></pt><pt><x>19</x><y>262</y></pt><pt><x>15</x><y>180</y></pt></polygon></object><object><name>alcohol</name><deleted>0</deleted><verified>0</verified><date>18-Jun-2012 22:16:15</date><id>10</id><polygon><username>sandy</username><pt><x>260</x><y>197</y></pt><pt><x>256</x><y>289</y></pt><pt><x>314</x><y>285</y></pt><pt><x>311</x><y>243</y></pt><pt><x>305</x><y>237</y></pt><pt><x>302</x><y>197</y></pt></polygon></object><object><name>bottle</name><deleted>0</deleted><verified>0</verified><date>18-Jun-2012 22:16:15</date><id>11</id><polygon><username>sandy</username><pt><x>170</x><y>347</y></pt><pt><x>171</x><y>361</y></pt><pt><x>175</x><y>365</y></pt><pt><x>176</x><y>386</y></pt><pt><x>159</x><y>387</y></pt><pt><x>158</x><y>365</y></pt><pt><x>163</x><y>360</y></pt><pt><x>160</x><y>344</y></pt></polygon></object><object><name>bottle</name><deleted>0</deleted><verified>0</verified><date>18-Jun-2012 22:16:15</date><id>12</id><polygon><username>sandy</username><pt><x>188</x><y>364</y></pt><pt><x>183</x><y>358</y></pt><pt><x>180</x><y>343</y></pt><pt><x>175</x><y>344</y></pt><pt><x>176</x><y>363</y></pt><pt><x>174</x><y>363</y></pt><pt><x>176</x><y>384</y></pt><pt><x>189</x><y>387</y></pt></polygon></object><object><name>beerpump</name><deleted>0</deleted><verified>0</verified><date>18-Jun-2012 22:16:15</date><id>13</id><polygon><username>sandy</username><pt><x>2</x><y>256</y></pt><pt><x>12</x><y>253</y></pt><pt><x>14</x><y>261</y></pt><pt><x>15</x><y>298</y></pt><pt><x>15</x><y>331</y></pt><pt><x>12</x><y>336</y></pt><pt><x>6</x><y>335</y></pt><pt><x>8</x><y>320</y></pt><pt><x>2</x><y>324</y></pt><pt><x>0</x><y>295</y></pt><pt><x>5</x><y>293</y></pt></polygon></object><object><name>winelist</name><deleted>0</deleted><verified>0</verified><date>18-Jun-2012 22:16:15</date><id>14</id><polygon><username>sandy</username><pt><x>580</x><y>180</y></pt><pt><x>573</x><y>306</y></pt><pt><x>724</x><y>313</y></pt><pt><x>729</x><y>183</y></pt></polygon></object><object><name>bar</name><deleted>0</deleted><verified>0</verified><date>18-Jun-2012 22:16:15</date><id>15</id><polygon><username>sandy</username><pt><x>5</x><y>402</y></pt><pt><x>381</x><y>384</y></pt><pt><x>388</x><y>386</y></pt><pt><x>492</x><y>337</y></pt><pt><x>521</x><y>319</y></pt><pt><x>571</x><y>323</y></pt><pt><x>566</x><y>499</y></pt><pt><x>497</x><y>595</y></pt><pt><x>2</x><y>597</y></pt></polygon></object><object><name>lamp</name><deleted>0</deleted><verified>0</verified><date>18-Jun-2012 22:16:15</date><id>16</id><polygon><username>sandy</username><pt><x>567</x><y>163</y></pt><pt><x>560</x><y>157</y></pt><pt><x>559</x><y>136</y></pt><pt><x>552</x><y>133</y></pt><pt><x>548</x><y>126</y></pt><pt><x>549</x><y>116</y></pt><pt><x>543</x><y>109</y></pt><pt><x>538</x><y>107</y></pt><pt><x>532</x><y>109</y></pt><pt><x>525</x><y>112</y></pt><pt><x>522</x><y>117</y></pt><pt><x>519</x><y>121</y></pt><pt><x>515</x><y>127</y></pt><pt><x>508</x><y>128</y></pt><pt><x>507</x><y>121</y></pt><pt><x>505</x><y>120</y></pt><pt><x>499</x><y>120</y></pt><pt><x>495</x><y>124</y></pt><pt><x>495</x><y>133</y></pt><pt><x>498</x><y>138</y></pt><pt><x>504</x><y>136</y></pt><pt><x>506</x><y>136</y></pt><pt><x>523</x><y>130</y></pt><pt><x>529</x><y>125</y></pt><pt><x>532</x><y>120</y></pt><pt><x>535</x><y>116</y></pt><pt><x>539</x><y>117</y></pt><pt><x>543</x><y>117</y></pt><pt><x>544</x><y>122</y></pt><pt><x>543</x><y>132</y></pt><pt><x>541</x><y>136</y></pt><pt><x>538</x><y>146</y></pt><pt><x>538</x><y>155</y></pt><pt><x>534</x><y>158</y></pt><pt><x>530</x><y>164</y></pt><pt><x>531</x><y>171</y></pt><pt><x>540</x><y>169</y></pt><pt><x>550</x><y>169</y></pt><pt><x>558</x><y>171</y></pt></polygon></object><object><name>lamp</name><deleted>0</deleted><verified>0</verified><date>18-Jun-2012 22:16:15</date><id>17</id><polygon><username>sandy</username><pt><x>519</x><y>279</y></pt><pt><x>530</x><y>288</y></pt><pt><x>533</x><y>294</y></pt><pt><x>533</x><y>301</y></pt><pt><x>519</x><y>304</y></pt><pt><x>517</x><y>304</y></pt><pt><x>517</x><y>315</y></pt><pt><x>509</x><y>315</y></pt><pt><x>508</x><y>302</y></pt><pt><x>497</x><y>303</y></pt><pt><x>496</x><y>290</y></pt><pt><x>499</x><y>286</y></pt><pt><x>505</x><y>281</y></pt></polygon></object><object><name>bottle</name><deleted>0</deleted><verified>0</verified><date>18-Jun-2012 22:16:15</date><id>18</id><polygon><username>sandy</username><pt><x>191</x><y>333</y></pt><pt><x>189</x><y>305</y></pt><pt><x>185</x><y>298</y></pt><pt><x>185</x><y>279</y></pt><pt><x>174</x><y>277</y></pt><pt><x>161</x><y>287</y></pt><pt><x>155</x><y>298</y></pt><pt><x>160</x><y>303</y></pt><pt><x>154</x><y>307</y></pt><pt><x>155</x><y>331</y></pt><pt><x>174</x><y>337</y></pt></polygon></object><object><name>bartender</name><deleted>0</deleted><verified>0</verified><date>18-Jun-2012 22:16:15</date><id>19</id><polygon><username>sandy</username><pt><x>58</x><y>324</y></pt><pt><x>41</x><y>298</y></pt><pt><x>37</x><y>299</y></pt><pt><x>15</x><y>268</y></pt><pt><x>5</x><y>259</y></pt><pt><x>2</x><y>306</y></pt><pt><x>37</x><y>324</y></pt><pt><x>57</x><y>339</y></pt><pt><x>75</x><y>339</y></pt><pt><x>74</x><y>332</y></pt></polygon></object><object><name>flowers</name><deleted>0</deleted><verified>0</verified><date>18-Jun-2012 22:16:15</date><id>20</id><polygon><username>sandy</username><pt><x>701</x><y>343</y></pt><pt><x>733</x><y>326</y></pt><pt><x>735</x><y>318</y></pt><pt><x>721</x><y>314</y></pt><pt><x>721</x><y>302</y></pt><pt><x>735</x><y>305</y></pt><pt><x>740</x><y>295</y></pt><pt><x>729</x><y>291</y></pt><pt><x>720</x><y>296</y></pt><pt><x>715</x><y>304</y></pt><pt><x>711</x><y>298</y></pt><pt><x>716</x><y>287</y></pt><pt><x>715</x><y>280</y></pt><pt><x>709</x><y>279</y></pt><pt><x>703</x><y>280</y></pt><pt><x>701</x><y>291</y></pt><pt><x>693</x><y>298</y></pt><pt><x>688</x><y>297</y></pt><pt><x>688</x><y>288</y></pt><pt><x>690</x><y>282</y></pt><pt><x>673</x><y>282</y></pt><pt><x>674</x><y>295</y></pt><pt><x>669</x><y>296</y></pt><pt><x>664</x><y>285</y></pt><pt><x>661</x><y>280</y></pt><pt><x>654</x><y>285</y></pt><pt><x>654</x><y>295</y></pt><pt><x>648</x><y>314</y></pt><pt><x>652</x><y>335</y></pt><pt><x>661</x><y>340</y></pt><pt><x>682</x><y>338</y></pt><pt><x>681</x><y>377</y></pt><pt><x>696</x><y>382</y></pt></polygon></object><object><name>shelves</name><deleted>0</deleted><verified>0</verified><date>18-Jun-2012 22:16:15</date><id>21</id><polygon><username>sandy</username><pt><x>198</x><y>295</y></pt><pt><x>197</x><y>185</y></pt><pt><x>20</x><y>181</y></pt><pt><x>23</x><y>396</y></pt><pt><x>200</x><y>389</y></pt></polygon></object><object><name>shelves</name><deleted>0</deleted><verified>0</verified><date>18-Jun-2012 22:16:15</date><id>22</id><polygon><username>sandy</username><pt><x>343</x><y>318</y></pt><pt><x>345</x><y>198</y></pt><pt><x>262</x><y>193</y></pt><pt><x>253</x><y>375</y></pt><pt><x>254</x><y>383</y></pt><pt><x>343</x><y>383</y></pt></polygon></object><object><name>stainedglass</name><deleted>0</deleted><verified>0</verified><date>18-Jun-2012 22:16:15</date><id>23</id><polygon><username>sandy</username><pt><x>263</x><y>132</y></pt><pt><x>263</x><y>175</y></pt><pt><x>9</x><y>161</y></pt><pt><x>12</x><y>117</y></pt></polygon></object><object><name>stainedglass</name><deleted>0</deleted><verified>0</verified><date>18-Jun-2012 22:16:15</date><id>24</id><polygon><username>sandy</username><pt><x>290</x><y>140</y></pt><pt><x>288</x><y>174</y></pt><pt><x>484</x><y>187</y></pt><pt><x>485</x><y>151</y></pt></polygon></object><object><name>stainedglass</name><deleted>0</deleted><verified>0</verified><date>18-Jun-2012 22:16:15</date><id>25</id><polygon><username>sandy</username><pt><x>508</x><y>157</y></pt><pt><x>505</x><y>193</y></pt><pt><x>530</x><y>195</y></pt><pt><x>530</x><y>169</y></pt></polygon></object><object><name>stainedglass</name><deleted>0</deleted><verified>0</verified><date>18-Jun-2012 22:16:15</date><id>26</id><polygon><username>sandy</username><pt><x>555</x><y>185</y></pt><pt><x>555</x><y>208</y></pt><pt><x>538</x><y>198</y></pt><pt><x>541</x><y>174</y></pt></polygon></object><object><name>wine</name><deleted>0</deleted><verified>0</verified><date>18-Jun-2012 22:16:15</date><id>27</id><polygon><username>sandy</username><pt><x>276</x><y>204</y></pt><pt><x>278</x><y>238</y></pt><pt><x>270</x><y>245</y></pt><pt><x>273</x><y>285</y></pt><pt><x>272</x><y>290</y></pt><pt><x>256</x><y>289</y></pt><pt><x>262</x><y>198</y></pt></polygon></object><imagesize><nrows>600</nrows><ncols>800</ncols></imagesize></annotation>