<annotation><filename>b_bathroom_IMG_3208.jpg</filename><folder>100images</folder><source><sourceImage>The MIT-CSAIL database of objects and scenes</sourceImage><sourceAnnotation>LabelMe Webtool</sourceAnnotation></source><object><name>bath</name><deleted>0</deleted><verified>0</verified><date>19-Jun-2012 19:28:14</date><id>0</id><polygon><username>sandy</username><pt><x>354</x><y>227</y></pt><pt><x>736</x><y>261</y></pt><pt><x>732</x><y>316</y></pt><pt><x>729</x><y>345</y></pt><pt><x>733</x><y>364</y></pt><pt><x>733</x><y>386</y></pt><pt><x>725</x><y>404</y></pt><pt><x>718</x><y>412</y></pt><pt><x>717</x><y>439</y></pt><pt><x>709</x><y>452</y></pt><pt><x>683</x><y>474</y></pt><pt><x>638</x><y>482</y></pt><pt><x>566</x><y>484</y></pt><pt><x>479</x><y>478</y></pt><pt><x>458</x><y>483</y></pt><pt><x>449</x><y>483</y></pt><pt><x>315</x><y>459</y></pt><pt><x>285</x><y>449</y></pt><pt><x>271</x><y>281</y></pt><pt><x>274</x><y>277</y></pt></polygon></object><object><name>towel</name><deleted>0</deleted><verified>0</verified><date>19-Jun-2012 19:28:14</date><id>1</id><polygon><username>sandy</username><pt><x>391</x><y>331</y></pt><pt><x>381</x><y>312</y></pt><pt><x>359</x><y>294</y></pt><pt><x>336</x><y>286</y></pt><pt><x>325</x><y>278</y></pt><pt><x>312</x><y>275</y></pt><pt><x>300</x><y>278</y></pt><pt><x>284</x><y>277</y></pt><pt><x>279</x><y>276</y></pt><pt><x>247</x><y>329</y></pt><pt><x>260</x><y>341</y></pt><pt><x>278</x><y>364</y></pt><pt><x>290</x><y>367</y></pt><pt><x>331</x><y>357</y></pt><pt><x>360</x><y>347</y></pt><pt><x>379</x><y>339</y></pt></polygon></object><object><name>towel</name><deleted>0</deleted><verified>0</verified><date>19-Jun-2012 19:28:14</date><id>2</id><polygon><username>sandy</username><pt><x>203</x><y>508</y></pt><pt><x>194</x><y>567</y></pt><pt><x>189</x><y>574</y></pt><pt><x>182</x><y>569</y></pt><pt><x>179</x><y>584</y></pt><pt><x>172</x><y>590</y></pt><pt><x>161</x><y>592</y></pt><pt><x>126</x><y>584</y></pt><pt><x>127</x><y>581</y></pt><pt><x>163</x><y>546</y></pt><pt><x>192</x><y>518</y></pt></polygon></object><object><name>mirror</name><deleted>0</deleted><verified>0</verified><date>19-Jun-2012 19:28:14</date><id>3</id><polygon><username>sandy</username><pt><x>131</x><y>1</y></pt><pt><x>143</x><y>127</y></pt><pt><x>1</x><y>155</y></pt><pt><x>2</x><y>1</y></pt></polygon></object><imagesize><nrows>600</nrows><ncols>800</ncols></imagesize><object><name>sachets</name><deleted>0</deleted><verified>0</verified><date>19-Jun-2012 19:32:43</date><id>4</id><polygon><username>sandy</username><pt><x>133</x><y>429</y></pt><pt><x>171</x><y>447</y></pt><pt><x>150</x><y>459</y></pt><pt><x>144</x><y>468</y></pt><pt><x>83</x><y>455</y></pt><pt><x>101</x><y>443</y></pt></polygon></object><object><name>tap</name><deleted>0</deleted><verified>0</verified><date>19-Jun-2012 19:32:43</date><id>5</id><polygon><username>sandy</username><pt><x>98</x><y>213</y></pt><pt><x>103</x><y>283</y></pt><pt><x>111</x><y>286</y></pt><pt><x>120</x><y>284</y></pt><pt><x>122</x><y>279</y></pt><pt><x>118</x><y>249</y></pt><pt><x>138</x><y>250</y></pt><pt><x>144</x><y>260</y></pt><pt><x>155</x><y>256</y></pt><pt><x>144</x><y>237</y></pt><pt><x>123</x><y>235</y></pt><pt><x>118</x><y>230</y></pt><pt><x>115</x><y>211</y></pt></polygon></object><object><name>showerhead</name><deleted>0</deleted><verified>0</verified><date>19-Jun-2012 19:32:43</date><id>6</id><polygon><username>sandy</username><pt><x>513</x><y>186</y></pt><pt><x>524</x><y>200</y></pt><pt><x>529</x><y>238</y></pt><pt><x>529</x><y>242</y></pt><pt><x>516</x><y>245</y></pt><pt><x>511</x><y>211</y></pt><pt><x>503</x><y>205</y></pt><pt><x>494</x><y>198</y></pt><pt><x>494</x><y>190</y></pt></polygon></object><object><name>counter</name><deleted>0</deleted><verified>0</verified><date>19-Jun-2012 19:32:43</date><id>7</id><polygon><username>sandy</username><pt><x>104</x><y>599</y></pt><pt><x>365</x><y>354</y></pt><pt><x>362</x><y>332</y></pt><pt><x>211</x><y>302</y></pt><pt><x>2</x><y>428</y></pt><pt><x>2</x><y>598</y></pt></polygon></object><object><name>shelf</name><deleted>0</deleted><verified>0</verified><date>19-Jun-2012 19:32:43</date><id>8</id><polygon><username>sandy</username><pt><x>257</x><y>477</y></pt><pt><x>258</x><y>505</y></pt><pt><x>167</x><y>599</y></pt><pt><x>127</x><y>599</y></pt><pt><x>119</x><y>598</y></pt><pt><x>118</x><y>589</y></pt><pt><x>245</x><y>473</y></pt></polygon></object><object><name>bottle</name><deleted>0</deleted><verified>0</verified><date>19-Jun-2012 19:32:43</date><id>9</id><polygon><username>sandy</username><pt><x>397</x><y>239</y></pt><pt><x>401</x><y>256</y></pt><pt><x>390</x><y>254</y></pt></polygon></object><object><name>bottle</name><deleted>0</deleted><verified>0</verified><date>19-Jun-2012 19:32:43</date><id>10</id><polygon><username>sandy</username><pt><x>380</x><y>257</y></pt><pt><x>379</x><y>241</y></pt><pt><x>371</x><y>239</y></pt><pt><x>368</x><y>258</y></pt></polygon></object><object><name>soapholder</name><deleted>0</deleted><verified>0</verified><date>19-Jun-2012 19:32:43</date><id>11</id><polygon><username>sandy</username><pt><x>178</x><y>185</y></pt><pt><x>175</x><y>193</y></pt><pt><x>170</x><y>194</y></pt><pt><x>171</x><y>204</y></pt><pt><x>153</x><y>202</y></pt><pt><x>142</x><y>205</y></pt><pt><x>133</x><y>202</y></pt><pt><x>130</x><y>205</y></pt><pt><x>122</x><y>205</y></pt><pt><x>119</x><y>198</y></pt><pt><x>116</x><y>190</y></pt><pt><x>124</x><y>183</y></pt><pt><x>135</x><y>186</y></pt><pt><x>150</x><y>185</y></pt><pt><x>161</x><y>183</y></pt></polygon></object><object><name>toothbrushholder</name><deleted>0</deleted><verified>0</verified><date>19-Jun-2012 19:32:43</date><id>12</id><polygon><username>sandy</username><pt><x>42</x><y>228</y></pt><pt><x>45</x><y>274</y></pt><pt><x>27</x><y>278</y></pt><pt><x>12</x><y>279</y></pt><pt><x>5</x><y>254</y></pt><pt><x>2</x><y>254</y></pt><pt><x>2</x><y>226</y></pt><pt><x>10</x><y>226</y></pt><pt><x>23</x><y>223</y></pt></polygon></object><object><name>sink</name><deleted>0</deleted><verified>0</verified><date>19-Jun-2012 19:32:43</date><id>13</id><polygon><username>sandy</username><pt><x>182</x><y>249</y></pt><pt><x>222</x><y>248</y></pt><pt><x>254</x><y>250</y></pt><pt><x>280</x><y>265</y></pt><pt><x>282</x><y>280</y></pt><pt><x>269</x><y>306</y></pt><pt><x>258</x><y>324</y></pt><pt><x>246</x><y>341</y></pt><pt><x>219</x><y>357</y></pt><pt><x>217</x><y>380</y></pt><pt><x>189</x><y>392</y></pt><pt><x>146</x><y>398</y></pt><pt><x>105</x><y>390</y></pt><pt><x>51</x><y>377</y></pt><pt><x>44</x><y>323</y></pt><pt><x>52</x><y>313</y></pt><pt><x>57</x><y>299</y></pt><pt><x>67</x><y>287</y></pt><pt><x>89</x><y>278</y></pt><pt><x>133</x><y>258</y></pt><pt><x>161</x><y>252</y></pt></polygon></object><object><name>sink</name><deleted>0</deleted><verified>0</verified><date>19-Jun-2012 19:32:43</date><id>14</id><polygon><username>sandy</username><pt><x>60</x><y>435</y></pt><pt><x>78</x><y>401</y></pt><pt><x>82</x><y>384</y></pt><pt><x>82</x><y>362</y></pt><pt><x>68</x><y>353</y></pt><pt><x>53</x><y>347</y></pt><pt><x>27</x><y>345</y></pt><pt><x>3</x><y>346</y></pt><pt><x>3</x><y>501</y></pt><pt><x>19</x><y>487</y></pt><pt><x>31</x><y>472</y></pt><pt><x>44</x><y>462</y></pt></polygon></object></annotation>