<annotation><filename>b_bathroom_bothroom99.jpg</filename><folder>100images</folder><source><sourceImage>The MIT-CSAIL database of objects and scenes</sourceImage><sourceAnnotation>LabelMe Webtool</sourceAnnotation></source><object><name>sink</name><deleted>0</deleted><verified>0</verified><date>19-Jun-2012 20:00:50</date><id>0</id><polygon><username>sandy</username><pt><x>527</x><y>313</y></pt><pt><x>533</x><y>336</y></pt><pt><x>555</x><y>341</y></pt><pt><x>558</x><y>356</y></pt><pt><x>563</x><y>366</y></pt><pt><x>569</x><y>372</y></pt><pt><x>584</x><y>382</y></pt><pt><x>585</x><y>389</y></pt><pt><x>592</x><y>393</y></pt><pt><x>591</x><y>400</y></pt><pt><x>596</x><y>408</y></pt><pt><x>597</x><y>419</y></pt><pt><x>590</x><y>559</y></pt><pt><x>585</x><y>563</y></pt><pt><x>582</x><y>571</y></pt><pt><x>585</x><y>576</y></pt><pt><x>580</x><y>579</y></pt><pt><x>578</x><y>585</y></pt><pt><x>574</x><y>591</y></pt><pt><x>570</x><y>593</y></pt><pt><x>570</x><y>598</y></pt><pt><x>673</x><y>598</y></pt><pt><x>670</x><y>592</y></pt><pt><x>663</x><y>584</y></pt><pt><x>659</x><y>578</y></pt><pt><x>660</x><y>570</y></pt><pt><x>655</x><y>566</y></pt><pt><x>649</x><y>420</y></pt><pt><x>653</x><y>408</y></pt><pt><x>653</x><y>403</y></pt><pt><x>658</x><y>396</y></pt><pt><x>662</x><y>392</y></pt><pt><x>665</x><y>387</y></pt><pt><x>676</x><y>376</y></pt><pt><x>691</x><y>349</y></pt><pt><x>719</x><y>348</y></pt><pt><x>720</x><y>332</y></pt><pt><x>729</x><y>325</y></pt><pt><x>730</x><y>319</y></pt><pt><x>723</x><y>311</y></pt><pt><x>714</x><y>308</y></pt><pt><x>632</x><y>298</y></pt><pt><x>590</x><y>298</y></pt><pt><x>559</x><y>299</y></pt><pt><x>541</x><y>301</y></pt><pt><x>537</x><y>300</y></pt><pt><x>529</x><y>305</y></pt></polygon></object><object><name>toilet</name><deleted>0</deleted><verified>0</verified><date>19-Jun-2012 20:00:50</date><id>1</id><polygon><username>sandy</username><pt><x>310</x><y>329</y></pt><pt><x>308</x><y>361</y></pt><pt><x>305</x><y>380</y></pt><pt><x>300</x><y>394</y></pt><pt><x>300</x><y>397</y></pt><pt><x>322</x><y>398</y></pt><pt><x>337</x><y>405</y></pt><pt><x>345</x><y>414</y></pt><pt><x>347</x><y>422</y></pt><pt><x>351</x><y>434</y></pt><pt><x>351</x><y>445</y></pt><pt><x>344</x><y>458</y></pt><pt><x>334</x><y>468</y></pt><pt><x>327</x><y>474</y></pt><pt><x>322</x><y>482</y></pt><pt><x>328</x><y>530</y></pt><pt><x>331</x><y>541</y></pt><pt><x>330</x><y>548</y></pt><pt><x>321</x><y>552</y></pt><pt><x>297</x><y>553</y></pt><pt><x>275</x><y>548</y></pt><pt><x>251</x><y>539</y></pt><pt><x>242</x><y>533</y></pt><pt><x>239</x><y>528</y></pt><pt><x>235</x><y>521</y></pt><pt><x>235</x><y>506</y></pt><pt><x>239</x><y>485</y></pt><pt><x>241</x><y>472</y></pt><pt><x>239</x><y>463</y></pt><pt><x>235</x><y>456</y></pt><pt><x>233</x><y>448</y></pt><pt><x>231</x><y>436</y></pt><pt><x>231</x><y>425</y></pt><pt><x>219</x><y>403</y></pt><pt><x>202</x><y>399</y></pt><pt><x>174</x><y>329</y></pt><pt><x>173</x><y>324</y></pt><pt><x>175</x><y>311</y></pt><pt><x>298</x><y>305</y></pt><pt><x>308</x><y>311</y></pt></polygon></object><object><name>towel</name><deleted>0</deleted><verified>0</verified><date>19-Jun-2012 20:00:50</date><id>2</id><polygon><username>sandy</username><pt><x>97</x><y>372</y></pt><pt><x>90</x><y>378</y></pt><pt><x>88</x><y>389</y></pt><pt><x>94</x><y>399</y></pt><pt><x>133</x><y>408</y></pt><pt><x>233</x><y>398</y></pt><pt><x>240</x><y>396</y></pt><pt><x>241</x><y>388</y></pt><pt><x>239</x><y>375</y></pt><pt><x>215</x><y>360</y></pt><pt><x>114</x><y>371</y></pt><pt><x>105</x><y>372</y></pt></polygon></object><object><name>towel</name><deleted>0</deleted><verified>0</verified><date>19-Jun-2012 20:00:50</date><id>3</id><polygon><username>sandy</username><pt><x>238</x><y>406</y></pt><pt><x>235</x><y>426</y></pt><pt><x>134</x><y>437</y></pt><pt><x>106</x><y>428</y></pt><pt><x>96</x><y>425</y></pt><pt><x>92</x><y>419</y></pt><pt><x>88</x><y>410</y></pt><pt><x>94</x><y>401</y></pt><pt><x>208</x><y>387</y></pt><pt><x>226</x><y>395</y></pt></polygon></object><object><name>shelves</name><deleted>0</deleted><verified>0</verified><date>19-Jun-2012 20:00:50</date><id>4</id><polygon><username>sandy</username><pt><x>162</x><y>32</y></pt><pt><x>155</x><y>520</y></pt><pt><x>193</x><y>537</y></pt><pt><x>345</x><y>523</y></pt><pt><x>352</x><y>35</y></pt><pt><x>321</x><y>37</y></pt><pt><x>319</x><y>42</y></pt><pt><x>191</x><y>39</y></pt><pt><x>188</x><y>30</y></pt><pt><x>179</x><y>30</y></pt><pt><x>178</x><y>37</y></pt></polygon></object><object><name>shelves</name><deleted>0</deleted><verified>0</verified><date>19-Jun-2012 20:00:50</date><id>5</id><polygon><username>sandy</username><pt><x>439</x><y>60</y></pt><pt><x>428</x><y>541</y></pt><pt><x>439</x><y>549</y></pt><pt><x>441</x><y>525</y></pt><pt><x>470</x><y>535</y></pt><pt><x>466</x><y>555</y></pt><pt><x>466</x><y>565</y></pt><pt><x>478</x><y>567</y></pt><pt><x>482</x><y>563</y></pt><pt><x>480</x><y>556</y></pt><pt><x>478</x><y>538</y></pt><pt><x>524</x><y>539</y></pt><pt><x>540</x><y>535</y></pt><pt><x>556</x><y>531</y></pt><pt><x>556</x><y>547</y></pt><pt><x>551</x><y>549</y></pt><pt><x>554</x><y>556</y></pt><pt><x>564</x><y>557</y></pt><pt><x>568</x><y>555</y></pt><pt><x>567</x><y>548</y></pt><pt><x>563</x><y>545</y></pt><pt><x>571</x><y>63</y></pt><pt><x>566</x><y>60</y></pt><pt><x>563</x><y>63</y></pt><pt><x>531</x><y>64</y></pt><pt><x>527</x><y>57</y></pt><pt><x>520</x><y>60</y></pt><pt><x>487</x><y>62</y></pt><pt><x>484</x><y>58</y></pt><pt><x>477</x><y>60</y></pt><pt><x>474</x><y>63</y></pt><pt><x>446</x><y>63</y></pt></polygon></object><object><name>shelves</name><deleted>0</deleted><verified>0</verified><date>19-Jun-2012 20:00:50</date><id>6</id><polygon><username>sandy</username><pt><x>261</x><y>348</y></pt><pt><x>267</x><y>595</y></pt><pt><x>252</x><y>597</y></pt><pt><x>249</x><y>574</y></pt><pt><x>210</x><y>582</y></pt><pt><x>205</x><y>588</y></pt><pt><x>198</x><y>593</y></pt><pt><x>189</x><y>586</y></pt><pt><x>135</x><y>594</y></pt><pt><x>131</x><y>597</y></pt><pt><x>121</x><y>598</y></pt><pt><x>119</x><y>586</y></pt><pt><x>73</x><y>572</y></pt><pt><x>59</x><y>567</y></pt><pt><x>60</x><y>358</y></pt><pt><x>63</x><y>345</y></pt><pt><x>69</x><y>345</y></pt><pt><x>72</x><y>352</y></pt><pt><x>168</x><y>331</y></pt></polygon></object><object><name>mirror</name><deleted>0</deleted><verified>0</verified><date>19-Jun-2012 20:00:50</date><id>7</id><polygon><username>sandy</username><pt><x>779</x><y>275</y></pt><pt><x>779</x><y>0</y></pt><pt><x>639</x><y>1</y></pt><pt><x>639</x><y>254</y></pt></polygon></object><object><name>toiletroll</name><deleted>0</deleted><verified>0</verified><date>19-Jun-2012 20:00:50</date><id>8</id><polygon><username>sandy</username><pt><x>462</x><y>285</y></pt><pt><x>482</x><y>290</y></pt><pt><x>490</x><y>301</y></pt><pt><x>489</x><y>309</y></pt><pt><x>486</x><y>319</y></pt><pt><x>480</x><y>325</y></pt><pt><x>472</x><y>326</y></pt><pt><x>453</x><y>322</y></pt><pt><x>446</x><y>312</y></pt><pt><x>443</x><y>304</y></pt><pt><x>444</x><y>295</y></pt><pt><x>452</x><y>287</y></pt></polygon></object><object><name>tap</name><deleted>0</deleted><verified>0</verified><date>19-Jun-2012 20:00:50</date><id>9</id><polygon><username>sandy</username><pt><x>673</x><y>199</y></pt><pt><x>680</x><y>216</y></pt><pt><x>684</x><y>275</y></pt><pt><x>687</x><y>284</y></pt><pt><x>693</x><y>292</y></pt><pt><x>692</x><y>297</y></pt><pt><x>688</x><y>302</y></pt><pt><x>690</x><y>308</y></pt><pt><x>690</x><y>312</y></pt><pt><x>679</x><y>312</y></pt><pt><x>679</x><y>314</y></pt><pt><x>670</x><y>312</y></pt><pt><x>668</x><y>310</y></pt><pt><x>671</x><y>303</y></pt><pt><x>663</x><y>301</y></pt><pt><x>664</x><y>296</y></pt><pt><x>662</x><y>296</y></pt><pt><x>655</x><y>298</y></pt><pt><x>649</x><y>297</y></pt><pt><x>644</x><y>296</y></pt><pt><x>642</x><y>292</y></pt><pt><x>646</x><y>288</y></pt><pt><x>665</x><y>285</y></pt><pt><x>671</x><y>281</y></pt><pt><x>674</x><y>276</y></pt><pt><x>672</x><y>215</y></pt><pt><x>665</x><y>205</y></pt><pt><x>661</x><y>200</y></pt><pt><x>655</x><y>200</y></pt><pt><x>648</x><y>203</y></pt><pt><x>644</x><y>208</y></pt><pt><x>641</x><y>210</y></pt><pt><x>639</x><y>220</y></pt><pt><x>641</x><y>229</y></pt><pt><x>638</x><y>234</y></pt><pt><x>632</x><y>234</y></pt><pt><x>631</x><y>230</y></pt><pt><x>632</x><y>223</y></pt><pt><x>634</x><y>214</y></pt><pt><x>638</x><y>205</y></pt><pt><x>644</x><y>196</y></pt><pt><x>652</x><y>193</y></pt><pt><x>663</x><y>194</y></pt></polygon></object><object><name>brush</name><deleted>0</deleted><verified>0</verified><date>19-Jun-2012 20:00:50</date><id>10</id><polygon><username>sandy</username><pt><x>601</x><y>272</y></pt><pt><x>614</x><y>274</y></pt><pt><x>616</x><y>281</y></pt><pt><x>611</x><y>289</y></pt><pt><x>615</x><y>303</y></pt><pt><x>604</x><y>305</y></pt><pt><x>600</x><y>293</y></pt><pt><x>602</x><y>288</y></pt></polygon></object><object><name>bath</name><deleted>0</deleted><verified>0</verified><date>19-Jun-2012 20:00:50</date><id>11</id><polygon><username>sandy</username><pt><x>3</x><y>443</y></pt><pt><x>125</x><y>519</y></pt><pt><x>132</x><y>530</y></pt><pt><x>133</x><y>541</y></pt><pt><x>130</x><y>548</y></pt><pt><x>118</x><y>557</y></pt><pt><x>72</x><y>573</y></pt><pt><x>69</x><y>594</y></pt><pt><x>68</x><y>598</y></pt><pt><x>2</x><y>599</y></pt></polygon></object><object><name>chest</name><deleted>0</deleted><verified>0</verified><date>19-Jun-2012 20:00:50</date><id>12</id><polygon><username>sandy</username><pt><x>705</x><y>435</y></pt><pt><x>704</x><y>598</y></pt><pt><x>797</x><y>598</y></pt><pt><x>798</x><y>420</y></pt></polygon></object><object><name>bottle</name><deleted>0</deleted><verified>0</verified><date>19-Jun-2012 20:00:50</date><id>13</id><polygon><username>sandy</username><pt><x>536</x><y>198</y></pt><pt><x>534</x><y>207</y></pt><pt><x>538</x><y>211</y></pt><pt><x>538</x><y>248</y></pt><pt><x>533</x><y>251</y></pt><pt><x>524</x><y>247</y></pt><pt><x>520</x><y>245</y></pt><pt><x>520</x><y>208</y></pt><pt><x>524</x><y>205</y></pt><pt><x>525</x><y>195</y></pt></polygon></object><object><name>brush</name><deleted>0</deleted><verified>0</verified><date>19-Jun-2012 20:00:50</date><id>14</id><polygon><username>sandy</username><pt><x>472</x><y>238</y></pt><pt><x>472</x><y>247</y></pt><pt><x>497</x><y>248</y></pt><pt><x>520</x><y>247</y></pt><pt><x>515</x><y>235</y></pt><pt><x>496</x><y>234</y></pt></polygon></object><object><name>bottle</name><deleted>0</deleted><verified>0</verified><date>19-Jun-2012 20:00:50</date><id>15</id><polygon><username>sandy</username><pt><x>139</x><y>281</y></pt><pt><x>140</x><y>293</y></pt><pt><x>148</x><y>301</y></pt><pt><x>146</x><y>342</y></pt><pt><x>121</x><y>338</y></pt><pt><x>123</x><y>298</y></pt><pt><x>129</x><y>293</y></pt><pt><x>130</x><y>282</y></pt></polygon></object><object><name>bottle</name><deleted>0</deleted><verified>0</verified><date>19-Jun-2012 20:00:50</date><id>16</id><polygon><username>sandy</username><pt><x>106</x><y>309</y></pt><pt><x>111</x><y>306</y></pt><pt><x>112</x><y>292</y></pt><pt><x>124</x><y>292</y></pt><pt><x>125</x><y>308</y></pt><pt><x>128</x><y>310</y></pt><pt><x>122</x><y>336</y></pt><pt><x>114</x><y>339</y></pt><pt><x>107</x><y>336</y></pt><pt><x>106</x><y>327</y></pt></polygon></object><object><name>bottle</name><deleted>0</deleted><verified>0</verified><date>19-Jun-2012 20:00:50</date><id>17</id><polygon><username>sandy</username><pt><x>528</x><y>362</y></pt><pt><x>529</x><y>369</y></pt><pt><x>534</x><y>373</y></pt><pt><x>537</x><y>427</y></pt><pt><x>531</x><y>431</y></pt><pt><x>508</x><y>427</y></pt><pt><x>512</x><y>371</y></pt><pt><x>518</x><y>369</y></pt><pt><x>519</x><y>362</y></pt></polygon></object><object><name>bottle</name><deleted>0</deleted><verified>0</verified><date>19-Jun-2012 20:00:50</date><id>18</id><polygon><username>sandy</username><pt><x>643</x><y>305</y></pt><pt><x>641</x><y>262</y></pt><pt><x>639</x><y>258</y></pt><pt><x>639</x><y>249</y></pt><pt><x>632</x><y>251</y></pt><pt><x>630</x><y>257</y></pt><pt><x>625</x><y>262</y></pt><pt><x>624</x><y>306</y></pt></polygon></object><object><name>bowl</name><deleted>0</deleted><verified>0</verified><date>19-Jun-2012 20:00:50</date><id>19</id><polygon><username>sandy</username><pt><x>464</x><y>114</y></pt><pt><x>471</x><y>137</y></pt><pt><x>489</x><y>156</y></pt><pt><x>512</x><y>157</y></pt><pt><x>537</x><y>147</y></pt><pt><x>545</x><y>123</y></pt><pt><x>545</x><y>115</y></pt><pt><x>531</x><y>111</y></pt><pt><x>481</x><y>110</y></pt></polygon></object><object><name>bowl</name><deleted>0</deleted><verified>0</verified><date>19-Jun-2012 20:00:50</date><id>20</id><polygon><username>sandy</username><pt><x>323</x><y>223</y></pt><pt><x>303</x><y>236</y></pt><pt><x>280</x><y>241</y></pt><pt><x>215</x><y>242</y></pt><pt><x>196</x><y>231</y></pt><pt><x>186</x><y>219</y></pt><pt><x>188</x><y>215</y></pt><pt><x>229</x><y>218</y></pt><pt><x>296</x><y>216</y></pt><pt><x>311</x><y>216</y></pt></polygon></object><object><name>jar</name><deleted>0</deleted><verified>0</verified><date>19-Jun-2012 20:00:50</date><id>21</id><polygon><username>sandy</username><pt><x>515</x><y>276</y></pt><pt><x>513</x><y>335</y></pt><pt><x>491</x><y>338</y></pt><pt><x>476</x><y>336</y></pt><pt><x>481</x><y>272</y></pt><pt><x>491</x><y>271</y></pt><pt><x>502</x><y>272</y></pt></polygon></object><object><name>jar</name><deleted>0</deleted><verified>0</verified><date>19-Jun-2012 20:00:50</date><id>22</id><polygon><username>sandy</username><pt><x>243</x><y>105</y></pt><pt><x>240</x><y>155</y></pt><pt><x>212</x><y>156</y></pt><pt><x>202</x><y>154</y></pt><pt><x>206</x><y>103</y></pt><pt><x>216</x><y>104</y></pt></polygon></object><object><name>window</name><deleted>0</deleted><verified>0</verified><date>19-Jun-2012 20:00:50</date><id>23</id><polygon><username>sandy</username><pt><x>54</x><y>3</y></pt><pt><x>51</x><y>328</y></pt><pt><x>2</x><y>333</y></pt><pt><x>2</x><y>3</y></pt></polygon></object><imagesize><nrows>600
</nrows><ncols>800
</ncols></imagesize></annotation>