<annotation><filename>b_bathroom_IMG_1701.jpg</filename><folder>100images</folder><source><sourceImage>The MIT-CSAIL database of objects and scenes</sourceImage><sourceAnnotation>LabelMe Webtool</sourceAnnotation></source><object><name>toilet</name><deleted>0</deleted><verified>0</verified><date>19-Jun-2012 19:23:48</date><id>0</id><polygon><username>sandy</username><pt><x>205</x><y>400</y></pt><pt><x>204</x><y>354</y></pt><pt><x>199</x><y>317</y></pt><pt><x>205</x><y>314</y></pt><pt><x>201</x><y>303</y></pt><pt><x>190</x><y>284</y></pt><pt><x>156</x><y>284</y></pt><pt><x>150</x><y>282</y></pt><pt><x>139</x><y>276</y></pt><pt><x>122</x><y>271</y></pt><pt><x>105</x><y>276</y></pt><pt><x>90</x><y>287</y></pt><pt><x>78</x><y>299</y></pt><pt><x>50</x><y>305</y></pt><pt><x>22</x><y>312</y></pt><pt><x>22</x><y>321</y></pt><pt><x>29</x><y>341</y></pt><pt><x>34</x><y>344</y></pt><pt><x>42</x><y>395</y></pt><pt><x>48</x><y>419</y></pt><pt><x>54</x><y>433</y></pt><pt><x>71</x><y>434</y></pt><pt><x>80</x><y>449</y></pt><pt><x>87</x><y>456</y></pt><pt><x>84</x><y>468</y></pt><pt><x>83</x><y>483</y></pt><pt><x>87</x><y>503</y></pt><pt><x>97</x><y>529</y></pt><pt><x>109</x><y>547</y></pt><pt><x>128</x><y>595</y></pt><pt><x>216</x><y>597</y></pt><pt><x>216</x><y>588</y></pt><pt><x>211</x><y>569</y></pt><pt><x>205</x><y>548</y></pt><pt><x>214</x><y>540</y></pt><pt><x>223</x><y>529</y></pt><pt><x>231</x><y>505</y></pt><pt><x>227</x><y>480</y></pt><pt><x>226</x><y>467</y></pt><pt><x>220</x><y>453</y></pt><pt><x>212</x><y>446</y></pt><pt><x>203</x><y>438</y></pt><pt><x>195</x><y>433</y></pt><pt><x>188</x><y>427</y></pt><pt><x>188</x><y>412</y></pt></polygon></object><object><name>toilet</name><deleted>0</deleted><verified>0</verified><date>19-Jun-2012 19:23:48</date><id>1</id><polygon><username>sandy</username><pt><x>656</x><y>222</y></pt><pt><x>659</x><y>237</y></pt><pt><x>773</x><y>280</y></pt><pt><x>777</x><y>263</y></pt><pt><x>780</x><y>242</y></pt><pt><x>781</x><y>223</y></pt><pt><x>778</x><y>218</y></pt><pt><x>769</x><y>210</y></pt><pt><x>765</x><y>204</y></pt><pt><x>756</x><y>196</y></pt><pt><x>751</x><y>190</y></pt><pt><x>741</x><y>192</y></pt><pt><x>729</x><y>200</y></pt><pt><x>724</x><y>207</y></pt><pt><x>720</x><y>208</y></pt><pt><x>667</x><y>215</y></pt></polygon></object><object><name>sink</name><deleted>0</deleted><verified>0</verified><date>19-Jun-2012 19:23:48</date><id>2</id><polygon><username>sandy</username><pt><x>729</x><y>420</y></pt><pt><x>770</x><y>444</y></pt><pt><x>788</x><y>461</y></pt><pt><x>799</x><y>478</y></pt><pt><x>799</x><y>490</y></pt><pt><x>786</x><y>503</y></pt><pt><x>752</x><y>507</y></pt><pt><x>701</x><y>507</y></pt><pt><x>663</x><y>493</y></pt><pt><x>623</x><y>472</y></pt><pt><x>597</x><y>450</y></pt><pt><x>588</x><y>435</y></pt><pt><x>589</x><y>423</y></pt><pt><x>595</x><y>411</y></pt><pt><x>619</x><y>404</y></pt><pt><x>644</x><y>404</y></pt><pt><x>682</x><y>407</y></pt><pt><x>707</x><y>411</y></pt></polygon></object><object><name>coffeepot</name><deleted>0</deleted><verified>0</verified><date>19-Jun-2012 19:23:48</date><id>3</id><polygon><username>sandy</username><pt><x>498</x><y>185</y></pt><pt><x>497</x><y>260</y></pt><pt><x>476</x><y>271</y></pt><pt><x>461</x><y>273</y></pt><pt><x>448</x><y>273</y></pt><pt><x>438</x><y>269</y></pt><pt><x>435</x><y>263</y></pt><pt><x>437</x><y>250</y></pt><pt><x>430</x><y>242</y></pt><pt><x>429</x><y>222</y></pt><pt><x>441</x><y>219</y></pt><pt><x>446</x><y>196</y></pt><pt><x>444</x><y>186</y></pt><pt><x>452</x><y>181</y></pt><pt><x>461</x><y>180</y></pt></polygon></object><object><name>hair-dryer</name><deleted>0</deleted><verified>0</verified><date>19-Jun-2012 19:23:48</date><id>4</id><polygon><username>sandy</username><pt><x>423</x><y>27</y></pt><pt><x>419</x><y>39</y></pt><pt><x>420</x><y>98</y></pt><pt><x>429</x><y>99</y></pt><pt><x>442</x><y>97</y></pt><pt><x>452</x><y>91</y></pt><pt><x>450</x><y>52</y></pt><pt><x>457</x><y>45</y></pt><pt><x>456</x><y>37</y></pt><pt><x>444</x><y>26</y></pt></polygon></object><object><name>mirror</name><deleted>0</deleted><verified>0</verified><date>19-Jun-2012 19:23:48</date><id>5</id><polygon><username>sandy</username><pt><x>539</x><y>0</y></pt><pt><x>527</x><y>208</y></pt><pt><x>797</x><y>320</y></pt><pt><x>797</x><y>1</y></pt></polygon></object><object><name>toiletroll</name><deleted>0</deleted><verified>0</verified><date>19-Jun-2012 19:23:48</date><id>6</id><polygon><username>sandy</username><pt><x>381</x><y>359</y></pt><pt><x>403</x><y>378</y></pt><pt><x>401</x><y>411</y></pt><pt><x>389</x><y>416</y></pt><pt><x>376</x><y>411</y></pt><pt><x>354</x><y>392</y></pt><pt><x>352</x><y>378</y></pt><pt><x>355</x><y>369</y></pt><pt><x>366</x><y>361</y></pt></polygon></object><object><name>coffeepot</name><deleted>0</deleted><verified>0</verified><date>19-Jun-2012 19:23:48</date><id>7</id><polygon><username>sandy</username><pt><x>581</x><y>178</y></pt><pt><x>592</x><y>200</y></pt><pt><x>581</x><y>199</y></pt><pt><x>578</x><y>230</y></pt><pt><x>529</x><y>207</y></pt><pt><x>536</x><y>173</y></pt><pt><x>548</x><y>173</y></pt><pt><x>563</x><y>177</y></pt></polygon></object><object><name>counter</name><deleted>0</deleted><verified>0</verified><date>19-Jun-2012 19:23:48</date><id>8</id><polygon><username>sandy</username><pt><x>320</x><y>275</y></pt><pt><x>701</x><y>597</y></pt><pt><x>799</x><y>597</y></pt><pt><x>799</x><y>407</y></pt><pt><x>484</x><y>244</y></pt></polygon></object><object><name>mouthwash</name><deleted>0</deleted><verified>0</verified><date>19-Jun-2012 19:23:48</date><id>9</id><polygon><username>sandy</username><pt><x>725</x><y>347</y></pt><pt><x>728</x><y>381</y></pt><pt><x>706</x><y>373</y></pt><pt><x>712</x><y>350</y></pt></polygon></object><object><name>tap</name><deleted>0</deleted><verified>0</verified><date>19-Jun-2012 19:23:48</date><id>10</id><polygon><username>sandy</username><pt><x>751</x><y>356</y></pt><pt><x>776</x><y>355</y></pt><pt><x>790</x><y>366</y></pt><pt><x>792</x><y>380</y></pt><pt><x>796</x><y>420</y></pt><pt><x>788</x><y>424</y></pt><pt><x>774</x><y>420</y></pt><pt><x>767</x><y>415</y></pt><pt><x>766</x><y>399</y></pt><pt><x>762</x><y>392</y></pt><pt><x>752</x><y>399</y></pt><pt><x>744</x><y>407</y></pt><pt><x>736</x><y>404</y></pt><pt><x>732</x><y>396</y></pt><pt><x>735</x><y>389</y></pt><pt><x>751</x><y>382</y></pt><pt><x>769</x><y>384</y></pt><pt><x>770</x><y>370</y></pt><pt><x>769</x><y>366</y></pt><pt><x>759</x><y>367</y></pt><pt><x>752</x><y>367</y></pt></polygon></object><object><name>towel</name><deleted>0</deleted><verified>0</verified><date>19-Jun-2012 19:23:48</date><id>11</id><polygon><username>sandy</username><pt><x>180</x><y>50</y></pt><pt><x>186</x><y>129</y></pt><pt><x>182</x><y>132</y></pt><pt><x>184</x><y>173</y></pt><pt><x>178</x><y>182</y></pt><pt><x>132</x><y>180</y></pt><pt><x>124</x><y>56</y></pt><pt><x>127</x><y>53</y></pt><pt><x>128</x><y>46</y></pt></polygon></object><object><name>towel</name><deleted>0</deleted><verified>0</verified><date>19-Jun-2012 19:23:48</date><id>12</id><polygon><username>sandy</username><pt><x>127</x><y>186</y></pt><pt><x>124</x><y>52</y></pt><pt><x>110</x><y>53</y></pt><pt><x>106</x><y>48</y></pt><pt><x>64</x><y>49</y></pt><pt><x>59</x><y>56</y></pt><pt><x>56</x><y>57</y></pt><pt><x>75</x><y>189</y></pt></polygon></object><object><name>towel</name><deleted>0</deleted><verified>0</verified><date>19-Jun-2012 19:23:48</date><id>13</id><polygon><username>sandy</username><pt><x>15</x><y>193</y></pt><pt><x>0</x><y>124</y></pt><pt><x>3</x><y>52</y></pt><pt><x>12</x><y>52</y></pt><pt><x>52</x><y>53</y></pt><pt><x>73</x><y>188</y></pt></polygon></object><object><name>toiletrolldispenser</name><deleted>0</deleted><verified>0</verified><date>19-Jun-2012 19:23:48</date><id>14</id><polygon><username>sandy</username><pt><x>378</x><y>346</y></pt><pt><x>404</x><y>363</y></pt><pt><x>401</x><y>420</y></pt><pt><x>373</x><y>397</y></pt></polygon></object><object><name>towelrail</name><deleted>0</deleted><verified>0</verified><date>19-Jun-2012 19:23:48</date><id>15</id><polygon><username>sandy</username><pt><x>193</x><y>49</y></pt><pt><x>205</x><y>48</y></pt><pt><x>207</x><y>60</y></pt><pt><x>199</x><y>63</y></pt><pt><x>193</x><y>63</y></pt><pt><x>188</x><y>61</y></pt><pt><x>3</x><y>68</y></pt><pt><x>3</x><y>54</y></pt><pt><x>181</x><y>50</y></pt></polygon></object><object><name>bird</name><deleted>0</deleted><verified>0</verified><date>19-Jun-2012 19:23:48</date><id>16</id><polygon><username>sandy</username><pt><x>208</x><y>71</y></pt><pt><x>216</x><y>82</y></pt><pt><x>212</x><y>95</y></pt><pt><x>208</x><y>102</y></pt><pt><x>207</x><y>106</y></pt><pt><x>203</x><y>105</y></pt><pt><x>199</x><y>95</y></pt><pt><x>190</x><y>101</y></pt><pt><x>188</x><y>90</y></pt><pt><x>196</x><y>84</y></pt></polygon></object><object><name>soap</name><deleted>0</deleted><verified>0</verified><date>19-Jun-2012 19:23:48</date><id>17</id><polygon><username>sandy</username><pt><x>699</x><y>335</y></pt><pt><x>697</x><y>359</y></pt><pt><x>721</x><y>371</y></pt><pt><x>729</x><y>344</y></pt></polygon></object><object><name>cup</name><deleted>0</deleted><verified>0</verified><date>19-Jun-2012 19:23:48</date><id>18</id><polygon><username>sandy</username><pt><x>580</x><y>283</y></pt><pt><x>581</x><y>318</y></pt><pt><x>616</x><y>321</y></pt><pt><x>615</x><y>282</y></pt><pt><x>605</x><y>273</y></pt><pt><x>595</x><y>278</y></pt></polygon></object><object><name>cup</name><deleted>0</deleted><verified>0</verified><date>19-Jun-2012 19:23:48</date><id>19</id><polygon><username>sandy</username><pt><x>546</x><y>259</y></pt><pt><x>558</x><y>257</y></pt><pt><x>569</x><y>256</y></pt><pt><x>576</x><y>269</y></pt><pt><x>571</x><y>298</y></pt><pt><x>539</x><y>295</y></pt><pt><x>536</x><y>268</y></pt></polygon></object><object><name>cup</name><deleted>0</deleted><verified>0</verified><date>19-Jun-2012 19:23:48</date><id>20</id><polygon><username>sandy</username><pt><x>559</x><y>322</y></pt><pt><x>565</x><y>290</y></pt><pt><x>559</x><y>286</y></pt><pt><x>552</x><y>283</y></pt><pt><x>544</x><y>282</y></pt><pt><x>536</x><y>287</y></pt><pt><x>528</x><y>295</y></pt><pt><x>528</x><y>322</y></pt><pt><x>540</x><y>328</y></pt><pt><x>550</x><y>329</y></pt></polygon></object><imagesize><nrows>600</nrows><ncols>800</ncols></imagesize></annotation>