<annotation><filename>b_bedroom_IMG_1080.jpg</filename><folder>100images</folder><source><sourceImage>The MIT-CSAIL database of objects and scenes</sourceImage><sourceAnnotation>LabelMe Webtool</sourceAnnotation></source><object><name>bed</name><deleted>0</deleted><verified>0</verified><date>24-Jun-2012 17:10:35</date><id>0</id><polygon><username>sandy</username><pt><x>287</x><y>207</y></pt><pt><x>288</x><y>245</y></pt><pt><x>290</x><y>245</y></pt><pt><x>293</x><y>375</y></pt><pt><x>798</x><y>523</y></pt><pt><x>799</x><y>598</y></pt><pt><x>2</x><y>597</y></pt><pt><x>2</x><y>208</y></pt><pt><x>10</x><y>198</y></pt><pt><x>56</x><y>182</y></pt><pt><x>102</x><y>177</y></pt><pt><x>158</x><y>178</y></pt><pt><x>195</x><y>192</y></pt><pt><x>204</x><y>212</y></pt><pt><x>226</x><y>192</y></pt><pt><x>246</x><y>195</y></pt><pt><x>270</x><y>204</y></pt><pt><x>270</x><y>188</y></pt><pt><x>267</x><y>178</y></pt><pt><x>271</x><y>176</y></pt><pt><x>269</x><y>172</y></pt><pt><x>271</x><y>163</y></pt><pt><x>279</x><y>165</y></pt><pt><x>282</x><y>166</y></pt><pt><x>284</x><y>172</y></pt><pt><x>281</x><y>178</y></pt><pt><x>282</x><y>183</y></pt><pt><x>279</x><y>192</y></pt><pt><x>282</x><y>197</y></pt></polygon></object><object><name>laptop</name><deleted>0</deleted><verified>0</verified><date>24-Jun-2012 17:10:35</date><id>1</id><polygon><username>sandy</username><pt><x>367</x><y>271</y></pt><pt><x>391</x><y>341</y></pt><pt><x>393</x><y>349</y></pt><pt><x>462</x><y>356</y></pt><pt><x>490</x><y>330</y></pt><pt><x>429</x><y>323</y></pt><pt><x>409</x><y>260</y></pt><pt><x>406</x><y>260</y></pt></polygon></object><object><name>lamp</name><deleted>0</deleted><verified>0</verified><date>24-Jun-2012 17:10:35</date><id>2</id><polygon><username>sandy</username><pt><x>497</x><y>145</y></pt><pt><x>530</x><y>208</y></pt><pt><x>520</x><y>212</y></pt><pt><x>491</x><y>213</y></pt><pt><x>474</x><y>213</y></pt><pt><x>474</x><y>260</y></pt><pt><x>477</x><y>262</y></pt><pt><x>500</x><y>268</y></pt><pt><x>509</x><y>281</y></pt><pt><x>511</x><y>299</y></pt><pt><x>511</x><y>311</y></pt><pt><x>506</x><y>312</y></pt><pt><x>503</x><y>287</y></pt><pt><x>503</x><y>279</y></pt><pt><x>496</x><y>271</y></pt><pt><x>489</x><y>268</y></pt><pt><x>478</x><y>266</y></pt><pt><x>474</x><y>266</y></pt><pt><x>469</x><y>267</y></pt><pt><x>467</x><y>303</y></pt><pt><x>456</x><y>300</y></pt><pt><x>456</x><y>277</y></pt><pt><x>460</x><y>267</y></pt><pt><x>454</x><y>271</y></pt><pt><x>448</x><y>279</y></pt><pt><x>447</x><y>289</y></pt><pt><x>445</x><y>303</y></pt><pt><x>437</x><y>306</y></pt><pt><x>438</x><y>279</y></pt><pt><x>444</x><y>270</y></pt><pt><x>456</x><y>263</y></pt><pt><x>467</x><y>261</y></pt><pt><x>466</x><y>209</y></pt><pt><x>443</x><y>208</y></pt><pt><x>430</x><y>205</y></pt><pt><x>419</x><y>201</y></pt><pt><x>416</x><y>195</y></pt><pt><x>459</x><y>137</y></pt><pt><x>473</x><y>140</y></pt><pt><x>475</x><y>138</y></pt><pt><x>479</x><y>137</y></pt><pt><x>482</x><y>140</y></pt><pt><x>480</x><y>142</y></pt></polygon></object><object><name>pillow</name><deleted>0</deleted><verified>0</verified><date>24-Jun-2012 17:10:35</date><id>3</id><polygon><username>sandy</username><pt><x>332</x><y>279</y></pt><pt><x>332</x><y>343</y></pt><pt><x>358</x><y>384</y></pt><pt><x>321</x><y>396</y></pt><pt><x>283</x><y>405</y></pt><pt><x>261</x><y>411</y></pt><pt><x>219</x><y>424</y></pt><pt><x>181</x><y>440</y></pt><pt><x>156</x><y>445</y></pt><pt><x>148</x><y>446</y></pt><pt><x>106</x><y>316</y></pt><pt><x>108</x><y>304</y></pt><pt><x>121</x><y>310</y></pt><pt><x>165</x><y>311</y></pt><pt><x>219</x><y>300</y></pt><pt><x>273</x><y>291</y></pt><pt><x>304</x><y>281</y></pt><pt><x>309</x><y>279</y></pt></polygon></object><object><name>pillow</name><deleted>0</deleted><verified>0</verified><date>24-Jun-2012 17:10:35</date><id>4</id><polygon><username>sandy</username><pt><x>79</x><y>326</y></pt><pt><x>105</x><y>318</y></pt><pt><x>117</x><y>314</y></pt><pt><x>123</x><y>323</y></pt><pt><x>125</x><y>341</y></pt><pt><x>130</x><y>356</y></pt><pt><x>137</x><y>394</y></pt><pt><x>140</x><y>412</y></pt><pt><x>144</x><y>432</y></pt><pt><x>151</x><y>443</y></pt><pt><x>152</x><y>445</y></pt><pt><x>136</x><y>455</y></pt><pt><x>114</x><y>456</y></pt><pt><x>89</x><y>461</y></pt><pt><x>41</x><y>473</y></pt><pt><x>29</x><y>479</y></pt><pt><x>11</x><y>485</y></pt><pt><x>3</x><y>487</y></pt><pt><x>0</x><y>486</y></pt><pt><x>2</x><y>340</y></pt><pt><x>34</x><y>335</y></pt><pt><x>62</x><y>329</y></pt></polygon></object><object><name>cable</name><deleted>0</deleted><verified>0</verified><date>24-Jun-2012 17:10:35</date><id>5</id><polygon><username>sandy</username><pt><x>434</x><y>447</y></pt><pt><x>445</x><y>454</y></pt><pt><x>464</x><y>463</y></pt><pt><x>483</x><y>457</y></pt><pt><x>497</x><y>458</y></pt><pt><x>500</x><y>451</y></pt><pt><x>497</x><y>443</y></pt><pt><x>506</x><y>443</y></pt><pt><x>505</x><y>436</y></pt><pt><x>496</x><y>432</y></pt><pt><x>485</x><y>430</y></pt><pt><x>474</x><y>431</y></pt><pt><x>464</x><y>435</y></pt><pt><x>456</x><y>436</y></pt><pt><x>446</x><y>437</y></pt></polygon></object><object><name>cable</name><deleted>0</deleted><verified>0</verified><date>24-Jun-2012 17:10:35</date><id>6</id><polygon><username>sandy</username><pt><x>404</x><y>434</y></pt><pt><x>417</x><y>435</y></pt><pt><x>411</x><y>443</y></pt><pt><x>400</x><y>449</y></pt><pt><x>395</x><y>450</y></pt><pt><x>393</x><y>456</y></pt><pt><x>385</x><y>458</y></pt><pt><x>363</x><y>456</y></pt><pt><x>354</x><y>451</y></pt><pt><x>358</x><y>444</y></pt><pt><x>367</x><y>437</y></pt><pt><x>378</x><y>433</y></pt><pt><x>384</x><y>429</y></pt><pt><x>391</x><y>432</y></pt></polygon></object><object><name>cable</name><deleted>0</deleted><verified>0</verified><date>24-Jun-2012 17:10:35</date><id>7</id><polygon><username>sandy</username><pt><x>440</x><y>383</y></pt><pt><x>437</x><y>419</y></pt><pt><x>434</x><y>419</y></pt></polygon></object><object><name>cable</name><deleted>0</deleted><verified>0</verified><date>24-Jun-2012 17:10:35</date><id>8</id><polygon><username>sandy</username><pt><x>342</x><y>354</y></pt><pt><x>347</x><y>345</y></pt><pt><x>354</x><y>336</y></pt><pt><x>380</x><y>336</y></pt><pt><x>391</x><y>340</y></pt><pt><x>393</x><y>337</y></pt><pt><x>381</x><y>331</y></pt><pt><x>357</x><y>334</y></pt><pt><x>348</x><y>341</y></pt></polygon></object><object><name>table</name><deleted>0</deleted><verified>0</verified><date>24-Jun-2012 17:10:35</date><id>9</id><polygon><username>sandy</username><pt><x>586</x><y>323</y></pt><pt><x>575</x><y>327</y></pt><pt><x>573</x><y>399</y></pt><pt><x>567</x><y>405</y></pt><pt><x>570</x><y>442</y></pt><pt><x>555</x><y>441</y></pt><pt><x>557</x><y>403</y></pt><pt><x>552</x><y>399</y></pt><pt><x>554</x><y>350</y></pt><pt><x>485</x><y>370</y></pt><pt><x>484</x><y>380</y></pt><pt><x>479</x><y>382</y></pt><pt><x>478</x><y>396</y></pt><pt><x>479</x><y>403</y></pt><pt><x>480</x><y>415</y></pt><pt><x>477</x><y>426</y></pt><pt><x>473</x><y>428</y></pt><pt><x>469</x><y>419</y></pt><pt><x>467</x><y>412</y></pt><pt><x>468</x><y>400</y></pt><pt><x>472</x><y>390</y></pt><pt><x>469</x><y>380</y></pt><pt><x>465</x><y>377</y></pt><pt><x>419</x><y>390</y></pt><pt><x>421</x><y>415</y></pt><pt><x>396</x><y>407</y></pt><pt><x>396</x><y>390</y></pt><pt><x>330</x><y>367</y></pt><pt><x>329</x><y>333</y></pt><pt><x>332</x><y>330</y></pt><pt><x>472</x><y>301</y></pt><pt><x>476</x><y>300</y></pt></polygon></object><object><name>painting</name><deleted>0</deleted><verified>0</verified><date>24-Jun-2012 17:10:35</date><id>10</id><polygon><username>sandy</username><pt><x>166</x><y>134</y></pt><pt><x>162</x><y>0</y></pt><pt><x>3</x><y>3</y></pt><pt><x>2</x><y>137</y></pt></polygon></object><object><name>cupboard</name><deleted>0</deleted><verified>0</verified><date>24-Jun-2012 17:10:35</date><id>11</id><polygon><username>sandy</username><pt><x>778</x><y>48</y></pt><pt><x>757</x><y>382</y></pt><pt><x>664</x><y>445</y></pt><pt><x>682</x><y>24</y></pt></polygon></object><object><name>door</name><deleted>0</deleted><verified>0</verified><date>24-Jun-2012 17:10:35</date><id>12</id><polygon><username>sandy</username><pt><x>713</x><y>37</y></pt><pt><x>693</x><y>412</y></pt><pt><x>700</x><y>417</y></pt><pt><x>756</x><y>381</y></pt><pt><x>777</x><y>47</y></pt></polygon></object><object><name>chair</name><deleted>0</deleted><verified>0</verified><date>24-Jun-2012 17:10:35</date><id>13</id><polygon><username>sandy</username><pt><x>642</x><y>356</y></pt><pt><x>650</x><y>307</y></pt><pt><x>655</x><y>292</y></pt><pt><x>657</x><y>284</y></pt><pt><x>663</x><y>276</y></pt><pt><x>670</x><y>272</y></pt><pt><x>676</x><y>276</y></pt><pt><x>674</x><y>283</y></pt><pt><x>669</x><y>289</y></pt><pt><x>705</x><y>301</y></pt><pt><x>713</x><y>291</y></pt><pt><x>721</x><y>290</y></pt><pt><x>726</x><y>293</y></pt><pt><x>722</x><y>304</y></pt><pt><x>712</x><y>317</y></pt><pt><x>695</x><y>373</y></pt><pt><x>680</x><y>438</y></pt><pt><x>677</x><y>455</y></pt><pt><x>673</x><y>472</y></pt><pt><x>670</x><y>485</y></pt><pt><x>671</x><y>483</y></pt><pt><x>520</x><y>444</y></pt><pt><x>522</x><y>431</y></pt><pt><x>522</x><y>423</y></pt><pt><x>521</x><y>416</y></pt><pt><x>560</x><y>408</y></pt><pt><x>561</x><y>364</y></pt><pt><x>555</x><y>364</y></pt><pt><x>557</x><y>357</y></pt><pt><x>581</x><y>355</y></pt><pt><x>617</x><y>357</y></pt></polygon></object><object><name>headboard</name><deleted>0</deleted><verified>0</verified><date>24-Jun-2012 17:10:35</date><id>14</id><polygon><username>sandy</username><pt><x>234</x><y>396</y></pt><pt><x>295</x><y>376</y></pt><pt><x>291</x><y>246</y></pt><pt><x>289</x><y>242</y></pt><pt><x>288</x><y>204</y></pt><pt><x>281</x><y>199</y></pt><pt><x>280</x><y>188</y></pt><pt><x>283</x><y>180</y></pt><pt><x>283</x><y>174</y></pt><pt><x>286</x><y>167</y></pt><pt><x>279</x><y>163</y></pt><pt><x>272</x><y>164</y></pt><pt><x>270</x><y>172</y></pt><pt><x>270</x><y>177</y></pt><pt><x>270</x><y>185</y></pt><pt><x>271</x><y>198</y></pt><pt><x>271</x><y>209</y></pt><pt><x>254</x><y>198</y></pt><pt><x>245</x><y>195</y></pt><pt><x>234</x><y>194</y></pt><pt><x>226</x><y>195</y></pt><pt><x>218</x><y>198</y></pt><pt><x>212</x><y>208</y></pt><pt><x>205</x><y>213</y></pt><pt><x>195</x><y>195</y></pt><pt><x>170</x><y>183</y></pt><pt><x>136</x><y>178</y></pt><pt><x>100</x><y>179</y></pt><pt><x>60</x><y>181</y></pt><pt><x>21</x><y>195</y></pt><pt><x>9</x><y>202</y></pt><pt><x>2</x><y>215</y></pt><pt><x>3</x><y>482</y></pt></polygon></object><object><name>lampshade</name><deleted>0</deleted><verified>0</verified><date>24-Jun-2012 17:10:35</date><id>15</id><polygon><username>sandy</username><pt><x>514</x><y>178</y></pt><pt><x>531</x><y>207</y></pt><pt><x>521</x><y>213</y></pt><pt><x>474</x><y>213</y></pt><pt><x>440</x><y>209</y></pt><pt><x>419</x><y>198</y></pt><pt><x>459</x><y>140</y></pt><pt><x>479</x><y>141</y></pt><pt><x>496</x><y>146</y></pt><pt><x>502</x><y>151</y></pt></polygon></object><object><name>quilt</name><deleted>0</deleted><verified>0</verified><date>24-Jun-2012 17:10:35</date><id>16</id><polygon><username>sandy</username><pt><x>368</x><y>385</y></pt><pt><x>394</x><y>393</y></pt><pt><x>411</x><y>409</y></pt><pt><x>506</x><y>438</y></pt><pt><x>650</x><y>478</y></pt><pt><x>796</x><y>525</y></pt><pt><x>798</x><y>597</y></pt><pt><x>2</x><y>599</y></pt><pt><x>7</x><y>475</y></pt><pt><x>355</x><y>383</y></pt></polygon></object><imagesize><nrows>600</nrows><ncols>800</ncols></imagesize><object><name>mouse</name><deleted>0</deleted><verified>0</verified><date>24-Jun-2012 17:17:21</date><id>17</id><polygon><username>sandy</username><pt><x>413</x><y>418</y></pt><pt><x>416</x><y>437</y></pt><pt><x>398</x><y>434</y></pt><pt><x>394</x><y>423</y></pt><pt><x>396</x><y>416</y></pt><pt><x>403</x><y>413</y></pt></polygon></object><object><name>phone</name><deleted>0</deleted><verified>0</verified><date>16-Jul-2012 12:00:33</date><id>18</id><polygon><username>sandy</username><pt><x>536</x><y>301</y></pt><pt><x>525</x><y>315</y></pt><pt><x>546</x><y>322</y></pt><pt><x>558</x><y>314</y></pt></polygon></object></annotation>