<annotation><filename>b_bedroom_dog.jpg</filename><folder>100images</folder><source><sourceImage>The MIT-CSAIL database of objects and scenes</sourceImage><sourceAnnotation>LabelMe Webtool</sourceAnnotation></source><object><name>dog</name><deleted>0</deleted><verified>0</verified><date>24-Jun-2012 18:33:45</date><id>1</id><polygon><username>sandy</username><pt><x>330</x><y>456</y></pt><pt><x>348</x><y>447</y></pt><pt><x>356</x><y>450</y></pt><pt><x>359</x><y>453</y></pt><pt><x>356</x><y>459</y></pt><pt><x>347</x><y>463</y></pt><pt><x>370</x><y>475</y></pt><pt><x>375</x><y>482</y></pt><pt><x>370</x><y>488</y></pt><pt><x>364</x><y>489</y></pt><pt><x>358</x><y>488</y></pt><pt><x>336</x><y>472</y></pt><pt><x>306</x><y>468</y></pt><pt><x>300</x><y>472</y></pt><pt><x>288</x><y>479</y></pt><pt><x>297</x><y>486</y></pt><pt><x>296</x><y>497</y></pt><pt><x>288</x><y>501</y></pt><pt><x>268</x><y>498</y></pt><pt><x>252</x><y>499</y></pt><pt><x>235</x><y>494</y></pt><pt><x>225</x><y>493</y></pt><pt><x>219</x><y>489</y></pt><pt><x>215</x><y>484</y></pt><pt><x>219</x><y>479</y></pt><pt><x>219</x><y>471</y></pt><pt><x>219</x><y>466</y></pt><pt><x>186</x><y>469</y></pt><pt><x>161</x><y>463</y></pt><pt><x>156</x><y>455</y></pt><pt><x>155</x><y>446</y></pt><pt><x>157</x><y>436</y></pt><pt><x>167</x><y>428</y></pt><pt><x>179</x><y>424</y></pt><pt><x>214</x><y>423</y></pt><pt><x>232</x><y>420</y></pt><pt><x>235</x><y>424</y></pt><pt><x>229</x><y>431</y></pt><pt><x>263</x><y>441</y></pt><pt><x>301</x><y>450</y></pt><pt><x>320</x><y>453</y></pt></polygon></object><object><name>TV</name><deleted>0</deleted><verified>0</verified><date>24-Jun-2012 18:33:45</date><id>2</id><polygon><username>sandy</username><pt><x>653</x><y>131</y></pt><pt><x>671</x><y>211</y></pt><pt><x>760</x><y>204</y></pt><pt><x>763</x><y>195</y></pt><pt><x>748</x><y>110</y></pt><pt><x>739</x><y>113</y></pt></polygon></object><object><name>chair</name><deleted>0</deleted><verified>0</verified><date>24-Jun-2012 18:33:45</date><id>3</id><polygon><username>sandy</username><pt><x>332</x><y>301</y></pt><pt><x>349</x><y>354</y></pt><pt><x>392</x><y>351</y></pt><pt><x>399</x><y>362</y></pt><pt><x>402</x><y>373</y></pt><pt><x>396</x><y>380</y></pt><pt><x>401</x><y>388</y></pt><pt><x>406</x><y>403</y></pt><pt><x>409</x><y>409</y></pt><pt><x>248</x><y>392</y></pt><pt><x>237</x><y>322</y></pt><pt><x>240</x><y>320</y></pt><pt><x>243</x><y>312</y></pt><pt><x>292</x><y>302</y></pt><pt><x>320</x><y>301</y></pt></polygon></object><object><name>fan</name><deleted>0</deleted><verified>0</verified><date>24-Jun-2012 18:33:45</date><id>4</id><polygon><username>sandy</username><pt><x>498</x><y>106</y></pt><pt><x>497</x><y>117</y></pt><pt><x>399</x><y>118</y></pt><pt><x>421</x><y>125</y></pt><pt><x>401</x><y>132</y></pt><pt><x>379</x><y>127</y></pt><pt><x>378</x><y>142</y></pt><pt><x>369</x><y>151</y></pt><pt><x>359</x><y>152</y></pt><pt><x>357</x><y>157</y></pt><pt><x>349</x><y>155</y></pt><pt><x>348</x><y>152</y></pt><pt><x>330</x><y>143</y></pt><pt><x>327</x><y>135</y></pt><pt><x>326</x><y>127</y></pt><pt><x>329</x><y>122</y></pt><pt><x>321</x><y>122</y></pt><pt><x>260</x><y>129</y></pt><pt><x>257</x><y>124</y></pt><pt><x>318</x><y>115</y></pt><pt><x>314</x><y>110</y></pt><pt><x>208</x><y>96</y></pt><pt><x>325</x><y>107</y></pt><pt><x>326</x><y>97</y></pt><pt><x>350</x><y>94</y></pt><pt><x>350</x><y>66</y></pt><pt><x>346</x><y>64</y></pt><pt><x>340</x><y>57</y></pt><pt><x>338</x><y>47</y></pt><pt><x>346</x><y>44</y></pt><pt><x>359</x><y>44</y></pt><pt><x>367</x><y>44</y></pt><pt><x>375</x><y>49</y></pt><pt><x>370</x><y>58</y></pt><pt><x>364</x><y>64</y></pt><pt><x>358</x><y>69</y></pt><pt><x>358</x><y>80</y></pt><pt><x>359</x><y>88</y></pt><pt><x>363</x><y>80</y></pt><pt><x>399</x><y>93</y></pt><pt><x>383</x><y>106</y></pt></polygon></object><object><name>cushion</name><deleted>0</deleted><verified>0</verified><date>24-Jun-2012 18:33:45</date><id>5</id><polygon><username>sandy</username><pt><x>142</x><y>423</y></pt><pt><x>143</x><y>392</y></pt><pt><x>156</x><y>362</y></pt><pt><x>157</x><y>358</y></pt><pt><x>105</x><y>350</y></pt><pt><x>89</x><y>346</y></pt><pt><x>78</x><y>343</y></pt><pt><x>73</x><y>341</y></pt><pt><x>67</x><y>347</y></pt><pt><x>61</x><y>375</y></pt><pt><x>57</x><y>391</y></pt><pt><x>50</x><y>401</y></pt><pt><x>46</x><y>415</y></pt><pt><x>76</x><y>417</y></pt><pt><x>121</x><y>422</y></pt></polygon></object><object><name>bed</name><deleted>0</deleted><verified>0</verified><date>24-Jun-2012 18:33:45</date><id>6</id><polygon><username>sandy</username><pt><x>444</x><y>421</y></pt><pt><x>455</x><y>529</y></pt><pt><x>412</x><y>596</y></pt><pt><x>2</x><y>598</y></pt><pt><x>2</x><y>326</y></pt><pt><x>6</x><y>326</y></pt><pt><x>3</x><y>368</y></pt><pt><x>11</x><y>368</y></pt><pt><x>19</x><y>363</y></pt><pt><x>21</x><y>355</y></pt><pt><x>16</x><y>354</y></pt><pt><x>17</x><y>348</y></pt><pt><x>23</x><y>344</y></pt><pt><x>21</x><y>339</y></pt><pt><x>18</x><y>335</y></pt><pt><x>22</x><y>330</y></pt><pt><x>22</x><y>320</y></pt><pt><x>26</x><y>317</y></pt><pt><x>32</x><y>321</y></pt><pt><x>31</x><y>332</y></pt><pt><x>37</x><y>334</y></pt><pt><x>33</x><y>340</y></pt><pt><x>36</x><y>347</y></pt><pt><x>41</x><y>356</y></pt><pt><x>44</x><y>355</y></pt><pt><x>52</x><y>356</y></pt><pt><x>55</x><y>350</y></pt><pt><x>52</x><y>339</y></pt><pt><x>49</x><y>338</y></pt><pt><x>47</x><y>334</y></pt><pt><x>48</x><y>326</y></pt><pt><x>49</x><y>320</y></pt><pt><x>51</x><y>317</y></pt><pt><x>125</x><y>343</y></pt><pt><x>126</x><y>332</y></pt><pt><x>122</x><y>278</y></pt><pt><x>124</x><y>270</y></pt><pt><x>127</x><y>260</y></pt><pt><x>134</x><y>262</y></pt><pt><x>129</x><y>274</y></pt><pt><x>131</x><y>286</y></pt><pt><x>138</x><y>346</y></pt><pt><x>146</x><y>369</y></pt><pt><x>424</x><y>409</y></pt></polygon></object><object><name>cushion</name><deleted>0</deleted><verified>0</verified><date>24-Jun-2012 18:33:45</date><id>7</id><polygon><username>sandy</username><pt><x>193</x><y>358</y></pt><pt><x>186</x><y>368</y></pt><pt><x>187</x><y>408</y></pt><pt><x>179</x><y>411</y></pt><pt><x>115</x><y>415</y></pt><pt><x>110</x><y>338</y></pt></polygon></object><object><name>blinds</name><deleted>0</deleted><verified>0</verified><date>24-Jun-2012 18:33:45</date><id>8</id><polygon><username>sandy</username><pt><x>539</x><y>164</y></pt><pt><x>534</x><y>377</y></pt><pt><x>656</x><y>393</y></pt><pt><x>658</x><y>164</y></pt></polygon></object><object><name>blinds</name><deleted>0</deleted><verified>0</verified><date>24-Jun-2012 18:33:45</date><id>9</id><polygon><username>sandy</username><pt><x>420</x><y>166</y></pt><pt><x>420</x><y>372</y></pt><pt><x>327</x><y>362</y></pt><pt><x>327</x><y>170</y></pt></polygon></object><object><name>chestofdrawers</name><deleted>0</deleted><verified>0</verified><date>24-Jun-2012 18:33:45</date><id>10</id><polygon><username>sandy</username><pt><x>608</x><y>288</y></pt><pt><x>609</x><y>296</y></pt><pt><x>599</x><y>457</y></pt><pt><x>609</x><y>460</y></pt><pt><x>669</x><y>503</y></pt><pt><x>742</x><y>488</y></pt><pt><x>750</x><y>299</y></pt><pt><x>687</x><y>286</y></pt></polygon></object><object><name>dresser</name><deleted>0</deleted><verified>0</verified><date>24-Jun-2012 18:33:45</date><id>11</id><polygon><username>sandy</username><pt><x>642</x><y>598</y></pt><pt><x>645</x><y>520</y></pt><pt><x>657</x><y>391</y></pt><pt><x>753</x><y>397</y></pt><pt><x>798</x><y>488</y></pt><pt><x>798</x><y>598</y></pt></polygon></object><object><name>lamp</name><deleted>0</deleted><verified>0</verified><date>24-Jun-2012 18:33:45</date><id>12</id><polygon><username>sandy</username><pt><x>218</x><y>288</y></pt><pt><x>237</x><y>318</y></pt><pt><x>214</x><y>321</y></pt><pt><x>213</x><y>332</y></pt><pt><x>214</x><y>349</y></pt><pt><x>219</x><y>355</y></pt><pt><x>223</x><y>362</y></pt><pt><x>222</x><y>372</y></pt><pt><x>200</x><y>375</y></pt><pt><x>195</x><y>369</y></pt><pt><x>196</x><y>358</y></pt><pt><x>200</x><y>351</y></pt><pt><x>205</x><y>347</y></pt><pt><x>205</x><y>320</y></pt><pt><x>181</x><y>320</y></pt><pt><x>195</x><y>286</y></pt></polygon></object><object><name>duvet</name><deleted>0</deleted><verified>0</verified><date>24-Jun-2012 18:33:45</date><id>13</id><polygon><username>sandy</username><pt><x>464</x><y>463</y></pt><pt><x>465</x><y>450</y></pt><pt><x>443</x><y>415</y></pt><pt><x>431</x><y>408</y></pt><pt><x>242</x><y>388</y></pt><pt><x>186</x><y>374</y></pt><pt><x>146</x><y>364</y></pt><pt><x>124</x><y>347</y></pt><pt><x>114</x><y>344</y></pt><pt><x>36</x><y>365</y></pt><pt><x>6</x><y>377</y></pt><pt><x>2</x><y>572</y></pt><pt><x>104</x><y>594</y></pt><pt><x>121</x><y>598</y></pt><pt><x>359</x><y>596</y></pt><pt><x>399</x><y>553</y></pt><pt><x>422</x><y>533</y></pt><pt><x>432</x><y>523</y></pt><pt><x>438</x><y>510</y></pt><pt><x>443</x><y>495</y></pt><pt><x>449</x><y>479</y></pt><pt><x>455</x><y>471</y></pt></polygon></object><object><name>photoframe</name><deleted>0</deleted><verified>0</verified><date>24-Jun-2012 18:33:45</date><id>14</id><polygon><username>sandy</username><pt><x>780</x><y>412</y></pt><pt><x>764</x><y>446</y></pt><pt><x>750</x><y>479</y></pt><pt><x>720</x><y>490</y></pt><pt><x>717</x><y>486</y></pt><pt><x>752</x><y>421</y></pt></polygon></object><object><name>photoframe</name><deleted>0</deleted><verified>0</verified><date>24-Jun-2012 18:33:45</date><id>15</id><polygon><username>sandy</username><pt><x>696</x><y>481</y></pt><pt><x>684</x><y>511</y></pt><pt><x>797</x><y>532</y></pt><pt><x>797</x><y>489</y></pt></polygon></object><object><name>pillow</name><deleted>0</deleted><verified>0</verified><date>24-Jun-2012 18:33:45</date><id>16</id><polygon><username>sandy</username><pt><x>12</x><y>434</y></pt><pt><x>80</x><y>406</y></pt><pt><x>75</x><y>379</y></pt><pt><x>60</x><y>369</y></pt><pt><x>44</x><y>366</y></pt><pt><x>28</x><y>366</y></pt><pt><x>6</x><y>377</y></pt></polygon></object><object><name>mirror</name><deleted>0</deleted><verified>0</verified><date>24-Jun-2012 18:33:45</date><id>17</id><polygon><username>sandy</username><pt><x>792</x><y>113</y></pt><pt><x>799</x><y>146</y></pt><pt><x>797</x><y>488</y></pt><pt><x>774</x><y>485</y></pt><pt><x>751</x><y>443</y></pt><pt><x>761</x><y>185</y></pt><pt><x>753</x><y>174</y></pt><pt><x>764</x><y>118</y></pt><pt><x>770</x><y>112</y></pt><pt><x>775</x><y>110</y></pt><pt><x>774</x><y>100</y></pt><pt><x>777</x><y>93</y></pt><pt><x>780</x><y>88</y></pt><pt><x>785</x><y>93</y></pt><pt><x>783</x><y>106</y></pt><pt><x>783</x><y>113</y></pt></polygon></object><object><name>tivomachine</name><deleted>0</deleted><verified>0</verified><date>24-Jun-2012 18:33:45</date><id>18</id><polygon><username>sandy</username><pt><x>668</x><y>269</y></pt><pt><x>668</x><y>278</y></pt><pt><x>688</x><y>281</y></pt><pt><x>721</x><y>279</y></pt><pt><x>719</x><y>270</y></pt><pt><x>693</x><y>269</y></pt></polygon></object><object><name>VCR</name><deleted>0</deleted><verified>0</verified><date>24-Jun-2012 18:33:45</date><id>19</id><polygon><username>sandy</username><pt><x>744</x><y>283</y></pt><pt><x>743</x><y>296</y></pt><pt><x>702</x><y>296</y></pt><pt><x>667</x><y>293</y></pt><pt><x>669</x><y>280</y></pt><pt><x>724</x><y>281</y></pt></polygon></object><imagesize><nrows>600
</nrows><ncols>800
</ncols></imagesize></annotation>