<annotation><filename>b_bedroom_homeoff005.jpg</filename><folder>100images</folder><source><sourceImage>The MIT-CSAIL database of objects and scenes</sourceImage><sourceAnnotation>LabelMe Webtool</sourceAnnotation></source><object><name>teddybear</name><deleted>0</deleted><verified>0</verified><date>24-Jun-2012 18:34:35</date><id>0</id><polygon><username>sandy</username><pt><x>781</x><y>312</y></pt><pt><x>784</x><y>323</y></pt><pt><x>781</x><y>334</y></pt><pt><x>780</x><y>340</y></pt><pt><x>788</x><y>344</y></pt><pt><x>792</x><y>349</y></pt><pt><x>793</x><y>359</y></pt><pt><x>791</x><y>367</y></pt><pt><x>792</x><y>395</y></pt><pt><x>795</x><y>402</y></pt><pt><x>793</x><y>411</y></pt><pt><x>791</x><y>418</y></pt><pt><x>788</x><y>423</y></pt><pt><x>757</x><y>428</y></pt><pt><x>751</x><y>426</y></pt><pt><x>747</x><y>418</y></pt><pt><x>741</x><y>415</y></pt><pt><x>721</x><y>416</y></pt><pt><x>711</x><y>416</y></pt><pt><x>705</x><y>418</y></pt><pt><x>696</x><y>418</y></pt><pt><x>691</x><y>419</y></pt><pt><x>687</x><y>417</y></pt><pt><x>682</x><y>412</y></pt><pt><x>678</x><y>407</y></pt><pt><x>675</x><y>402</y></pt><pt><x>674</x><y>396</y></pt><pt><x>679</x><y>390</y></pt><pt><x>687</x><y>389</y></pt><pt><x>701</x><y>390</y></pt><pt><x>728</x><y>356</y></pt><pt><x>733</x><y>351</y></pt><pt><x>735</x><y>351</y></pt><pt><x>733</x><y>338</y></pt><pt><x>736</x><y>315</y></pt><pt><x>733</x><y>308</y></pt><pt><x>735</x><y>301</y></pt><pt><x>743</x><y>295</y></pt><pt><x>747</x><y>300</y></pt><pt><x>760</x><y>301</y></pt><pt><x>766</x><y>297</y></pt><pt><x>771</x><y>296</y></pt><pt><x>776</x><y>298</y></pt><pt><x>779</x><y>303</y></pt></polygon></object><imagesize><nrows>600</nrows><ncols>800</ncols></imagesize><object><name>chair</name><deleted>0</deleted><verified>0</verified><date>24-Jun-2012 18:44:11</date><id>1</id><polygon><username>sandy</username><pt><x>263</x><y>418</y></pt><pt><x>264</x><y>409</y></pt><pt><x>258</x><y>409</y></pt><pt><x>286</x><y>318</y></pt><pt><x>290</x><y>296</y></pt><pt><x>291</x><y>290</y></pt><pt><x>286</x><y>290</y></pt><pt><x>281</x><y>298</y></pt><pt><x>267</x><y>296</y></pt><pt><x>255</x><y>302</y></pt><pt><x>244</x><y>303</y></pt><pt><x>234</x><y>305</y></pt><pt><x>230</x><y>305</y></pt><pt><x>231</x><y>297</y></pt><pt><x>226</x><y>296</y></pt><pt><x>220</x><y>293</y></pt><pt><x>218</x><y>302</y></pt><pt><x>204</x><y>404</y></pt><pt><x>197</x><y>397</y></pt><pt><x>186</x><y>399</y></pt><pt><x>176</x><y>403</y></pt><pt><x>168</x><y>403</y></pt><pt><x>154</x><y>407</y></pt><pt><x>146</x><y>405</y></pt><pt><x>142</x><y>416</y></pt><pt><x>147</x><y>422</y></pt><pt><x>126</x><y>515</y></pt><pt><x>132</x><y>520</y></pt><pt><x>142</x><y>502</y></pt><pt><x>219</x><y>503</y></pt><pt><x>220</x><y>523</y></pt><pt><x>230</x><y>523</y></pt><pt><x>226</x><y>490</y></pt><pt><x>267</x><y>490</y></pt><pt><x>273</x><y>512</y></pt><pt><x>281</x><y>511</y></pt><pt><x>258</x><y>447</y></pt><pt><x>254</x><y>425</y></pt></polygon></object><object><name>hat</name><deleted>0</deleted><verified>0</verified><date>24-Jun-2012 18:44:11</date><id>2</id><polygon><username>sandy</username><pt><x>255</x><y>325</y></pt><pt><x>263</x><y>333</y></pt><pt><x>264</x><y>348</y></pt><pt><x>264</x><y>358</y></pt><pt><x>259</x><y>374</y></pt><pt><x>251</x><y>382</y></pt><pt><x>240</x><y>392</y></pt><pt><x>233</x><y>396</y></pt><pt><x>221</x><y>396</y></pt><pt><x>213</x><y>390</y></pt><pt><x>205</x><y>385</y></pt><pt><x>201</x><y>380</y></pt><pt><x>196</x><y>365</y></pt><pt><x>196</x><y>355</y></pt><pt><x>197</x><y>344</y></pt><pt><x>201</x><y>332</y></pt><pt><x>208</x><y>321</y></pt><pt><x>214</x><y>319</y></pt><pt><x>231</x><y>316</y></pt><pt><x>245</x><y>318</y></pt></polygon></object><object><name>bed</name><deleted>0</deleted><verified>0</verified><date>24-Jun-2012 18:44:11</date><id>3</id><polygon><username>sandy</username><pt><x>636</x><y>415</y></pt><pt><x>627</x><y>592</y></pt><pt><x>626</x><y>597</y></pt><pt><x>799</x><y>597</y></pt><pt><x>799</x><y>401</y></pt><pt><x>670</x><y>402</y></pt><pt><x>658</x><y>402</y></pt><pt><x>648</x><y>405</y></pt></polygon></object><object><name>shelves</name><deleted>0</deleted><verified>0</verified><date>24-Jun-2012 18:44:11</date><id>4</id><polygon><username>sandy</username><pt><x>3</x><y>38</y></pt><pt><x>9</x><y>324</y></pt><pt><x>79</x><y>321</y></pt><pt><x>141</x><y>303</y></pt><pt><x>137</x><y>60</y></pt><pt><x>142</x><y>51</y></pt><pt><x>77</x><y>36</y></pt></polygon></object><object><name>shelves</name><deleted>0</deleted><verified>0</verified><date>24-Jun-2012 18:44:11</date><id>5</id><polygon><username>sandy</username><pt><x>438</x><y>52</y></pt><pt><x>438</x><y>291</y></pt><pt><x>429</x><y>303</y></pt><pt><x>262</x><y>296</y></pt><pt><x>265</x><y>53</y></pt></polygon></object><object><name>elephant</name><deleted>0</deleted><verified>0</verified><date>24-Jun-2012 18:44:11</date><id>6</id><polygon><username>sandy</username><pt><x>403</x><y>259</y></pt><pt><x>408</x><y>267</y></pt><pt><x>407</x><y>291</y></pt><pt><x>387</x><y>296</y></pt><pt><x>384</x><y>290</y></pt><pt><x>377</x><y>291</y></pt><pt><x>373</x><y>291</y></pt><pt><x>373</x><y>286</y></pt><pt><x>376</x><y>281</y></pt><pt><x>373</x><y>275</y></pt><pt><x>373</x><y>266</y></pt><pt><x>377</x><y>263</y></pt><pt><x>389</x><y>262</y></pt></polygon></object><object><name>tiger</name><deleted>0</deleted><verified>0</verified><date>24-Jun-2012 18:44:11</date><id>7</id><polygon><username>sandy</username><pt><x>345</x><y>253</y></pt><pt><x>342</x><y>259</y></pt><pt><x>341</x><y>262</y></pt><pt><x>336</x><y>267</y></pt><pt><x>341</x><y>268</y></pt><pt><x>347</x><y>270</y></pt><pt><x>349</x><y>271</y></pt><pt><x>297</x><y>277</y></pt><pt><x>291</x><y>274</y></pt><pt><x>293</x><y>267</y></pt><pt><x>300</x><y>259</y></pt><pt><x>308</x><y>255</y></pt><pt><x>323</x><y>256</y></pt><pt><x>327</x><y>254</y></pt><pt><x>323</x><y>249</y></pt><pt><x>324</x><y>245</y></pt><pt><x>331</x><y>243</y></pt><pt><x>332</x><y>249</y></pt></polygon></object><object><name>monkeys</name><deleted>0</deleted><verified>0</verified><date>24-Jun-2012 18:44:11</date><id>8</id><polygon><username>sandy</username><pt><x>503</x><y>218</y></pt><pt><x>504</x><y>231</y></pt><pt><x>513</x><y>236</y></pt><pt><x>516</x><y>246</y></pt><pt><x>520</x><y>255</y></pt><pt><x>518</x><y>260</y></pt><pt><x>515</x><y>266</y></pt><pt><x>512</x><y>280</y></pt><pt><x>515</x><y>286</y></pt><pt><x>523</x><y>289</y></pt><pt><x>530</x><y>292</y></pt><pt><x>526</x><y>298</y></pt><pt><x>453</x><y>298</y></pt><pt><x>447</x><y>293</y></pt><pt><x>447</x><y>252</y></pt><pt><x>451</x><y>246</y></pt><pt><x>449</x><y>242</y></pt><pt><x>452</x><y>235</y></pt><pt><x>459</x><y>235</y></pt><pt><x>459</x><y>232</y></pt><pt><x>459</x><y>227</y></pt><pt><x>464</x><y>223</y></pt><pt><x>477</x><y>220</y></pt><pt><x>482</x><y>218</y></pt><pt><x>488</x><y>215</y></pt><pt><x>492</x><y>212</y></pt></polygon></object><object><name>horse</name><deleted>0</deleted><verified>0</verified><date>24-Jun-2012 18:44:11</date><id>9</id><polygon><username>sandy</username><pt><x>192</x><y>231</y></pt><pt><x>197</x><y>249</y></pt><pt><x>192</x><y>255</y></pt><pt><x>188</x><y>257</y></pt><pt><x>187</x><y>249</y></pt><pt><x>189</x><y>241</y></pt><pt><x>179</x><y>245</y></pt><pt><x>173</x><y>245</y></pt><pt><x>169</x><y>256</y></pt><pt><x>158</x><y>265</y></pt><pt><x>156</x><y>270</y></pt><pt><x>160</x><y>274</y></pt><pt><x>163</x><y>280</y></pt><pt><x>180</x><y>290</y></pt><pt><x>185</x><y>297</y></pt><pt><x>175</x><y>298</y></pt><pt><x>170</x><y>292</y></pt><pt><x>156</x><y>287</y></pt><pt><x>149</x><y>285</y></pt><pt><x>140</x><y>277</y></pt><pt><x>140</x><y>260</y></pt><pt><x>146</x><y>253</y></pt><pt><x>151</x><y>241</y></pt><pt><x>155</x><y>235</y></pt><pt><x>155</x><y>231</y></pt><pt><x>151</x><y>231</y></pt><pt><x>147</x><y>222</y></pt><pt><x>147</x><y>215</y></pt><pt><x>149</x><y>203</y></pt><pt><x>153</x><y>198</y></pt><pt><x>164</x><y>199</y></pt><pt><x>171</x><y>207</y></pt><pt><x>176</x><y>213</y></pt><pt><x>177</x><y>216</y></pt><pt><x>170</x><y>218</y></pt><pt><x>173</x><y>222</y></pt><pt><x>179</x><y>224</y></pt></polygon></object><object><name>ornament</name><deleted>0</deleted><verified>0</verified><date>24-Jun-2012 18:44:11</date><id>10</id><polygon><username>sandy</username><pt><x>320</x><y>209</y></pt><pt><x>322</x><y>196</y></pt><pt><x>327</x><y>178</y></pt><pt><x>329</x><y>171</y></pt><pt><x>334</x><y>164</y></pt><pt><x>335</x><y>160</y></pt><pt><x>327</x><y>156</y></pt><pt><x>321</x><y>156</y></pt><pt><x>316</x><y>155</y></pt><pt><x>316</x><y>166</y></pt><pt><x>319</x><y>170</y></pt><pt><x>316</x><y>179</y></pt><pt><x>314</x><y>180</y></pt><pt><x>307</x><y>180</y></pt><pt><x>301</x><y>185</y></pt><pt><x>298</x><y>191</y></pt><pt><x>295</x><y>192</y></pt><pt><x>293</x><y>187</y></pt><pt><x>286</x><y>185</y></pt><pt><x>284</x><y>193</y></pt><pt><x>280</x><y>207</y></pt><pt><x>279</x><y>212</y></pt></polygon></object><object><name>ornament</name><deleted>0</deleted><verified>0</verified><date>24-Jun-2012 18:44:11</date><id>11</id><polygon><username>sandy</username><pt><x>356</x><y>77</y></pt><pt><x>360</x><y>87</y></pt><pt><x>369</x><y>92</y></pt><pt><x>375</x><y>105</y></pt><pt><x>378</x><y>113</y></pt><pt><x>346</x><y>116</y></pt><pt><x>346</x><y>111</y></pt><pt><x>348</x><y>107</y></pt><pt><x>345</x><y>98</y></pt><pt><x>345</x><y>89</y></pt><pt><x>345</x><y>84</y></pt><pt><x>342</x><y>77</y></pt><pt><x>348</x><y>73</y></pt></polygon></object><object><name>ornament</name><deleted>0</deleted><verified>0</verified><date>24-Jun-2012 18:44:11</date><id>12</id><polygon><username>sandy</username><pt><x>109</x><y>215</y></pt><pt><x>109</x><y>202</y></pt><pt><x>104</x><y>199</y></pt><pt><x>90</x><y>202</y></pt><pt><x>91</x><y>190</y></pt><pt><x>93</x><y>181</y></pt><pt><x>100</x><y>184</y></pt><pt><x>101</x><y>171</y></pt><pt><x>101</x><y>166</y></pt><pt><x>96</x><y>162</y></pt><pt><x>89</x><y>166</y></pt><pt><x>82</x><y>168</y></pt><pt><x>78</x><y>175</y></pt><pt><x>82</x><y>214</y></pt><pt><x>97</x><y>213</y></pt><pt><x>99</x><y>221</y></pt></polygon></object><object><name>mirror</name><deleted>0</deleted><verified>0</verified><date>24-Jun-2012 18:44:11</date><id>13</id><polygon><username>sandy</username><pt><x>624</x><y>66</y></pt><pt><x>631</x><y>284</y></pt><pt><x>463</x><y>284</y></pt><pt><x>464</x><y>77</y></pt><pt><x>459</x><y>68</y></pt><pt><x>452</x><y>60</y></pt><pt><x>449</x><y>57</y></pt><pt><x>474</x><y>54</y></pt><pt><x>493</x><y>36</y></pt><pt><x>518</x><y>33</y></pt><pt><x>526</x><y>33</y></pt><pt><x>532</x><y>34</y></pt><pt><x>530</x><y>37</y></pt><pt><x>523</x><y>44</y></pt><pt><x>519</x><y>49</y></pt><pt><x>519</x><y>64</y></pt><pt><x>526</x><y>66</y></pt><pt><x>533</x><y>63</y></pt><pt><x>536</x><y>59</y></pt><pt><x>535</x><y>54</y></pt><pt><x>536</x><y>47</y></pt><pt><x>538</x><y>45</y></pt><pt><x>538</x><y>37</y></pt><pt><x>540</x><y>32</y></pt><pt><x>542</x><y>27</y></pt><pt><x>546</x><y>27</y></pt><pt><x>548</x><y>34</y></pt><pt><x>548</x><y>44</y></pt><pt><x>549</x><y>52</y></pt><pt><x>549</x><y>63</y></pt><pt><x>563</x><y>66</y></pt><pt><x>570</x><y>63</y></pt><pt><x>574</x><y>54</y></pt><pt><x>570</x><y>48</y></pt><pt><x>562</x><y>43</y></pt><pt><x>552</x><y>35</y></pt><pt><x>569</x><y>31</y></pt><pt><x>584</x><y>34</y></pt><pt><x>589</x><y>36</y></pt><pt><x>597</x><y>45</y></pt><pt><x>611</x><y>52</y></pt><pt><x>620</x><y>51</y></pt><pt><x>632</x><y>51</y></pt><pt><x>636</x><y>51</y></pt><pt><x>632</x><y>59</y></pt></polygon></object><object><name>book</name><deleted>0</deleted><verified>0</verified><date>24-Jun-2012 18:44:11</date><id>14</id><polygon><username>sandy</username><pt><x>376</x><y>164</y></pt><pt><x>374</x><y>209</y></pt><pt><x>322</x><y>207</y></pt><pt><x>335</x><y>164</y></pt><pt><x>343</x><y>165</y></pt><pt><x>360</x><y>165</y></pt></polygon></object><object><name>book</name><deleted>0</deleted><verified>0</verified><date>24-Jun-2012 18:44:11</date><id>15</id><polygon><username>sandy</username><pt><x>391</x><y>104</y></pt><pt><x>387</x><y>148</y></pt><pt><x>414</x><y>146</y></pt><pt><x>410</x><y>99</y></pt><pt><x>401</x><y>100</y></pt></polygon></object><object><name>book</name><deleted>0</deleted><verified>0</verified><date>24-Jun-2012 18:44:11</date><id>16</id><polygon><username>sandy</username><pt><x>325</x><y>108</y></pt><pt><x>323</x><y>148</y></pt><pt><x>279</x><y>146</y></pt><pt><x>280</x><y>104</y></pt><pt><x>291</x><y>100</y></pt><pt><x>309</x><y>101</y></pt></polygon></object><object><name>book</name><deleted>0</deleted><verified>0</verified><date>24-Jun-2012 18:44:11</date><id>17</id><polygon><username>sandy</username><pt><x>124</x><y>168</y></pt><pt><x>129</x><y>215</y></pt><pt><x>95</x><y>219</y></pt><pt><x>97</x><y>167</y></pt></polygon></object><object><name>book</name><deleted>0</deleted><verified>0</verified><date>24-Jun-2012 18:44:11</date><id>18</id><polygon><username>sandy</username><pt><x>120</x><y>262</y></pt><pt><x>120</x><y>314</y></pt><pt><x>78</x><y>314</y></pt><pt><x>80</x><y>292</y></pt><pt><x>79</x><y>257</y></pt></polygon></object><object><name>chestofdrawers</name><deleted>0</deleted><verified>0</verified><date>24-Jun-2012 18:44:11</date><id>19</id><polygon><username>sandy</username><pt><x>655</x><y>293</y></pt><pt><x>652</x><y>466</y></pt><pt><x>640</x><y>471</y></pt><pt><x>423</x><y>476</y></pt><pt><x>427</x><y>302</y></pt><pt><x>438</x><y>290</y></pt></polygon></object><object><name>rug</name><deleted>0</deleted><verified>0</verified><date>24-Jun-2012 18:44:11</date><id>20</id><polygon><username>sandy</username><pt><x>192</x><y>538</y></pt><pt><x>253</x><y>489</y></pt><pt><x>614</x><y>492</y></pt><pt><x>607</x><y>538</y></pt></polygon></object><object><name>rug</name><deleted>0</deleted><verified>0</verified><date>24-Jun-2012 18:44:11</date><id>21</id><polygon><username>sandy</username><pt><x>303</x><y>553</y></pt><pt><x>252</x><y>597</y></pt><pt><x>626</x><y>598</y></pt><pt><x>634</x><y>552</y></pt></polygon></object><object><name>desk</name><deleted>0</deleted><verified>0</verified><date>24-Jun-2012 18:44:11</date><id>22</id><polygon><username>sandy</username><pt><x>120</x><y>521</y></pt><pt><x>120</x><y>502</y></pt><pt><x>146</x><y>502</y></pt><pt><x>179</x><y>488</y></pt><pt><x>176</x><y>303</y></pt><pt><x>141</x><y>301</y></pt><pt><x>121</x><y>297</y></pt><pt><x>3</x><y>324</y></pt><pt><x>5</x><y>521</y></pt><pt><x>20</x><y>523</y></pt><pt><x>24</x><y>491</y></pt><pt><x>47</x><y>488</y></pt><pt><x>45</x><y>504</y></pt><pt><x>104</x><y>501</y></pt><pt><x>105</x><y>523</y></pt></polygon></object><object><name>box</name><deleted>0</deleted><verified>0</verified><date>24-Jun-2012 18:44:11</date><id>23</id><polygon><username>sandy</username><pt><x>348</x><y>278</y></pt><pt><x>349</x><y>299</y></pt><pt><x>345</x><y>300</y></pt><pt><x>292</x><y>301</y></pt><pt><x>297</x><y>274</y></pt></polygon></object><object><name>box</name><deleted>0</deleted><verified>0</verified><date>24-Jun-2012 18:44:11</date><id>24</id><polygon><username>sandy</username><pt><x>331</x><y>114</y></pt><pt><x>387</x><y>114</y></pt><pt><x>389</x><y>149</y></pt><pt><x>382</x><y>149</y></pt><pt><x>321</x><y>147</y></pt></polygon></object><object><name>dresser</name><deleted>0</deleted><verified>0</verified><date>24-Jun-2012 18:44:11</date><id>25</id><polygon><username>sandy</username><pt><x>407</x><y>477</y></pt><pt><x>427</x><y>478</y></pt><pt><x>440</x><y>53</y></pt><pt><x>266</x><y>56</y></pt><pt><x>262</x><y>476</y></pt><pt><x>275</x><y>477</y></pt><pt><x>281</x><y>469</y></pt><pt><x>289</x><y>463</y></pt><pt><x>295</x><y>465</y></pt><pt><x>305</x><y>466</y></pt><pt><x>313</x><y>464</y></pt><pt><x>319</x><y>466</y></pt><pt><x>332</x><y>468</y></pt><pt><x>352</x><y>469</y></pt><pt><x>362</x><y>463</y></pt><pt><x>369</x><y>467</y></pt><pt><x>374</x><y>469</y></pt><pt><x>385</x><y>466</y></pt><pt><x>388</x><y>462</y></pt><pt><x>395</x><y>466</y></pt></polygon></object><object><name>furniture</name><deleted>0</deleted><verified>0</verified><date>24-Jun-2012 18:44:11</date><id>26</id><polygon><username>sandy</username><pt><x>225</x><y>482</y></pt><pt><x>268</x><y>478</y></pt><pt><x>263</x><y>299</y></pt><pt><x>146</x><y>296</y></pt><pt><x>165</x><y>486</y></pt><pt><x>180</x><y>485</y></pt></polygon></object><object><name>net</name><deleted>0</deleted><verified>0</verified><date>24-Jun-2012 18:44:11</date><id>27</id><polygon><username>sandy</username><pt><x>204</x><y>69</y></pt><pt><x>222</x><y>91</y></pt><pt><x>237</x><y>125</y></pt><pt><x>230</x><y>137</y></pt><pt><x>225</x><y>142</y></pt><pt><x>215</x><y>142</y></pt><pt><x>192</x><y>144</y></pt><pt><x>178</x><y>141</y></pt><pt><x>173</x><y>136</y></pt><pt><x>170</x><y>131</y></pt><pt><x>169</x><y>122</y></pt><pt><x>167</x><y>112</y></pt><pt><x>173</x><y>102</y></pt><pt><x>179</x><y>91</y></pt><pt><x>185</x><y>80</y></pt><pt><x>195</x><y>53</y></pt><pt><x>198</x><y>44</y></pt><pt><x>198</x><y>41</y></pt><pt><x>201</x><y>41</y></pt></polygon></object><object><name>plant</name><deleted>0</deleted><verified>0</verified><date>24-Jun-2012 18:44:11</date><id>28</id><polygon><username>sandy</username><pt><x>646</x><y>277</y></pt><pt><x>653</x><y>277</y></pt><pt><x>658</x><y>270</y></pt><pt><x>662</x><y>262</y></pt><pt><x>669</x><y>265</y></pt><pt><x>675</x><y>269</y></pt><pt><x>677</x><y>260</y></pt><pt><x>675</x><y>255</y></pt><pt><x>670</x><y>255</y></pt><pt><x>679</x><y>254</y></pt><pt><x>685</x><y>252</y></pt><pt><x>689</x><y>251</y></pt><pt><x>682</x><y>246</y></pt><pt><x>676</x><y>244</y></pt><pt><x>671</x><y>237</y></pt><pt><x>679</x><y>235</y></pt><pt><x>688</x><y>235</y></pt><pt><x>695</x><y>238</y></pt><pt><x>693</x><y>232</y></pt><pt><x>684</x><y>230</y></pt><pt><x>654</x><y>230</y></pt><pt><x>654</x><y>224</y></pt><pt><x>656</x><y>218</y></pt><pt><x>651</x><y>214</y></pt><pt><x>662</x><y>209</y></pt><pt><x>660</x><y>205</y></pt><pt><x>648</x><y>207</y></pt><pt><x>647</x><y>201</y></pt><pt><x>654</x><y>189</y></pt><pt><x>655</x><y>186</y></pt><pt><x>645</x><y>199</y></pt><pt><x>638</x><y>207</y></pt><pt><x>634</x><y>212</y></pt><pt><x>622</x><y>215</y></pt><pt><x>625</x><y>208</y></pt><pt><x>631</x><y>201</y></pt><pt><x>630</x><y>195</y></pt><pt><x>624</x><y>196</y></pt><pt><x>614</x><y>208</y></pt><pt><x>611</x><y>200</y></pt><pt><x>602</x><y>207</y></pt><pt><x>596</x><y>209</y></pt><pt><x>590</x><y>213</y></pt><pt><x>586</x><y>210</y></pt><pt><x>578</x><y>214</y></pt><pt><x>571</x><y>219</y></pt><pt><x>562</x><y>220</y></pt><pt><x>556</x><y>225</y></pt><pt><x>567</x><y>225</y></pt><pt><x>578</x><y>223</y></pt><pt><x>581</x><y>229</y></pt><pt><x>579</x><y>231</y></pt><pt><x>574</x><y>234</y></pt><pt><x>581</x><y>237</y></pt><pt><x>576</x><y>246</y></pt><pt><x>591</x><y>254</y></pt><pt><x>601</x><y>257</y></pt><pt><x>608</x><y>257</y></pt><pt><x>603</x><y>260</y></pt><pt><x>601</x><y>264</y></pt><pt><x>605</x><y>277</y></pt><pt><x>607</x><y>291</y></pt><pt><x>610</x><y>297</y></pt><pt><x>622</x><y>298</y></pt><pt><x>638</x><y>293</y></pt><pt><x>640</x><y>286</y></pt></polygon></object><object><name>painting</name><deleted>1</deleted><verified>0</verified><date>24-Jun-2012 18:44:11</date><id>29</id><polygon><username>sandy</username><pt><x>142</x><y>155</y></pt><pt><x>144</x><y>249</y></pt><pt><x>255</x><y>251</y></pt><pt><x>257</x><y>153</y></pt></polygon></object><object><name>drawers</name><deleted>0</deleted><verified>0</verified><date>16-Jul-2012 12:13:27</date><id>30</id><polygon><username>sandy</username><pt><x>437</x><y>310</y></pt><pt><x>437</x><y>444</y></pt><pt><x>635</x><y>454</y></pt><pt><x>637</x><y>315</y></pt></polygon></object><object><name>drawers</name><deleted>0</deleted><verified>0</verified><date>16-Jul-2012 12:13:27</date><id>31</id><polygon><username>sandy</username><pt><x>415</x><y>314</y></pt><pt><x>417</x><y>447</y></pt><pt><x>267</x><y>449</y></pt><pt><x>264</x><y>314</y></pt></polygon></object></annotation>
