<annotation><filename>b_bedroom_pittsburgh_IMG_4076.jpg</filename><folder>100images</folder><source><sourceImage>The MIT-CSAIL database of objects and scenes</sourceImage><sourceAnnotation>LabelMe Webtool</sourceAnnotation></source><object><name>bed</name><deleted>0</deleted><verified>0</verified><date>24-Jun-2012 19:55:01</date><id>0</id><polygon><username>sandy</username><pt><x>574</x><y>224</y></pt><pt><x>569</x><y>403</y></pt><pt><x>178</x><y>522</y></pt><pt><x>69</x><y>407</y></pt><pt><x>63</x><y>311</y></pt><pt><x>392</x><y>250</y></pt><pt><x>395</x><y>196</y></pt></polygon></object><object><name>lamp</name><deleted>0</deleted><verified>0</verified><date>24-Jun-2012 19:55:01</date><id>1</id><polygon><username>sandy</username><pt><x>687</x><y>152</y></pt><pt><x>708</x><y>216</y></pt><pt><x>699</x><y>223</y></pt><pt><x>685</x><y>222</y></pt><pt><x>669</x><y>222</y></pt><pt><x>659</x><y>222</y></pt><pt><x>665</x><y>230</y></pt><pt><x>661</x><y>264</y></pt><pt><x>657</x><y>284</y></pt><pt><x>654</x><y>300</y></pt><pt><x>650</x><y>310</y></pt><pt><x>658</x><y>311</y></pt><pt><x>661</x><y>315</y></pt><pt><x>659</x><y>321</y></pt><pt><x>643</x><y>323</y></pt><pt><x>636</x><y>322</y></pt><pt><x>628</x><y>319</y></pt><pt><x>629</x><y>312</y></pt><pt><x>639</x><y>311</y></pt><pt><x>642</x><y>309</y></pt><pt><x>636</x><y>275</y></pt><pt><x>633</x><y>254</y></pt><pt><x>634</x><y>227</y></pt><pt><x>645</x><y>222</y></pt><pt><x>625</x><y>217</y></pt><pt><x>603</x><y>214</y></pt><pt><x>595</x><y>209</y></pt><pt><x>598</x><y>200</y></pt><pt><x>629</x><y>147</y></pt><pt><x>651</x><y>146</y></pt><pt><x>669</x><y>147</y></pt></polygon></object><object><name>lamp</name><deleted>0</deleted><verified>0</verified><date>24-Jun-2012 19:55:01</date><id>2</id><polygon><username>sandy</username><pt><x>343</x><y>143</y></pt><pt><x>362</x><y>179</y></pt><pt><x>351</x><y>181</y></pt><pt><x>334</x><y>184</y></pt><pt><x>330</x><y>185</y></pt><pt><x>334</x><y>188</y></pt><pt><x>335</x><y>198</y></pt><pt><x>336</x><y>218</y></pt><pt><x>335</x><y>226</y></pt><pt><x>334</x><y>238</y></pt><pt><x>334</x><y>243</y></pt><pt><x>337</x><y>242</y></pt><pt><x>341</x><y>246</y></pt><pt><x>339</x><y>252</y></pt><pt><x>334</x><y>253</y></pt><pt><x>328</x><y>255</y></pt><pt><x>323</x><y>252</y></pt><pt><x>318</x><y>249</y></pt><pt><x>322</x><y>245</y></pt><pt><x>327</x><y>243</y></pt><pt><x>320</x><y>227</y></pt><pt><x>318</x><y>216</y></pt><pt><x>316</x><y>202</y></pt><pt><x>315</x><y>191</y></pt><pt><x>319</x><y>188</y></pt><pt><x>323</x><y>187</y></pt><pt><x>319</x><y>183</y></pt><pt><x>291</x><y>182</y></pt><pt><x>308</x><y>140</y></pt><pt><x>326</x><y>139</y></pt><pt><x>336</x><y>139</y></pt></polygon></object><object><name>bag</name><deleted>0</deleted><verified>0</verified><date>24-Jun-2012 19:55:01</date><id>3</id><polygon><username>sandy</username><pt><x>451</x><y>378</y></pt><pt><x>464</x><y>387</y></pt><pt><x>467</x><y>395</y></pt><pt><x>471</x><y>418</y></pt><pt><x>476</x><y>429</y></pt><pt><x>480</x><y>437</y></pt><pt><x>480</x><y>446</y></pt><pt><x>479</x><y>457</y></pt><pt><x>479</x><y>470</y></pt><pt><x>477</x><y>474</y></pt><pt><x>467</x><y>481</y></pt><pt><x>458</x><y>481</y></pt><pt><x>465</x><y>488</y></pt><pt><x>459</x><y>492</y></pt><pt><x>453</x><y>484</y></pt><pt><x>439</x><y>486</y></pt><pt><x>429</x><y>490</y></pt><pt><x>421</x><y>493</y></pt><pt><x>395</x><y>475</y></pt><pt><x>394</x><y>463</y></pt><pt><x>387</x><y>455</y></pt><pt><x>386</x><y>438</y></pt><pt><x>388</x><y>424</y></pt><pt><x>392</x><y>394</y></pt><pt><x>413</x><y>380</y></pt><pt><x>427</x><y>370</y></pt><pt><x>436</x><y>371</y></pt></polygon></object><object><name>painting</name><deleted>0</deleted><verified>0</verified><date>24-Jun-2012 19:55:01</date><id>4</id><polygon><username>sandy</username><pt><x>517</x><y>57</y></pt><pt><x>519</x><y>171</y></pt><pt><x>425</x><y>164</y></pt><pt><x>422</x><y>61</y></pt></polygon></object><object><name>chair</name><deleted>0</deleted><verified>0</verified><date>24-Jun-2012 19:55:01</date><id>5</id><polygon><username>sandy</username><pt><x>648</x><y>459</y></pt><pt><x>648</x><y>498</y></pt><pt><x>647</x><y>511</y></pt><pt><x>633</x><y>551</y></pt><pt><x>639</x><y>561</y></pt><pt><x>648</x><y>594</y></pt><pt><x>648</x><y>599</y></pt><pt><x>797</x><y>597</y></pt><pt><x>799</x><y>431</y></pt><pt><x>793</x><y>458</y></pt><pt><x>656</x><y>453</y></pt></polygon></object><object><name>chair</name><deleted>0</deleted><verified>0</verified><date>24-Jun-2012 19:55:01</date><id>6</id><polygon><username>sandy</username><pt><x>57</x><y>561</y></pt><pt><x>103</x><y>599</y></pt><pt><x>2</x><y>599</y></pt><pt><x>2</x><y>582</y></pt><pt><x>16</x><y>563</y></pt><pt><x>36</x><y>558</y></pt><pt><x>44</x><y>559</y></pt></polygon></object><object><name>pillow</name><deleted>0</deleted><verified>0</verified><date>24-Jun-2012 19:55:01</date><id>7</id><polygon><username>sandy</username><pt><x>476</x><y>223</y></pt><pt><x>488</x><y>228</y></pt><pt><x>501</x><y>222</y></pt><pt><x>521</x><y>221</y></pt><pt><x>530</x><y>222</y></pt><pt><x>536</x><y>219</y></pt><pt><x>541</x><y>223</y></pt><pt><x>540</x><y>230</y></pt><pt><x>536</x><y>241</y></pt><pt><x>532</x><y>264</y></pt><pt><x>529</x><y>283</y></pt><pt><x>525</x><y>290</y></pt><pt><x>505</x><y>294</y></pt><pt><x>496</x><y>290</y></pt><pt><x>487</x><y>285</y></pt><pt><x>456</x><y>279</y></pt><pt><x>456</x><y>275</y></pt><pt><x>465</x><y>243</y></pt><pt><x>468</x><y>229</y></pt></polygon></object><object><name>pillow</name><deleted>0</deleted><verified>0</verified><date>24-Jun-2012 19:55:01</date><id>8</id><polygon><username>sandy</username><pt><x>425</x><y>289</y></pt><pt><x>415</x><y>265</y></pt><pt><x>413</x><y>251</y></pt><pt><x>415</x><y>240</y></pt><pt><x>422</x><y>227</y></pt><pt><x>429</x><y>222</y></pt><pt><x>436</x><y>216</y></pt><pt><x>447</x><y>212</y></pt><pt><x>450</x><y>214</y></pt><pt><x>459</x><y>223</y></pt><pt><x>463</x><y>231</y></pt><pt><x>466</x><y>241</y></pt><pt><x>461</x><y>265</y></pt><pt><x>454</x><y>279</y></pt><pt><x>448</x><y>288</y></pt><pt><x>441</x><y>290</y></pt></polygon></object><object><name>pillow</name><deleted>0</deleted><verified>0</verified><date>24-Jun-2012 19:55:01</date><id>9</id><polygon><username>sandy</username><pt><x>343</x><y>202</y></pt><pt><x>346</x><y>222</y></pt><pt><x>347</x><y>234</y></pt><pt><x>348</x><y>247</y></pt><pt><x>347</x><y>259</y></pt><pt><x>346</x><y>265</y></pt><pt><x>358</x><y>266</y></pt><pt><x>390</x><y>270</y></pt><pt><x>420</x><y>269</y></pt><pt><x>458</x><y>221</y></pt><pt><x>464</x><y>216</y></pt><pt><x>438</x><y>211</y></pt><pt><x>436</x><y>205</y></pt><pt><x>414</x><y>204</y></pt><pt><x>394</x><y>192</y></pt><pt><x>390</x><y>193</y></pt><pt><x>386</x><y>204</y></pt><pt><x>367</x><y>204</y></pt><pt><x>350</x><y>201</y></pt></polygon></object><object><name>glasses</name><deleted>0</deleted><verified>0</verified><date>24-Jun-2012 19:55:01</date><id>10</id><polygon><username>sandy</username><pt><x>714</x><y>320</y></pt><pt><x>715</x><y>338</y></pt><pt><x>723</x><y>343</y></pt><pt><x>731</x><y>343</y></pt><pt><x>736</x><y>341</y></pt><pt><x>738</x><y>337</y></pt><pt><x>738</x><y>317</y></pt><pt><x>732</x><y>311</y></pt><pt><x>726</x><y>311</y></pt><pt><x>719</x><y>315</y></pt></polygon></object><object><name>glasses</name><deleted>0</deleted><verified>0</verified><date>24-Jun-2012 19:55:01</date><id>11</id><polygon><username>sandy</username><pt><x>706</x><y>312</y></pt><pt><x>703</x><y>337</y></pt><pt><x>694</x><y>340</y></pt><pt><x>688</x><y>338</y></pt><pt><x>684</x><y>335</y></pt><pt><x>686</x><y>311</y></pt><pt><x>692</x><y>309</y></pt><pt><x>697</x><y>308</y></pt></polygon></object><object><name>glasses</name><deleted>0</deleted><verified>0</verified><date>24-Jun-2012 19:55:01</date><id>12</id><polygon><username>sandy</username><pt><x>674</x><y>309</y></pt><pt><x>674</x><y>327</y></pt><pt><x>680</x><y>331</y></pt><pt><x>685</x><y>332</y></pt><pt><x>692</x><y>330</y></pt><pt><x>695</x><y>304</y></pt><pt><x>691</x><y>301</y></pt><pt><x>685</x><y>302</y></pt></polygon></object><object><name>telephone</name><deleted>0</deleted><verified>0</verified><date>24-Jun-2012 19:55:01</date><id>13</id><polygon><username>sandy</username><pt><x>567</x><y>304</y></pt><pt><x>582</x><y>309</y></pt><pt><x>591</x><y>310</y></pt><pt><x>598</x><y>309</y></pt><pt><x>603</x><y>308</y></pt><pt><x>607</x><y>308</y></pt><pt><x>614</x><y>308</y></pt><pt><x>621</x><y>306</y></pt><pt><x>625</x><y>303</y></pt><pt><x>625</x><y>298</y></pt><pt><x>620</x><y>294</y></pt><pt><x>617</x><y>293</y></pt><pt><x>604</x><y>287</y></pt><pt><x>604</x><y>283</y></pt><pt><x>595</x><y>283</y></pt><pt><x>587</x><y>286</y></pt><pt><x>581</x><y>287</y></pt><pt><x>573</x><y>293</y></pt><pt><x>569</x><y>297</y></pt></polygon></object><object><name>tray</name><deleted>0</deleted><verified>0</verified><date>24-Jun-2012 19:55:01</date><id>14</id><polygon><username>sandy</username><pt><x>764</x><y>333</y></pt><pt><x>762</x><y>337</y></pt><pt><x>758</x><y>343</y></pt><pt><x>740</x><y>347</y></pt><pt><x>715</x><y>346</y></pt><pt><x>693</x><y>343</y></pt><pt><x>678</x><y>340</y></pt><pt><x>673</x><y>335</y></pt><pt><x>668</x><y>332</y></pt><pt><x>670</x><y>323</y></pt><pt><x>675</x><y>320</y></pt><pt><x>690</x><y>319</y></pt><pt><x>734</x><y>320</y></pt><pt><x>752</x><y>323</y></pt></polygon></object><object><name>duvet</name><deleted>0</deleted><verified>0</verified><date>24-Jun-2012 19:55:01</date><id>15</id><polygon><username>sandy</username><pt><x>51</x><y>325</y></pt><pt><x>50</x><y>372</y></pt><pt><x>74</x><y>389</y></pt><pt><x>94</x><y>407</y></pt><pt><x>120</x><y>439</y></pt><pt><x>132</x><y>456</y></pt><pt><x>139</x><y>472</y></pt><pt><x>143</x><y>483</y></pt><pt><x>151</x><y>474</y></pt><pt><x>162</x><y>478</y></pt><pt><x>175</x><y>481</y></pt><pt><x>208</x><y>474</y></pt><pt><x>224</x><y>466</y></pt><pt><x>298</x><y>437</y></pt><pt><x>387</x><y>410</y></pt><pt><x>491</x><y>384</y></pt><pt><x>498</x><y>376</y></pt><pt><x>498</x><y>347</y></pt><pt><x>487</x><y>311</y></pt><pt><x>448</x><y>293</y></pt><pt><x>396</x><y>280</y></pt><pt><x>355</x><y>271</y></pt><pt><x>329</x><y>262</y></pt><pt><x>210</x><y>283</y></pt><pt><x>112</x><y>299</y></pt><pt><x>74</x><y>304</y></pt><pt><x>63</x><y>309</y></pt><pt><x>56</x><y>319</y></pt></polygon></object><object><name>chestofdrawers</name><deleted>0</deleted><verified>0</verified><date>24-Jun-2012 19:55:01</date><id>16</id><polygon><username>sandy</username><pt><x>522</x><y>317</y></pt><pt><x>519</x><y>442</y></pt><pt><x>524</x><y>444</y></pt><pt><x>703</x><y>514</y></pt><pt><x>790</x><y>478</y></pt><pt><x>797</x><y>338</y></pt><pt><x>792</x><y>333</y></pt><pt><x>792</x><y>324</y></pt><pt><x>612</x><y>286</y></pt><pt><x>609</x><y>288</y></pt></polygon></object><object><name>icebucket</name><deleted>0</deleted><verified>0</verified><date>24-Jun-2012 19:55:01</date><id>17</id><polygon><username>sandy</username><pt><x>699</x><y>285</y></pt><pt><x>697</x><y>328</y></pt><pt><x>709</x><y>335</y></pt><pt><x>731</x><y>335</y></pt><pt><x>743</x><y>335</y></pt><pt><x>750</x><y>333</y></pt><pt><x>752</x><y>287</y></pt><pt><x>747</x><y>282</y></pt><pt><x>740</x><y>280</y></pt><pt><x>734</x><y>278</y></pt><pt><x>728</x><y>278</y></pt><pt><x>726</x><y>276</y></pt><pt><x>720</x><y>277</y></pt><pt><x>720</x><y>279</y></pt><pt><x>709</x><y>280</y></pt></polygon></object><imagesize><nrows>600</nrows><ncols>800</ncols></imagesize></annotation>