<annotation><filename>b_bedroom_p1010272.jpg</filename><folder>100images</folder><source><sourceImage>The MIT-CSAIL database of objects and scenes</sourceImage><sourceAnnotation>LabelMe Webtool</sourceAnnotation></source><object><name>man</name><deleted>0</deleted><verified>0</verified><date>24-Jun-2012 19:49:21</date><id>0</id><polygon><username>sandy</username><pt><x>236</x><y>334</y></pt><pt><x>251</x><y>350</y></pt><pt><x>260</x><y>367</y></pt><pt><x>260</x><y>381</y></pt><pt><x>262</x><y>397</y></pt><pt><x>270</x><y>410</y></pt><pt><x>280</x><y>417</y></pt><pt><x>281</x><y>423</y></pt><pt><x>294</x><y>414</y></pt><pt><x>305</x><y>411</y></pt><pt><x>315</x><y>407</y></pt><pt><x>318</x><y>414</y></pt><pt><x>331</x><y>418</y></pt><pt><x>333</x><y>421</y></pt><pt><x>325</x><y>425</y></pt><pt><x>320</x><y>426</y></pt><pt><x>317</x><y>434</y></pt><pt><x>307</x><y>437</y></pt><pt><x>306</x><y>442</y></pt><pt><x>314</x><y>444</y></pt><pt><x>321</x><y>449</y></pt><pt><x>325</x><y>454</y></pt><pt><x>328</x><y>468</y></pt><pt><x>331</x><y>488</y></pt><pt><x>334</x><y>508</y></pt><pt><x>338</x><y>523</y></pt><pt><x>339</x><y>536</y></pt><pt><x>340</x><y>551</y></pt><pt><x>339</x><y>561</y></pt><pt><x>308</x><y>541</y></pt><pt><x>298</x><y>533</y></pt><pt><x>286</x><y>520</y></pt><pt><x>175</x><y>532</y></pt><pt><x>148</x><y>530</y></pt><pt><x>134</x><y>526</y></pt><pt><x>123</x><y>523</y></pt><pt><x>115</x><y>516</y></pt><pt><x>108</x><y>510</y></pt><pt><x>95</x><y>464</y></pt><pt><x>113</x><y>398</y></pt><pt><x>130</x><y>361</y></pt><pt><x>160</x><y>326</y></pt><pt><x>172</x><y>318</y></pt><pt><x>193</x><y>309</y></pt><pt><x>199</x><y>305</y></pt><pt><x>200</x><y>281</y></pt><pt><x>202</x><y>267</y></pt><pt><x>207</x><y>257</y></pt><pt><x>213</x><y>252</y></pt><pt><x>239</x><y>250</y></pt><pt><x>254</x><y>260</y></pt><pt><x>258</x><y>266</y></pt><pt><x>259</x><y>274</y></pt><pt><x>261</x><y>284</y></pt><pt><x>262</x><y>291</y></pt><pt><x>260</x><y>294</y></pt><pt><x>262</x><y>301</y></pt><pt><x>260</x><y>310</y></pt><pt><x>261</x><y>321</y></pt><pt><x>259</x><y>328</y></pt></polygon></object><object><name>bed</name><deleted>0</deleted><verified>0</verified><date>24-Jun-2012 19:49:21</date><id>1</id><polygon><username>sandy</username><pt><x>122</x><y>365</y></pt><pt><x>358</x><y>571</y></pt><pt><x>369</x><y>597</y></pt><pt><x>2</x><y>597</y></pt><pt><x>2</x><y>386</y></pt></polygon></object><object><name>remotecontrol</name><deleted>0</deleted><verified>0</verified><date>24-Jun-2012 19:49:21</date><id>2</id><polygon><username>sandy</username><pt><x>344</x><y>410</y></pt><pt><x>321</x><y>420</y></pt><pt><x>309</x><y>413</y></pt><pt><x>334</x><y>402</y></pt></polygon></object><object><name>mirror</name><deleted>0</deleted><verified>0</verified><date>24-Jun-2012 19:49:21</date><id>3</id><polygon><username>sandy</username><pt><x>460</x><y>54</y></pt><pt><x>456</x><y>272</y></pt><pt><x>380</x><y>260</y></pt><pt><x>381</x><y>68</y></pt></polygon></object><object><name>stand</name><deleted>0</deleted><verified>0</verified><date>24-Jun-2012 19:49:21</date><id>4</id><polygon><username>sandy</username><pt><x>309</x><y>324</y></pt><pt><x>315</x><y>332</y></pt><pt><x>323</x><y>341</y></pt><pt><x>367</x><y>358</y></pt><pt><x>371</x><y>438</y></pt><pt><x>381</x><y>439</y></pt><pt><x>387</x><y>353</y></pt><pt><x>439</x><y>349</y></pt><pt><x>439</x><y>426</y></pt><pt><x>447</x><y>427</y></pt><pt><x>454</x><y>298</y></pt><pt><x>382</x><y>283</y></pt><pt><x>382</x><y>313</y></pt></polygon></object><object><name>picture</name><deleted>0</deleted><verified>0</verified><date>24-Jun-2012 19:49:21</date><id>5</id><polygon><username>sandy</username><pt><x>725</x><y>32</y></pt><pt><x>721</x><y>232</y></pt><pt><x>798</x><y>239</y></pt><pt><x>798</x><y>21</y></pt></polygon></object><object><name>chair</name><deleted>0</deleted><verified>0</verified><date>24-Jun-2012 19:49:21</date><id>6</id><polygon><username>sandy</username><pt><x>761</x><y>341</y></pt><pt><x>767</x><y>370</y></pt><pt><x>767</x><y>409</y></pt><pt><x>765</x><y>439</y></pt><pt><x>748</x><y>585</y></pt><pt><x>760</x><y>589</y></pt><pt><x>763</x><y>571</y></pt><pt><x>781</x><y>490</y></pt><pt><x>798</x><y>486</y></pt><pt><x>799</x><y>341</y></pt><pt><x>774</x><y>341</y></pt></polygon></object><object><name>suitcase</name><deleted>0</deleted><verified>0</verified><date>24-Jun-2012 19:49:21</date><id>7</id><polygon><username>sandy</username><pt><x>332</x><y>310</y></pt><pt><x>338</x><y>332</y></pt><pt><x>342</x><y>349</y></pt><pt><x>342</x><y>365</y></pt><pt><x>344</x><y>382</y></pt><pt><x>340</x><y>393</y></pt><pt><x>338</x><y>402</y></pt><pt><x>328</x><y>412</y></pt><pt><x>312</x><y>420</y></pt><pt><x>302</x><y>419</y></pt><pt><x>258</x><y>404</y></pt><pt><x>244</x><y>325</y></pt><pt><x>258</x><y>307</y></pt><pt><x>268</x><y>307</y></pt><pt><x>285</x><y>306</y></pt><pt><x>308</x><y>309</y></pt></polygon></object><object><name>suitcase</name><deleted>0</deleted><verified>0</verified><date>24-Jun-2012 19:49:21</date><id>8</id><polygon><username>sandy</username><pt><x>161</x><y>285</y></pt><pt><x>173</x><y>298</y></pt><pt><x>176</x><y>351</y></pt><pt><x>130</x><y>359</y></pt><pt><x>124</x><y>350</y></pt><pt><x>122</x><y>294</y></pt><pt><x>132</x><y>288</y></pt><pt><x>144</x><y>283</y></pt></polygon></object><object><name>TV</name><deleted>0</deleted><verified>0</verified><date>24-Jun-2012 19:49:21</date><id>9</id><polygon><username>sandy</username><pt><x>491</x><y>220</y></pt><pt><x>487</x><y>256</y></pt><pt><x>487</x><y>299</y></pt><pt><x>491</x><y>315</y></pt><pt><x>494</x><y>321</y></pt><pt><x>576</x><y>339</y></pt><pt><x>608</x><y>330</y></pt><pt><x>606</x><y>312</y></pt><pt><x>612</x><y>314</y></pt><pt><x>613</x><y>300</y></pt><pt><x>624</x><y>289</y></pt><pt><x>617</x><y>245</y></pt><pt><x>592</x><y>239</y></pt><pt><x>584</x><y>225</y></pt><pt><x>568</x><y>218</y></pt><pt><x>524</x><y>219</y></pt></polygon></object><object><name>bag</name><deleted>0</deleted><verified>0</verified><date>24-Jun-2012 19:49:21</date><id>10</id><polygon><username>sandy</username><pt><x>188</x><y>458</y></pt><pt><x>176</x><y>535</y></pt><pt><x>191</x><y>544</y></pt><pt><x>274</x><y>526</y></pt><pt><x>285</x><y>530</y></pt><pt><x>292</x><y>530</y></pt><pt><x>292</x><y>450</y></pt><pt><x>281</x><y>447</y></pt><pt><x>264</x><y>451</y></pt><pt><x>250</x><y>449</y></pt><pt><x>219</x><y>449</y></pt><pt><x>201</x><y>453</y></pt></polygon></object><object><name>camerabag</name><deleted>0</deleted><verified>0</verified><date>24-Jun-2012 19:49:21</date><id>11</id><polygon><username>sandy</username><pt><x>179</x><y>544</y></pt><pt><x>176</x><y>565</y></pt><pt><x>171</x><y>579</y></pt><pt><x>155</x><y>583</y></pt><pt><x>142</x><y>587</y></pt><pt><x>127</x><y>598</y></pt><pt><x>113</x><y>599</y></pt><pt><x>129</x><y>576</y></pt><pt><x>130</x><y>573</y></pt><pt><x>121</x><y>561</y></pt><pt><x>107</x><y>564</y></pt><pt><x>106</x><y>543</y></pt><pt><x>129</x><y>530</y></pt><pt><x>143</x><y>535</y></pt><pt><x>164</x><y>536</y></pt></polygon></object><object><name>door</name><deleted>0</deleted><verified>0</verified><date>24-Jun-2012 19:49:21</date><id>12</id><polygon><username>sandy</username><pt><x>145</x><y>106</y></pt><pt><x>150</x><y>326</y></pt><pt><x>107</x><y>333</y></pt><pt><x>98</x><y>107</y></pt></polygon></object><object><name>mirror</name><deleted>0</deleted><verified>0</verified><date>24-Jun-2012 19:49:21</date><id>13</id><polygon><username>sandy</username><pt><x>231</x><y>72</y></pt><pt><x>235</x><y>318</y></pt><pt><x>170</x><y>317</y></pt><pt><x>167</x><y>91</y></pt></polygon></object><object><name>covers</name><deleted>0</deleted><verified>0</verified><date>24-Jun-2012 19:49:21</date><id>14</id><polygon><username>sandy</username><pt><x>66</x><y>373</y></pt><pt><x>121</x><y>365</y></pt><pt><x>356</x><y>572</y></pt><pt><x>367</x><y>598</y></pt><pt><x>2</x><y>597</y></pt><pt><x>2</x><y>382</y></pt></polygon></object><object><name>lamp</name><deleted>0</deleted><verified>0</verified><date>24-Jun-2012 19:49:21</date><id>15</id><polygon><username>sandy</username><pt><x>773</x><y>183</y></pt><pt><x>763</x><y>202</y></pt><pt><x>773</x><y>205</y></pt><pt><x>782</x><y>209</y></pt><pt><x>794</x><y>208</y></pt><pt><x>798</x><y>203</y></pt><pt><x>789</x><y>180</y></pt></polygon></object><object><name>cabinet</name><deleted>0</deleted><verified>0</verified><date>24-Jun-2012 19:49:21</date><id>16</id><polygon><username>sandy</username><pt><x>704</x><y>357</y></pt><pt><x>697</x><y>364</y></pt><pt><x>685</x><y>526</y></pt><pt><x>682</x><y>533</y></pt><pt><x>663</x><y>539</y></pt><pt><x>628</x><y>544</y></pt><pt><x>584</x><y>539</y></pt><pt><x>547</x><y>532</y></pt><pt><x>458</x><y>486</y></pt><pt><x>450</x><y>476</y></pt><pt><x>446</x><y>468</y></pt><pt><x>449</x><y>456</y></pt><pt><x>453</x><y>453</y></pt><pt><x>459</x><y>337</y></pt><pt><x>453</x><y>330</y></pt><pt><x>453</x><y>318</y></pt><pt><x>460</x><y>317</y></pt><pt><x>486</x><y>309</y></pt><pt><x>500</x><y>308</y></pt></polygon></object><object><name>passport</name><deleted>0</deleted><verified>0</verified><date>24-Jun-2012 19:49:21</date><id>17</id><polygon><username>sandy</username><pt><x>338</x><y>462</y></pt><pt><x>337</x><y>484</y></pt><pt><x>312</x><y>475</y></pt><pt><x>317</x><y>455</y></pt></polygon></object><object><name>TVstand</name><deleted>0</deleted><verified>0</verified><date>24-Jun-2012 19:49:21</date><id>18</id><polygon><username>sandy</username><pt><x>486</x><y>320</y></pt><pt><x>487</x><y>330</y></pt><pt><x>566</x><y>350</y></pt><pt><x>625</x><y>344</y></pt><pt><x>623</x><y>334</y></pt><pt><x>559</x><y>316</y></pt><pt><x>495</x><y>320</y></pt></polygon></object><object><name>table</name><deleted>0</deleted><verified>0</verified><date>24-Jun-2012 19:49:21</date><id>19</id><polygon><username>sandy</username><pt><x>672</x><y>490</y></pt><pt><x>668</x><y>536</y></pt><pt><x>673</x><y>538</y></pt><pt><x>673</x><y>543</y></pt><pt><x>671</x><y>553</y></pt><pt><x>674</x><y>556</y></pt><pt><x>671</x><y>561</y></pt><pt><x>670</x><y>577</y></pt><pt><x>668</x><y>598</y></pt><pt><x>712</x><y>596</y></pt><pt><x>720</x><y>555</y></pt><pt><x>799</x><y>595</y></pt><pt><x>797</x><y>425</y></pt><pt><x>666</x><y>466</y></pt><pt><x>663</x><y>474</y></pt><pt><x>670</x><y>476</y></pt></polygon></object><imagesize><nrows>600</nrows><ncols>800</ncols></imagesize></annotation>