<annotation><filename>b_bedroom_child4.jpg</filename><folder>100images</folder><source><sourceImage>The MIT-CSAIL database of objects and scenes</sourceImage><sourceAnnotation>LabelMe Webtool</sourceAnnotation></source><object><name>teddybear</name><deleted>0</deleted><verified>0</verified><date>24-Jun-2012 18:25:20</date><id>0</id><polygon><username>sandy</username><pt><x>361</x><y>261</y></pt><pt><x>360</x><y>271</y></pt><pt><x>367</x><y>279</y></pt><pt><x>370</x><y>285</y></pt><pt><x>366</x><y>291</y></pt><pt><x>364</x><y>296</y></pt><pt><x>358</x><y>298</y></pt><pt><x>331</x><y>298</y></pt><pt><x>329</x><y>292</y></pt><pt><x>330</x><y>286</y></pt><pt><x>335</x><y>275</y></pt><pt><x>340</x><y>274</y></pt><pt><x>340</x><y>270</y></pt><pt><x>339</x><y>266</y></pt><pt><x>335</x><y>262</y></pt><pt><x>333</x><y>257</y></pt><pt><x>333</x><y>252</y></pt><pt><x>338</x><y>251</y></pt><pt><x>340</x><y>255</y></pt><pt><x>353</x><y>253</y></pt><pt><x>358</x><y>249</y></pt><pt><x>361</x><y>252</y></pt></polygon></object><object><name>teddybear</name><deleted>0</deleted><verified>0</verified><date>24-Jun-2012 18:25:20</date><id>1</id><polygon><username>sandy</username><pt><x>516</x><y>257</y></pt><pt><x>515</x><y>265</y></pt><pt><x>511</x><y>266</y></pt><pt><x>508</x><y>271</y></pt><pt><x>511</x><y>278</y></pt><pt><x>512</x><y>287</y></pt><pt><x>525</x><y>292</y></pt><pt><x>530</x><y>284</y></pt><pt><x>529</x><y>277</y></pt><pt><x>528</x><y>270</y></pt><pt><x>528</x><y>265</y></pt></polygon></object><object><name>teddybear</name><deleted>0</deleted><verified>0</verified><date>24-Jun-2012 18:25:20</date><id>2</id><polygon><username>sandy</username><pt><x>533</x><y>238</y></pt><pt><x>538</x><y>252</y></pt><pt><x>524</x><y>252</y></pt><pt><x>523</x><y>245</y></pt><pt><x>522</x><y>241</y></pt><pt><x>524</x><y>236</y></pt></polygon></object><object><name>teddybear</name><deleted>0</deleted><verified>0</verified><date>24-Jun-2012 18:25:20</date><id>3</id><polygon><username>sandy</username><pt><x>419</x><y>151</y></pt><pt><x>430</x><y>152</y></pt><pt><x>431</x><y>186</y></pt><pt><x>407</x><y>186</y></pt><pt><x>405</x><y>178</y></pt><pt><x>408</x><y>175</y></pt><pt><x>412</x><y>178</y></pt><pt><x>414</x><y>177</y></pt><pt><x>414</x><y>173</y></pt><pt><x>411</x><y>169</y></pt><pt><x>410</x><y>165</y></pt><pt><x>411</x><y>158</y></pt><pt><x>415</x><y>161</y></pt><pt><x>416</x><y>160</y></pt></polygon></object><object><name>stuffedanimals</name><deleted>0</deleted><verified>0</verified><date>24-Jun-2012 18:25:20</date><id>4</id><polygon><username>sandy</username><pt><x>450</x><y>166</y></pt><pt><x>449</x><y>170</y></pt><pt><x>451</x><y>176</y></pt><pt><x>457</x><y>177</y></pt><pt><x>454</x><y>184</y></pt><pt><x>528</x><y>185</y></pt><pt><x>527</x><y>175</y></pt><pt><x>523</x><y>170</y></pt><pt><x>517</x><y>168</y></pt><pt><x>511</x><y>169</y></pt><pt><x>510</x><y>164</y></pt><pt><x>510</x><y>156</y></pt><pt><x>507</x><y>150</y></pt><pt><x>498</x><y>149</y></pt><pt><x>489</x><y>148</y></pt><pt><x>484</x><y>156</y></pt><pt><x>482</x><y>162</y></pt><pt><x>479</x><y>162</y></pt><pt><x>474</x><y>162</y></pt></polygon></object><object><name>horse</name><deleted>0</deleted><verified>0</verified><date>24-Jun-2012 18:25:20</date><id>5</id><polygon><username>sandy</username><pt><x>432</x><y>128</y></pt><pt><x>424</x><y>130</y></pt><pt><x>422</x><y>118</y></pt><pt><x>417</x><y>111</y></pt><pt><x>417</x><y>107</y></pt><pt><x>422</x><y>103</y></pt><pt><x>425</x><y>108</y></pt><pt><x>430</x><y>109</y></pt><pt><x>430</x><y>102</y></pt><pt><x>426</x><y>91</y></pt><pt><x>416</x><y>89</y></pt><pt><x>411</x><y>89</y></pt><pt><x>407</x><y>98</y></pt><pt><x>403</x><y>101</y></pt><pt><x>402</x><y>108</y></pt><pt><x>401</x><y>116</y></pt><pt><x>398</x><y>116</y></pt><pt><x>390</x><y>119</y></pt><pt><x>388</x><y>124</y></pt><pt><x>390</x><y>142</y></pt><pt><x>404</x><y>143</y></pt><pt><x>404</x><y>149</y></pt><pt><x>407</x><y>153</y></pt><pt><x>411</x><y>152</y></pt><pt><x>412</x><y>148</y></pt><pt><x>411</x><y>143</y></pt><pt><x>410</x><y>137</y></pt><pt><x>414</x><y>133</y></pt><pt><x>415</x><y>137</y></pt><pt><x>422</x><y>135</y></pt><pt><x>426</x><y>136</y></pt></polygon></object><object><name>dalmatian</name><deleted>0</deleted><verified>0</verified><date>24-Jun-2012 18:25:20</date><id>6</id><polygon><username>sandy</username><pt><x>367</x><y>4</y></pt><pt><x>370</x><y>16</y></pt><pt><x>367</x><y>21</y></pt><pt><x>371</x><y>32</y></pt><pt><x>371</x><y>42</y></pt><pt><x>377</x><y>47</y></pt><pt><x>373</x><y>52</y></pt><pt><x>361</x><y>52</y></pt><pt><x>338</x><y>48</y></pt><pt><x>337</x><y>44</y></pt><pt><x>341</x><y>38</y></pt><pt><x>342</x><y>30</y></pt><pt><x>343</x><y>24</y></pt><pt><x>343</x><y>17</y></pt><pt><x>343</x><y>9</y></pt><pt><x>346</x><y>4</y></pt><pt><x>353</x><y>2</y></pt></polygon></object><object><name>dalmatian</name><deleted>0</deleted><verified>0</verified><date>24-Jun-2012 18:25:20</date><id>7</id><polygon><username>sandy</username><pt><x>369</x><y>113</y></pt><pt><x>370</x><y>124</y></pt><pt><x>379</x><y>140</y></pt><pt><x>352</x><y>139</y></pt><pt><x>351</x><y>131</y></pt><pt><x>353</x><y>127</y></pt><pt><x>349</x><y>123</y></pt><pt><x>347</x><y>116</y></pt><pt><x>349</x><y>109</y></pt><pt><x>356</x><y>104</y></pt><pt><x>362</x><y>102</y></pt></polygon></object><object><name>helicopter</name><deleted>0</deleted><verified>0</verified><date>24-Jun-2012 18:25:20</date><id>8</id><polygon><username>sandy</username><pt><x>287</x><y>533</y></pt><pt><x>302</x><y>541</y></pt><pt><x>310</x><y>548</y></pt><pt><x>319</x><y>550</y></pt><pt><x>322</x><y>557</y></pt><pt><x>317</x><y>562</y></pt><pt><x>311</x><y>568</y></pt><pt><x>302</x><y>572</y></pt><pt><x>288</x><y>570</y></pt><pt><x>280</x><y>575</y></pt><pt><x>274</x><y>574</y></pt><pt><x>278</x><y>578</y></pt><pt><x>277</x><y>583</y></pt><pt><x>271</x><y>581</y></pt><pt><x>261</x><y>584</y></pt><pt><x>252</x><y>581</y></pt><pt><x>247</x><y>580</y></pt><pt><x>244</x><y>575</y></pt><pt><x>242</x><y>571</y></pt><pt><x>232</x><y>566</y></pt><pt><x>217</x><y>552</y></pt><pt><x>216</x><y>551</y></pt><pt><x>188</x><y>550</y></pt><pt><x>185</x><y>552</y></pt><pt><x>176</x><y>551</y></pt><pt><x>175</x><y>548</y></pt><pt><x>147</x><y>549</y></pt><pt><x>135</x><y>559</y></pt><pt><x>129</x><y>558</y></pt><pt><x>134</x><y>551</y></pt><pt><x>130</x><y>548</y></pt><pt><x>130</x><y>545</y></pt><pt><x>133</x><y>543</y></pt><pt><x>128</x><y>528</y></pt><pt><x>134</x><y>527</y></pt><pt><x>142</x><y>539</y></pt><pt><x>195</x><y>539</y></pt><pt><x>243</x><y>518</y></pt><pt><x>237</x><y>515</y></pt><pt><x>246</x><y>515</y></pt><pt><x>300</x><y>492</y></pt><pt><x>307</x><y>495</y></pt><pt><x>258</x><y>516</y></pt><pt><x>262</x><y>519</y></pt><pt><x>262</x><y>525</y></pt><pt><x>261</x><y>527</y></pt><pt><x>275</x><y>529</y></pt></polygon></object><object><name>stuffedanimals</name><deleted>0</deleted><verified>0</verified><date>24-Jun-2012 18:25:20</date><id>9</id><polygon><username>sandy</username><pt><x>336</x><y>26</y></pt><pt><x>335</x><y>47</y></pt><pt><x>315</x><y>48</y></pt><pt><x>314</x><y>30</y></pt><pt><x>316</x><y>22</y></pt><pt><x>325</x><y>21</y></pt></polygon></object><object><name>stuffedanimals</name><deleted>0</deleted><verified>0</verified><date>24-Jun-2012 18:25:20</date><id>10</id><polygon><username>sandy</username><pt><x>378</x><y>67</y></pt><pt><x>375</x><y>81</y></pt><pt><x>369</x><y>88</y></pt><pt><x>372</x><y>93</y></pt><pt><x>314</x><y>93</y></pt><pt><x>313</x><y>76</y></pt><pt><x>320</x><y>70</y></pt><pt><x>327</x><y>69</y></pt><pt><x>333</x><y>66</y></pt><pt><x>336</x><y>75</y></pt><pt><x>338</x><y>79</y></pt><pt><x>348</x><y>73</y></pt><pt><x>356</x><y>69</y></pt><pt><x>361</x><y>67</y></pt><pt><x>370</x><y>64</y></pt></polygon></object><object><name>stuffedanimals</name><deleted>0</deleted><verified>0</verified><date>24-Jun-2012 18:25:20</date><id>11</id><polygon><username>sandy</username><pt><x>484</x><y>135</y></pt><pt><x>484</x><y>119</y></pt><pt><x>490</x><y>116</y></pt><pt><x>489</x><y>108</y></pt><pt><x>484</x><y>103</y></pt><pt><x>480</x><y>103</y></pt><pt><x>477</x><y>107</y></pt><pt><x>468</x><y>105</y></pt><pt><x>463</x><y>106</y></pt><pt><x>457</x><y>107</y></pt><pt><x>457</x><y>113</y></pt><pt><x>456</x><y>118</y></pt><pt><x>455</x><y>127</y></pt><pt><x>457</x><y>135</y></pt><pt><x>458</x><y>139</y></pt></polygon></object><object><name>stuffedanimals</name><deleted>0</deleted><verified>0</verified><date>24-Jun-2012 18:25:20</date><id>12</id><polygon><username>sandy</username><pt><x>359</x><y>161</y></pt><pt><x>370</x><y>169</y></pt><pt><x>372</x><y>180</y></pt><pt><x>375</x><y>185</y></pt><pt><x>361</x><y>185</y></pt><pt><x>316</x><y>186</y></pt><pt><x>315</x><y>178</y></pt><pt><x>321</x><y>173</y></pt><pt><x>320</x><y>170</y></pt><pt><x>321</x><y>165</y></pt><pt><x>327</x><y>162</y></pt><pt><x>330</x><y>167</y></pt><pt><x>331</x><y>173</y></pt><pt><x>336</x><y>177</y></pt><pt><x>339</x><y>177</y></pt><pt><x>344</x><y>173</y></pt><pt><x>345</x><y>169</y></pt><pt><x>347</x><y>163</y></pt><pt><x>350</x><y>161</y></pt></polygon></object><object><name>stuffedanimals</name><deleted>0</deleted><verified>0</verified><date>24-Jun-2012 18:25:20</date><id>13</id><polygon><username>sandy</username><pt><x>514</x><y>116</y></pt><pt><x>515</x><y>124</y></pt><pt><x>514</x><y>128</y></pt><pt><x>520</x><y>132</y></pt><pt><x>514</x><y>135</y></pt><pt><x>512</x><y>139</y></pt><pt><x>499</x><y>139</y></pt><pt><x>498</x><y>135</y></pt><pt><x>500</x><y>127</y></pt><pt><x>503</x><y>124</y></pt><pt><x>501</x><y>121</y></pt><pt><x>502</x><y>114</y></pt><pt><x>509</x><y>111</y></pt></polygon></object><object><name>toys</name><deleted>0</deleted><verified>0</verified><date>24-Jun-2012 18:25:20</date><id>14</id><polygon><username>sandy</username><pt><x>544</x><y>111</y></pt><pt><x>546</x><y>133</y></pt><pt><x>552</x><y>134</y></pt><pt><x>552</x><y>139</y></pt><pt><x>547</x><y>145</y></pt><pt><x>545</x><y>147</y></pt><pt><x>551</x><y>161</y></pt><pt><x>544</x><y>175</y></pt><pt><x>540</x><y>171</y></pt><pt><x>540</x><y>169</y></pt><pt><x>539</x><y>174</y></pt><pt><x>533</x><y>169</y></pt><pt><x>532</x><y>164</y></pt><pt><x>532</x><y>153</y></pt><pt><x>533</x><y>148</y></pt><pt><x>529</x><y>144</y></pt><pt><x>528</x><y>139</y></pt><pt><x>530</x><y>134</y></pt><pt><x>529</x><y>129</y></pt><pt><x>528</x><y>123</y></pt><pt><x>530</x><y>116</y></pt><pt><x>535</x><y>111</y></pt></polygon></object><object><name>globe</name><deleted>0</deleted><verified>0</verified><date>24-Jun-2012 18:25:20</date><id>15</id><polygon><username>sandy</username><pt><x>624</x><y>252</y></pt><pt><x>638</x><y>258</y></pt><pt><x>647</x><y>274</y></pt><pt><x>648</x><y>297</y></pt><pt><x>643</x><y>304</y></pt><pt><x>636</x><y>311</y></pt><pt><x>633</x><y>315</y></pt><pt><x>632</x><y>318</y></pt><pt><x>630</x><y>321</y></pt><pt><x>619</x><y>325</y></pt><pt><x>620</x><y>330</y></pt><pt><x>622</x><y>339</y></pt><pt><x>629</x><y>339</y></pt><pt><x>606</x><y>339</y></pt><pt><x>610</x><y>335</y></pt><pt><x>612</x><y>328</y></pt><pt><x>611</x><y>324</y></pt><pt><x>598</x><y>320</y></pt><pt><x>591</x><y>316</y></pt><pt><x>588</x><y>311</y></pt><pt><x>584</x><y>305</y></pt><pt><x>580</x><y>293</y></pt><pt><x>579</x><y>283</y></pt><pt><x>580</x><y>274</y></pt><pt><x>583</x><y>266</y></pt><pt><x>587</x><y>259</y></pt><pt><x>598</x><y>252</y></pt><pt><x>602</x><y>250</y></pt><pt><x>607</x><y>254</y></pt><pt><x>614</x><y>253</y></pt></polygon></object><object><name>toys</name><deleted>0</deleted><verified>0</verified><date>24-Jun-2012 18:25:20</date><id>16</id><polygon><username>sandy</username><pt><x>779</x><y>276</y></pt><pt><x>776</x><y>280</y></pt><pt><x>774</x><y>281</y></pt><pt><x>771</x><y>286</y></pt><pt><x>770</x><y>293</y></pt><pt><x>769</x><y>297</y></pt><pt><x>775</x><y>301</y></pt><pt><x>786</x><y>303</y></pt><pt><x>797</x><y>302</y></pt><pt><x>799</x><y>303</y></pt><pt><x>798</x><y>273</y></pt></polygon></object><object><name>toys</name><deleted>0</deleted><verified>0</verified><date>24-Jun-2012 18:25:20</date><id>17</id><polygon><username>sandy</username><pt><x>691</x><y>374</y></pt><pt><x>689</x><y>388</y></pt><pt><x>670</x><y>389</y></pt><pt><x>661</x><y>389</y></pt><pt><x>643</x><y>383</y></pt><pt><x>634</x><y>386</y></pt><pt><x>601</x><y>389</y></pt><pt><x>582</x><y>384</y></pt><pt><x>576</x><y>380</y></pt><pt><x>573</x><y>372</y></pt><pt><x>570</x><y>373</y></pt><pt><x>566</x><y>374</y></pt><pt><x>563</x><y>377</y></pt><pt><x>553</x><y>375</y></pt><pt><x>547</x><y>375</y></pt><pt><x>544</x><y>369</y></pt><pt><x>528</x><y>369</y></pt><pt><x>510</x><y>373</y></pt><pt><x>499</x><y>372</y></pt><pt><x>491</x><y>370</y></pt><pt><x>486</x><y>369</y></pt><pt><x>485</x><y>362</y></pt><pt><x>482</x><y>358</y></pt><pt><x>489</x><y>352</y></pt><pt><x>609</x><y>348</y></pt><pt><x>634</x><y>354</y></pt></polygon></object><object><name>xylophone</name><deleted>0</deleted><verified>0</verified><date>24-Jun-2012 18:25:20</date><id>18</id><polygon><username>sandy</username><pt><x>452</x><y>344</y></pt><pt><x>449</x><y>361</y></pt><pt><x>457</x><y>363</y></pt><pt><x>554</x><y>357</y></pt><pt><x>553</x><y>348</y></pt></polygon></object><object><name>toys</name><deleted>0</deleted><verified>0</verified><date>24-Jun-2012 18:25:20</date><id>19</id><polygon><username>sandy</username><pt><x>216</x><y>450</y></pt><pt><x>218</x><y>446</y></pt><pt><x>223</x><y>442</y></pt><pt><x>215</x><y>440</y></pt><pt><x>212</x><y>430</y></pt><pt><x>208</x><y>430</y></pt><pt><x>209</x><y>424</y></pt><pt><x>210</x><y>420</y></pt><pt><x>205</x><y>417</y></pt><pt><x>202</x><y>420</y></pt><pt><x>202</x><y>426</y></pt><pt><x>198</x><y>426</y></pt><pt><x>193</x><y>425</y></pt><pt><x>194</x><y>430</y></pt><pt><x>180</x><y>431</y></pt><pt><x>182</x><y>419</y></pt><pt><x>164</x><y>419</y></pt><pt><x>164</x><y>426</y></pt><pt><x>166</x><y>427</y></pt><pt><x>167</x><y>435</y></pt><pt><x>165</x><y>437</y></pt><pt><x>161</x><y>433</y></pt><pt><x>161</x><y>430</y></pt><pt><x>150</x><y>430</y></pt><pt><x>146</x><y>427</y></pt><pt><x>140</x><y>430</y></pt><pt><x>137</x><y>429</y></pt><pt><x>134</x><y>425</y></pt><pt><x>130</x><y>423</y></pt><pt><x>128</x><y>420</y></pt><pt><x>117</x><y>416</y></pt><pt><x>116</x><y>411</y></pt><pt><x>112</x><y>409</y></pt><pt><x>109</x><y>413</y></pt><pt><x>107</x><y>419</y></pt><pt><x>102</x><y>424</y></pt><pt><x>102</x><y>435</y></pt><pt><x>104</x><y>443</y></pt><pt><x>122</x><y>443</y></pt><pt><x>136</x><y>448</y></pt><pt><x>150</x><y>448</y></pt><pt><x>164</x><y>452</y></pt><pt><x>184</x><y>451</y></pt><pt><x>191</x><y>449</y></pt><pt><x>201</x><y>450</y></pt><pt><x>205</x><y>451</y></pt></polygon></object><object><name>plane</name><deleted>0</deleted><verified>0</verified><date>24-Jun-2012 18:25:20</date><id>20</id><polygon><username>sandy</username><pt><x>128</x><y>362</y></pt><pt><x>142</x><y>362</y></pt><pt><x>138</x><y>366</y></pt><pt><x>124</x><y>369</y></pt><pt><x>124</x><y>383</y></pt><pt><x>132</x><y>383</y></pt><pt><x>131</x><y>386</y></pt><pt><x>126</x><y>390</y></pt><pt><x>120</x><y>393</y></pt><pt><x>155</x><y>402</y></pt><pt><x>148</x><y>407</y></pt><pt><x>127</x><y>405</y></pt><pt><x>130</x><y>411</y></pt><pt><x>129</x><y>416</y></pt><pt><x>125</x><y>416</y></pt><pt><x>119</x><y>415</y></pt><pt><x>114</x><y>416</y></pt><pt><x>112</x><y>409</y></pt><pt><x>111</x><y>406</y></pt><pt><x>103</x><y>407</y></pt><pt><x>90</x><y>410</y></pt><pt><x>90</x><y>413</y></pt><pt><x>91</x><y>420</y></pt><pt><x>89</x><y>424</y></pt><pt><x>84</x><y>424</y></pt><pt><x>71</x><y>422</y></pt><pt><x>68</x><y>419</y></pt><pt><x>68</x><y>414</y></pt><pt><x>70</x><y>410</y></pt><pt><x>66</x><y>406</y></pt><pt><x>62</x><y>400</y></pt><pt><x>57</x><y>400</y></pt><pt><x>57</x><y>395</y></pt><pt><x>62</x><y>393</y></pt><pt><x>66</x><y>388</y></pt><pt><x>72</x><y>384</y></pt><pt><x>97</x><y>374</y></pt><pt><x>107</x><y>375</y></pt><pt><x>111</x><y>366</y></pt><pt><x>100</x><y>363</y></pt><pt><x>107</x><y>359</y></pt><pt><x>116</x><y>361</y></pt><pt><x>120</x><y>358</y></pt></polygon></object><object><name>toys</name><deleted>0</deleted><verified>0</verified><date>24-Jun-2012 18:25:20</date><id>21</id><polygon><username>sandy</username><pt><x>50</x><y>330</y></pt><pt><x>50</x><y>356</y></pt><pt><x>55</x><y>357</y></pt><pt><x>55</x><y>362</y></pt><pt><x>63</x><y>365</y></pt><pt><x>65</x><y>373</y></pt><pt><x>79</x><y>374</y></pt><pt><x>85</x><y>368</y></pt><pt><x>86</x><y>363</y></pt><pt><x>93</x><y>359</y></pt><pt><x>93</x><y>370</y></pt><pt><x>89</x><y>377</y></pt><pt><x>84</x><y>382</y></pt><pt><x>65</x><y>391</y></pt><pt><x>59</x><y>390</y></pt><pt><x>52</x><y>392</y></pt><pt><x>48</x><y>389</y></pt><pt><x>39</x><y>390</y></pt><pt><x>33</x><y>396</y></pt><pt><x>34</x><y>402</y></pt><pt><x>34</x><y>406</y></pt><pt><x>2</x><y>407</y></pt><pt><x>2</x><y>329</y></pt><pt><x>7</x><y>330</y></pt><pt><x>11</x><y>327</y></pt><pt><x>12</x><y>320</y></pt><pt><x>18</x><y>318</y></pt><pt><x>18</x><y>323</y></pt><pt><x>30</x><y>321</y></pt><pt><x>33</x><y>330</y></pt></polygon></object><object><name>toys</name><deleted>0</deleted><verified>0</verified><date>24-Jun-2012 18:25:20</date><id>22</id><polygon><username>sandy</username><pt><x>225</x><y>276</y></pt><pt><x>225</x><y>248</y></pt><pt><x>221</x><y>220</y></pt><pt><x>224</x><y>216</y></pt><pt><x>228</x><y>219</y></pt><pt><x>228</x><y>212</y></pt><pt><x>226</x><y>207</y></pt><pt><x>223</x><y>202</y></pt><pt><x>218</x><y>205</y></pt><pt><x>213</x><y>211</y></pt><pt><x>208</x><y>223</y></pt><pt><x>207</x><y>236</y></pt><pt><x>209</x><y>251</y></pt><pt><x>210</x><y>258</y></pt><pt><x>210</x><y>266</y></pt><pt><x>209</x><y>275</y></pt><pt><x>211</x><y>279</y></pt></polygon></object><object><name>toys</name><deleted>0</deleted><verified>0</verified><date>24-Jun-2012 18:25:20</date><id>23</id><polygon><username>sandy</username><pt><x>192</x><y>278</y></pt><pt><x>193</x><y>269</y></pt><pt><x>191</x><y>261</y></pt><pt><x>191</x><y>248</y></pt><pt><x>190</x><y>238</y></pt><pt><x>190</x><y>229</y></pt><pt><x>193</x><y>224</y></pt><pt><x>189</x><y>219</y></pt><pt><x>189</x><y>216</y></pt><pt><x>190</x><y>211</y></pt><pt><x>186</x><y>207</y></pt><pt><x>182</x><y>204</y></pt><pt><x>176</x><y>209</y></pt><pt><x>175</x><y>216</y></pt><pt><x>176</x><y>219</y></pt><pt><x>172</x><y>220</y></pt><pt><x>168</x><y>221</y></pt><pt><x>173</x><y>226</y></pt><pt><x>178</x><y>257</y></pt><pt><x>177</x><y>269</y></pt><pt><x>178</x><y>278</y></pt><pt><x>179</x><y>281</y></pt></polygon></object><object><name>toys</name><deleted>0</deleted><verified>0</verified><date>24-Jun-2012 18:25:20</date><id>24</id><polygon><username>sandy</username><pt><x>140</x><y>283</y></pt><pt><x>142</x><y>271</y></pt><pt><x>141</x><y>264</y></pt><pt><x>140</x><y>252</y></pt><pt><x>140</x><y>239</y></pt><pt><x>142</x><y>227</y></pt><pt><x>144</x><y>225</y></pt><pt><x>143</x><y>220</y></pt><pt><x>141</x><y>214</y></pt><pt><x>137</x><y>211</y></pt><pt><x>137</x><y>207</y></pt><pt><x>127</x><y>203</y></pt><pt><x>125</x><y>207</y></pt><pt><x>124</x><y>210</y></pt><pt><x>120</x><y>215</y></pt><pt><x>120</x><y>222</y></pt><pt><x>121</x><y>229</y></pt><pt><x>124</x><y>234</y></pt><pt><x>127</x><y>263</y></pt><pt><x>128</x><y>275</y></pt><pt><x>128</x><y>283</y></pt></polygon></object><object><name>toys</name><deleted>0</deleted><verified>0</verified><date>24-Jun-2012 18:25:20</date><id>25</id><polygon><username>sandy</username><pt><x>78</x><y>237</y></pt><pt><x>85</x><y>239</y></pt><pt><x>84</x><y>248</y></pt><pt><x>93</x><y>252</y></pt><pt><x>94</x><y>261</y></pt><pt><x>103</x><y>260</y></pt><pt><x>107</x><y>270</y></pt><pt><x>122</x><y>274</y></pt><pt><x>122</x><y>281</y></pt><pt><x>79</x><y>287</y></pt></polygon></object><object><name>toys</name><deleted>0</deleted><verified>0</verified><date>24-Jun-2012 18:25:20</date><id>26</id><polygon><username>sandy</username><pt><x>475</x><y>380</y></pt><pt><x>475</x><y>434</y></pt><pt><x>483</x><y>442</y></pt><pt><x>514</x><y>442</y></pt><pt><x>530</x><y>438</y></pt><pt><x>528</x><y>386</y></pt></polygon></object><object><name>toys</name><deleted>0</deleted><verified>0</verified><date>24-Jun-2012 18:25:20</date><id>27</id><polygon><username>sandy</username><pt><x>740</x><y>599</y></pt><pt><x>739</x><y>588</y></pt><pt><x>720</x><y>579</y></pt><pt><x>700</x><y>576</y></pt><pt><x>685</x><y>575</y></pt><pt><x>678</x><y>577</y></pt><pt><x>673</x><y>580</y></pt><pt><x>670</x><y>585</y></pt><pt><x>668</x><y>595</y></pt><pt><x>666</x><y>599</y></pt></polygon></object><object><name>window</name><deleted>0</deleted><verified>0</verified><date>24-Jun-2012 18:25:20</date><id>28</id><polygon><username>sandy</username><pt><x>227</x><y>11</y></pt><pt><x>70</x><y>7</y></pt><pt><x>80</x><y>287</y></pt><pt><x>221</x><y>275</y></pt></polygon></object><object><name>chair</name><deleted>0</deleted><verified>0</verified><date>24-Jun-2012 18:25:20</date><id>29</id><polygon><username>sandy</username><pt><x>651</x><y>334</y></pt><pt><x>654</x><y>321</y></pt><pt><x>661</x><y>316</y></pt><pt><x>689</x><y>315</y></pt><pt><x>739</x><y>307</y></pt><pt><x>773</x><y>273</y></pt><pt><x>783</x><y>270</y></pt><pt><x>793</x><y>272</y></pt><pt><x>732</x><y>422</y></pt><pt><x>716</x><y>420</y></pt><pt><x>578</x><y>387</y></pt><pt><x>582</x><y>346</y></pt><pt><x>589</x><y>339</y></pt><pt><x>595</x><y>337</y></pt><pt><x>651</x><y>343</y></pt></polygon></object><object><name>chair</name><deleted>0</deleted><verified>0</verified><date>24-Jun-2012 18:25:20</date><id>30</id><polygon><username>sandy</username><pt><x>626</x><y>440</y></pt><pt><x>622</x><y>451</y></pt><pt><x>625</x><y>463</y></pt><pt><x>625</x><y>470</y></pt><pt><x>625</x><y>595</y></pt><pt><x>630</x><y>598</y></pt><pt><x>638</x><y>598</y></pt><pt><x>644</x><y>588</y></pt><pt><x>700</x><y>576</y></pt><pt><x>720</x><y>589</y></pt><pt><x>720</x><y>599</y></pt><pt><x>742</x><y>598</y></pt><pt><x>742</x><y>585</y></pt><pt><x>751</x><y>581</y></pt><pt><x>798</x><y>597</y></pt><pt><x>798</x><y>436</y></pt><pt><x>725</x><y>422</y></pt><pt><x>723</x><y>420</y></pt><pt><x>638</x><y>436</y></pt></polygon></object><object><name>book</name><deleted>0</deleted><verified>0</verified><date>24-Jun-2012 18:25:20</date><id>31</id><polygon><username>sandy</username><pt><x>564</x><y>261</y></pt><pt><x>567</x><y>266</y></pt><pt><x>575</x><y>267</y></pt><pt><x>583</x><y>269</y></pt><pt><x>592</x><y>314</y></pt><pt><x>583</x><y>326</y></pt><pt><x>531</x><y>316</y></pt><pt><x>525</x><y>262</y></pt><pt><x>546</x><y>262</y></pt><pt><x>555</x><y>261</y></pt></polygon></object><object><name>clock</name><deleted>0</deleted><verified>0</verified><date>24-Jun-2012 18:25:20</date><id>32</id><polygon><username>sandy</username><pt><x>550</x><y>334</y></pt><pt><x>554</x><y>322</y></pt><pt><x>556</x><y>314</y></pt><pt><x>556</x><y>306</y></pt><pt><x>551</x><y>302</y></pt><pt><x>548</x><y>299</y></pt><pt><x>539</x><y>300</y></pt><pt><x>534</x><y>302</y></pt><pt><x>528</x><y>304</y></pt><pt><x>525</x><y>307</y></pt><pt><x>523</x><y>309</y></pt><pt><x>520</x><y>314</y></pt><pt><x>518</x><y>324</y></pt><pt><x>520</x><y>331</y></pt><pt><x>525</x><y>333</y></pt><pt><x>524</x><y>337</y></pt><pt><x>532</x><y>336</y></pt><pt><x>535</x><y>335</y></pt><pt><x>542</x><y>338</y></pt></polygon></object><object><name>desk</name><deleted>0</deleted><verified>0</verified><date>24-Jun-2012 18:25:20</date><id>33</id><polygon><username>sandy</username><pt><x>348</x><y>466</y></pt><pt><x>350</x><y>539</y></pt><pt><x>48</x><y>584</y></pt><pt><x>42</x><y>579</y></pt><pt><x>43</x><y>543</y></pt><pt><x>43</x><y>543</y></pt><pt><x>8</x><y>513</y></pt><pt><x>2</x><y>514</y></pt><pt><x>2</x><y>408</y></pt><pt><x>2</x><y>370</y></pt><pt><x>93</x><y>370</y></pt></polygon></object><object><name>book</name><deleted>0</deleted><verified>0</verified><date>24-Jun-2012 18:25:20</date><id>34</id><polygon><username>sandy</username><pt><x>338</x><y>112</y></pt><pt><x>336</x><y>141</y></pt><pt><x>314</x><y>139</y></pt><pt><x>314</x><y>112</y></pt><pt><x>320</x><y>111</y></pt></polygon></object><object><name>rug</name><deleted>0</deleted><verified>0</verified><date>24-Jun-2012 18:25:20</date><id>35</id><polygon><username>sandy</username><pt><x>421</x><y>519</y></pt><pt><x>350</x><y>529</y></pt><pt><x>252</x><y>431</y></pt><pt><x>430</x><y>410</y></pt></polygon></object><object><name>shelves</name><deleted>0</deleted><verified>0</verified><date>24-Jun-2012 18:25:20</date><id>36</id><polygon><username>sandy</username><pt><x>576</x><y>94</y></pt><pt><x>575</x><y>195</y></pt><pt><x>438</x><y>192</y></pt><pt><x>432</x><y>193</y></pt><pt><x>384</x><y>193</y></pt><pt><x>311</x><y>195</y></pt><pt><x>293</x><y>193</y></pt><pt><x>290</x><y>10</y></pt><pt><x>311</x><y>9</y></pt><pt><x>315</x><y>47</y></pt><pt><x>368</x><y>48</y></pt><pt><x>368</x><y>15</y></pt><pt><x>380</x><y>14</y></pt><pt><x>384</x><y>101</y></pt><pt><x>389</x><y>104</y></pt><pt><x>389</x><y>140</y></pt><pt><x>429</x><y>140</y></pt><pt><x>430</x><y>102</y></pt><pt><x>437</x><y>101</y></pt><pt><x>466</x><y>103</y></pt><pt><x>466</x><y>138</y></pt><pt><x>539</x><y>136</y></pt><pt><x>542</x><y>93</y></pt><pt><x>548</x><y>93</y></pt></polygon></object><object><name>blinds</name><deleted>0</deleted><verified>0</verified><date>24-Jun-2012 18:25:20</date><id>37</id><polygon><username>sandy</username><pt><x>252</x><y>130</y></pt><pt><x>253</x><y>125</y></pt><pt><x>256</x><y>119</y></pt><pt><x>254</x><y>66</y></pt><pt><x>255</x><y>59</y></pt><pt><x>254</x><y>2</y></pt><pt><x>51</x><y>2</y></pt><pt><x>51</x><y>84</y></pt><pt><x>49</x><y>122</y></pt></polygon></object><object><name>telephone</name><deleted>0</deleted><verified>0</verified><date>24-Jun-2012 18:25:20</date><id>38</id><polygon><username>sandy</username><pt><x>638</x><y>366</y></pt><pt><x>636</x><y>383</y></pt><pt><x>638</x><y>385</y></pt><pt><x>598</x><y>389</y></pt><pt><x>576</x><y>381</y></pt><pt><x>575</x><y>372</y></pt><pt><x>606</x><y>357</y></pt><pt><x>614</x><y>354</y></pt><pt><x>626</x><y>357</y></pt></polygon></object><object><name>bed</name><deleted>0</deleted><verified>0</verified><date>24-Jun-2012 18:25:20</date><id>39</id><polygon><username>sandy</username><pt><x>114</x><y>293</y></pt><pt><x>115</x><y>388</y></pt><pt><x>206</x><y>438</y></pt><pt><x>207</x><y>398</y></pt><pt><x>527</x><y>363</y></pt><pt><x>530</x><y>275</y></pt><pt><x>502</x><y>275</y></pt><pt><x>417</x><y>266</y></pt><pt><x>415</x><y>276</y></pt><pt><x>175</x><y>289</y></pt><pt><x>158</x><y>284</y></pt><pt><x>143</x><y>281</y></pt><pt><x>134</x><y>282</y></pt><pt><x>127</x><y>284</y></pt></polygon></object><object><name>duvet</name><deleted>0</deleted><verified>0</verified><date>24-Jun-2012 18:25:20</date><id>40</id><polygon><username>sandy</username><pt><x>207</x><y>381</y></pt><pt><x>243</x><y>383</y></pt><pt><x>292</x><y>380</y></pt><pt><x>370</x><y>373</y></pt><pt><x>426</x><y>370</y></pt><pt><x>525</x><y>348</y></pt><pt><x>525</x><y>339</y></pt><pt><x>516</x><y>320</y></pt><pt><x>492</x><y>289</y></pt><pt><x>489</x><y>288</y></pt><pt><x>398</x><y>275</y></pt><pt><x>375</x><y>279</y></pt><pt><x>364</x><y>290</y></pt><pt><x>348</x><y>295</y></pt><pt><x>314</x><y>295</y></pt><pt><x>206</x><y>299</y></pt><pt><x>194</x><y>299</y></pt><pt><x>128</x><y>311</y></pt><pt><x>125</x><y>324</y></pt><pt><x>150</x><y>329</y></pt><pt><x>184</x><y>340</y></pt><pt><x>191</x><y>343</y></pt></polygon></object><object><name>pillow</name><deleted>0</deleted><verified>0</verified><date>24-Jun-2012 18:25:20</date><id>41</id><polygon><username>sandy</username><pt><x>378</x><y>264</y></pt><pt><x>391</x><y>257</y></pt><pt><x>405</x><y>252</y></pt><pt><x>429</x><y>252</y></pt><pt><x>473</x><y>260</y></pt><pt><x>488</x><y>266</y></pt><pt><x>510</x><y>277</y></pt><pt><x>506</x><y>284</y></pt><pt><x>497</x><y>287</y></pt><pt><x>489</x><y>286</y></pt><pt><x>455</x><y>291</y></pt><pt><x>424</x><y>282</y></pt><pt><x>406</x><y>280</y></pt><pt><x>393</x><y>275</y></pt><pt><x>383</x><y>273</y></pt></polygon></object><object><name>poster</name><deleted>1</deleted><verified>0</verified><date>24-Jun-2012 18:25:20</date><id>42</id><polygon><username>sandy</username><pt><x>757</x><y>71</y></pt><pt><x>754</x><y>162</y></pt><pt><x>635</x><y>165</y></pt><pt><x>637</x><y>79</y></pt></polygon></object><imagesize><nrows>600</nrows><ncols>800</ncols></imagesize></annotation>
