<annotation><filename>b_bedroom_bedroom27.jpg</filename><folder>100images</folder><source><sourceImage>The MIT-CSAIL database of objects and scenes</sourceImage><sourceAnnotation>LabelMe Webtool</sourceAnnotation></source><object><name>chair</name><deleted>0</deleted><verified>0</verified><date>24-Jun-2012 17:52:21</date><id>0</id><polygon><username>sandy</username><pt><x>744</x><y>358</y></pt><pt><x>745</x><y>376</y></pt><pt><x>733</x><y>376</y></pt><pt><x>708</x><y>376</y></pt><pt><x>704</x><y>383</y></pt><pt><x>700</x><y>410</y></pt><pt><x>705</x><y>424</y></pt><pt><x>707</x><y>434</y></pt><pt><x>708</x><y>445</y></pt><pt><x>711</x><y>452</y></pt><pt><x>713</x><y>458</y></pt><pt><x>713</x><y>463</y></pt><pt><x>707</x><y>464</y></pt><pt><x>707</x><y>470</y></pt><pt><x>710</x><y>473</y></pt><pt><x>715</x><y>474</y></pt><pt><x>719</x><y>471</y></pt><pt><x>722</x><y>460</y></pt><pt><x>719</x><y>455</y></pt><pt><x>735</x><y>461</y></pt><pt><x>741</x><y>461</y></pt><pt><x>743</x><y>466</y></pt><pt><x>742</x><y>470</y></pt><pt><x>742</x><y>476</y></pt><pt><x>744</x><y>489</y></pt><pt><x>746</x><y>498</y></pt><pt><x>749</x><y>506</y></pt><pt><x>745</x><y>520</y></pt><pt><x>745</x><y>523</y></pt><pt><x>749</x><y>526</y></pt><pt><x>755</x><y>524</y></pt><pt><x>759</x><y>521</y></pt><pt><x>760</x><y>516</y></pt><pt><x>761</x><y>507</y></pt><pt><x>761</x><y>496</y></pt><pt><x>761</x><y>484</y></pt><pt><x>764</x><y>477</y></pt><pt><x>785</x><y>474</y></pt><pt><x>794</x><y>477</y></pt><pt><x>799</x><y>478</y></pt><pt><x>798</x><y>342</y></pt><pt><x>789</x><y>352</y></pt><pt><x>767</x><y>352</y></pt><pt><x>763</x><y>352</y></pt><pt><x>751</x><y>354</y></pt></polygon></object><object><name>chair</name><deleted>0</deleted><verified>0</verified><date>24-Jun-2012 17:52:21</date><id>1</id><polygon><username>sandy</username><pt><x>136</x><y>540</y></pt><pt><x>133</x><y>459</y></pt><pt><x>134</x><y>434</y></pt><pt><x>133</x><y>426</y></pt><pt><x>134</x><y>420</y></pt><pt><x>137</x><y>414</y></pt><pt><x>142</x><y>408</y></pt><pt><x>142</x><y>400</y></pt><pt><x>136</x><y>398</y></pt><pt><x>59</x><y>382</y></pt><pt><x>54</x><y>377</y></pt><pt><x>31</x><y>369</y></pt><pt><x>14</x><y>347</y></pt><pt><x>11</x><y>344</y></pt><pt><x>3</x><y>344</y></pt><pt><x>3</x><y>599</y></pt><pt><x>134</x><y>594</y></pt><pt><x>131</x><y>552</y></pt></polygon></object><object><name>tree</name><deleted>0</deleted><verified>0</verified><date>24-Jun-2012 17:52:21</date><id>2</id><polygon><username>sandy</username><pt><x>489</x><y>209</y></pt><pt><x>491</x><y>198</y></pt><pt><x>504</x><y>210</y></pt><pt><x>517</x><y>216</y></pt><pt><x>523</x><y>209</y></pt><pt><x>521</x><y>200</y></pt><pt><x>518</x><y>193</y></pt><pt><x>529</x><y>187</y></pt><pt><x>540</x><y>190</y></pt><pt><x>550</x><y>197</y></pt><pt><x>555</x><y>185</y></pt><pt><x>552</x><y>174</y></pt><pt><x>542</x><y>165</y></pt><pt><x>536</x><y>158</y></pt><pt><x>533</x><y>146</y></pt><pt><x>544</x><y>142</y></pt><pt><x>549</x><y>139</y></pt><pt><x>550</x><y>129</y></pt><pt><x>560</x><y>102</y></pt><pt><x>569</x><y>97</y></pt><pt><x>579</x><y>97</y></pt><pt><x>587</x><y>97</y></pt><pt><x>592</x><y>86</y></pt><pt><x>595</x><y>74</y></pt><pt><x>594</x><y>55</y></pt><pt><x>585</x><y>45</y></pt><pt><x>573</x><y>34</y></pt><pt><x>572</x><y>28</y></pt><pt><x>548</x><y>24</y></pt><pt><x>542</x><y>20</y></pt><pt><x>524</x><y>2</y></pt><pt><x>517</x><y>8</y></pt><pt><x>504</x><y>10</y></pt><pt><x>485</x><y>13</y></pt><pt><x>471</x><y>12</y></pt><pt><x>460</x><y>18</y></pt><pt><x>455</x><y>25</y></pt><pt><x>448</x><y>26</y></pt><pt><x>443</x><y>36</y></pt><pt><x>436</x><y>41</y></pt><pt><x>424</x><y>44</y></pt><pt><x>416</x><y>46</y></pt><pt><x>411</x><y>42</y></pt><pt><x>402</x><y>45</y></pt><pt><x>399</x><y>59</y></pt><pt><x>401</x><y>66</y></pt><pt><x>412</x><y>70</y></pt><pt><x>417</x><y>79</y></pt><pt><x>419</x><y>90</y></pt><pt><x>418</x><y>106</y></pt><pt><x>414</x><y>106</y></pt><pt><x>407</x><y>104</y></pt><pt><x>403</x><y>110</y></pt><pt><x>405</x><y>123</y></pt><pt><x>411</x><y>134</y></pt><pt><x>409</x><y>146</y></pt><pt><x>404</x><y>149</y></pt><pt><x>396</x><y>154</y></pt><pt><x>390</x><y>163</y></pt><pt><x>397</x><y>165</y></pt><pt><x>404</x><y>166</y></pt><pt><x>407</x><y>177</y></pt><pt><x>404</x><y>189</y></pt><pt><x>402</x><y>200</y></pt><pt><x>414</x><y>195</y></pt><pt><x>424</x><y>203</y></pt><pt><x>427</x><y>206</y></pt><pt><x>429</x><y>220</y></pt><pt><x>437</x><y>229</y></pt><pt><x>449</x><y>222</y></pt><pt><x>459</x><y>213</y></pt><pt><x>468</x><y>211</y></pt><pt><x>472</x><y>223</y></pt><pt><x>473</x><y>230</y></pt><pt><x>475</x><y>256</y></pt><pt><x>475</x><y>276</y></pt><pt><x>477</x><y>306</y></pt><pt><x>479</x><y>315</y></pt><pt><x>493</x><y>315</y></pt><pt><x>494</x><y>301</y></pt><pt><x>494</x><y>291</y></pt><pt><x>490</x><y>274</y></pt><pt><x>488</x><y>264</y></pt><pt><x>488</x><y>251</y></pt><pt><x>489</x><y>239</y></pt><pt><x>487</x><y>228</y></pt><pt><x>483</x><y>218</y></pt></polygon></object><object><name>book</name><deleted>0</deleted><verified>0</verified><date>24-Jun-2012 17:52:21</date><id>3</id><polygon><username>sandy</username><pt><x>477</x><y>381</y></pt><pt><x>520</x><y>394</y></pt><pt><x>525</x><y>405</y></pt><pt><x>444</x><y>423</y></pt><pt><x>379</x><y>402</y></pt><pt><x>380</x><y>397</y></pt><pt><x>387</x><y>393</y></pt><pt><x>401</x><y>396</y></pt><pt><x>411</x><y>395</y></pt><pt><x>440</x><y>392</y></pt></polygon></object><object><name>book</name><deleted>0</deleted><verified>0</verified><date>24-Jun-2012 17:52:21</date><id>4</id><polygon><username>sandy</username><pt><x>688</x><y>366</y></pt><pt><x>688</x><y>374</y></pt><pt><x>690</x><y>378</y></pt><pt><x>689</x><y>387</y></pt><pt><x>685</x><y>399</y></pt><pt><x>743</x><y>405</y></pt><pt><x>745</x><y>375</y></pt><pt><x>702</x><y>367</y></pt></polygon></object><object><name>flowers</name><deleted>0</deleted><verified>0</verified><date>24-Jun-2012 17:52:21</date><id>5</id><polygon><username>sandy</username><pt><x>373</x><y>222</y></pt><pt><x>385</x><y>221</y></pt><pt><x>390</x><y>220</y></pt><pt><x>396</x><y>222</y></pt><pt><x>398</x><y>216</y></pt><pt><x>391</x><y>204</y></pt><pt><x>386</x><y>196</y></pt><pt><x>380</x><y>196</y></pt><pt><x>374</x><y>195</y></pt><pt><x>362</x><y>194</y></pt><pt><x>355</x><y>195</y></pt><pt><x>351</x><y>201</y></pt><pt><x>345</x><y>205</y></pt><pt><x>341</x><y>213</y></pt><pt><x>349</x><y>219</y></pt><pt><x>355</x><y>219</y></pt><pt><x>364</x><y>219</y></pt></polygon></object><object><name>flowers</name><deleted>0</deleted><verified>0</verified><date>24-Jun-2012 17:52:21</date><id>6</id><polygon><username>sandy</username><pt><x>24</x><y>257</y></pt><pt><x>26</x><y>270</y></pt><pt><x>30</x><y>274</y></pt><pt><x>25</x><y>283</y></pt><pt><x>20</x><y>287</y></pt><pt><x>17</x><y>294</y></pt><pt><x>14</x><y>295</y></pt><pt><x>6</x><y>293</y></pt><pt><x>3</x><y>289</y></pt><pt><x>3</x><y>262</y></pt><pt><x>11</x><y>258</y></pt><pt><x>13</x><y>255</y></pt><pt><x>15</x><y>255</y></pt></polygon></object><object><name>bed</name><deleted>0</deleted><verified>0</verified><date>24-Jun-2012 17:52:21</date><id>7</id><polygon><username>sandy</username><pt><x>303</x><y>79</y></pt><pt><x>313</x><y>286</y></pt><pt><x>553</x><y>321</y></pt><pt><x>553</x><y>12</y></pt><pt><x>562</x><y>14</y></pt><pt><x>585</x><y>469</y></pt><pt><x>572</x><y>475</y></pt><pt><x>556</x><y>469</y></pt><pt><x>553</x><y>394</y></pt><pt><x>285</x><y>456</y></pt><pt><x>291</x><y>571</y></pt><pt><x>273</x><y>580</y></pt><pt><x>256</x><y>572</y></pt><pt><x>248</x><y>470</y></pt><pt><x>58</x><y>390</y></pt><pt><x>60</x><y>431</y></pt><pt><x>38</x><y>428</y></pt><pt><x>33</x><y>48</y></pt><pt><x>46</x><y>52</y></pt><pt><x>56</x><y>252</y></pt><pt><x>241</x><y>239</y></pt><pt><x>240</x><y>1</y></pt><pt><x>255</x><y>4</y></pt><pt><x>274</x><y>233</y></pt><pt><x>292</x><y>232</y></pt><pt><x>293</x><y>80</y></pt></polygon></object><object><name>shelves</name><deleted>0</deleted><verified>0</verified><date>24-Jun-2012 17:52:21</date><id>8</id><polygon><username>sandy</username><pt><x>656</x><y>125</y></pt><pt><x>656</x><y>112</y></pt><pt><x>648</x><y>90</y></pt><pt><x>799</x><y>74</y></pt><pt><x>797</x><y>444</y></pt><pt><x>660</x><y>427</y></pt><pt><x>657</x><y>424</y></pt><pt><x>659</x><y>399</y></pt><pt><x>601</x><y>387</y></pt><pt><x>600</x><y>132</y></pt></polygon></object><imagesize><nrows>600</nrows><ncols>800</ncols></imagesize><object><name>basket</name><deleted>0</deleted><verified>0</verified><date>24-Jun-2012 18:10:14</date><id>9</id><polygon><username>sandy</username><pt><x>519</x><y>420</y></pt><pt><x>530</x><y>402</y></pt><pt><x>484</x><y>390</y></pt><pt><x>380</x><y>411</y></pt><pt><x>390</x><y>423</y></pt><pt><x>443</x><y>438</y></pt></polygon></object><object><name>painting</name><deleted>0</deleted><verified>0</verified><date>24-Jun-2012 18:10:14</date><id>10</id><polygon><username>sandy</username><pt><x>72</x><y>76</y></pt><pt><x>76</x><y>203</y></pt><pt><x>176</x><y>205</y></pt><pt><x>175</x><y>84</y></pt></polygon></object><object><name>painting</name><deleted>0</deleted><verified>0</verified><date>24-Jun-2012 18:10:14</date><id>11</id><polygon><username>sandy</username><pt><x>183</x><y>86</y></pt><pt><x>183</x><y>199</y></pt><pt><x>270</x><y>203</y></pt><pt><x>269</x><y>94</y></pt></polygon></object><object><name>cushion</name><deleted>0</deleted><verified>0</verified><date>24-Jun-2012 18:10:14</date><id>12</id><polygon><username>sandy</username><pt><x>486</x><y>346</y></pt><pt><x>488</x><y>369</y></pt><pt><x>486</x><y>392</y></pt><pt><x>527</x><y>402</y></pt><pt><x>552</x><y>403</y></pt><pt><x>555</x><y>401</y></pt><pt><x>557</x><y>387</y></pt><pt><x>552</x><y>374</y></pt><pt><x>553</x><y>363</y></pt><pt><x>554</x><y>355</y></pt><pt><x>555</x><y>342</y></pt><pt><x>554</x><y>332</y></pt><pt><x>548</x><y>329</y></pt><pt><x>526</x><y>332</y></pt><pt><x>501</x><y>330</y></pt><pt><x>495</x><y>330</y></pt><pt><x>489</x><y>334</y></pt></polygon></object><object><name>posts</name><deleted>0</deleted><verified>0</verified><date>24-Jun-2012 18:10:14</date><id>13</id><polygon><username>sandy</username><pt><x>576</x><y>318</y></pt><pt><x>562</x><y>13</y></pt><pt><x>552</x><y>10</y></pt><pt><x>556</x><y>469</y></pt><pt><x>572</x><y>474</y></pt><pt><x>586</x><y>469</y></pt></polygon></object><object><name>posts</name><deleted>0</deleted><verified>0</verified><date>24-Jun-2012 18:10:14</date><id>14</id><polygon><username>sandy</username><pt><x>282</x><y>404</y></pt><pt><x>253</x><y>3</y></pt><pt><x>240</x><y>3</y></pt><pt><x>241</x><y>278</y></pt><pt><x>256</x><y>575</y></pt><pt><x>273</x><y>579</y></pt><pt><x>293</x><y>571</y></pt><pt><x>284</x><y>455</y></pt></polygon></object><object><name>posts</name><deleted>0</deleted><verified>0</verified><date>24-Jun-2012 18:10:14</date><id>15</id><polygon><username>sandy</username><pt><x>296</x><y>234</y></pt><pt><x>307</x><y>231</y></pt><pt><x>302</x><y>78</y></pt><pt><x>292</x><y>82</y></pt></polygon></object><object><name>posts</name><deleted>0</deleted><verified>0</verified><date>24-Jun-2012 18:10:14</date><id>16</id><polygon><username>sandy</username><pt><x>59</x><y>344</y></pt><pt><x>43</x><y>49</y></pt><pt><x>34</x><y>49</y></pt><pt><x>31</x><y>272</y></pt><pt><x>38</x><y>426</y></pt><pt><x>60</x><y>428</y></pt></polygon></object><object><name>pillow</name><deleted>0</deleted><verified>0</verified><date>24-Jun-2012 18:10:14</date><id>17</id><polygon><username>sandy</username><pt><x>78</x><y>312</y></pt><pt><x>76</x><y>302</y></pt><pt><x>71</x><y>300</y></pt><pt><x>66</x><y>296</y></pt><pt><x>70</x><y>282</y></pt><pt><x>51</x><y>272</y></pt><pt><x>55</x><y>255</y></pt><pt><x>49</x><y>242</y></pt><pt><x>50</x><y>239</y></pt><pt><x>93</x><y>248</y></pt><pt><x>99</x><y>245</y></pt><pt><x>107</x><y>240</y></pt><pt><x>124</x><y>238</y></pt><pt><x>159</x><y>225</y></pt><pt><x>181</x><y>293</y></pt><pt><x>107</x><y>305</y></pt></polygon></object><object><name>cushion</name><deleted>0</deleted><verified>0</verified><date>24-Jun-2012 18:10:14</date><id>18</id><polygon><username>sandy</username><pt><x>185</x><y>236</y></pt><pt><x>210</x><y>233</y></pt><pt><x>220</x><y>242</y></pt><pt><x>305</x><y>231</y></pt><pt><x>322</x><y>288</y></pt><pt><x>310</x><y>293</y></pt><pt><x>308</x><y>295</y></pt><pt><x>272</x><y>294</y></pt><pt><x>231</x><y>295</y></pt><pt><x>200</x><y>296</y></pt><pt><x>145</x><y>300</y></pt><pt><x>141</x><y>266</y></pt><pt><x>132</x><y>245</y></pt><pt><x>128</x><y>237</y></pt><pt><x>128</x><y>231</y></pt><pt><x>136</x><y>225</y></pt><pt><x>167</x><y>231</y></pt></polygon></object><object><name>cushion</name><deleted>0</deleted><verified>0</verified><date>24-Jun-2012 18:10:14</date><id>19</id><polygon><username>sandy</username><pt><x>194</x><y>210</y></pt><pt><x>199</x><y>238</y></pt><pt><x>296</x><y>240</y></pt><pt><x>294</x><y>209</y></pt><pt><x>283</x><y>208</y></pt><pt><x>274</x><y>215</y></pt><pt><x>259</x><y>220</y></pt><pt><x>239</x><y>223</y></pt><pt><x>230</x><y>223</y></pt><pt><x>210</x><y>210</y></pt></polygon></object><object><name>cushion</name><deleted>0</deleted><verified>0</verified><date>24-Jun-2012 18:10:14</date><id>20</id><polygon><username>sandy</username><pt><x>154</x><y>213</y></pt><pt><x>179</x><y>208</y></pt><pt><x>187</x><y>244</y></pt><pt><x>68</x><y>257</y></pt><pt><x>55</x><y>208</y></pt><pt><x>74</x><y>213</y></pt><pt><x>106</x><y>224</y></pt><pt><x>127</x><y>230</y></pt><pt><x>145</x><y>223</y></pt></polygon></object><object><name>table</name><deleted>0</deleted><verified>0</verified><date>24-Jun-2012 18:10:14</date><id>21</id><polygon><username>sandy</username><pt><x>26</x><y>309</y></pt><pt><x>58</x><y>315</y></pt><pt><x>66</x><y>316</y></pt><pt><x>69</x><y>320</y></pt><pt><x>66</x><y>324</y></pt><pt><x>59</x><y>328</y></pt><pt><x>29</x><y>336</y></pt><pt><x>32</x><y>372</y></pt><pt><x>27</x><y>367</y></pt><pt><x>19</x><y>334</y></pt><pt><x>0</x><y>337</y></pt><pt><x>2</x><y>312</y></pt><pt><x>10</x><y>309</y></pt></polygon></object><object><name>duvet</name><deleted>0</deleted><verified>0</verified><date>24-Jun-2012 18:10:14</date><id>22</id><polygon><username>sandy</username><pt><x>287</x><y>406</y></pt><pt><x>325</x><y>403</y></pt><pt><x>479</x><y>370</y></pt><pt><x>539</x><y>359</y></pt><pt><x>548</x><y>355</y></pt><pt><x>545</x><y>319</y></pt><pt><x>403</x><y>302</y></pt><pt><x>403</x><y>296</y></pt><pt><x>359</x><y>286</y></pt><pt><x>328</x><y>289</y></pt><pt><x>183</x><y>293</y></pt><pt><x>82</x><y>314</y></pt><pt><x>69</x><y>333</y></pt><pt><x>61</x><y>341</y></pt><pt><x>54</x><y>359</y></pt><pt><x>50</x><y>371</y></pt><pt><x>53</x><y>380</y></pt><pt><x>124</x><y>414</y></pt><pt><x>153</x><y>425</y></pt><pt><x>200</x><y>444</y></pt><pt><x>222</x><y>465</y></pt><pt><x>242</x><y>469</y></pt><pt><x>252</x><y>461</y></pt><pt><x>259</x><y>447</y></pt><pt><x>270</x><y>415</y></pt></polygon></object><object><name>chaiselong</name><deleted>0</deleted><verified>0</verified><date>24-Jun-2012 18:10:14</date><id>23</id><polygon><username>sandy</username><pt><x>413</x><y>491</y></pt><pt><x>508</x><y>463</y></pt><pt><x>511</x><y>493</y></pt><pt><x>516</x><y>495</y></pt><pt><x>521</x><y>492</y></pt><pt><x>521</x><y>459</y></pt><pt><x>573</x><y>444</y></pt><pt><x>575</x><y>512</y></pt><pt><x>580</x><y>516</y></pt><pt><x>586</x><y>514</y></pt><pt><x>586</x><y>348</y></pt><pt><x>590</x><y>341</y></pt><pt><x>595</x><y>338</y></pt><pt><x>596</x><y>332</y></pt><pt><x>593</x><y>328</y></pt><pt><x>519</x><y>322</y></pt><pt><x>514</x><y>326</y></pt><pt><x>511</x><y>362</y></pt><pt><x>411</x><y>390</y></pt><pt><x>406</x><y>376</y></pt><pt><x>397</x><y>362</y></pt><pt><x>396</x><y>360</y></pt><pt><x>329</x><y>348</y></pt><pt><x>325</x><y>348</y></pt><pt><x>319</x><y>354</y></pt><pt><x>318</x><y>358</y></pt><pt><x>319</x><y>361</y></pt><pt><x>328</x><y>369</y></pt><pt><x>329</x><y>379</y></pt><pt><x>328</x><y>555</y></pt><pt><x>333</x><y>559</y></pt><pt><x>343</x><y>553</y></pt><pt><x>348</x><y>480</y></pt><pt><x>392</x><y>494</y></pt><pt><x>393</x><y>586</y></pt><pt><x>399</x><y>589</y></pt><pt><x>407</x><y>583</y></pt></polygon></object><object><name>lamp</name><deleted>0</deleted><verified>0</verified><date>24-Jun-2012 18:10:14</date><id>24</id><polygon><username>sandy</username><pt><x>334</x><y>148</y></pt><pt><x>325</x><y>172</y></pt><pt><x>339</x><y>176</y></pt><pt><x>345</x><y>234</y></pt><pt><x>342</x><y>237</y></pt><pt><x>337</x><y>238</y></pt><pt><x>334</x><y>244</y></pt><pt><x>355</x><y>243</y></pt><pt><x>354</x><y>238</y></pt><pt><x>349</x><y>233</y></pt><pt><x>346</x><y>176</y></pt><pt><x>353</x><y>174</y></pt><pt><x>362</x><y>173</y></pt><pt><x>350</x><y>146</y></pt></polygon></object><object><name>lamp</name><deleted>0</deleted><verified>0</verified><date>24-Jun-2012 18:10:14</date><id>25</id><polygon><username>sandy</username><pt><x>17</x><y>170</y></pt><pt><x>50</x><y>210</y></pt><pt><x>9</x><y>218</y></pt><pt><x>8</x><y>242</y></pt><pt><x>8</x><y>258</y></pt><pt><x>15</x><y>310</y></pt><pt><x>26</x><y>314</y></pt><pt><x>24</x><y>319</y></pt><pt><x>18</x><y>321</y></pt><pt><x>8</x><y>323</y></pt><pt><x>2</x><y>323</y></pt><pt><x>2</x><y>165</y></pt></polygon></object><object><name>rug</name><deleted>0</deleted><verified>0</verified><date>24-Jun-2012 18:10:14</date><id>26</id><polygon><username>sandy</username><pt><x>640</x><y>503</y></pt><pt><x>645</x><y>498</y></pt><pt><x>700</x><y>514</y></pt><pt><x>730</x><y>521</y></pt><pt><x>773</x><y>533</y></pt><pt><x>798</x><y>539</y></pt><pt><x>797</x><y>599</y></pt><pt><x>431</x><y>599</y></pt></polygon></object><object><name>window</name><deleted>0</deleted><verified>0</verified><date>24-Jun-2012 18:10:14</date><id>27</id><polygon><username>sandy</username><pt><x>272</x><y>72</y></pt><pt><x>268</x><y>46</y></pt><pt><x>262</x><y>28</y></pt><pt><x>250</x><y>10</y></pt><pt><x>243</x><y>2</y></pt><pt><x>60</x><y>1</y></pt><pt><x>56</x><y>12</y></pt><pt><x>52</x><y>24</y></pt><pt><x>51</x><y>42</y></pt><pt><x>52</x><y>52</y></pt></polygon></object><object><name>drawers</name><deleted>0</deleted><verified>0</verified><date>24-Jun-2012 18:10:14</date><id>28</id><polygon><username>sandy</username><pt><x>403</x><y>252</y></pt><pt><x>409</x><y>300</y></pt><pt><x>322</x><y>286</y></pt><pt><x>325</x><y>252</y></pt><pt><x>320</x><y>250</y></pt><pt><x>319</x><y>245</y></pt><pt><x>382</x><y>240</y></pt><pt><x>409</x><y>245</y></pt></polygon></object><object><name>basket</name><deleted>0</deleted><verified>0</verified><date>24-Jun-2012 18:10:14</date><id>29</id><polygon><username>sandy</username><pt><x>695</x><y>189</y></pt><pt><x>695</x><y>220</y></pt><pt><x>752</x><y>224</y></pt><pt><x>762</x><y>221</y></pt><pt><x>767</x><y>189</y></pt><pt><x>751</x><y>188</y></pt></polygon></object><object><name>basket</name><deleted>0</deleted><verified>0</verified><date>24-Jun-2012 18:10:14</date><id>30</id><polygon><username>sandy</username><pt><x>697</x><y>144</y></pt><pt><x>700</x><y>162</y></pt><pt><x>746</x><y>162</y></pt><pt><x>751</x><y>160</y></pt><pt><x>755</x><y>137</y></pt><pt><x>754</x><y>133</y></pt><pt><x>755</x><y>128</y></pt><pt><x>751</x><y>124</y></pt><pt><x>749</x><y>121</y></pt><pt><x>742</x><y>121</y></pt><pt><x>738</x><y>122</y></pt><pt><x>733</x><y>134</y></pt><pt><x>716</x><y>138</y></pt><pt><x>716</x><y>130</y></pt><pt><x>712</x><y>125</y></pt><pt><x>707</x><y>123</y></pt><pt><x>701</x><y>125</y></pt><pt><x>696</x><y>131</y></pt></polygon></object><object><name>basket</name><deleted>0</deleted><verified>0</verified><date>24-Jun-2012 18:10:14</date><id>31</id><polygon><username>sandy</username><pt><x>748</x><y>43</y></pt><pt><x>752</x><y>79</y></pt><pt><x>799</x><y>72</y></pt><pt><x>798</x><y>29</y></pt><pt><x>769</x><y>33</y></pt><pt><x>757</x><y>37</y></pt></polygon></object></annotation>