<annotation><filename>b_bedroom_bedchamber_000211.jpg</filename><folder>100images</folder><source><sourceImage>The MIT-CSAIL database of objects and scenes</sourceImage><sourceAnnotation>LabelMe Webtool</sourceAnnotation></source><object><name>bed</name><deleted>0</deleted><verified>0</verified><date>24-Jun-2012 17:40:26</date><id>0</id><polygon><username>sandy</username><pt><x>27</x><y>185</y></pt><pt><x>31</x><y>198</y></pt><pt><x>215</x><y>141</y></pt><pt><x>213</x><y>128</y></pt><pt><x>214</x><y>123</y></pt><pt><x>219</x><y>116</y></pt><pt><x>225</x><y>116</y></pt><pt><x>225</x><y>126</y></pt><pt><x>220</x><y>139</y></pt><pt><x>396</x><y>192</y></pt><pt><x>394</x><y>185</y></pt><pt><x>396</x><y>180</y></pt><pt><x>402</x><y>182</y></pt><pt><x>399</x><y>194</y></pt><pt><x>408</x><y>491</y></pt><pt><x>393</x><y>495</y></pt><pt><x>389</x><y>460</y></pt><pt><x>239</x><y>519</y></pt><pt><x>239</x><y>562</y></pt><pt><x>229</x><y>567</y></pt><pt><x>218</x><y>564</y></pt><pt><x>213</x><y>504</y></pt><pt><x>40</x><y>452</y></pt><pt><x>39</x><y>481</y></pt><pt><x>31</x><y>483</y></pt><pt><x>25</x><y>477</y></pt></polygon></object><object><name>chair</name><deleted>0</deleted><verified>0</verified><date>24-Jun-2012 17:40:26</date><id>1</id><polygon><username>sandy</username><pt><x>672</x><y>317</y></pt><pt><x>671</x><y>382</y></pt><pt><x>674</x><y>388</y></pt><pt><x>669</x><y>437</y></pt><pt><x>667</x><y>443</y></pt><pt><x>669</x><y>452</y></pt><pt><x>663</x><y>474</y></pt><pt><x>667</x><y>480</y></pt><pt><x>668</x><y>486</y></pt><pt><x>663</x><y>485</y></pt><pt><x>659</x><y>480</y></pt><pt><x>658</x><y>477</y></pt><pt><x>657</x><y>452</y></pt><pt><x>648</x><y>439</y></pt><pt><x>590</x><y>435</y></pt><pt><x>591</x><y>447</y></pt><pt><x>586</x><y>450</y></pt><pt><x>585</x><y>432</y></pt><pt><x>572</x><y>429</y></pt><pt><x>565</x><y>437</y></pt><pt><x>564</x><y>445</y></pt><pt><x>564</x><y>460</y></pt><pt><x>562</x><y>469</y></pt><pt><x>560</x><y>472</y></pt><pt><x>555</x><y>472</y></pt><pt><x>555</x><y>467</y></pt><pt><x>561</x><y>457</y></pt><pt><x>561</x><y>452</y></pt><pt><x>555</x><y>444</y></pt><pt><x>554</x><y>435</y></pt><pt><x>557</x><y>428</y></pt><pt><x>557</x><y>411</y></pt><pt><x>554</x><y>404</y></pt><pt><x>557</x><y>397</y></pt><pt><x>559</x><y>376</y></pt><pt><x>575</x><y>373</y></pt><pt><x>577</x><y>366</y></pt><pt><x>580</x><y>356</y></pt><pt><x>577</x><y>341</y></pt><pt><x>576</x><y>325</y></pt><pt><x>579</x><y>317</y></pt><pt><x>586</x><y>317</y></pt><pt><x>591</x><y>319</y></pt><pt><x>597</x><y>312</y></pt></polygon></object><object><name>chair</name><deleted>0</deleted><verified>0</verified><date>24-Jun-2012 17:40:26</date><id>2</id><polygon><username>sandy</username><pt><x>780</x><y>325</y></pt><pt><x>766</x><y>328</y></pt><pt><x>761</x><y>332</y></pt><pt><x>756</x><y>340</y></pt><pt><x>756</x><y>347</y></pt><pt><x>759</x><y>357</y></pt><pt><x>760</x><y>368</y></pt><pt><x>761</x><y>376</y></pt><pt><x>758</x><y>384</y></pt><pt><x>751</x><y>391</y></pt><pt><x>747</x><y>394</y></pt><pt><x>739</x><y>397</y></pt><pt><x>722</x><y>398</y></pt><pt><x>702</x><y>399</y></pt><pt><x>700</x><y>419</y></pt><pt><x>688</x><y>424</y></pt><pt><x>688</x><y>437</y></pt><pt><x>687</x><y>447</y></pt><pt><x>686</x><y>454</y></pt><pt><x>687</x><y>457</y></pt><pt><x>679</x><y>463</y></pt><pt><x>682</x><y>473</y></pt><pt><x>684</x><y>480</y></pt><pt><x>686</x><y>489</y></pt><pt><x>684</x><y>494</y></pt><pt><x>679</x><y>498</y></pt><pt><x>682</x><y>504</y></pt><pt><x>687</x><y>504</y></pt><pt><x>692</x><y>498</y></pt><pt><x>694</x><y>491</y></pt><pt><x>694</x><y>479</y></pt><pt><x>694</x><y>468</y></pt><pt><x>699</x><y>465</y></pt><pt><x>759</x><y>500</y></pt><pt><x>758</x><y>516</y></pt><pt><x>760</x><y>524</y></pt><pt><x>764</x><y>531</y></pt><pt><x>764</x><y>540</y></pt><pt><x>763</x><y>549</y></pt><pt><x>760</x><y>555</y></pt><pt><x>760</x><y>564</y></pt><pt><x>763</x><y>569</y></pt><pt><x>769</x><y>571</y></pt><pt><x>774</x><y>566</y></pt><pt><x>776</x><y>556</y></pt><pt><x>775</x><y>547</y></pt><pt><x>778</x><y>537</y></pt><pt><x>781</x><y>529</y></pt><pt><x>786</x><y>514</y></pt><pt><x>794</x><y>506</y></pt><pt><x>799</x><y>503</y></pt><pt><x>799</x><y>330</y></pt></polygon></object><object><name>flowers</name><deleted>0</deleted><verified>0</verified><date>24-Jun-2012 17:40:26</date><id>3</id><polygon><username>sandy</username><pt><x>378</x><y>372</y></pt><pt><x>388</x><y>381</y></pt><pt><x>388</x><y>387</y></pt><pt><x>382</x><y>392</y></pt><pt><x>379</x><y>397</y></pt><pt><x>377</x><y>412</y></pt><pt><x>367</x><y>416</y></pt><pt><x>363</x><y>396</y></pt><pt><x>357</x><y>392</y></pt><pt><x>355</x><y>387</y></pt><pt><x>358</x><y>377</y></pt><pt><x>363</x><y>372</y></pt></polygon></object><object><name>curtains</name><deleted>0</deleted><verified>0</verified><date>24-Jun-2012 17:40:26</date><id>4</id><polygon><username>sandy</username><pt><x>501</x><y>162</y></pt><pt><x>533</x><y>290</y></pt><pt><x>551</x><y>330</y></pt><pt><x>549</x><y>352</y></pt><pt><x>550</x><y>370</y></pt><pt><x>549</x><y>391</y></pt><pt><x>547</x><y>414</y></pt><pt><x>576</x><y>416</y></pt><pt><x>574</x><y>365</y></pt><pt><x>571</x><y>342</y></pt><pt><x>569</x><y>332</y></pt><pt><x>579</x><y>299</y></pt><pt><x>580</x><y>276</y></pt><pt><x>584</x><y>213</y></pt><pt><x>585</x><y>175</y></pt><pt><x>585</x><y>148</y></pt><pt><x>584</x><y>143</y></pt><pt><x>539</x><y>153</y></pt></polygon></object><object><name>curtains</name><deleted>0</deleted><verified>0</verified><date>24-Jun-2012 17:40:26</date><id>5</id><polygon><username>sandy</username><pt><x>452</x><y>314</y></pt><pt><x>468</x><y>269</y></pt><pt><x>479</x><y>234</y></pt><pt><x>496</x><y>183</y></pt><pt><x>500</x><y>158</y></pt><pt><x>486</x><y>162</y></pt><pt><x>459</x><y>163</y></pt><pt><x>433</x><y>167</y></pt><pt><x>428</x><y>170</y></pt><pt><x>430</x><y>238</y></pt><pt><x>433</x><y>291</y></pt><pt><x>437</x><y>317</y></pt><pt><x>435</x><y>331</y></pt><pt><x>433</x><y>360</y></pt><pt><x>432</x><y>399</y></pt><pt><x>432</x><y>404</y></pt><pt><x>442</x><y>403</y></pt><pt><x>459</x><y>396</y></pt><pt><x>450</x><y>353</y></pt><pt><x>448</x><y>332</y></pt></polygon></object><object><name>fan</name><deleted>0</deleted><verified>0</verified><date>24-Jun-2012 17:40:26</date><id>6</id><polygon><username>sandy</username><pt><x>368</x><y>6</y></pt><pt><x>401</x><y>19</y></pt><pt><x>371</x><y>60</y></pt><pt><x>374</x><y>67</y></pt><pt><x>473</x><y>71</y></pt><pt><x>470</x><y>90</y></pt><pt><x>370</x><y>80</y></pt><pt><x>367</x><y>76</y></pt><pt><x>358</x><y>80</y></pt><pt><x>361</x><y>86</y></pt><pt><x>367</x><y>82</y></pt><pt><x>392</x><y>118</y></pt><pt><x>371</x><y>129</y></pt><pt><x>365</x><y>113</y></pt><pt><x>355</x><y>121</y></pt><pt><x>350</x><y>105</y></pt><pt><x>346</x><y>100</y></pt><pt><x>346</x><y>88</y></pt><pt><x>341</x><y>88</y></pt><pt><x>340</x><y>101</y></pt><pt><x>338</x><y>112</y></pt><pt><x>337</x><y>121</y></pt><pt><x>331</x><y>124</y></pt><pt><x>323</x><y>121</y></pt><pt><x>320</x><y>118</y></pt><pt><x>320</x><y>109</y></pt><pt><x>315</x><y>108</y></pt><pt><x>312</x><y>101</y></pt><pt><x>316</x><y>93</y></pt><pt><x>316</x><y>93</y></pt><pt><x>267</x><y>113</y></pt><pt><x>250</x><y>109</y></pt><pt><x>310</x><y>80</y></pt><pt><x>326</x><y>80</y></pt><pt><x>328</x><y>75</y></pt><pt><x>319</x><y>72</y></pt><pt><x>305</x><y>68</y></pt><pt><x>208</x><y>45</y></pt><pt><x>224</x><y>37</y></pt><pt><x>315</x><y>57</y></pt><pt><x>317</x><y>47</y></pt><pt><x>338</x><y>41</y></pt><pt><x>336</x><y>34</y></pt><pt><x>328</x><y>29</y></pt><pt><x>327</x><y>20</y></pt><pt><x>336</x><y>15</y></pt><pt><x>355</x><y>15</y></pt></polygon></object><object><name>window</name><deleted>0</deleted><verified>0</verified><date>24-Jun-2012 17:40:26</date><id>7</id><polygon><username>sandy</username><pt><x>449</x><y>342</y></pt><pt><x>577</x><y>348</y></pt><pt><x>576</x><y>233</y></pt><pt><x>453</x><y>241</y></pt></polygon></object><object><name>rug</name><deleted>0</deleted><verified>0</verified><date>24-Jun-2012 17:40:26</date><id>8</id><polygon><username>sandy</username><pt><x>498</x><y>453</y></pt><pt><x>299</x><y>598</y></pt><pt><x>750</x><y>596</y></pt><pt><x>738</x><y>488</y></pt></polygon></object><object><name>rug</name><deleted>0</deleted><verified>0</verified><date>24-Jun-2012 17:40:26</date><id>9</id><polygon><username>sandy</username><pt><x>45</x><y>523</y></pt><pt><x>123</x><y>566</y></pt><pt><x>46</x><y>598</y></pt><pt><x>2</x><y>598</y></pt><pt><x>0</x><y>536</y></pt></polygon></object><object><name>chestofdrawers</name><deleted>0</deleted><verified>0</verified><date>24-Jun-2012 17:40:26</date><id>10</id><polygon><username>sandy</username><pt><x>289</x><y>432</y></pt><pt><x>287</x><y>534</y></pt><pt><x>306</x><y>535</y></pt><pt><x>310</x><y>524</y></pt><pt><x>336</x><y>531</y></pt><pt><x>340</x><y>551</y></pt><pt><x>355</x><y>554</y></pt><pt><x>371</x><y>545</y></pt><pt><x>376</x><y>523</y></pt><pt><x>423</x><y>488</y></pt><pt><x>432</x><y>498</y></pt><pt><x>443</x><y>494</y></pt><pt><x>438</x><y>413</y></pt><pt><x>443</x><y>408</y></pt><pt><x>443</x><y>407</y></pt><pt><x>379</x><y>398</y></pt></polygon></object><object><name>flowers</name><deleted>0</deleted><verified>0</verified><date>24-Jun-2012 17:40:26</date><id>11</id><polygon><username>sandy</username><pt><x>796</x><y>139</y></pt><pt><x>784</x><y>156</y></pt><pt><x>781</x><y>167</y></pt><pt><x>775</x><y>168</y></pt><pt><x>769</x><y>168</y></pt><pt><x>770</x><y>178</y></pt><pt><x>764</x><y>182</y></pt><pt><x>758</x><y>179</y></pt><pt><x>753</x><y>185</y></pt><pt><x>744</x><y>195</y></pt><pt><x>735</x><y>199</y></pt><pt><x>759</x><y>205</y></pt><pt><x>774</x><y>210</y></pt><pt><x>784</x><y>205</y></pt><pt><x>795</x><y>200</y></pt><pt><x>798</x><y>200</y></pt></polygon></object><object><name>cabinet</name><deleted>0</deleted><verified>0</verified><date>24-Jun-2012 17:40:26</date><id>12</id><polygon><username>sandy</username><pt><x>740</x><y>243</y></pt><pt><x>748</x><y>254</y></pt><pt><x>750</x><y>411</y></pt><pt><x>796</x><y>413</y></pt><pt><x>799</x><y>238</y></pt><pt><x>796</x><y>234</y></pt></polygon></object><object><name>pillow</name><deleted>0</deleted><verified>0</verified><date>24-Jun-2012 17:40:26</date><id>13</id><polygon><username>sandy</username><pt><x>44</x><y>343</y></pt><pt><x>61</x><y>372</y></pt><pt><x>90</x><y>358</y></pt><pt><x>139</x><y>356</y></pt><pt><x>144</x><y>362</y></pt><pt><x>152</x><y>361</y></pt><pt><x>158</x><y>367</y></pt><pt><x>207</x><y>356</y></pt><pt><x>203</x><y>347</y></pt><pt><x>234</x><y>343</y></pt><pt><x>226</x><y>312</y></pt><pt><x>192</x><y>315</y></pt><pt><x>183</x><y>315</y></pt><pt><x>179</x><y>305</y></pt><pt><x>148</x><y>312</y></pt><pt><x>144</x><y>304</y></pt><pt><x>122</x><y>309</y></pt><pt><x>80</x><y>321</y></pt><pt><x>58</x><y>328</y></pt><pt><x>51</x><y>333</y></pt></polygon></object><object><name>table</name><deleted>0</deleted><verified>0</verified><date>24-Jun-2012 17:40:26</date><id>14</id><polygon><username>sandy</username><pt><x>35</x><y>387</y></pt><pt><x>32</x><y>391</y></pt><pt><x>36</x><y>480</y></pt><pt><x>29</x><y>481</y></pt><pt><x>26</x><y>464</y></pt><pt><x>15</x><y>463</y></pt><pt><x>16</x><y>483</y></pt><pt><x>12</x><y>483</y></pt><pt><x>10</x><y>462</y></pt><pt><x>2</x><y>467</y></pt><pt><x>0</x><y>382</y></pt><pt><x>11</x><y>379</y></pt></polygon></object><object><name>blanket</name><deleted>0</deleted><verified>0</verified><date>24-Jun-2012 17:40:26</date><id>15</id><polygon><username>sandy</username><pt><x>39</x><y>418</y></pt><pt><x>50</x><y>422</y></pt><pt><x>162</x><y>450</y></pt><pt><x>169</x><y>459</y></pt><pt><x>187</x><y>457</y></pt><pt><x>187</x><y>467</y></pt><pt><x>212</x><y>467</y></pt><pt><x>234</x><y>462</y></pt><pt><x>234</x><y>450</y></pt><pt><x>241</x><y>459</y></pt><pt><x>254</x><y>453</y></pt><pt><x>254</x><y>448</y></pt><pt><x>284</x><y>430</y></pt><pt><x>398</x><y>406</y></pt><pt><x>402</x><y>399</y></pt><pt><x>396</x><y>377</y></pt><pt><x>393</x><y>368</y></pt><pt><x>393</x><y>357</y></pt><pt><x>377</x><y>351</y></pt><pt><x>337</x><y>347</y></pt><pt><x>287</x><y>350</y></pt><pt><x>253</x><y>346</y></pt><pt><x>218</x><y>343</y></pt><pt><x>56</x><y>362</y></pt><pt><x>50</x><y>368</y></pt><pt><x>49</x><y>387</y></pt><pt><x>47</x><y>394</y></pt><pt><x>45</x><y>394</y></pt></polygon></object><object><name>canopy</name><deleted>0</deleted><verified>0</verified><date>24-Jun-2012 17:40:26</date><id>16</id><polygon><username>sandy</username><pt><x>265</x><y>292</y></pt><pt><x>270</x><y>299</y></pt><pt><x>281</x><y>285</y></pt><pt><x>292</x><y>292</y></pt><pt><x>301</x><y>282</y></pt><pt><x>310</x><y>286</y></pt><pt><x>321</x><y>277</y></pt><pt><x>328</x><y>284</y></pt><pt><x>341</x><y>274</y></pt><pt><x>347</x><y>285</y></pt><pt><x>373</x><y>292</y></pt><pt><x>389</x><y>302</y></pt><pt><x>398</x><y>312</y></pt><pt><x>406</x><y>305</y></pt><pt><x>397</x><y>183</y></pt><pt><x>228</x><y>138</y></pt><pt><x>223</x><y>122</y></pt><pt><x>212</x><y>136</y></pt><pt><x>34</x><y>194</y></pt><pt><x>26</x><y>190</y></pt><pt><x>11</x><y>289</y></pt><pt><x>17</x><y>290</y></pt><pt><x>34</x><y>326</y></pt><pt><x>49</x><y>327</y></pt><pt><x>204</x><y>314</y></pt><pt><x>234</x><y>310</y></pt><pt><x>234</x><y>300</y></pt><pt><x>248</x><y>304</y></pt><pt><x>256</x><y>299</y></pt></polygon></object><object><name>radiator</name><deleted>0</deleted><verified>0</verified><date>24-Jun-2012 17:40:26</date><id>17</id><polygon><username>sandy</username><pt><x>462</x><y>365</y></pt><pt><x>463</x><y>428</y></pt><pt><x>469</x><y>430</y></pt><pt><x>472</x><y>423</y></pt><pt><x>545</x><y>429</y></pt><pt><x>545</x><y>442</y></pt><pt><x>551</x><y>440</y></pt><pt><x>556</x><y>432</y></pt><pt><x>551</x><y>365</y></pt><pt><x>513</x><y>360</y></pt><pt><x>474</x><y>361</y></pt></polygon></object><object><name>bedposts</name><deleted>0</deleted><verified>0</verified><date>24-Jun-2012 17:40:26</date><id>18</id><polygon><username>sandy</username><pt><x>225</x><y>284</y></pt><pt><x>238</x><y>560</y></pt><pt><x>229</x><y>565</y></pt><pt><x>219</x><y>564</y></pt><pt><x>215</x><y>121</y></pt><pt><x>221</x><y>122</y></pt></polygon></object><object><name>bedposts</name><deleted>0</deleted><verified>0</verified><date>24-Jun-2012 17:40:26</date><id>19</id><polygon><username>sandy</username><pt><x>394</x><y>319</y></pt><pt><x>393</x><y>183</y></pt><pt><x>397</x><y>182</y></pt><pt><x>407</x><y>407</y></pt><pt><x>394</x><y>406</y></pt></polygon></object><object><name>bedposts</name><deleted>0</deleted><verified>0</verified><date>24-Jun-2012 17:40:26</date><id>20</id><polygon><username>sandy</username><pt><x>35</x><y>363</y></pt><pt><x>26</x><y>183</y></pt><pt><x>21</x><y>187</y></pt><pt><x>26</x><y>479</y></pt><pt><x>39</x><y>481</y></pt></polygon></object><object><name>bedposts</name><deleted>0</deleted><verified>0</verified><date>24-Jun-2012 17:40:26</date><id>21</id><polygon><username>sandy</username><pt><x>209</x><y>204</y></pt><pt><x>207</x><y>321</y></pt><pt><x>218</x><y>323</y></pt></polygon></object><object><name>vase</name><deleted>0</deleted><verified>0</verified><date>24-Jun-2012 17:40:26</date><id>22</id><polygon><username>sandy</username><pt><x>381</x><y>418</y></pt><pt><x>383</x><y>393</y></pt><pt><x>360</x><y>394</y></pt><pt><x>363</x><y>419</y></pt></polygon></object><object><name>vase</name><deleted>0</deleted><verified>0</verified><date>24-Jun-2012 17:40:26</date><id>23</id><polygon><username>sandy</username><pt><x>793</x><y>213</y></pt><pt><x>783</x><y>218</y></pt><pt><x>781</x><y>224</y></pt><pt><x>785</x><y>230</y></pt><pt><x>794</x><y>233</y></pt><pt><x>799</x><y>230</y></pt><pt><x>798</x><y>200</y></pt><pt><x>791</x><y>202</y></pt></polygon></object><object><name>light</name><deleted>1</deleted><verified>0</verified><date>24-Jun-2012 17:40:26</date><id>24</id><polygon><username>sandy</username><pt><x>647</x><y>231</y></pt><pt><x>651</x><y>246</y></pt><pt><x>644</x><y>249</y></pt><pt><x>648</x><y>263</y></pt><pt><x>647</x><y>269</y></pt><pt><x>640</x><y>270</y></pt><pt><x>632</x><y>274</y></pt><pt><x>630</x><y>271</y></pt><pt><x>626</x><y>274</y></pt><pt><x>620</x><y>271</y></pt><pt><x>618</x><y>263</y></pt><pt><x>615</x><y>258</y></pt><pt><x>615</x><y>250</y></pt><pt><x>613</x><y>243</y></pt><pt><x>616</x><y>233</y></pt><pt><x>625</x><y>233</y></pt><pt><x>628</x><y>241</y></pt><pt><x>631</x><y>248</y></pt><pt><x>635</x><y>248</y></pt><pt><x>637</x><y>240</y></pt></polygon></object><object><name>light</name><deleted>1</deleted><verified>0</verified><date>24-Jun-2012 17:40:26</date><id>25</id><polygon><username>sandy</username><pt><x>2</x><y>325</y></pt><pt><x>15</x><y>333</y></pt><pt><x>16</x><y>345</y></pt><pt><x>10</x><y>346</y></pt><pt><x>2</x><y>347</y></pt></polygon></object><imagesize><nrows>600</nrows><ncols>800</ncols></imagesize></annotation>
