<annotation><filename>b_bedroom_Deluxe_room.jpg</filename><folder>100images</folder><source><sourceImage>The MIT-CSAIL database of objects and scenes</sourceImage><sourceAnnotation>LabelMe Webtool</sourceAnnotation></source><object><name>TV</name><deleted>0</deleted><verified>0</verified><date>19-Jun-2012 20:15:27</date><id>0</id><polygon><username>sandy</username><pt><x>662</x><y>244</y></pt><pt><x>666</x><y>317</y></pt><pt><x>724</x><y>320</y></pt><pt><x>756</x><y>318</y></pt><pt><x>756</x><y>298</y></pt><pt><x>768</x><y>287</y></pt><pt><x>766</x><y>253</y></pt><pt><x>755</x><y>245</y></pt><pt><x>737</x><y>238</y></pt><pt><x>736</x><y>233</y></pt><pt><x>717</x><y>234</y></pt></polygon></object><object><name>bed</name><deleted>0</deleted><verified>0</verified><date>19-Jun-2012 20:15:27</date><id>1</id><polygon><username>sandy</username><pt><x>641</x><y>377</y></pt><pt><x>641</x><y>437</y></pt><pt><x>621</x><y>476</y></pt><pt><x>617</x><y>479</y></pt><pt><x>605</x><y>488</y></pt><pt><x>599</x><y>521</y></pt><pt><x>586</x><y>522</y></pt><pt><x>547</x><y>579</y></pt><pt><x>546</x><y>595</y></pt><pt><x>530</x><y>598</y></pt><pt><x>326</x><y>598</y></pt><pt><x>49</x><y>581</y></pt><pt><x>38</x><y>406</y></pt><pt><x>202</x><y>372</y></pt><pt><x>316</x><y>348</y></pt><pt><x>358</x><y>359</y></pt><pt><x>439</x><y>364</y></pt><pt><x>570</x><y>365</y></pt><pt><x>618</x><y>372</y></pt></polygon></object><imagesize><nrows>600</nrows><ncols>800</ncols></imagesize><object><name>window</name><deleted>0</deleted><verified>0</verified><date>24-Jun-2012 16:48:02</date><id>2</id><polygon><username>sandy</username><pt><x>465</x><y>339</y></pt><pt><x>459</x><y>117</y></pt><pt><x>699</x><y>93</y></pt><pt><x>708</x><y>343</y></pt></polygon></object><object><name>frame</name><deleted>0</deleted><verified>0</verified><date>24-Jun-2012 16:48:02</date><id>3</id><polygon><username>sandy</username><pt><x>236</x><y>207</y></pt><pt><x>234</x><y>57</y></pt><pt><x>119</x><y>1</y></pt><pt><x>67</x><y>2</y></pt><pt><x>70</x><y>184</y></pt></polygon></object><object><name>buildings</name><deleted>0</deleted><verified>0</verified><date>24-Jun-2012 16:48:02</date><id>4</id><polygon><username>sandy</username><pt><x>679</x><y>200</y></pt><pt><x>669</x><y>202</y></pt><pt><x>661</x><y>204</y></pt><pt><x>661</x><y>196</y></pt><pt><x>652</x><y>197</y></pt><pt><x>643</x><y>199</y></pt><pt><x>633</x><y>197</y></pt><pt><x>624</x><y>199</y></pt><pt><x>619</x><y>203</y></pt><pt><x>608</x><y>201</y></pt><pt><x>596</x><y>201</y></pt><pt><x>587</x><y>200</y></pt><pt><x>583</x><y>206</y></pt><pt><x>579</x><y>212</y></pt><pt><x>575</x><y>218</y></pt><pt><x>578</x><y>229</y></pt><pt><x>595</x><y>229</y></pt><pt><x>643</x><y>236</y></pt><pt><x>693</x><y>240</y></pt></polygon></object><object><name>sea</name><deleted>0</deleted><verified>0</verified><date>24-Jun-2012 16:48:02</date><id>5</id><polygon><username>sandy</username><pt><x>533</x><y>219</y></pt><pt><x>467</x><y>229</y></pt><pt><x>473</x><y>265</y></pt><pt><x>548</x><y>281</y></pt><pt><x>658</x><y>294</y></pt><pt><x>696</x><y>243</y></pt><pt><x>593</x><y>233</y></pt><pt><x>566</x><y>232</y></pt><pt><x>561</x><y>229</y></pt><pt><x>568</x><y>221</y></pt><pt><x>541</x><y>218</y></pt></polygon></object><object><name>lamp</name><deleted>0</deleted><verified>0</verified><date>24-Jun-2012 16:48:02</date><id>6</id><polygon><username>sandy</username><pt><x>328</x><y>221</y></pt><pt><x>341</x><y>224</y></pt><pt><x>349</x><y>253</y></pt><pt><x>339</x><y>256</y></pt><pt><x>338</x><y>280</y></pt><pt><x>337</x><y>292</y></pt><pt><x>332</x><y>293</y></pt><pt><x>332</x><y>282</y></pt><pt><x>320</x><y>286</y></pt><pt><x>312</x><y>289</y></pt><pt><x>308</x><y>292</y></pt><pt><x>309</x><y>298</y></pt><pt><x>303</x><y>295</y></pt><pt><x>302</x><y>275</y></pt><pt><x>307</x><y>274</y></pt><pt><x>309</x><y>282</y></pt><pt><x>319</x><y>281</y></pt><pt><x>326</x><y>278</y></pt><pt><x>335</x><y>278</y></pt><pt><x>333</x><y>258</y></pt><pt><x>331</x><y>253</y></pt><pt><x>318</x><y>254</y></pt></polygon></object><object><name>flowers</name><deleted>0</deleted><verified>0</verified><date>24-Jun-2012 16:48:02</date><id>7</id><polygon><username>sandy</username><pt><x>369</x><y>301</y></pt><pt><x>373</x><y>286</y></pt><pt><x>385</x><y>286</y></pt><pt><x>392</x><y>290</y></pt><pt><x>397</x><y>287</y></pt><pt><x>401</x><y>279</y></pt><pt><x>399</x><y>274</y></pt><pt><x>399</x><y>256</y></pt><pt><x>404</x><y>251</y></pt><pt><x>400</x><y>248</y></pt><pt><x>390</x><y>249</y></pt><pt><x>384</x><y>243</y></pt><pt><x>377</x><y>236</y></pt><pt><x>381</x><y>230</y></pt><pt><x>370</x><y>233</y></pt><pt><x>364</x><y>232</y></pt><pt><x>356</x><y>233</y></pt><pt><x>350</x><y>243</y></pt><pt><x>345</x><y>250</y></pt><pt><x>339</x><y>261</y></pt><pt><x>343</x><y>270</y></pt><pt><x>355</x><y>271</y></pt><pt><x>356</x><y>277</y></pt><pt><x>356</x><y>285</y></pt><pt><x>359</x><y>297</y></pt><pt><x>358</x><y>308</y></pt></polygon></object><object><name>pillow</name><deleted>0</deleted><verified>0</verified><date>24-Jun-2012 16:48:02</date><id>8</id><polygon><username>sandy</username><pt><x>155</x><y>280</y></pt><pt><x>158</x><y>289</y></pt><pt><x>174</x><y>337</y></pt><pt><x>177</x><y>346</y></pt><pt><x>184</x><y>352</y></pt><pt><x>201</x><y>382</y></pt><pt><x>159</x><y>382</y></pt><pt><x>111</x><y>386</y></pt><pt><x>78</x><y>395</y></pt><pt><x>44</x><y>403</y></pt><pt><x>39</x><y>286</y></pt><pt><x>75</x><y>283</y></pt><pt><x>118</x><y>282</y></pt><pt><x>128</x><y>278</y></pt><pt><x>134</x><y>281</y></pt></polygon></object><object><name>pillow</name><deleted>0</deleted><verified>0</verified><date>24-Jun-2012 16:48:02</date><id>9</id><polygon><username>sandy</username><pt><x>238</x><y>307</y></pt><pt><x>272</x><y>372</y></pt><pt><x>278</x><y>377</y></pt><pt><x>317</x><y>363</y></pt><pt><x>347</x><y>356</y></pt><pt><x>359</x><y>357</y></pt><pt><x>320</x><y>294</y></pt><pt><x>297</x><y>294</y></pt><pt><x>260</x><y>291</y></pt><pt><x>237</x><y>288</y></pt><pt><x>232</x><y>290</y></pt></polygon></object><object><name>pillow</name><deleted>0</deleted><verified>0</verified><date>24-Jun-2012 16:48:02</date><id>10</id><polygon><username>sandy</username><pt><x>210</x><y>285</y></pt><pt><x>225</x><y>289</y></pt><pt><x>235</x><y>290</y></pt><pt><x>286</x><y>374</y></pt><pt><x>273</x><y>378</y></pt><pt><x>259</x><y>381</y></pt><pt><x>253</x><y>382</y></pt><pt><x>242</x><y>379</y></pt><pt><x>238</x><y>374</y></pt><pt><x>232</x><y>366</y></pt><pt><x>213</x><y>321</y></pt><pt><x>212</x><y>301</y></pt></polygon></object><object><name>mirror</name><deleted>0</deleted><verified>0</verified><date>24-Jun-2012 16:48:02</date><id>11</id><polygon><username>sandy</username><pt><x>308</x><y>145</y></pt><pt><x>309</x><y>287</y></pt><pt><x>360</x><y>293</y></pt><pt><x>361</x><y>162</y></pt></polygon></object><object><name>table</name><deleted>0</deleted><verified>0</verified><date>24-Jun-2012 16:48:02</date><id>12</id><polygon><username>sandy</username><pt><x>342</x><y>324</y></pt><pt><x>344</x><y>349</y></pt><pt><x>388</x><y>353</y></pt><pt><x>464</x><y>362</y></pt><pt><x>462</x><y>319</y></pt><pt><x>424</x><y>315</y></pt></polygon></object><object><name>lamp</name><deleted>0</deleted><verified>0</verified><date>24-Jun-2012 16:48:02</date><id>13</id><polygon><username>sandy</username><pt><x>410</x><y>226</y></pt><pt><x>418</x><y>263</y></pt><pt><x>402</x><y>263</y></pt><pt><x>389</x><y>262</y></pt><pt><x>392</x><y>221</y></pt></polygon></object><object><name>fruit</name><deleted>0</deleted><verified>0</verified><date>24-Jun-2012 16:48:02</date><id>14</id><polygon><username>sandy</username><pt><x>387</x><y>298</y></pt><pt><x>411</x><y>300</y></pt><pt><x>414</x><y>306</y></pt><pt><x>402</x><y>310</y></pt><pt><x>381</x><y>307</y></pt></polygon></object><object><name>duvet</name><deleted>0</deleted><verified>0</verified><date>24-Jun-2012 16:48:02</date><id>15</id><polygon><username>sandy</username><pt><x>584</x><y>421</y></pt><pt><x>587</x><y>491</y></pt><pt><x>500</x><y>597</y></pt><pt><x>317</x><y>599</y></pt><pt><x>48</x><y>500</y></pt><pt><x>46</x><y>405</y></pt><pt><x>191</x><y>379</y></pt><pt><x>310</x><y>394</y></pt><pt><x>445</x><y>400</y></pt><pt><x>558</x><y>410</y></pt></polygon></object><object><name>duvet</name><deleted>0</deleted><verified>0</verified><date>24-Jun-2012 16:48:02</date><id>16</id><polygon><username>sandy</username><pt><x>613</x><y>456</y></pt><pt><x>632</x><y>439</y></pt><pt><x>637</x><y>426</y></pt><pt><x>642</x><y>424</y></pt><pt><x>641</x><y>376</y></pt><pt><x>585</x><y>366</y></pt><pt><x>449</x><y>365</y></pt><pt><x>432</x><y>361</y></pt><pt><x>395</x><y>354</y></pt><pt><x>360</x><y>356</y></pt><pt><x>252</x><y>382</y></pt><pt><x>259</x><y>431</y></pt><pt><x>588</x><y>479</y></pt><pt><x>608</x><y>484</y></pt></polygon></object><object><name>bowl</name><deleted>0</deleted><verified>0</verified><date>24-Jun-2012 16:48:02</date><id>17</id><polygon><username>sandy</username><pt><x>417</x><y>308</y></pt><pt><x>411</x><y>316</y></pt><pt><x>388</x><y>315</y></pt><pt><x>383</x><y>308</y></pt><pt><x>400</x><y>309</y></pt></polygon></object><object><name>curtain</name><deleted>0</deleted><verified>0</verified><date>24-Jun-2012 16:48:02</date><id>18</id><polygon><username>sandy</username><pt><x>779</x><y>74</y></pt><pt><x>651</x><y>89</y></pt><pt><x>668</x><y>166</y></pt><pt><x>691</x><y>234</y></pt><pt><x>735</x><y>328</y></pt><pt><x>781</x><y>324</y></pt><pt><x>772</x><y>286</y></pt><pt><x>777</x><y>198</y></pt><pt><x>776</x><y>104</y></pt></polygon></object><object><name>curtain</name><deleted>0</deleted><verified>0</verified><date>24-Jun-2012 16:48:02</date><id>19</id><polygon><username>sandy</username><pt><x>392</x><y>113</y></pt><pt><x>493</x><y>107</y></pt><pt><x>478</x><y>183</y></pt><pt><x>464</x><y>229</y></pt><pt><x>454</x><y>261</y></pt><pt><x>445</x><y>278</y></pt><pt><x>443</x><y>293</y></pt><pt><x>445</x><y>309</y></pt><pt><x>449</x><y>322</y></pt><pt><x>396</x><y>316</y></pt></polygon></object><object><name>painting</name><deleted>0</deleted><verified>0</verified><date>24-Jun-2012 16:48:02</date><id>20</id><polygon><username>sandy</username><pt><x>200</x><y>172</y></pt><pt><x>198</x><y>72</y></pt><pt><x>124</x><y>42</y></pt><pt><x>124</x><y>155</y></pt></polygon></object><object><name>vase</name><deleted>0</deleted><verified>0</verified><date>24-Jun-2012 16:48:02</date><id>21</id><polygon><username>sandy</username><pt><x>359</x><y>314</y></pt><pt><x>368</x><y>315</y></pt><pt><x>372</x><y>286</y></pt><pt><x>354</x><y>286</y></pt></polygon></object><object><name>boat</name><deleted>0</deleted><verified>0</verified><date>20-Jul-2012 10:02:09</date><id>22</id><polygon><username>sandy</username><pt><x>481</x><y>247</y></pt><pt><x>491</x><y>248</y></pt><pt><x>494</x><y>243</y></pt><pt><x>481</x><y>242</y></pt></polygon></object><object><name>boat</name><deleted>0</deleted><verified>0</verified><date>20-Jul-2012 10:02:09</date><id>23</id><polygon><username>sandy</username><pt><x>632</x><y>252</y></pt><pt><x>638</x><y>253</y></pt><pt><x>639</x><y>249</y></pt><pt><x>635</x><y>247</y></pt></polygon></object><object><name>boat</name><deleted>0</deleted><verified>0</verified><date>20-Jul-2012 10:02:09</date><id>24</id><polygon><username>sandy</username><pt><x>481</x><y>238</y></pt><pt><x>486</x><y>239</y></pt><pt><x>487</x><y>234</y></pt><pt><x>482</x><y>233</y></pt></polygon></object><object><name>boat</name><deleted>0</deleted><verified>0</verified><date>20-Jul-2012 10:02:09</date><id>25</id><polygon><username>sandy</username><pt><x>499</x><y>232</y></pt><pt><x>506</x><y>234</y></pt><pt><x>506</x><y>230</y></pt><pt><x>502</x><y>228</y></pt></polygon></object><object><name>boat</name><deleted>0</deleted><verified>0</verified><date>20-Jul-2012 10:02:09</date><id>26</id><polygon><username>sandy</username><pt><x>567</x><y>241</y></pt><pt><x>571</x><y>242</y></pt><pt><x>572</x><y>239</y></pt><pt><x>569</x><y>237</y></pt></polygon></object></annotation>