<annotation><filename>b_bookstore_Libreria_08_02_altavista.jpg</filename><folder>100images</folder><source><sourceImage>The MIT-CSAIL database of objects and scenes</sourceImage><sourceAnnotation>LabelMe Webtool</sourceAnnotation></source><object><name>book</name><deleted>0</deleted><verified>0</verified><date>24-Jun-2012 19:56:57</date><id>0</id><polygon><username>sandy</username><pt><x>688</x><y>58</y></pt><pt><x>687</x><y>162</y></pt><pt><x>798</x><y>151</y></pt><pt><x>798</x><y>42</y></pt><pt><x>790</x><y>47</y></pt><pt><x>783</x><y>50</y></pt><pt><x>773</x><y>58</y></pt><pt><x>770</x><y>54</y></pt><pt><x>757</x><y>54</y></pt><pt><x>743</x><y>57</y></pt><pt><x>734</x><y>59</y></pt><pt><x>726</x><y>56</y></pt><pt><x>713</x><y>58</y></pt></polygon></object><object><name>book</name><deleted>0</deleted><verified>0</verified><date>24-Jun-2012 19:56:57</date><id>1</id><polygon><username>sandy</username><pt><x>686</x><y>197</y></pt><pt><x>682</x><y>285</y></pt><pt><x>797</x><y>294</y></pt><pt><x>795</x><y>198</y></pt><pt><x>784</x><y>199</y></pt><pt><x>738</x><y>200</y></pt><pt><x>734</x><y>197</y></pt></polygon></object><object><name>book</name><deleted>0</deleted><verified>0</verified><date>24-Jun-2012 19:56:57</date><id>2</id><polygon><username>sandy</username><pt><x>688</x><y>320</y></pt><pt><x>685</x><y>409</y></pt><pt><x>696</x><y>411</y></pt><pt><x>799</x><y>429</y></pt><pt><x>798</x><y>323</y></pt><pt><x>755</x><y>318</y></pt><pt><x>749</x><y>320</y></pt><pt><x>746</x><y>326</y></pt><pt><x>730</x><y>325</y></pt><pt><x>728</x><y>322</y></pt><pt><x>712</x><y>321</y></pt></polygon></object><imagesize><nrows>600</nrows><ncols>800</ncols></imagesize><object><name>book</name><deleted>0</deleted><verified>0</verified><date>24-Jun-2012 20:03:31</date><id>3</id><polygon><username>sandy</username><pt><x>679</x><y>462</y></pt><pt><x>678</x><y>581</y></pt><pt><x>719</x><y>599</y></pt><pt><x>799</x><y>599</y></pt><pt><x>797</x><y>487</y></pt><pt><x>766</x><y>480</y></pt><pt><x>762</x><y>453</y></pt><pt><x>744</x><y>449</y></pt></polygon></object><object><name>book</name><deleted>0</deleted><verified>0</verified><date>24-Jun-2012 20:03:31</date><id>4</id><polygon><username>sandy</username><pt><x>160</x><y>302</y></pt><pt><x>161</x><y>450</y></pt><pt><x>169</x><y>463</y></pt><pt><x>171</x><y>470</y></pt><pt><x>195</x><y>487</y></pt><pt><x>224</x><y>598</y></pt><pt><x>179</x><y>598</y></pt><pt><x>147</x><y>473</y></pt><pt><x>121</x><y>479</y></pt><pt><x>97</x><y>598</y></pt><pt><x>24</x><y>595</y></pt><pt><x>2</x><y>528</y></pt><pt><x>2</x><y>297</y></pt><pt><x>18</x><y>296</y></pt><pt><x>21</x><y>288</y></pt><pt><x>42</x><y>290</y></pt><pt><x>59</x><y>286</y></pt><pt><x>104</x><y>280</y></pt><pt><x>113</x><y>289</y></pt><pt><x>121</x><y>293</y></pt><pt><x>134</x><y>295</y></pt></polygon></object><object><name>book</name><deleted>0</deleted><verified>0</verified><date>24-Jun-2012 20:03:31</date><id>5</id><polygon><username>sandy</username><pt><x>249</x><y>561</y></pt><pt><x>272</x><y>587</y></pt><pt><x>272</x><y>598</y></pt><pt><x>253</x><y>599</y></pt><pt><x>227</x><y>562</y></pt></polygon></object><object><name>book</name><deleted>0</deleted><verified>0</verified><date>24-Jun-2012 20:03:31</date><id>6</id><polygon><username>sandy</username><pt><x>230</x><y>559</y></pt><pt><x>213</x><y>536</y></pt><pt><x>210</x><y>544</y></pt></polygon></object><object><name>book</name><deleted>0</deleted><verified>0</verified><date>24-Jun-2012 20:03:31</date><id>7</id><polygon><username>sandy</username><pt><x>105</x><y>226</y></pt><pt><x>105</x><y>275</y></pt><pt><x>2</x><y>272</y></pt><pt><x>0</x><y>225</y></pt></polygon></object><object><name>book</name><deleted>0</deleted><verified>0</verified><date>24-Jun-2012 20:03:31</date><id>8</id><polygon><username>sandy</username><pt><x>103</x><y>183</y></pt><pt><x>104</x><y>218</y></pt><pt><x>0</x><y>216</y></pt><pt><x>2</x><y>179</y></pt></polygon></object><object><name>book</name><deleted>0</deleted><verified>0</verified><date>24-Jun-2012 20:03:31</date><id>9</id><polygon><username>sandy</username><pt><x>104</x><y>112</y></pt><pt><x>105</x><y>162</y></pt><pt><x>73</x><y>160</y></pt><pt><x>74</x><y>129</y></pt><pt><x>89</x><y>126</y></pt><pt><x>94</x><y>113</y></pt></polygon></object><object><name>book</name><deleted>0</deleted><verified>0</verified><date>24-Jun-2012 20:03:31</date><id>10</id><polygon><username>sandy</username><pt><x>43</x><y>118</y></pt><pt><x>59</x><y>162</y></pt><pt><x>0</x><y>158</y></pt><pt><x>2</x><y>112</y></pt><pt><x>18</x><y>113</y></pt></polygon></object><object><name>postcards</name><deleted>0</deleted><verified>0</verified><date>24-Jun-2012 20:03:31</date><id>11</id><polygon><username>sandy</username><pt><x>518</x><y>195</y></pt><pt><x>525</x><y>230</y></pt><pt><x>519</x><y>231</y></pt><pt><x>528</x><y>267</y></pt><pt><x>521</x><y>270</y></pt><pt><x>527</x><y>306</y></pt><pt><x>522</x><y>309</y></pt><pt><x>529</x><y>345</y></pt><pt><x>521</x><y>349</y></pt><pt><x>529</x><y>386</y></pt><pt><x>520</x><y>390</y></pt><pt><x>528</x><y>426</y></pt><pt><x>522</x><y>432</y></pt><pt><x>528</x><y>466</y></pt><pt><x>525</x><y>470</y></pt><pt><x>530</x><y>504</y></pt><pt><x>525</x><y>512</y></pt><pt><x>531</x><y>545</y></pt><pt><x>526</x><y>549</y></pt><pt><x>533</x><y>581</y></pt><pt><x>525</x><y>589</y></pt><pt><x>527</x><y>598</y></pt><pt><x>633</x><y>598</y></pt><pt><x>633</x><y>586</y></pt><pt><x>629</x><y>586</y></pt><pt><x>631</x><y>579</y></pt><pt><x>648</x><y>581</y></pt><pt><x>663</x><y>578</y></pt><pt><x>674</x><y>176</y></pt><pt><x>662</x><y>184</y></pt><pt><x>649</x><y>187</y></pt><pt><x>631</x><y>191</y></pt><pt><x>621</x><y>181</y></pt><pt><x>619</x><y>178</y></pt><pt><x>568</x><y>179</y></pt><pt><x>565</x><y>185</y></pt><pt><x>547</x><y>186</y></pt><pt><x>531</x><y>187</y></pt></polygon></object><object><name>customer</name><deleted>0</deleted><verified>0</verified><date>24-Jun-2012 20:03:31</date><id>12</id><polygon><username>sandy</username><pt><x>297</x><y>281</y></pt><pt><x>307</x><y>330</y></pt><pt><x>320</x><y>330</y></pt><pt><x>330</x><y>331</y></pt><pt><x>334</x><y>337</y></pt><pt><x>333</x><y>339</y></pt><pt><x>351</x><y>344</y></pt><pt><x>357</x><y>346</y></pt><pt><x>354</x><y>355</y></pt><pt><x>352</x><y>360</y></pt><pt><x>344</x><y>363</y></pt><pt><x>329</x><y>355</y></pt><pt><x>317</x><y>359</y></pt><pt><x>310</x><y>358</y></pt><pt><x>310</x><y>401</y></pt><pt><x>302</x><y>409</y></pt><pt><x>301</x><y>457</y></pt><pt><x>299</x><y>491</y></pt><pt><x>295</x><y>505</y></pt><pt><x>290</x><y>519</y></pt><pt><x>286</x><y>530</y></pt><pt><x>286</x><y>537</y></pt><pt><x>291</x><y>539</y></pt><pt><x>294</x><y>549</y></pt><pt><x>296</x><y>554</y></pt><pt><x>306</x><y>557</y></pt><pt><x>315</x><y>554</y></pt><pt><x>318</x><y>561</y></pt><pt><x>313</x><y>568</y></pt><pt><x>309</x><y>569</y></pt><pt><x>296</x><y>571</y></pt><pt><x>275</x><y>573</y></pt><pt><x>265</x><y>573</y></pt><pt><x>256</x><y>568</y></pt><pt><x>255</x><y>554</y></pt><pt><x>251</x><y>554</y></pt><pt><x>246</x><y>553</y></pt><pt><x>245</x><y>547</y></pt><pt><x>240</x><y>541</y></pt><pt><x>240</x><y>527</y></pt><pt><x>245</x><y>520</y></pt><pt><x>245</x><y>485</y></pt><pt><x>247</x><y>449</y></pt><pt><x>251</x><y>426</y></pt><pt><x>243</x><y>399</y></pt><pt><x>239</x><y>393</y></pt><pt><x>240</x><y>338</y></pt><pt><x>237</x><y>303</y></pt><pt><x>240</x><y>285</y></pt><pt><x>246</x><y>271</y></pt><pt><x>257</x><y>258</y></pt><pt><x>264</x><y>250</y></pt><pt><x>273</x><y>243</y></pt><pt><x>273</x><y>237</y></pt><pt><x>279</x><y>231</y></pt><pt><x>288</x><y>222</y></pt><pt><x>302</x><y>221</y></pt><pt><x>310</x><y>226</y></pt><pt><x>314</x><y>237</y></pt><pt><x>317</x><y>245</y></pt><pt><x>313</x><y>253</y></pt><pt><x>311</x><y>262</y></pt><pt><x>311</x><y>267</y></pt><pt><x>303</x><y>266</y></pt></polygon></object><object><name>cashier</name><deleted>0</deleted><verified>0</verified><date>24-Jun-2012 20:03:31</date><id>13</id><polygon><username>sandy</username><pt><x>403</x><y>242</y></pt><pt><x>407</x><y>258</y></pt><pt><x>414</x><y>263</y></pt><pt><x>438</x><y>281</y></pt><pt><x>437</x><y>346</y></pt><pt><x>368</x><y>344</y></pt><pt><x>368</x><y>333</y></pt><pt><x>358</x><y>331</y></pt><pt><x>350</x><y>329</y></pt><pt><x>342</x><y>325</y></pt><pt><x>338</x><y>321</y></pt><pt><x>339</x><y>314</y></pt><pt><x>353</x><y>313</y></pt><pt><x>360</x><y>311</y></pt><pt><x>365</x><y>305</y></pt><pt><x>381</x><y>280</y></pt><pt><x>374</x><y>273</y></pt><pt><x>369</x><y>269</y></pt><pt><x>369</x><y>263</y></pt><pt><x>368</x><y>254</y></pt><pt><x>368</x><y>246</y></pt><pt><x>375</x><y>239</y></pt><pt><x>381</x><y>233</y></pt><pt><x>387</x><y>234</y></pt></polygon></object><object><name>bookcase</name><deleted>0</deleted><verified>0</verified><date>24-Jun-2012 20:03:31</date><id>14</id><polygon><username>sandy</username><pt><x>677</x><y>3</y></pt><pt><x>665</x><y>597</y></pt><pt><x>798</x><y>595</y></pt><pt><x>797</x><y>0</y></pt></polygon></object><object><name>bookcase</name><deleted>0</deleted><verified>0</verified><date>24-Jun-2012 20:03:31</date><id>15</id><polygon><username>sandy</username><pt><x>113</x><y>73</y></pt><pt><x>113</x><y>400</y></pt><pt><x>0</x><y>395</y></pt><pt><x>2</x><y>59</y></pt></polygon></object><object><name>bookcase</name><deleted>0</deleted><verified>0</verified><date>24-Jun-2012 20:03:31</date><id>16</id><polygon><username>sandy</username><pt><x>2</x><y>595</y></pt><pt><x>2</x><y>521</y></pt><pt><x>17</x><y>378</y></pt><pt><x>51</x><y>373</y></pt><pt><x>153</x><y>470</y></pt><pt><x>216</x><y>553</y></pt><pt><x>248</x><y>585</y></pt><pt><x>251</x><y>598</y></pt></polygon></object><object><name>computer</name><deleted>0</deleted><verified>0</verified><date>24-Jun-2012 20:03:31</date><id>17</id><polygon><username>sandy</username><pt><x>405</x><y>288</y></pt><pt><x>403</x><y>297</y></pt><pt><x>398</x><y>314</y></pt><pt><x>397</x><y>351</y></pt><pt><x>403</x><y>359</y></pt><pt><x>402</x><y>370</y></pt><pt><x>467</x><y>374</y></pt><pt><x>480</x><y>360</y></pt><pt><x>491</x><y>353</y></pt><pt><x>488</x><y>279</y></pt><pt><x>418</x><y>281</y></pt></polygon></object><object><name>desk</name><deleted>0</deleted><verified>0</verified><date>24-Jun-2012 20:03:31</date><id>18</id><polygon><username>sandy</username><pt><x>455</x><y>595</y></pt><pt><x>537</x><y>582</y></pt><pt><x>536</x><y>368</y></pt><pt><x>488</x><y>359</y></pt><pt><x>362</x><y>338</y></pt><pt><x>245</x><y>343</y></pt><pt><x>241</x><y>501</y></pt><pt><x>365</x><y>593</y></pt><pt><x>373</x><y>599</y></pt></polygon></object><object><name>stairs</name><deleted>0</deleted><verified>0</verified><date>24-Jun-2012 20:03:31</date><id>19</id><polygon><username>sandy</username><pt><x>240</x><y>168</y></pt><pt><x>238</x><y>200</y></pt><pt><x>200</x><y>201</y></pt><pt><x>200</x><y>223</y></pt><pt><x>159</x><y>226</y></pt><pt><x>160</x><y>247</y></pt><pt><x>119</x><y>253</y></pt><pt><x>119</x><y>213</y></pt><pt><x>192</x><y>168</y></pt></polygon></object><object><name>banister</name><deleted>0</deleted><verified>0</verified><date>24-Jun-2012 20:03:31</date><id>20</id><polygon><username>sandy</username><pt><x>120</x><y>121</y></pt><pt><x>221</x><y>62</y></pt><pt><x>223</x><y>58</y></pt><pt><x>225</x><y>22</y></pt><pt><x>234</x><y>16</y></pt><pt><x>258</x><y>6</y></pt><pt><x>241</x><y>1</y></pt><pt><x>224</x><y>11</y></pt><pt><x>218</x><y>16</y></pt><pt><x>216</x><y>27</y></pt><pt><x>214</x><y>54</y></pt><pt><x>213</x><y>57</y></pt><pt><x>115</x><y>111</y></pt></polygon></object><object><name>beads</name><deleted>0</deleted><verified>0</verified><date>24-Jun-2012 20:03:31</date><id>21</id><polygon><username>sandy</username><pt><x>455</x><y>174</y></pt><pt><x>456</x><y>208</y></pt><pt><x>458</x><y>219</y></pt><pt><x>463</x><y>225</y></pt><pt><x>466</x><y>232</y></pt><pt><x>466</x><y>253</y></pt><pt><x>478</x><y>259</y></pt><pt><x>486</x><y>279</y></pt><pt><x>493</x><y>277</y></pt><pt><x>514</x><y>257</y></pt><pt><x>526</x><y>251</y></pt><pt><x>559</x><y>163</y></pt></polygon></object><object><name>picture</name><deleted>0</deleted><verified>0</verified><date>24-Jun-2012 20:03:31</date><id>22</id><polygon><username>sandy</username><pt><x>155</x><y>41</y></pt><pt><x>157</x><y>119</y></pt><pt><x>211</x><y>120</y></pt><pt><x>217</x><y>41</y></pt></polygon></object><object><name>picture</name><deleted>0</deleted><verified>0</verified><date>24-Jun-2012 20:03:31</date><id>23</id><polygon><username>sandy</username><pt><x>194</x><y>138</y></pt><pt><x>195</x><y>166</y></pt><pt><x>173</x><y>162</y></pt><pt><x>171</x><y>134</y></pt></polygon></object><object><name>picture</name><deleted>0</deleted><verified>0</verified><date>24-Jun-2012 20:03:31</date><id>24</id><polygon><username>sandy</username><pt><x>143</x><y>41</y></pt><pt><x>145</x><y>0</y></pt><pt><x>120</x><y>1</y></pt><pt><x>120</x><y>41</y></pt></polygon></object><object><name>cashmachine</name><deleted>0</deleted><verified>0</verified><date>16-Jul-2012 12:17:05</date><id>25</id><polygon><username>sandy</username><pt><x>486</x><y>378</y></pt><pt><x>517</x><y>372</y></pt><pt><x>530</x><y>340</y></pt><pt><x>480</x><y>336</y></pt></polygon></object></annotation>