<annotation><filename>b_breakfast.jpg</filename><folder>100images</folder><source><sourceImage>The MIT-CSAIL database of objects and scenes</sourceImage><sourceAnnotation>LabelMe Webtool</sourceAnnotation></source><object><name>bacon</name><deleted>0</deleted><verified>0</verified><date>24-Jun-2012 21:39:33</date><id>0</id><polygon><username>sandy</username><pt><x>609</x><y>233</y></pt><pt><x>633</x><y>246</y></pt><pt><x>664</x><y>251</y></pt><pt><x>675</x><y>257</y></pt><pt><x>682</x><y>270</y></pt><pt><x>696</x><y>281</y></pt><pt><x>709</x><y>287</y></pt><pt><x>719</x><y>284</y></pt><pt><x>724</x><y>281</y></pt><pt><x>728</x><y>291</y></pt><pt><x>723</x><y>301</y></pt><pt><x>719</x><y>310</y></pt><pt><x>712</x><y>320</y></pt><pt><x>705</x><y>332</y></pt><pt><x>700</x><y>342</y></pt><pt><x>700</x><y>349</y></pt><pt><x>702</x><y>352</y></pt><pt><x>692</x><y>360</y></pt><pt><x>689</x><y>364</y></pt><pt><x>684</x><y>385</y></pt><pt><x>675</x><y>396</y></pt><pt><x>668</x><y>403</y></pt><pt><x>661</x><y>404</y></pt><pt><x>653</x><y>411</y></pt><pt><x>638</x><y>421</y></pt><pt><x>625</x><y>429</y></pt><pt><x>612</x><y>435</y></pt><pt><x>591</x><y>444</y></pt><pt><x>583</x><y>447</y></pt><pt><x>545</x><y>457</y></pt><pt><x>509</x><y>459</y></pt><pt><x>476</x><y>456</y></pt><pt><x>465</x><y>454</y></pt><pt><x>460</x><y>451</y></pt><pt><x>449</x><y>423</y></pt><pt><x>447</x><y>410</y></pt><pt><x>447</x><y>403</y></pt><pt><x>461</x><y>397</y></pt><pt><x>480</x><y>401</y></pt><pt><x>485</x><y>397</y></pt><pt><x>477</x><y>390</y></pt><pt><x>472</x><y>384</y></pt><pt><x>470</x><y>374</y></pt><pt><x>470</x><y>366</y></pt><pt><x>473</x><y>358</y></pt><pt><x>484</x><y>357</y></pt><pt><x>523</x><y>359</y></pt><pt><x>534</x><y>365</y></pt><pt><x>543</x><y>361</y></pt><pt><x>546</x><y>355</y></pt><pt><x>539</x><y>350</y></pt><pt><x>534</x><y>342</y></pt><pt><x>532</x><y>331</y></pt><pt><x>532</x><y>322</y></pt><pt><x>550</x><y>286</y></pt><pt><x>551</x><y>278</y></pt><pt><x>549</x><y>270</y></pt><pt><x>557</x><y>268</y></pt><pt><x>560</x><y>272</y></pt><pt><x>571</x><y>260</y></pt><pt><x>574</x><y>252</y></pt><pt><x>580</x><y>248</y></pt><pt><x>585</x><y>247</y></pt><pt><x>589</x><y>240</y></pt><pt><x>596</x><y>235</y></pt></polygon></object><object><name>tomato</name><deleted>0</deleted><verified>0</verified><date>24-Jun-2012 21:39:33</date><id>1</id><polygon><username>sandy</username><pt><x>524</x><y>276</y></pt><pt><x>514</x><y>281</y></pt><pt><x>505</x><y>283</y></pt><pt><x>502</x><y>287</y></pt><pt><x>495</x><y>298</y></pt><pt><x>491</x><y>309</y></pt><pt><x>491</x><y>321</y></pt><pt><x>499</x><y>327</y></pt><pt><x>511</x><y>333</y></pt><pt><x>524</x><y>332</y></pt><pt><x>533</x><y>331</y></pt><pt><x>545</x><y>327</y></pt><pt><x>551</x><y>321</y></pt><pt><x>555</x><y>309</y></pt><pt><x>555</x><y>302</y></pt><pt><x>551</x><y>292</y></pt><pt><x>548</x><y>282</y></pt><pt><x>537</x><y>276</y></pt></polygon></object><object><name>tomato</name><deleted>0</deleted><verified>0</verified><date>24-Jun-2012 21:39:33</date><id>2</id><polygon><username>sandy</username><pt><x>440</x><y>343</y></pt><pt><x>447</x><y>359</y></pt><pt><x>448</x><y>371</y></pt><pt><x>444</x><y>384</y></pt><pt><x>436</x><y>393</y></pt><pt><x>429</x><y>401</y></pt><pt><x>419</x><y>404</y></pt><pt><x>408</x><y>402</y></pt><pt><x>398</x><y>401</y></pt><pt><x>395</x><y>403</y></pt><pt><x>384</x><y>398</y></pt><pt><x>375</x><y>389</y></pt><pt><x>367</x><y>378</y></pt><pt><x>364</x><y>362</y></pt><pt><x>369</x><y>351</y></pt><pt><x>378</x><y>340</y></pt><pt><x>397</x><y>332</y></pt><pt><x>411</x><y>335</y></pt><pt><x>416</x><y>340</y></pt><pt><x>427</x><y>340</y></pt></polygon></object><object><name>tomato</name><deleted>0</deleted><verified>0</verified><date>24-Jun-2012 21:39:33</date><id>3</id><polygon><username>sandy</username><pt><x>460</x><y>306</y></pt><pt><x>469</x><y>321</y></pt><pt><x>476</x><y>331</y></pt><pt><x>478</x><y>343</y></pt><pt><x>470</x><y>352</y></pt><pt><x>461</x><y>358</y></pt><pt><x>454</x><y>359</y></pt><pt><x>452</x><y>366</y></pt><pt><x>439</x><y>359</y></pt><pt><x>424</x><y>352</y></pt><pt><x>419</x><y>344</y></pt><pt><x>416</x><y>329</y></pt><pt><x>417</x><y>316</y></pt><pt><x>424</x><y>309</y></pt><pt><x>440</x><y>305</y></pt><pt><x>451</x><y>304</y></pt></polygon></object><object><name>tomato</name><deleted>0</deleted><verified>0</verified><date>24-Jun-2012 21:39:33</date><id>4</id><polygon><username>sandy</username><pt><x>378</x><y>302</y></pt><pt><x>401</x><y>309</y></pt><pt><x>412</x><y>320</y></pt><pt><x>417</x><y>330</y></pt><pt><x>415</x><y>344</y></pt><pt><x>368</x><y>377</y></pt><pt><x>355</x><y>370</y></pt><pt><x>347</x><y>361</y></pt><pt><x>342</x><y>352</y></pt><pt><x>333</x><y>341</y></pt><pt><x>332</x><y>329</y></pt><pt><x>341</x><y>314</y></pt><pt><x>351</x><y>307</y></pt><pt><x>360</x><y>300</y></pt></polygon></object><object><name>egg</name><deleted>0</deleted><verified>0</verified><date>24-Jun-2012 21:39:33</date><id>5</id><polygon><username>sandy</username><pt><x>444</x><y>211</y></pt><pt><x>461</x><y>218</y></pt><pt><x>470</x><y>229</y></pt><pt><x>477</x><y>242</y></pt><pt><x>476</x><y>257</y></pt><pt><x>469</x><y>267</y></pt><pt><x>449</x><y>287</y></pt><pt><x>424</x><y>297</y></pt><pt><x>403</x><y>294</y></pt><pt><x>390</x><y>292</y></pt><pt><x>381</x><y>287</y></pt><pt><x>375</x><y>279</y></pt><pt><x>367</x><y>269</y></pt><pt><x>366</x><y>257</y></pt><pt><x>367</x><y>247</y></pt><pt><x>377</x><y>231</y></pt><pt><x>385</x><y>222</y></pt><pt><x>398</x><y>217</y></pt><pt><x>413</x><y>211</y></pt><pt><x>426</x><y>211</y></pt></polygon></object><object><name>egg</name><deleted>0</deleted><verified>0</verified><date>24-Jun-2012 21:39:33</date><id>6</id><polygon><username>sandy</username><pt><x>535</x><y>163</y></pt><pt><x>560</x><y>169</y></pt><pt><x>576</x><y>178</y></pt><pt><x>585</x><y>190</y></pt><pt><x>587</x><y>210</y></pt><pt><x>582</x><y>220</y></pt><pt><x>574</x><y>229</y></pt><pt><x>561</x><y>239</y></pt><pt><x>549</x><y>243</y></pt><pt><x>523</x><y>241</y></pt><pt><x>503</x><y>235</y></pt><pt><x>495</x><y>228</y></pt><pt><x>489</x><y>220</y></pt><pt><x>485</x><y>213</y></pt><pt><x>482</x><y>203</y></pt><pt><x>485</x><y>190</y></pt><pt><x>490</x><y>182</y></pt><pt><x>502</x><y>173</y></pt><pt><x>514</x><y>168</y></pt></polygon></object><object><name>fryingpan</name><deleted>0</deleted><verified>0</verified><date>24-Jun-2012 21:39:33</date><id>7</id><polygon><username>sandy</username><pt><x>744</x><y>222</y></pt><pt><x>756</x><y>245</y></pt><pt><x>757</x><y>258</y></pt><pt><x>754</x><y>272</y></pt><pt><x>751</x><y>285</y></pt><pt><x>745</x><y>309</y></pt><pt><x>733</x><y>342</y></pt><pt><x>714</x><y>370</y></pt><pt><x>688</x><y>401</y></pt><pt><x>658</x><y>421</y></pt><pt><x>624</x><y>442</y></pt><pt><x>591</x><y>451</y></pt><pt><x>555</x><y>467</y></pt><pt><x>537</x><y>478</y></pt><pt><x>531</x><y>486</y></pt><pt><x>517</x><y>551</y></pt><pt><x>513</x><y>560</y></pt><pt><x>519</x><y>564</y></pt><pt><x>519</x><y>596</y></pt><pt><x>517</x><y>599</y></pt><pt><x>458</x><y>599</y></pt><pt><x>458</x><y>564</y></pt><pt><x>469</x><y>552</y></pt><pt><x>462</x><y>540</y></pt><pt><x>453</x><y>470</y></pt><pt><x>447</x><y>465</y></pt><pt><x>417</x><y>452</y></pt><pt><x>377</x><y>433</y></pt><pt><x>332</x><y>398</y></pt><pt><x>302</x><y>364</y></pt><pt><x>291</x><y>339</y></pt><pt><x>285</x><y>313</y></pt><pt><x>281</x><y>287</y></pt><pt><x>276</x><y>266</y></pt><pt><x>274</x><y>254</y></pt><pt><x>277</x><y>241</y></pt><pt><x>287</x><y>233</y></pt><pt><x>292</x><y>226</y></pt><pt><x>312</x><y>194</y></pt><pt><x>334</x><y>166</y></pt><pt><x>361</x><y>140</y></pt><pt><x>379</x><y>130</y></pt><pt><x>417</x><y>113</y></pt><pt><x>435</x><y>107</y></pt><pt><x>473</x><y>99</y></pt><pt><x>507</x><y>98</y></pt><pt><x>548</x><y>98</y></pt><pt><x>598</x><y>105</y></pt><pt><x>660</x><y>129</y></pt><pt><x>699</x><y>162</y></pt><pt><x>725</x><y>194</y></pt></polygon></object><object><name>stove</name><deleted>0</deleted><verified>0</verified><date>24-Jun-2012 21:39:33</date><id>8</id><polygon><username>sandy</username><pt><x>0</x><y>435</y></pt><pt><x>132</x><y>164</y></pt><pt><x>743</x><y>181</y></pt><pt><x>748</x><y>546</y></pt><pt><x>738</x><y>576</y></pt><pt><x>729</x><y>587</y></pt><pt><x>719</x><y>597</y></pt><pt><x>712</x><y>599</y></pt><pt><x>447</x><y>597</y></pt><pt><x>350</x><y>583</y></pt><pt><x>211</x><y>564</y></pt><pt><x>147</x><y>553</y></pt><pt><x>142</x><y>564</y></pt><pt><x>131</x><y>567</y></pt><pt><x>122</x><y>565</y></pt><pt><x>118</x><y>562</y></pt><pt><x>111</x><y>558</y></pt><pt><x>96</x><y>565</y></pt><pt><x>57</x><y>541</y></pt><pt><x>26</x><y>537</y></pt><pt><x>19</x><y>533</y></pt><pt><x>19</x><y>525</y></pt><pt><x>24</x><y>519</y></pt><pt><x>21</x><y>515</y></pt><pt><x>2</x><y>494</y></pt></polygon></object><object><name>coffeepot</name><deleted>0</deleted><verified>0</verified><date>24-Jun-2012 21:39:33</date><id>9</id><polygon><username>sandy</username><pt><x>208</x><y>138</y></pt><pt><x>218</x><y>165</y></pt><pt><x>218</x><y>180</y></pt><pt><x>230</x><y>183</y></pt><pt><x>230</x><y>187</y></pt><pt><x>227</x><y>194</y></pt><pt><x>272</x><y>260</y></pt><pt><x>278</x><y>314</y></pt><pt><x>275</x><y>328</y></pt><pt><x>222</x><y>371</y></pt><pt><x>186</x><y>378</y></pt><pt><x>160</x><y>379</y></pt><pt><x>121</x><y>343</y></pt><pt><x>86</x><y>263</y></pt><pt><x>84</x><y>252</y></pt><pt><x>73</x><y>246</y></pt><pt><x>54</x><y>230</y></pt><pt><x>55</x><y>236</y></pt><pt><x>18</x><y>242</y></pt><pt><x>0</x><y>228</y></pt><pt><x>4</x><y>47</y></pt><pt><x>26</x><y>30</y></pt><pt><x>33</x><y>9</y></pt><pt><x>50</x><y>6</y></pt><pt><x>62</x><y>19</y></pt><pt><x>85</x><y>6</y></pt><pt><x>156</x><y>8</y></pt><pt><x>187</x><y>28</y></pt><pt><x>202</x><y>29</y></pt><pt><x>205</x><y>34</y></pt><pt><x>220</x><y>34</y></pt><pt><x>230</x><y>46</y></pt><pt><x>232</x><y>52</y></pt><pt><x>227</x><y>57</y></pt><pt><x>220</x><y>61</y></pt><pt><x>219</x><y>68</y></pt></polygon></object><object><name>metalroundthing</name><deleted>1</deleted><verified>0</verified><date>24-Jun-2012 21:39:33</date><id>10</id><polygon><username>sandy</username><pt><x>564</x><y>254</y></pt><pt><x>534</x><y>259</y></pt><pt><x>512</x><y>257</y></pt><pt><x>495</x><y>247</y></pt><pt><x>487</x><y>239</y></pt><pt><x>482</x><y>230</y></pt><pt><x>479</x><y>213</y></pt><pt><x>478</x><y>197</y></pt><pt><x>481</x><y>185</y></pt><pt><x>491</x><y>175</y></pt><pt><x>513</x><y>164</y></pt><pt><x>537</x><y>160</y></pt><pt><x>568</x><y>168</y></pt><pt><x>590</x><y>190</y></pt><pt><x>594</x><y>204</y></pt><pt><x>594</x><y>220</y></pt><pt><x>594</x><y>237</y></pt><pt><x>583</x><y>243</y></pt><pt><x>573</x><y>251</y></pt></polygon></object><object><name>metalroundthing</name><deleted>1</deleted><verified>0</verified><date>24-Jun-2012 21:39:33</date><id>11</id><polygon><username>sandy</username><pt><x>475</x><y>278</y></pt><pt><x>459</x><y>296</y></pt><pt><x>443</x><y>305</y></pt><pt><x>422</x><y>306</y></pt><pt><x>406</x><y>306</y></pt><pt><x>388</x><y>303</y></pt><pt><x>376</x><y>298</y></pt><pt><x>367</x><y>289</y></pt><pt><x>362</x><y>278</y></pt><pt><x>359</x><y>258</y></pt><pt><x>360</x><y>246</y></pt><pt><x>366</x><y>233</y></pt><pt><x>386</x><y>217</y></pt><pt><x>410</x><y>208</y></pt><pt><x>435</x><y>209</y></pt><pt><x>452</x><y>211</y></pt><pt><x>471</x><y>224</y></pt><pt><x>477</x><y>238</y></pt><pt><x>480</x><y>257</y></pt></polygon></object><imagesize><nrows>600
</nrows><ncols>800
</ncols></imagesize></annotation>
