<annotation><filename>b_building_crossing.jpg</filename><folder>100images</folder><source><sourceImage>The MIT-CSAIL database of objects and scenes</sourceImage><sourceAnnotation>LabelMe Webtool</sourceAnnotation></source><object><name>person</name><deleted>0</deleted><verified>0</verified><date>24-Jun-2012 21:49:06</date><id>0</id><polygon><username>sandy</username><pt><x>622</x><y>357</y></pt><pt><x>624</x><y>369</y></pt><pt><x>630</x><y>376</y></pt><pt><x>628</x><y>386</y></pt><pt><x>631</x><y>404</y></pt><pt><x>632</x><y>414</y></pt><pt><x>630</x><y>423</y></pt><pt><x>628</x><y>430</y></pt><pt><x>631</x><y>443</y></pt><pt><x>634</x><y>459</y></pt><pt><x>636</x><y>472</y></pt><pt><x>639</x><y>480</y></pt><pt><x>641</x><y>484</y></pt><pt><x>635</x><y>482</y></pt><pt><x>629</x><y>481</y></pt><pt><x>626</x><y>481</y></pt><pt><x>620</x><y>481</y></pt><pt><x>617</x><y>478</y></pt><pt><x>618</x><y>475</y></pt><pt><x>624</x><y>473</y></pt><pt><x>627</x><y>472</y></pt><pt><x>624</x><y>462</y></pt><pt><x>618</x><y>448</y></pt><pt><x>617</x><y>436</y></pt><pt><x>613</x><y>438</y></pt><pt><x>611</x><y>450</y></pt><pt><x>609</x><y>464</y></pt><pt><x>611</x><y>468</y></pt><pt><x>613</x><y>472</y></pt><pt><x>609</x><y>476</y></pt><pt><x>603</x><y>474</y></pt><pt><x>592</x><y>472</y></pt><pt><x>591</x><y>469</y></pt><pt><x>599</x><y>465</y></pt><pt><x>602</x><y>464</y></pt><pt><x>598</x><y>442</y></pt><pt><x>600</x><y>432</y></pt><pt><x>607</x><y>424</y></pt><pt><x>605</x><y>420</y></pt><pt><x>606</x><y>401</y></pt><pt><x>606</x><y>386</y></pt><pt><x>608</x><y>380</y></pt><pt><x>610</x><y>377</y></pt><pt><x>607</x><y>374</y></pt><pt><x>606</x><y>368</y></pt><pt><x>606</x><y>362</y></pt><pt><x>608</x><y>360</y></pt><pt><x>616</x><y>354</y></pt></polygon></object><object><name>person</name><deleted>0</deleted><verified>0</verified><date>24-Jun-2012 21:49:06</date><id>1</id><polygon><username>sandy</username><pt><x>555</x><y>416</y></pt><pt><x>552</x><y>393</y></pt><pt><x>547</x><y>385</y></pt><pt><x>540</x><y>380</y></pt><pt><x>537</x><y>377</y></pt><pt><x>537</x><y>374</y></pt><pt><x>540</x><y>367</y></pt><pt><x>536</x><y>360</y></pt><pt><x>532</x><y>357</y></pt><pt><x>528</x><y>357</y></pt><pt><x>524</x><y>362</y></pt><pt><x>522</x><y>365</y></pt><pt><x>523</x><y>370</y></pt><pt><x>524</x><y>377</y></pt><pt><x>523</x><y>383</y></pt><pt><x>522</x><y>386</y></pt><pt><x>516</x><y>387</y></pt><pt><x>514</x><y>393</y></pt><pt><x>512</x><y>400</y></pt><pt><x>516</x><y>404</y></pt><pt><x>522</x><y>411</y></pt><pt><x>526</x><y>428</y></pt><pt><x>517</x><y>439</y></pt><pt><x>516</x><y>462</y></pt><pt><x>512</x><y>468</y></pt><pt><x>509</x><y>472</y></pt><pt><x>503</x><y>471</y></pt><pt><x>501</x><y>476</y></pt><pt><x>504</x><y>480</y></pt><pt><x>515</x><y>482</y></pt><pt><x>519</x><y>483</y></pt><pt><x>522</x><y>476</y></pt><pt><x>523</x><y>471</y></pt><pt><x>526</x><y>466</y></pt><pt><x>527</x><y>455</y></pt><pt><x>530</x><y>446</y></pt><pt><x>534</x><y>444</y></pt><pt><x>539</x><y>454</y></pt><pt><x>543</x><y>458</y></pt><pt><x>551</x><y>465</y></pt><pt><x>557</x><y>472</y></pt><pt><x>560</x><y>479</y></pt><pt><x>555</x><y>483</y></pt><pt><x>557</x><y>487</y></pt><pt><x>560</x><y>489</y></pt><pt><x>565</x><y>487</y></pt><pt><x>570</x><y>483</y></pt><pt><x>574</x><y>480</y></pt><pt><x>576</x><y>475</y></pt><pt><x>566</x><y>465</y></pt><pt><x>557</x><y>455</y></pt><pt><x>551</x><y>447</y></pt><pt><x>549</x><y>444</y></pt><pt><x>548</x><y>438</y></pt><pt><x>547</x><y>430</y></pt><pt><x>549</x><y>422</y></pt></polygon></object><object><name>person</name><deleted>0</deleted><verified>0</verified><date>24-Jun-2012 21:49:06</date><id>2</id><polygon><username>sandy</username><pt><x>515</x><y>339</y></pt><pt><x>522</x><y>344</y></pt><pt><x>522</x><y>348</y></pt><pt><x>525</x><y>349</y></pt><pt><x>526</x><y>355</y></pt><pt><x>523</x><y>365</y></pt><pt><x>521</x><y>369</y></pt><pt><x>522</x><y>375</y></pt><pt><x>523</x><y>379</y></pt><pt><x>523</x><y>385</y></pt><pt><x>520</x><y>386</y></pt><pt><x>515</x><y>387</y></pt><pt><x>515</x><y>380</y></pt><pt><x>513</x><y>372</y></pt><pt><x>513</x><y>366</y></pt><pt><x>510</x><y>362</y></pt><pt><x>509</x><y>356</y></pt></polygon></object><object><name>person</name><deleted>0</deleted><verified>0</verified><date>24-Jun-2012 21:49:06</date><id>3</id><polygon><username>sandy</username><pt><x>363</x><y>364</y></pt><pt><x>367</x><y>374</y></pt><pt><x>370</x><y>379</y></pt><pt><x>370</x><y>388</y></pt><pt><x>366</x><y>393</y></pt><pt><x>363</x><y>400</y></pt><pt><x>364</x><y>408</y></pt><pt><x>366</x><y>413</y></pt><pt><x>370</x><y>423</y></pt><pt><x>373</x><y>430</y></pt><pt><x>374</x><y>437</y></pt><pt><x>372</x><y>438</y></pt><pt><x>368</x><y>440</y></pt><pt><x>362</x><y>438</y></pt><pt><x>359</x><y>438</y></pt><pt><x>359</x><y>434</y></pt><pt><x>363</x><y>432</y></pt><pt><x>364</x><y>429</y></pt><pt><x>362</x><y>422</y></pt><pt><x>358</x><y>413</y></pt><pt><x>355</x><y>409</y></pt><pt><x>351</x><y>418</y></pt><pt><x>347</x><y>424</y></pt><pt><x>344</x><y>433</y></pt><pt><x>339</x><y>437</y></pt><pt><x>335</x><y>437</y></pt><pt><x>329</x><y>430</y></pt><pt><x>335</x><y>430</y></pt><pt><x>338</x><y>428</y></pt><pt><x>343</x><y>419</y></pt><pt><x>344</x><y>416</y></pt><pt><x>345</x><y>408</y></pt><pt><x>350</x><y>399</y></pt><pt><x>352</x><y>395</y></pt><pt><x>346</x><y>385</y></pt><pt><x>345</x><y>379</y></pt><pt><x>344</x><y>376</y></pt><pt><x>347</x><y>370</y></pt><pt><x>348</x><y>364</y></pt><pt><x>351</x><y>356</y></pt><pt><x>349</x><y>353</y></pt><pt><x>350</x><y>345</y></pt><pt><x>354</x><y>345</y></pt><pt><x>358</x><y>346</y></pt><pt><x>362</x><y>352</y></pt></polygon></object><object><name>buildings</name><deleted>0</deleted><verified>0</verified><date>24-Jun-2012 21:49:06</date><id>4</id><polygon><username>sandy</username><pt><x>627</x><y>12</y></pt><pt><x>631</x><y>342</y></pt><pt><x>631</x><y>359</y></pt><pt><x>632</x><y>365</y></pt><pt><x>472</x><y>366</y></pt><pt><x>238</x><y>354</y></pt><pt><x>254</x><y>0</y></pt><pt><x>626</x><y>1</y></pt></polygon></object><object><name>buildings</name><deleted>0</deleted><verified>0</verified><date>24-Jun-2012 21:49:06</date><id>5</id><polygon><username>sandy</username><pt><x>633</x><y>100</y></pt><pt><x>643</x><y>96</y></pt><pt><x>651</x><y>100</y></pt><pt><x>649</x><y>104</y></pt><pt><x>682</x><y>99</y></pt><pt><x>690</x><y>106</y></pt><pt><x>687</x><y>116</y></pt><pt><x>747</x><y>109</y></pt><pt><x>772</x><y>134</y></pt><pt><x>773</x><y>169</y></pt><pt><x>779</x><y>174</y></pt><pt><x>787</x><y>178</y></pt><pt><x>794</x><y>176</y></pt><pt><x>796</x><y>185</y></pt><pt><x>798</x><y>191</y></pt><pt><x>796</x><y>355</y></pt><pt><x>679</x><y>367</y></pt><pt><x>634</x><y>363</y></pt></polygon></object><object><name>road</name><deleted>0</deleted><verified>0</verified><date>24-Jun-2012 21:49:06</date><id>6</id><polygon><username>sandy</username><pt><x>2</x><y>468</y></pt><pt><x>213</x><y>439</y></pt><pt><x>283</x><y>434</y></pt><pt><x>332</x><y>423</y></pt><pt><x>342</x><y>420</y></pt><pt><x>344</x><y>415</y></pt><pt><x>340</x><y>409</y></pt><pt><x>337</x><y>404</y></pt><pt><x>330</x><y>398</y></pt><pt><x>253</x><y>390</y></pt><pt><x>257</x><y>382</y></pt><pt><x>394</x><y>389</y></pt><pt><x>463</x><y>390</y></pt><pt><x>559</x><y>389</y></pt><pt><x>599</x><y>387</y></pt><pt><x>657</x><y>388</y></pt><pt><x>709</x><y>384</y></pt><pt><x>756</x><y>376</y></pt><pt><x>799</x><y>368</y></pt><pt><x>799</x><y>600</y></pt><pt><x>2</x><y>596</y></pt></polygon></object><object><name>sign</name><deleted>0</deleted><verified>0</verified><date>24-Jun-2012 21:49:06</date><id>7</id><polygon><username>sandy</username><pt><x>195</x><y>219</y></pt><pt><x>194</x><y>234</y></pt><pt><x>185</x><y>234</y></pt><pt><x>183</x><y>239</y></pt><pt><x>180</x><y>240</y></pt><pt><x>174</x><y>239</y></pt><pt><x>171</x><y>236</y></pt><pt><x>162</x><y>237</y></pt><pt><x>160</x><y>222</y></pt></polygon></object><object><name>sign</name><deleted>0</deleted><verified>0</verified><date>24-Jun-2012 21:49:06</date><id>8</id><polygon><username>sandy</username><pt><x>205</x><y>268</y></pt><pt><x>203</x><y>286</y></pt><pt><x>189</x><y>282</y></pt><pt><x>192</x><y>263</y></pt></polygon></object><object><name>sign</name><deleted>0</deleted><verified>0</verified><date>24-Jun-2012 21:49:06</date><id>9</id><polygon><username>sandy</username><pt><x>122</x><y>244</y></pt><pt><x>149</x><y>294</y></pt><pt><x>166</x><y>250</y></pt></polygon></object><object><name>lamppost</name><deleted>0</deleted><verified>0</verified><date>24-Jun-2012 21:49:06</date><id>10</id><polygon><username>sandy</username><pt><x>209</x><y>13</y></pt><pt><x>207</x><y>32</y></pt><pt><x>201</x><y>46</y></pt><pt><x>207</x><y>47</y></pt><pt><x>196</x><y>432</y></pt><pt><x>203</x><y>433</y></pt><pt><x>212</x><y>431</y></pt><pt><x>218</x><y>49</y></pt><pt><x>221</x><y>39</y></pt><pt><x>220</x><y>33</y></pt><pt><x>223</x><y>23</y></pt><pt><x>237</x><y>3</y></pt><pt><x>231</x><y>0</y></pt><pt><x>219</x><y>15</y></pt></polygon></object><object><name>lamppost</name><deleted>0</deleted><verified>0</verified><date>24-Jun-2012 21:49:06</date><id>11</id><polygon><username>sandy</username><pt><x>164</x><y>178</y></pt><pt><x>174</x><y>178</y></pt><pt><x>179</x><y>181</y></pt><pt><x>174</x><y>186</y></pt><pt><x>170</x><y>186</y></pt><pt><x>157</x><y>182</y></pt><pt><x>150</x><y>181</y></pt><pt><x>118</x><y>199</y></pt><pt><x>114</x><y>288</y></pt><pt><x>108</x><y>286</y></pt><pt><x>109</x><y>193</y></pt><pt><x>115</x><y>191</y></pt><pt><x>120</x><y>193</y></pt><pt><x>149</x><y>180</y></pt></polygon></object><object><name>tree</name><deleted>0</deleted><verified>0</verified><date>24-Jun-2012 21:49:06</date><id>12</id><polygon><username>sandy</username><pt><x>466</x><y>154</y></pt><pt><x>473</x><y>174</y></pt><pt><x>484</x><y>177</y></pt><pt><x>492</x><y>207</y></pt><pt><x>498</x><y>214</y></pt><pt><x>502</x><y>217</y></pt><pt><x>502</x><y>228</y></pt><pt><x>519</x><y>240</y></pt><pt><x>532</x><y>258</y></pt><pt><x>536</x><y>275</y></pt><pt><x>541</x><y>286</y></pt><pt><x>549</x><y>287</y></pt><pt><x>550</x><y>309</y></pt><pt><x>549</x><y>319</y></pt><pt><x>517</x><y>338</y></pt><pt><x>463</x><y>345</y></pt><pt><x>464</x><y>368</y></pt><pt><x>455</x><y>370</y></pt><pt><x>453</x><y>348</y></pt><pt><x>438</x><y>344</y></pt><pt><x>413</x><y>350</y></pt><pt><x>400</x><y>345</y></pt><pt><x>394</x><y>340</y></pt><pt><x>379</x><y>342</y></pt><pt><x>370</x><y>337</y></pt><pt><x>368</x><y>326</y></pt><pt><x>366</x><y>316</y></pt><pt><x>361</x><y>303</y></pt><pt><x>362</x><y>288</y></pt><pt><x>366</x><y>274</y></pt><pt><x>368</x><y>259</y></pt><pt><x>371</x><y>251</y></pt><pt><x>380</x><y>252</y></pt><pt><x>405</x><y>222</y></pt><pt><x>413</x><y>206</y></pt><pt><x>414</x><y>190</y></pt><pt><x>415</x><y>183</y></pt><pt><x>428</x><y>174</y></pt><pt><x>450</x><y>158</y></pt></polygon></object><object><name>tree</name><deleted>0</deleted><verified>0</verified><date>24-Jun-2012 21:49:06</date><id>13</id><polygon><username>sandy</username><pt><x>307</x><y>188</y></pt><pt><x>296</x><y>209</y></pt><pt><x>307</x><y>212</y></pt><pt><x>328</x><y>262</y></pt><pt><x>319</x><y>266</y></pt><pt><x>317</x><y>282</y></pt><pt><x>320</x><y>298</y></pt><pt><x>311</x><y>317</y></pt><pt><x>297</x><y>320</y></pt><pt><x>286</x><y>328</y></pt><pt><x>267</x><y>330</y></pt><pt><x>267</x><y>358</y></pt><pt><x>259</x><y>362</y></pt><pt><x>259</x><y>338</y></pt><pt><x>249</x><y>339</y></pt><pt><x>237</x><y>338</y></pt><pt><x>235</x><y>350</y></pt><pt><x>224</x><y>362</y></pt><pt><x>113</x><y>366</y></pt><pt><x>106</x><y>353</y></pt><pt><x>110</x><y>341</y></pt><pt><x>120</x><y>328</y></pt><pt><x>125</x><y>322</y></pt><pt><x>140</x><y>309</y></pt><pt><x>148</x><y>302</y></pt><pt><x>167</x><y>282</y></pt><pt><x>169</x><y>274</y></pt><pt><x>176</x><y>264</y></pt><pt><x>174</x><y>246</y></pt><pt><x>184</x><y>233</y></pt><pt><x>195</x><y>226</y></pt><pt><x>207</x><y>225</y></pt><pt><x>222</x><y>221</y></pt><pt><x>224</x><y>217</y></pt><pt><x>223</x><y>208</y></pt><pt><x>233</x><y>200</y></pt><pt><x>264</x><y>197</y></pt><pt><x>263</x><y>182</y></pt><pt><x>271</x><y>172</y></pt><pt><x>280</x><y>166</y></pt><pt><x>288</x><y>169</y></pt><pt><x>295</x><y>175</y></pt><pt><x>299</x><y>183</y></pt></polygon></object><object><name>tree</name><deleted>0</deleted><verified>0</verified><date>24-Jun-2012 21:49:06</date><id>14</id><polygon><username>sandy</username><pt><x>172</x><y>21</y></pt><pt><x>150</x><y>39</y></pt><pt><x>140</x><y>50</y></pt><pt><x>147</x><y>72</y></pt><pt><x>146</x><y>96</y></pt><pt><x>151</x><y>98</y></pt><pt><x>164</x><y>95</y></pt><pt><x>169</x><y>102</y></pt><pt><x>166</x><y>119</y></pt><pt><x>170</x><y>136</y></pt><pt><x>169</x><y>148</y></pt><pt><x>155</x><y>145</y></pt><pt><x>142</x><y>148</y></pt><pt><x>154</x><y>157</y></pt><pt><x>154</x><y>165</y></pt><pt><x>147</x><y>166</y></pt><pt><x>124</x><y>157</y></pt><pt><x>106</x><y>151</y></pt><pt><x>88</x><y>149</y></pt><pt><x>93</x><y>159</y></pt><pt><x>102</x><y>174</y></pt><pt><x>104</x><y>189</y></pt><pt><x>118</x><y>186</y></pt><pt><x>111</x><y>220</y></pt><pt><x>114</x><y>245</y></pt><pt><x>125</x><y>251</y></pt><pt><x>131</x><y>235</y></pt><pt><x>141</x><y>226</y></pt><pt><x>149</x><y>225</y></pt><pt><x>147</x><y>244</y></pt><pt><x>141</x><y>255</y></pt><pt><x>138</x><y>265</y></pt><pt><x>145</x><y>281</y></pt><pt><x>142</x><y>301</y></pt><pt><x>139</x><y>314</y></pt><pt><x>113</x><y>354</y></pt><pt><x>2</x><y>354</y></pt><pt><x>4</x><y>2</y></pt><pt><x>162</x><y>2</y></pt></polygon></object><object><name>tree</name><deleted>0</deleted><verified>0</verified><date>24-Jun-2012 21:49:06</date><id>15</id><polygon><username>sandy</username><pt><x>609</x><y>267</y></pt><pt><x>615</x><y>274</y></pt><pt><x>623</x><y>279</y></pt><pt><x>630</x><y>287</y></pt><pt><x>636</x><y>293</y></pt><pt><x>639</x><y>308</y></pt><pt><x>630</x><y>320</y></pt><pt><x>620</x><y>326</y></pt><pt><x>615</x><y>333</y></pt><pt><x>609</x><y>341</y></pt><pt><x>608</x><y>363</y></pt><pt><x>599</x><y>370</y></pt><pt><x>592</x><y>340</y></pt><pt><x>583</x><y>337</y></pt><pt><x>572</x><y>334</y></pt><pt><x>564</x><y>333</y></pt><pt><x>559</x><y>329</y></pt><pt><x>558</x><y>321</y></pt><pt><x>561</x><y>317</y></pt><pt><x>554</x><y>302</y></pt><pt><x>551</x><y>293</y></pt><pt><x>551</x><y>282</y></pt><pt><x>554</x><y>275</y></pt><pt><x>559</x><y>277</y></pt><pt><x>567</x><y>279</y></pt><pt><x>567</x><y>285</y></pt><pt><x>576</x><y>280</y></pt><pt><x>584</x><y>277</y></pt><pt><x>591</x><y>283</y></pt><pt><x>599</x><y>276</y></pt><pt><x>600</x><y>268</y></pt></polygon></object><object><name>tree</name><deleted>0</deleted><verified>0</verified><date>24-Jun-2012 21:49:06</date><id>16</id><polygon><username>sandy</username><pt><x>703</x><y>301</y></pt><pt><x>687</x><y>307</y></pt><pt><x>685</x><y>321</y></pt><pt><x>682</x><y>342</y></pt><pt><x>682</x><y>351</y></pt><pt><x>679</x><y>361</y></pt><pt><x>674</x><y>363</y></pt><pt><x>676</x><y>343</y></pt><pt><x>669</x><y>340</y></pt><pt><x>667</x><y>330</y></pt><pt><x>662</x><y>325</y></pt><pt><x>654</x><y>319</y></pt><pt><x>644</x><y>319</y></pt><pt><x>637</x><y>307</y></pt><pt><x>641</x><y>296</y></pt><pt><x>647</x><y>288</y></pt><pt><x>652</x><y>279</y></pt><pt><x>662</x><y>273</y></pt><pt><x>673</x><y>271</y></pt><pt><x>685</x><y>277</y></pt><pt><x>692</x><y>283</y></pt><pt><x>702</x><y>294</y></pt></polygon></object><object><name>pavement</name><deleted>0</deleted><verified>0</verified><date>24-Jun-2012 21:49:06</date><id>17</id><polygon><username>sandy</username><pt><x>3</x><y>424</y></pt><pt><x>3</x><y>465</y></pt><pt><x>224</x><y>440</y></pt><pt><x>278</x><y>435</y></pt><pt><x>338</x><y>421</y></pt><pt><x>343</x><y>416</y></pt><pt><x>338</x><y>406</y></pt><pt><x>331</x><y>399</y></pt><pt><x>251</x><y>391</y></pt><pt><x>246</x><y>398</y></pt><pt><x>235</x><y>404</y></pt></polygon></object><object><name>pavement</name><deleted>0</deleted><verified>0</verified><date>24-Jun-2012 21:49:06</date><id>18</id><polygon><username>sandy</username><pt><x>762</x><y>362</y></pt><pt><x>700</x><y>372</y></pt><pt><x>636</x><y>372</y></pt><pt><x>581</x><y>379</y></pt><pt><x>549</x><y>382</y></pt><pt><x>506</x><y>380</y></pt><pt><x>450</x><y>379</y></pt><pt><x>392</x><y>373</y></pt><pt><x>320</x><y>374</y></pt><pt><x>311</x><y>381</y></pt><pt><x>452</x><y>390</y></pt><pt><x>518</x><y>391</y></pt><pt><x>581</x><y>389</y></pt><pt><x>635</x><y>388</y></pt><pt><x>709</x><y>384</y></pt><pt><x>756</x><y>377</y></pt><pt><x>798</x><y>368</y></pt><pt><x>797</x><y>361</y></pt><pt><x>787</x><y>359</y></pt></polygon></object><object><name>car</name><deleted>0</deleted><verified>0</verified><date>24-Jun-2012 21:49:06</date><id>19</id><polygon><username>sandy</username><pt><x>308</x><y>347</y></pt><pt><x>328</x><y>357</y></pt><pt><x>332</x><y>363</y></pt><pt><x>330</x><y>372</y></pt><pt><x>326</x><y>376</y></pt><pt><x>320</x><y>381</y></pt><pt><x>306</x><y>380</y></pt><pt><x>298</x><y>379</y></pt><pt><x>292</x><y>384</y></pt><pt><x>283</x><y>380</y></pt><pt><x>250</x><y>379</y></pt><pt><x>242</x><y>365</y></pt><pt><x>254</x><y>361</y></pt><pt><x>267</x><y>353</y></pt><pt><x>272</x><y>351</y></pt><pt><x>295</x><y>347</y></pt></polygon></object><object><name>grass</name><deleted>0</deleted><verified>0</verified><date>24-Jun-2012 21:49:06</date><id>20</id><polygon><username>sandy</username><pt><x>335</x><y>370</y></pt><pt><x>457</x><y>380</y></pt><pt><x>547</x><y>383</y></pt><pt><x>634</x><y>373</y></pt><pt><x>574</x><y>362</y></pt><pt><x>472</x><y>364</y></pt><pt><x>425</x><y>358</y></pt><pt><x>344</x><y>362</y></pt></polygon></object><object><name>sign</name><deleted>0</deleted><verified>0</verified><date>24-Jun-2012 21:49:06</date><id>21</id><polygon><username>sandy</username><pt><x>230</x><y>245</y></pt><pt><x>230</x><y>260</y></pt><pt><x>218</x><y>260</y></pt><pt><x>217</x><y>244</y></pt></polygon></object><object><name>sign</name><deleted>0</deleted><verified>0</verified><date>24-Jun-2012 21:49:06</date><id>22</id><polygon><username>sandy</username><pt><x>254</x><y>238</y></pt><pt><x>254</x><y>247</y></pt><pt><x>254</x><y>251</y></pt><pt><x>239</x><y>249</y></pt><pt><x>240</x><y>253</y></pt><pt><x>230</x><y>254</y></pt><pt><x>227</x><y>248</y></pt><pt><x>217</x><y>246</y></pt><pt><x>215</x><y>230</y></pt><pt><x>231</x><y>233</y></pt><pt><x>234</x><y>226</y></pt><pt><x>241</x><y>232</y></pt></polygon></object><object><name>railings</name><deleted>0</deleted><verified>0</verified><date>24-Jun-2012 21:49:06</date><id>23</id><polygon><username>sandy</username><pt><x>408</x><y>353</y></pt><pt><x>473</x><y>352</y></pt><pt><x>557</x><y>354</y></pt><pt><x>636</x><y>351</y></pt><pt><x>635</x><y>370</y></pt><pt><x>558</x><y>379</y></pt><pt><x>472</x><y>379</y></pt><pt><x>402</x><y>378</y></pt><pt><x>319</x><y>370</y></pt><pt><x>321</x><y>354</y></pt></polygon></object><object><name>lamppost</name><deleted>0</deleted><verified>0</verified><date>24-Jun-2012 21:49:06</date><id>24</id><polygon><username>sandy</username><pt><x>689</x><y>183</y></pt><pt><x>683</x><y>187</y></pt><pt><x>673</x><y>185</y></pt><pt><x>665</x><y>187</y></pt><pt><x>659</x><y>192</y></pt><pt><x>635</x><y>217</y></pt><pt><x>651</x><y>381</y></pt><pt><x>642</x><y>380</y></pt><pt><x>627</x><y>209</y></pt><pt><x>634</x><y>209</y></pt><pt><x>652</x><y>191</y></pt><pt><x>660</x><y>186</y></pt><pt><x>677</x><y>180</y></pt></polygon></object><imagesize><nrows>600</nrows><ncols>800</ncols></imagesize><object><name>bin</name><deleted>0</deleted><verified>0</verified><date>16-Jul-2012 12:19:40</date><id>25</id><polygon><username>sandy</username><pt><x>164</x><y>425</y></pt><pt><x>191</x><y>426</y></pt><pt><x>193</x><y>353</y></pt><pt><x>170</x><y>354</y></pt></polygon></object><object><name>bin</name><deleted>0</deleted><verified>0</verified><date>16-Jul-2012 12:19:40</date><id>26</id><polygon><username>sandy</username><pt><x>219</x><y>432</y></pt><pt><x>242</x><y>425</y></pt><pt><x>242</x><y>360</y></pt><pt><x>219</x><y>358</y></pt></polygon></object><object><name>wire</name><deleted>0</deleted><verified>0</verified><date>16-Jul-2012 12:19:40</date><id>27</id><polygon><username>sandy</username><pt><x>220</x><y>115</y></pt><pt><x>574</x><y>230</y></pt><pt><x>793</x><y>291</y></pt><pt><x>796</x><y>303</y></pt><pt><x>223</x><y>128</y></pt></polygon></object><object><name>wire</name><deleted>0</deleted><verified>0</verified><date>16-Jul-2012 12:19:40</date><id>28</id><polygon><username>sandy</username><pt><x>223</x><y>57</y></pt><pt><x>500</x><y>186</y></pt><pt><x>690</x><y>251</y></pt><pt><x>787</x><y>282</y></pt><pt><x>787</x><y>271</y></pt><pt><x>452</x><y>142</y></pt><pt><x>252</x><y>45</y></pt><pt><x>220</x><y>32</y></pt></polygon></object><object><name>wire</name><deleted>0</deleted><verified>0</verified><date>16-Jul-2012 12:19:40</date><id>29</id><polygon><username>sandy</username><pt><x>200</x><y>126</y></pt><pt><x>199</x><y>114</y></pt><pt><x>6</x><y>71</y></pt><pt><x>6</x><y>81</y></pt></polygon></object><object><name>wire</name><deleted>0</deleted><verified>0</verified><date>16-Jul-2012 12:19:40</date><id>30</id><polygon><username>sandy</username><pt><x>73</x><y>83</y></pt><pt><x>200</x><y>52</y></pt><pt><x>194</x><y>44</y></pt><pt><x>50</x><y>75</y></pt></polygon></object></annotation>
