<annotation><filename>b_bypass_road_415837766dmzgcv_fs_b.jpg</filename><folder>100images</folder><source><sourceImage>The MIT-CSAIL database of objects and scenes</sourceImage><sourceAnnotation>LabelMe Webtool</sourceAnnotation></source><object><name>cone</name><deleted>0</deleted><verified>0</verified><date>24-Jun-2012 22:00:45</date><id>0</id><polygon><username>sandy</username><pt><x>784</x><y>413</y></pt><pt><x>798</x><y>473</y></pt><pt><x>799</x><y>480</y></pt><pt><x>788</x><y>484</y></pt><pt><x>766</x><y>482</y></pt><pt><x>765</x><y>478</y></pt><pt><x>776</x><y>473</y></pt><pt><x>778</x><y>425</y></pt><pt><x>777</x><y>420</y></pt></polygon></object><object><name>cone</name><deleted>0</deleted><verified>0</verified><date>24-Jun-2012 22:00:45</date><id>1</id><polygon><username>sandy</username><pt><x>679</x><y>468</y></pt><pt><x>689</x><y>469</y></pt><pt><x>687</x><y>473</y></pt><pt><x>673</x><y>474</y></pt><pt><x>654</x><y>474</y></pt><pt><x>654</x><y>467</y></pt><pt><x>659</x><y>466</y></pt><pt><x>664</x><y>421</y></pt><pt><x>669</x><y>421</y></pt></polygon></object><object><name>cone</name><deleted>0</deleted><verified>0</verified><date>24-Jun-2012 22:00:45</date><id>2</id><polygon><username>sandy</username><pt><x>729</x><y>469</y></pt><pt><x>739</x><y>471</y></pt><pt><x>741</x><y>475</y></pt><pt><x>725</x><y>479</y></pt><pt><x>700</x><y>478</y></pt><pt><x>700</x><y>471</y></pt><pt><x>710</x><y>469</y></pt><pt><x>712</x><y>417</y></pt><pt><x>717</x><y>416</y></pt></polygon></object><object><name>cone</name><deleted>0</deleted><verified>0</verified><date>24-Jun-2012 22:00:45</date><id>3</id><polygon><username>sandy</username><pt><x>641</x><y>463</y></pt><pt><x>650</x><y>464</y></pt><pt><x>650</x><y>469</y></pt><pt><x>633</x><y>470</y></pt><pt><x>627</x><y>470</y></pt><pt><x>618</x><y>467</y></pt><pt><x>619</x><y>464</y></pt><pt><x>625</x><y>465</y></pt><pt><x>628</x><y>424</y></pt><pt><x>632</x><y>424</y></pt></polygon></object><object><name>cone</name><deleted>0</deleted><verified>0</verified><date>24-Jun-2012 22:00:45</date><id>4</id><polygon><username>sandy</username><pt><x>589</x><y>460</y></pt><pt><x>596</x><y>461</y></pt><pt><x>597</x><y>467</y></pt><pt><x>585</x><y>468</y></pt><pt><x>571</x><y>466</y></pt><pt><x>570</x><y>463</y></pt><pt><x>576</x><y>462</y></pt><pt><x>577</x><y>426</y></pt><pt><x>581</x><y>427</y></pt></polygon></object><object><name>cone</name><deleted>0</deleted><verified>0</verified><date>24-Jun-2012 22:00:45</date><id>5</id><polygon><username>sandy</username><pt><x>543</x><y>460</y></pt><pt><x>548</x><y>460</y></pt><pt><x>550</x><y>460</y></pt><pt><x>536</x><y>464</y></pt><pt><x>526</x><y>463</y></pt><pt><x>528</x><y>460</y></pt><pt><x>532</x><y>460</y></pt><pt><x>533</x><y>431</y></pt><pt><x>535</x><y>431</y></pt></polygon></object><object><name>cone</name><deleted>0</deleted><verified>0</verified><date>24-Jun-2012 22:00:45</date><id>6</id><polygon><username>sandy</username><pt><x>504</x><y>441</y></pt><pt><x>507</x><y>455</y></pt><pt><x>513</x><y>455</y></pt><pt><x>513</x><y>459</y></pt><pt><x>506</x><y>460</y></pt><pt><x>494</x><y>459</y></pt><pt><x>495</x><y>456</y></pt><pt><x>499</x><y>453</y></pt><pt><x>500</x><y>428</y></pt><pt><x>503</x><y>429</y></pt></polygon></object><object><name>cone</name><deleted>0</deleted><verified>0</verified><date>24-Jun-2012 22:00:45</date><id>7</id><polygon><username>sandy</username><pt><x>480</x><y>442</y></pt><pt><x>483</x><y>451</y></pt><pt><x>488</x><y>453</y></pt><pt><x>482</x><y>457</y></pt><pt><x>472</x><y>456</y></pt><pt><x>477</x><y>453</y></pt><pt><x>475</x><y>429</y></pt><pt><x>479</x><y>429</y></pt></polygon></object><object><name>cone</name><deleted>0</deleted><verified>0</verified><date>24-Jun-2012 22:00:45</date><id>8</id><polygon><username>sandy</username><pt><x>453</x><y>434</y></pt><pt><x>456</x><y>451</y></pt><pt><x>460</x><y>451</y></pt><pt><x>460</x><y>455</y></pt><pt><x>453</x><y>455</y></pt><pt><x>448</x><y>453</y></pt><pt><x>441</x><y>452</y></pt><pt><x>440</x><y>451</y></pt><pt><x>438</x><y>451</y></pt><pt><x>442</x><y>432</y></pt><pt><x>443</x><y>432</y></pt><pt><x>447</x><y>442</y></pt></polygon></object><object><name>cone</name><deleted>0</deleted><verified>0</verified><date>24-Jun-2012 22:00:45</date><id>9</id><polygon><username>sandy</username><pt><x>279</x><y>467</y></pt><pt><x>286</x><y>466</y></pt><pt><x>301</x><y>456</y></pt><pt><x>294</x><y>440</y></pt><pt><x>281</x><y>436</y></pt><pt><x>277</x><y>439</y></pt><pt><x>275</x><y>442</y></pt><pt><x>270</x><y>443</y></pt><pt><x>268</x><y>458</y></pt><pt><x>263</x><y>464</y></pt></polygon></object><object><name>cone</name><deleted>0</deleted><verified>0</verified><date>24-Jun-2012 22:00:45</date><id>10</id><polygon><username>sandy</username><pt><x>243</x><y>432</y></pt><pt><x>251</x><y>439</y></pt><pt><x>261</x><y>441</y></pt><pt><x>268</x><y>444</y></pt><pt><x>269</x><y>451</y></pt><pt><x>266</x><y>453</y></pt><pt><x>258</x><y>447</y></pt><pt><x>252</x><y>446</y></pt><pt><x>246</x><y>445</y></pt><pt><x>242</x><y>442</y></pt></polygon></object><object><name>road</name><deleted>0</deleted><verified>0</verified><date>24-Jun-2012 22:00:45</date><id>11</id><polygon><username>sandy</username><pt><x>302</x><y>444</y></pt><pt><x>374</x><y>448</y></pt><pt><x>432</x><y>453</y></pt><pt><x>568</x><y>457</y></pt><pt><x>745</x><y>458</y></pt><pt><x>798</x><y>460</y></pt><pt><x>797</x><y>599</y></pt><pt><x>2</x><y>598</y></pt><pt><x>3</x><y>454</y></pt><pt><x>48</x><y>419</y></pt><pt><x>63</x><y>405</y></pt><pt><x>65</x><y>389</y></pt><pt><x>67</x><y>373</y></pt><pt><x>64</x><y>362</y></pt><pt><x>60</x><y>354</y></pt><pt><x>63</x><y>350</y></pt><pt><x>85</x><y>357</y></pt><pt><x>104</x><y>370</y></pt><pt><x>117</x><y>399</y></pt><pt><x>123</x><y>413</y></pt><pt><x>135</x><y>424</y></pt><pt><x>141</x><y>442</y></pt><pt><x>142</x><y>455</y></pt><pt><x>136</x><y>463</y></pt><pt><x>109</x><y>486</y></pt><pt><x>100</x><y>495</y></pt><pt><x>90</x><y>502</y></pt><pt><x>85</x><y>511</y></pt><pt><x>95</x><y>516</y></pt><pt><x>109</x><y>519</y></pt><pt><x>156</x><y>529</y></pt><pt><x>233</x><y>532</y></pt><pt><x>292</x><y>527</y></pt><pt><x>336</x><y>516</y></pt><pt><x>341</x><y>510</y></pt><pt><x>333</x><y>497</y></pt><pt><x>303</x><y>479</y></pt><pt><x>279</x><y>466</y></pt><pt><x>254</x><y>452</y></pt><pt><x>240</x><y>435</y></pt><pt><x>240</x><y>430</y></pt><pt><x>261</x><y>429</y></pt></polygon></object><object><name>sign</name><deleted>0</deleted><verified>0</verified><date>24-Jun-2012 22:00:45</date><id>12</id><polygon><username>sandy</username><pt><x>273</x><y>422</y></pt><pt><x>280</x><y>430</y></pt><pt><x>281</x><y>435</y></pt><pt><x>281</x><y>440</y></pt><pt><x>277</x><y>442</y></pt><pt><x>273</x><y>446</y></pt><pt><x>268</x><y>446</y></pt><pt><x>264</x><y>446</y></pt><pt><x>261</x><y>441</y></pt><pt><x>258</x><y>437</y></pt><pt><x>256</x><y>432</y></pt><pt><x>258</x><y>426</y></pt><pt><x>262</x><y>421</y></pt></polygon></object><object><name>sign</name><deleted>0</deleted><verified>0</verified><date>24-Jun-2012 22:00:45</date><id>13</id><polygon><username>sandy</username><pt><x>226</x><y>370</y></pt><pt><x>226</x><y>388</y></pt><pt><x>215</x><y>387</y></pt><pt><x>214</x><y>367</y></pt></polygon></object><object><name>sign</name><deleted>0</deleted><verified>0</verified><date>24-Jun-2012 22:00:45</date><id>14</id><polygon><username>sandy</username><pt><x>175</x><y>375</y></pt><pt><x>180</x><y>397</y></pt><pt><x>156</x><y>404</y></pt><pt><x>149</x><y>381</y></pt></polygon></object><object><name>trees</name><deleted>0</deleted><verified>0</verified><date>24-Jun-2012 22:00:45</date><id>15</id><polygon><username>sandy</username><pt><x>799</x><y>178</y></pt><pt><x>790</x><y>177</y></pt><pt><x>794</x><y>162</y></pt><pt><x>792</x><y>157</y></pt><pt><x>789</x><y>155</y></pt><pt><x>781</x><y>159</y></pt><pt><x>776</x><y>162</y></pt><pt><x>769</x><y>160</y></pt><pt><x>765</x><y>154</y></pt><pt><x>754</x><y>146</y></pt><pt><x>752</x><y>142</y></pt><pt><x>744</x><y>146</y></pt><pt><x>746</x><y>159</y></pt><pt><x>753</x><y>164</y></pt><pt><x>757</x><y>168</y></pt><pt><x>754</x><y>173</y></pt><pt><x>746</x><y>171</y></pt><pt><x>740</x><y>173</y></pt><pt><x>734</x><y>172</y></pt><pt><x>733</x><y>166</y></pt><pt><x>734</x><y>159</y></pt><pt><x>731</x><y>155</y></pt><pt><x>725</x><y>156</y></pt><pt><x>718</x><y>163</y></pt><pt><x>714</x><y>176</y></pt><pt><x>712</x><y>186</y></pt><pt><x>704</x><y>186</y></pt><pt><x>695</x><y>188</y></pt><pt><x>693</x><y>196</y></pt><pt><x>686</x><y>194</y></pt><pt><x>683</x><y>188</y></pt><pt><x>670</x><y>188</y></pt><pt><x>664</x><y>191</y></pt><pt><x>664</x><y>196</y></pt><pt><x>672</x><y>203</y></pt><pt><x>678</x><y>207</y></pt><pt><x>675</x><y>212</y></pt><pt><x>684</x><y>221</y></pt><pt><x>690</x><y>228</y></pt><pt><x>689</x><y>234</y></pt><pt><x>679</x><y>228</y></pt><pt><x>666</x><y>224</y></pt><pt><x>665</x><y>229</y></pt><pt><x>671</x><y>237</y></pt><pt><x>667</x><y>244</y></pt><pt><x>662</x><y>243</y></pt><pt><x>654</x><y>237</y></pt><pt><x>651</x><y>232</y></pt><pt><x>635</x><y>235</y></pt><pt><x>628</x><y>232</y></pt><pt><x>615</x><y>228</y></pt><pt><x>613</x><y>223</y></pt><pt><x>617</x><y>221</y></pt><pt><x>618</x><y>214</y></pt><pt><x>618</x><y>208</y></pt><pt><x>613</x><y>203</y></pt><pt><x>602</x><y>202</y></pt><pt><x>597</x><y>208</y></pt><pt><x>590</x><y>212</y></pt><pt><x>581</x><y>215</y></pt><pt><x>571</x><y>223</y></pt><pt><x>566</x><y>226</y></pt><pt><x>561</x><y>222</y></pt><pt><x>560</x><y>221</y></pt><pt><x>548</x><y>232</y></pt><pt><x>543</x><y>239</y></pt><pt><x>531</x><y>240</y></pt><pt><x>526</x><y>237</y></pt><pt><x>518</x><y>233</y></pt><pt><x>509</x><y>231</y></pt><pt><x>508</x><y>226</y></pt><pt><x>511</x><y>224</y></pt><pt><x>500</x><y>221</y></pt><pt><x>501</x><y>215</y></pt><pt><x>504</x><y>209</y></pt><pt><x>496</x><y>204</y></pt><pt><x>490</x><y>204</y></pt><pt><x>485</x><y>208</y></pt><pt><x>483</x><y>214</y></pt><pt><x>482</x><y>215</y></pt><pt><x>476</x><y>221</y></pt><pt><x>477</x><y>226</y></pt><pt><x>486</x><y>229</y></pt><pt><x>479</x><y>233</y></pt><pt><x>476</x><y>237</y></pt><pt><x>468</x><y>236</y></pt><pt><x>464</x><y>238</y></pt><pt><x>465</x><y>229</y></pt><pt><x>466</x><y>222</y></pt><pt><x>471</x><y>219</y></pt><pt><x>466</x><y>216</y></pt><pt><x>455</x><y>222</y></pt><pt><x>448</x><y>227</y></pt><pt><x>444</x><y>226</y></pt><pt><x>438</x><y>230</y></pt><pt><x>423</x><y>228</y></pt><pt><x>414</x><y>228</y></pt><pt><x>410</x><y>233</y></pt><pt><x>421</x><y>236</y></pt><pt><x>426</x><y>238</y></pt><pt><x>420</x><y>248</y></pt><pt><x>413</x><y>247</y></pt><pt><x>406</x><y>249</y></pt><pt><x>406</x><y>243</y></pt><pt><x>392</x><y>247</y></pt><pt><x>385</x><y>246</y></pt><pt><x>372</x><y>255</y></pt><pt><x>360</x><y>267</y></pt><pt><x>358</x><y>275</y></pt><pt><x>352</x><y>283</y></pt><pt><x>353</x><y>299</y></pt><pt><x>348</x><y>309</y></pt><pt><x>344</x><y>314</y></pt><pt><x>337</x><y>314</y></pt><pt><x>329</x><y>324</y></pt><pt><x>320</x><y>323</y></pt><pt><x>322</x><y>329</y></pt><pt><x>319</x><y>335</y></pt><pt><x>313</x><y>340</y></pt><pt><x>305</x><y>344</y></pt><pt><x>294</x><y>346</y></pt><pt><x>289</x><y>336</y></pt><pt><x>283</x><y>338</y></pt><pt><x>274</x><y>340</y></pt><pt><x>267</x><y>339</y></pt><pt><x>252</x><y>337</y></pt><pt><x>241</x><y>334</y></pt><pt><x>232</x><y>334</y></pt><pt><x>217</x><y>333</y></pt><pt><x>211</x><y>329</y></pt><pt><x>205</x><y>322</y></pt><pt><x>197</x><y>319</y></pt><pt><x>190</x><y>313</y></pt><pt><x>181</x><y>304</y></pt><pt><x>174</x><y>294</y></pt><pt><x>168</x><y>294</y></pt><pt><x>162</x><y>286</y></pt><pt><x>151</x><y>282</y></pt><pt><x>145</x><y>289</y></pt><pt><x>135</x><y>295</y></pt><pt><x>123</x><y>302</y></pt><pt><x>116</x><y>299</y></pt><pt><x>112</x><y>292</y></pt><pt><x>104</x><y>290</y></pt><pt><x>102</x><y>277</y></pt><pt><x>102</x><y>268</y></pt><pt><x>107</x><y>253</y></pt><pt><x>105</x><y>245</y></pt><pt><x>91</x><y>241</y></pt><pt><x>86</x><y>233</y></pt><pt><x>72</x><y>226</y></pt><pt><x>60</x><y>219</y></pt><pt><x>46</x><y>203</y></pt><pt><x>38</x><y>198</y></pt><pt><x>23</x><y>192</y></pt><pt><x>12</x><y>186</y></pt><pt><x>4</x><y>189</y></pt><pt><x>2</x><y>190</y></pt><pt><x>4</x><y>448</y></pt><pt><x>62</x><y>404</y></pt><pt><x>63</x><y>380</y></pt><pt><x>60</x><y>363</y></pt><pt><x>60</x><y>347</y></pt><pt><x>80</x><y>351</y></pt><pt><x>93</x><y>348</y></pt><pt><x>122</x><y>354</y></pt><pt><x>160</x><y>375</y></pt><pt><x>181</x><y>384</y></pt><pt><x>197</x><y>391</y></pt><pt><x>218</x><y>414</y></pt><pt><x>265</x><y>418</y></pt><pt><x>281</x><y>429</y></pt><pt><x>303</x><y>433</y></pt><pt><x>324</x><y>433</y></pt><pt><x>354</x><y>431</y></pt><pt><x>362</x><y>435</y></pt><pt><x>362</x><y>441</y></pt><pt><x>372</x><y>438</y></pt><pt><x>376</x><y>433</y></pt><pt><x>380</x><y>429</y></pt><pt><x>392</x><y>424</y></pt><pt><x>389</x><y>427</y></pt><pt><x>393</x><y>431</y></pt><pt><x>402</x><y>425</y></pt><pt><x>509</x><y>419</y></pt><pt><x>580</x><y>410</y></pt><pt><x>587</x><y>417</y></pt><pt><x>596</x><y>410</y></pt><pt><x>615</x><y>409</y></pt><pt><x>638</x><y>407</y></pt><pt><x>644</x><y>404</y></pt><pt><x>651</x><y>408</y></pt><pt><x>665</x><y>408</y></pt><pt><x>677</x><y>407</y></pt><pt><x>683</x><y>404</y></pt><pt><x>691</x><y>402</y></pt><pt><x>798</x><y>389</y></pt></polygon></object><object><name>lamppost</name><deleted>0</deleted><verified>0</verified><date>24-Jun-2012 22:00:45</date><id>16</id><polygon><username>sandy</username><pt><x>229</x><y>474</y></pt><pt><x>226</x><y>426</y></pt><pt><x>224</x><y>426</y></pt><pt><x>218</x><y>101</y></pt><pt><x>289</x><y>99</y></pt><pt><x>292</x><y>102</y></pt><pt><x>332</x><y>102</y></pt><pt><x>334</x><y>96</y></pt><pt><x>329</x><y>94</y></pt><pt><x>294</x><y>93</y></pt><pt><x>292</x><y>95</y></pt><pt><x>218</x><y>95</y></pt><pt><x>211</x><y>96</y></pt><pt><x>217</x><y>425</y></pt><pt><x>215</x><y>432</y></pt><pt><x>219</x><y>478</y></pt></polygon></object><object><name>lamppost</name><deleted>0</deleted><verified>0</verified><date>24-Jun-2012 22:00:45</date><id>17</id><polygon><username>sandy</username><pt><x>251</x><y>321</y></pt><pt><x>249</x><y>326</y></pt><pt><x>242</x><y>327</y></pt><pt><x>239</x><y>326</y></pt><pt><x>224</x><y>327</y></pt><pt><x>229</x><y>439</y></pt><pt><x>225</x><y>441</y></pt><pt><x>221</x><y>318</y></pt><pt><x>225</x><y>320</y></pt><pt><x>228</x><y>323</y></pt></polygon></object><object><name>pavement</name><deleted>0</deleted><verified>0</verified><date>24-Jun-2012 22:00:45</date><id>18</id><polygon><username>sandy</username><pt><x>226</x><y>504</y></pt><pt><x>228</x><y>482</y></pt><pt><x>223</x><y>431</y></pt><pt><x>237</x><y>430</y></pt><pt><x>280</x><y>466</y></pt><pt><x>316</x><y>486</y></pt><pt><x>330</x><y>495</y></pt><pt><x>337</x><y>501</y></pt><pt><x>341</x><y>509</y></pt><pt><x>334</x><y>515</y></pt><pt><x>302</x><y>523</y></pt><pt><x>287</x><y>526</y></pt><pt><x>249</x><y>530</y></pt><pt><x>211</x><y>530</y></pt><pt><x>208</x><y>519</y></pt><pt><x>217</x><y>507</y></pt></polygon></object><object><name>box</name><deleted>0</deleted><verified>0</verified><date>24-Jun-2012 22:00:45</date><id>19</id><polygon><username>sandy</username><pt><x>116</x><y>437</y></pt><pt><x>110</x><y>509</y></pt><pt><x>124</x><y>513</y></pt><pt><x>137</x><y>506</y></pt><pt><x>140</x><y>435</y></pt><pt><x>128</x><y>432</y></pt></polygon></object><object><name>cloud</name><deleted>0</deleted><verified>0</verified><date>24-Jun-2012 22:00:45</date><id>20</id><polygon><username>sandy</username><pt><x>472</x><y>65</y></pt><pt><x>479</x><y>76</y></pt><pt><x>510</x><y>81</y></pt><pt><x>525</x><y>82</y></pt><pt><x>526</x><y>75</y></pt><pt><x>538</x><y>66</y></pt><pt><x>547</x><y>63</y></pt><pt><x>556</x><y>59</y></pt><pt><x>566</x><y>61</y></pt><pt><x>591</x><y>69</y></pt><pt><x>612</x><y>76</y></pt><pt><x>630</x><y>77</y></pt><pt><x>659</x><y>79</y></pt><pt><x>675</x><y>83</y></pt><pt><x>680</x><y>96</y></pt><pt><x>711</x><y>108</y></pt><pt><x>759</x><y>118</y></pt><pt><x>774</x><y>116</y></pt><pt><x>777</x><y>110</y></pt><pt><x>790</x><y>107</y></pt><pt><x>797</x><y>116</y></pt><pt><x>797</x><y>182</y></pt><pt><x>684</x><y>202</y></pt><pt><x>637</x><y>201</y></pt><pt><x>587</x><y>204</y></pt><pt><x>564</x><y>203</y></pt><pt><x>545</x><y>193</y></pt><pt><x>525</x><y>204</y></pt><pt><x>533</x><y>214</y></pt><pt><x>558</x><y>215</y></pt><pt><x>569</x><y>221</y></pt><pt><x>605</x><y>225</y></pt><pt><x>632</x><y>229</y></pt><pt><x>658</x><y>231</y></pt><pt><x>677</x><y>232</y></pt><pt><x>696</x><y>237</y></pt><pt><x>708</x><y>240</y></pt><pt><x>688</x><y>268</y></pt><pt><x>656</x><y>264</y></pt><pt><x>353</x><y>274</y></pt><pt><x>324</x><y>270</y></pt><pt><x>301</x><y>266</y></pt><pt><x>291</x><y>270</y></pt><pt><x>282</x><y>274</y></pt><pt><x>258</x><y>275</y></pt><pt><x>244</x><y>275</y></pt><pt><x>235</x><y>275</y></pt><pt><x>222</x><y>274</y></pt><pt><x>202</x><y>269</y></pt><pt><x>185</x><y>272</y></pt><pt><x>165</x><y>273</y></pt><pt><x>146</x><y>274</y></pt><pt><x>141</x><y>267</y></pt><pt><x>152</x><y>260</y></pt><pt><x>178</x><y>267</y></pt><pt><x>210</x><y>266</y></pt><pt><x>217</x><y>261</y></pt><pt><x>208</x><y>255</y></pt><pt><x>201</x><y>254</y></pt><pt><x>201</x><y>243</y></pt><pt><x>217</x><y>240</y></pt><pt><x>219</x><y>234</y></pt><pt><x>215</x><y>225</y></pt><pt><x>224</x><y>216</y></pt><pt><x>245</x><y>217</y></pt><pt><x>259</x><y>218</y></pt><pt><x>270</x><y>210</y></pt><pt><x>273</x><y>201</y></pt><pt><x>274</x><y>195</y></pt><pt><x>267</x><y>188</y></pt><pt><x>227</x><y>180</y></pt><pt><x>224</x><y>174</y></pt><pt><x>240</x><y>167</y></pt><pt><x>261</x><y>173</y></pt><pt><x>275</x><y>175</y></pt><pt><x>281</x><y>165</y></pt><pt><x>295</x><y>155</y></pt><pt><x>309</x><y>154</y></pt><pt><x>321</x><y>151</y></pt><pt><x>338</x><y>140</y></pt><pt><x>333</x><y>132</y></pt><pt><x>335</x><y>122</y></pt><pt><x>338</x><y>123</y></pt><pt><x>356</x><y>117</y></pt><pt><x>372</x><y>104</y></pt><pt><x>380</x><y>104</y></pt><pt><x>389</x><y>101</y></pt><pt><x>384</x><y>99</y></pt><pt><x>378</x><y>96</y></pt><pt><x>394</x><y>89</y></pt><pt><x>399</x><y>91</y></pt><pt><x>415</x><y>89</y></pt><pt><x>424</x><y>84</y></pt><pt><x>424</x><y>73</y></pt><pt><x>433</x><y>69</y></pt><pt><x>451</x><y>65</y></pt><pt><x>465</x><y>65</y></pt></polygon></object><object><name>cloud</name><deleted>0</deleted><verified>0</verified><date>24-Jun-2012 22:00:45</date><id>21</id><polygon><username>sandy</username><pt><x>191</x><y>280</y></pt><pt><x>204</x><y>287</y></pt><pt><x>212</x><y>293</y></pt><pt><x>228</x><y>292</y></pt><pt><x>233</x><y>302</y></pt><pt><x>220</x><y>307</y></pt><pt><x>193</x><y>306</y></pt><pt><x>186</x><y>306</y></pt><pt><x>116</x><y>307</y></pt><pt><x>111</x><y>294</y></pt><pt><x>129</x><y>288</y></pt><pt><x>169</x><y>287</y></pt><pt><x>177</x><y>288</y></pt><pt><x>183</x><y>282</y></pt></polygon></object><object><name>grass</name><deleted>0</deleted><verified>0</verified><date>24-Jun-2012 22:00:45</date><id>22</id><polygon><username>sandy</username><pt><x>205</x><y>505</y></pt><pt><x>198</x><y>458</y></pt><pt><x>189</x><y>429</y></pt><pt><x>187</x><y>419</y></pt><pt><x>170</x><y>414</y></pt><pt><x>124</x><y>367</y></pt><pt><x>112</x><y>354</y></pt><pt><x>100</x><y>353</y></pt><pt><x>90</x><y>352</y></pt><pt><x>85</x><y>360</y></pt><pt><x>104</x><y>374</y></pt><pt><x>115</x><y>391</y></pt><pt><x>127</x><y>414</y></pt><pt><x>136</x><y>433</y></pt><pt><x>142</x><y>447</y></pt><pt><x>138</x><y>468</y></pt><pt><x>130</x><y>486</y></pt><pt><x>129</x><y>501</y></pt><pt><x>141</x><y>510</y></pt><pt><x>170</x><y>511</y></pt></polygon></object><object><name>wall</name><deleted>0</deleted><verified>0</verified><date>24-Jun-2012 22:00:45</date><id>23</id><polygon><username>sandy</username><pt><x>799</x><y>426</y></pt><pt><x>799</x><y>391</y></pt><pt><x>686</x><y>400</y></pt><pt><x>555</x><y>413</y></pt><pt><x>477</x><y>421</y></pt><pt><x>399</x><y>425</y></pt><pt><x>355</x><y>430</y></pt><pt><x>313</x><y>434</y></pt><pt><x>278</x><y>426</y></pt><pt><x>279</x><y>435</y></pt><pt><x>307</x><y>446</y></pt><pt><x>382</x><y>446</y></pt><pt><x>460</x><y>453</y></pt><pt><x>557</x><y>455</y></pt><pt><x>654</x><y>459</y></pt><pt><x>796</x><y>460</y></pt></polygon></object><imagesize><nrows>600
</nrows><ncols>800
</ncols></imagesize></annotation>
