<annotation><filename>c_castle_castle_000001.jpg</filename><folder>100images</folder><source><sourceImage>The MIT-CSAIL database of objects and scenes</sourceImage><sourceAnnotation>LabelMe Webtool</sourceAnnotation></source><object><name>castle</name><deleted>0</deleted><verified>0</verified><date>24-Jun-2012 22:13:50</date><id>0</id><polygon><username>sandy</username><pt><x>709</x><y>160</y></pt><pt><x>714</x><y>279</y></pt><pt><x>725</x><y>282</y></pt><pt><x>727</x><y>294</y></pt><pt><x>727</x><y>299</y></pt><pt><x>739</x><y>300</y></pt><pt><x>740</x><y>312</y></pt><pt><x>740</x><y>317</y></pt><pt><x>755</x><y>318</y></pt><pt><x>756</x><y>332</y></pt><pt><x>760</x><y>334</y></pt><pt><x>762</x><y>322</y></pt><pt><x>772</x><y>319</y></pt><pt><x>773</x><y>359</y></pt><pt><x>773</x><y>371</y></pt><pt><x>768</x><y>375</y></pt><pt><x>774</x><y>497</y></pt><pt><x>719</x><y>499</y></pt><pt><x>100</x><y>498</y></pt><pt><x>109</x><y>291</y></pt><pt><x>119</x><y>155</y></pt><pt><x>139</x><y>135</y></pt><pt><x>161</x><y>92</y></pt><pt><x>172</x><y>90</y></pt><pt><x>170</x><y>84</y></pt><pt><x>175</x><y>80</y></pt><pt><x>174</x><y>65</y></pt><pt><x>179</x><y>62</y></pt><pt><x>184</x><y>70</y></pt><pt><x>182</x><y>80</y></pt><pt><x>188</x><y>83</y></pt><pt><x>186</x><y>90</y></pt><pt><x>189</x><y>95</y></pt><pt><x>187</x><y>108</y></pt><pt><x>191</x><y>109</y></pt><pt><x>189</x><y>124</y></pt><pt><x>193</x><y>126</y></pt><pt><x>191</x><y>138</y></pt><pt><x>194</x><y>140</y></pt><pt><x>192</x><y>155</y></pt><pt><x>193</x><y>161</y></pt><pt><x>203</x><y>162</y></pt><pt><x>203</x><y>145</y></pt><pt><x>211</x><y>143</y></pt><pt><x>212</x><y>127</y></pt><pt><x>220</x><y>126</y></pt><pt><x>222</x><y>129</y></pt><pt><x>225</x><y>109</y></pt><pt><x>236</x><y>111</y></pt><pt><x>234</x><y>127</y></pt><pt><x>242</x><y>128</y></pt><pt><x>243</x><y>145</y></pt><pt><x>251</x><y>146</y></pt><pt><x>252</x><y>156</y></pt><pt><x>251</x><y>160</y></pt><pt><x>262</x><y>162</y></pt><pt><x>262</x><y>180</y></pt><pt><x>271</x><y>183</y></pt><pt><x>271</x><y>193</y></pt><pt><x>279</x><y>199</y></pt><pt><x>280</x><y>203</y></pt><pt><x>285</x><y>202</y></pt><pt><x>286</x><y>194</y></pt><pt><x>301</x><y>191</y></pt><pt><x>300</x><y>201</y></pt><pt><x>342</x><y>202</y></pt><pt><x>342</x><y>193</y></pt><pt><x>344</x><y>186</y></pt><pt><x>346</x><y>181</y></pt><pt><x>353</x><y>183</y></pt><pt><x>351</x><y>195</y></pt><pt><x>351</x><y>227</y></pt><pt><x>382</x><y>192</y></pt><pt><x>418</x><y>193</y></pt><pt><x>422</x><y>163</y></pt><pt><x>427</x><y>163</y></pt><pt><x>433</x><y>99</y></pt><pt><x>443</x><y>140</y></pt><pt><x>444</x><y>153</y></pt><pt><x>449</x><y>152</y></pt><pt><x>449</x><y>137</y></pt><pt><x>456</x><y>137</y></pt><pt><x>454</x><y>122</y></pt><pt><x>461</x><y>120</y></pt><pt><x>458</x><y>107</y></pt><pt><x>465</x><y>109</y></pt><pt><x>465</x><y>94</y></pt><pt><x>474</x><y>93</y></pt><pt><x>477</x><y>96</y></pt><pt><x>476</x><y>107</y></pt><pt><x>482</x><y>109</y></pt><pt><x>482</x><y>119</y></pt><pt><x>483</x><y>121</y></pt><pt><x>490</x><y>121</y></pt><pt><x>489</x><y>138</y></pt><pt><x>494</x><y>138</y></pt><pt><x>494</x><y>148</y></pt><pt><x>494</x><y>153</y></pt><pt><x>502</x><y>152</y></pt><pt><x>499</x><y>165</y></pt><pt><x>515</x><y>166</y></pt><pt><x>516</x><y>188</y></pt><pt><x>514</x><y>205</y></pt><pt><x>517</x><y>226</y></pt><pt><x>556</x><y>226</y></pt><pt><x>564</x><y>204</y></pt><pt><x>568</x><y>188</y></pt><pt><x>570</x><y>179</y></pt><pt><x>573</x><y>178</y></pt><pt><x>579</x><y>190</y></pt><pt><x>581</x><y>202</y></pt><pt><x>590</x><y>215</y></pt><pt><x>600</x><y>227</y></pt><pt><x>619</x><y>225</y></pt><pt><x>617</x><y>168</y></pt><pt><x>625</x><y>157</y></pt><pt><x>635</x><y>153</y></pt><pt><x>642</x><y>154</y></pt><pt><x>641</x><y>166</y></pt><pt><x>645</x><y>162</y></pt><pt><x>645</x><y>149</y></pt><pt><x>671</x><y>147</y></pt><pt><x>674</x><y>156</y></pt><pt><x>675</x><y>159</y></pt><pt><x>674</x><y>165</y></pt><pt><x>684</x><y>161</y></pt><pt><x>680</x><y>148</y></pt><pt><x>686</x><y>149</y></pt><pt><x>703</x><y>152</y></pt></polygon></object><object><name>statue</name><deleted>0</deleted><verified>0</verified><date>24-Jun-2012 22:13:50</date><id>1</id><polygon><username>sandy</username><pt><x>247</x><y>345</y></pt><pt><x>257</x><y>363</y></pt><pt><x>265</x><y>380</y></pt><pt><x>257</x><y>397</y></pt><pt><x>250</x><y>402</y></pt><pt><x>259</x><y>421</y></pt><pt><x>264</x><y>442</y></pt><pt><x>266</x><y>459</y></pt><pt><x>266</x><y>465</y></pt><pt><x>268</x><y>469</y></pt><pt><x>261</x><y>469</y></pt><pt><x>255</x><y>465</y></pt><pt><x>253</x><y>437</y></pt><pt><x>246</x><y>419</y></pt><pt><x>237</x><y>409</y></pt><pt><x>234</x><y>405</y></pt><pt><x>228</x><y>407</y></pt><pt><x>225</x><y>416</y></pt><pt><x>221</x><y>426</y></pt><pt><x>223</x><y>429</y></pt><pt><x>229</x><y>423</y></pt><pt><x>234</x><y>425</y></pt><pt><x>235</x><y>429</y></pt><pt><x>239</x><y>433</y></pt><pt><x>237</x><y>451</y></pt><pt><x>237</x><y>463</y></pt><pt><x>236</x><y>469</y></pt><pt><x>200</x><y>465</y></pt><pt><x>199</x><y>436</y></pt><pt><x>206</x><y>424</y></pt><pt><x>214</x><y>396</y></pt><pt><x>206</x><y>386</y></pt><pt><x>198</x><y>368</y></pt><pt><x>215</x><y>347</y></pt><pt><x>228</x><y>342</y></pt><pt><x>230</x><y>335</y></pt><pt><x>230</x><y>329</y></pt><pt><x>236</x><y>325</y></pt><pt><x>239</x><y>324</y></pt><pt><x>244</x><y>326</y></pt><pt><x>246</x><y>333</y></pt></polygon></object><object><name>flowers</name><deleted>0</deleted><verified>0</verified><date>24-Jun-2012 22:13:50</date><id>2</id><polygon><username>sandy</username><pt><x>531</x><y>473</y></pt><pt><x>576</x><y>477</y></pt><pt><x>617</x><y>474</y></pt><pt><x>613</x><y>467</y></pt><pt><x>601</x><y>462</y></pt><pt><x>585</x><y>463</y></pt><pt><x>568</x><y>464</y></pt><pt><x>552</x><y>465</y></pt></polygon></object><object><name>flowers</name><deleted>0</deleted><verified>0</verified><date>24-Jun-2012 22:13:50</date><id>3</id><polygon><username>sandy</username><pt><x>682</x><y>424</y></pt><pt><x>694</x><y>423</y></pt><pt><x>698</x><y>428</y></pt><pt><x>695</x><y>433</y></pt><pt><x>670</x><y>430</y></pt><pt><x>674</x><y>426</y></pt></polygon></object><object><name>flowers</name><deleted>0</deleted><verified>0</verified><date>24-Jun-2012 22:13:50</date><id>4</id><polygon><username>sandy</username><pt><x>704</x><y>405</y></pt><pt><x>714</x><y>410</y></pt><pt><x>691</x><y>410</y></pt><pt><x>696</x><y>406</y></pt></polygon></object><object><name>flowers</name><deleted>0</deleted><verified>0</verified><date>24-Jun-2012 22:13:50</date><id>5</id><polygon><username>sandy</username><pt><x>460</x><y>429</y></pt><pt><x>466</x><y>430</y></pt><pt><x>470</x><y>432</y></pt><pt><x>444</x><y>435</y></pt><pt><x>448</x><y>429</y></pt></polygon></object><object><name>flowers</name><deleted>0</deleted><verified>0</verified><date>24-Jun-2012 22:13:50</date><id>6</id><polygon><username>sandy</username><pt><x>541</x><y>406</y></pt><pt><x>551</x><y>407</y></pt><pt><x>554</x><y>412</y></pt><pt><x>551</x><y>416</y></pt><pt><x>531</x><y>414</y></pt></polygon></object><object><name>road</name><deleted>0</deleted><verified>0</verified><date>24-Jun-2012 22:13:50</date><id>7</id><polygon><username>sandy</username><pt><x>555</x><y>440</y></pt><pt><x>642</x><y>440</y></pt><pt><x>670</x><y>450</y></pt><pt><x>670</x><y>462</y></pt><pt><x>619</x><y>484</y></pt><pt><x>504</x><y>576</y></pt><pt><x>661</x><y>584</y></pt><pt><x>797</x><y>500</y></pt><pt><x>799</x><y>499</y></pt><pt><x>798</x><y>599</y></pt><pt><x>2</x><y>598</y></pt><pt><x>4</x><y>479</y></pt><pt><x>80</x><y>482</y></pt><pt><x>66</x><y>501</y></pt><pt><x>93</x><y>553</y></pt><pt><x>104</x><y>564</y></pt><pt><x>219</x><y>566</y></pt><pt><x>289</x><y>548</y></pt><pt><x>335</x><y>535</y></pt><pt><x>476</x><y>491</y></pt><pt><x>553</x><y>458</y></pt></polygon></object><object><name>grass</name><deleted>0</deleted><verified>0</verified><date>24-Jun-2012 22:13:50</date><id>8</id><polygon><username>sandy</username><pt><x>156</x><y>505</y></pt><pt><x>191</x><y>505</y></pt><pt><x>175</x><y>549</y></pt><pt><x>106</x><y>551</y></pt><pt><x>71</x><y>499</y></pt><pt><x>81</x><y>485</y></pt><pt><x>102</x><y>482</y></pt><pt><x>100</x><y>498</y></pt></polygon></object><object><name>grass</name><deleted>0</deleted><verified>0</verified><date>24-Jun-2012 22:13:50</date><id>9</id><polygon><username>sandy</username><pt><x>647</x><y>549</y></pt><pt><x>694</x><y>531</y></pt><pt><x>698</x><y>514</y></pt><pt><x>727</x><y>502</y></pt><pt><x>773</x><y>499</y></pt><pt><x>777</x><y>484</y></pt><pt><x>797</x><y>488</y></pt><pt><x>798</x><y>499</y></pt><pt><x>662</x><y>581</y></pt><pt><x>594</x><y>575</y></pt><pt><x>625</x><y>562</y></pt><pt><x>640</x><y>559</y></pt></polygon></object><object><name>flag</name><deleted>0</deleted><verified>0</verified><date>24-Jun-2012 22:13:50</date><id>10</id><polygon><username>sandy</username><pt><x>662</x><y>92</y></pt><pt><x>662</x><y>118</y></pt><pt><x>657</x><y>118</y></pt><pt><x>653</x><y>122</y></pt><pt><x>641</x><y>125</y></pt><pt><x>634</x><y>125</y></pt><pt><x>626</x><y>125</y></pt><pt><x>632</x><y>119</y></pt><pt><x>634</x><y>115</y></pt><pt><x>635</x><y>109</y></pt><pt><x>647</x><y>100</y></pt></polygon></object><object><name>flag</name><deleted>0</deleted><verified>0</verified><date>24-Jun-2012 22:13:50</date><id>11</id><polygon><username>sandy</username><pt><x>599</x><y>160</y></pt><pt><x>613</x><y>171</y></pt><pt><x>616</x><y>174</y></pt><pt><x>612</x><y>177</y></pt><pt><x>613</x><y>185</y></pt><pt><x>614</x><y>191</y></pt><pt><x>607</x><y>188</y></pt><pt><x>599</x><y>187</y></pt><pt><x>596</x><y>186</y></pt><pt><x>591</x><y>183</y></pt></polygon></object><object><name>flag</name><deleted>0</deleted><verified>0</verified><date>24-Jun-2012 22:13:50</date><id>12</id><polygon><username>sandy</username><pt><x>587</x><y>193</y></pt><pt><x>602</x><y>183</y></pt><pt><x>581</x><y>167</y></pt><pt><x>575</x><y>176</y></pt><pt><x>569</x><y>188</y></pt><pt><x>576</x><y>192</y></pt></polygon></object><object><name>flag</name><deleted>0</deleted><verified>0</verified><date>24-Jun-2012 22:13:50</date><id>13</id><polygon><username>sandy</username><pt><x>567</x><y>170</y></pt><pt><x>568</x><y>198</y></pt><pt><x>558</x><y>196</y></pt><pt><x>560</x><y>174</y></pt></polygon></object><object><name>flag</name><deleted>0</deleted><verified>0</verified><date>24-Jun-2012 22:13:50</date><id>14</id><polygon><username>sandy</username><pt><x>549</x><y>168</y></pt><pt><x>549</x><y>191</y></pt><pt><x>542</x><y>188</y></pt><pt><x>536</x><y>180</y></pt></polygon></object><object><name>bollard</name><deleted>0</deleted><verified>0</verified><date>24-Jun-2012 22:13:50</date><id>15</id><polygon><username>sandy</username><pt><x>437</x><y>528</y></pt><pt><x>441</x><y>572</y></pt><pt><x>431</x><y>573</y></pt><pt><x>430</x><y>531</y></pt></polygon></object><object><name>bollard</name><deleted>0</deleted><verified>0</verified><date>24-Jun-2012 22:13:50</date><id>16</id><polygon><username>sandy</username><pt><x>364</x><y>568</y></pt><pt><x>362</x><y>523</y></pt><pt><x>359</x><y>520</y></pt><pt><x>356</x><y>523</y></pt><pt><x>353</x><y>570</y></pt></polygon></object><object><name>bollard</name><deleted>0</deleted><verified>0</verified><date>24-Jun-2012 22:13:50</date><id>17</id><polygon><username>sandy</username><pt><x>298</x><y>562</y></pt><pt><x>297</x><y>523</y></pt><pt><x>295</x><y>520</y></pt><pt><x>290</x><y>523</y></pt><pt><x>288</x><y>565</y></pt></polygon></object><object><name>plants</name><deleted>0</deleted><verified>0</verified><date>24-Jun-2012 22:13:50</date><id>18</id><polygon><username>sandy</username><pt><x>147</x><y>463</y></pt><pt><x>157</x><y>451</y></pt><pt><x>165</x><y>448</y></pt><pt><x>181</x><y>449</y></pt><pt><x>198</x><y>445</y></pt><pt><x>237</x><y>426</y></pt><pt><x>255</x><y>421</y></pt><pt><x>272</x><y>417</y></pt><pt><x>294</x><y>424</y></pt><pt><x>301</x><y>428</y></pt><pt><x>320</x><y>416</y></pt><pt><x>332</x><y>410</y></pt><pt><x>342</x><y>410</y></pt><pt><x>366</x><y>423</y></pt><pt><x>384</x><y>417</y></pt><pt><x>390</x><y>409</y></pt><pt><x>401</x><y>414</y></pt><pt><x>416</x><y>428</y></pt><pt><x>431</x><y>433</y></pt><pt><x>446</x><y>428</y></pt><pt><x>485</x><y>440</y></pt><pt><x>462</x><y>460</y></pt><pt><x>436</x><y>488</y></pt><pt><x>306</x><y>494</y></pt><pt><x>185</x><y>503</y></pt><pt><x>158</x><y>504</y></pt><pt><x>150</x><y>501</y></pt><pt><x>150</x><y>483</y></pt><pt><x>148</x><y>470</y></pt></polygon></object><object><name>plants</name><deleted>0</deleted><verified>0</verified><date>24-Jun-2012 22:13:50</date><id>19</id><polygon><username>sandy</username><pt><x>723</x><y>455</y></pt><pt><x>736</x><y>457</y></pt><pt><x>746</x><y>462</y></pt><pt><x>756</x><y>470</y></pt><pt><x>759</x><y>486</y></pt><pt><x>757</x><y>501</y></pt><pt><x>755</x><y>507</y></pt><pt><x>720</x><y>505</y></pt><pt><x>718</x><y>463</y></pt></polygon></object><object><name>plants</name><deleted>0</deleted><verified>0</verified><date>24-Jun-2012 22:13:50</date><id>20</id><polygon><username>sandy</username><pt><x>3</x><y>424</y></pt><pt><x>15</x><y>431</y></pt><pt><x>21</x><y>436</y></pt><pt><x>31</x><y>435</y></pt><pt><x>43</x><y>436</y></pt><pt><x>54</x><y>439</y></pt><pt><x>62</x><y>441</y></pt><pt><x>66</x><y>446</y></pt><pt><x>66</x><y>448</y></pt><pt><x>75</x><y>448</y></pt><pt><x>85</x><y>441</y></pt><pt><x>89</x><y>451</y></pt><pt><x>86</x><y>463</y></pt><pt><x>83</x><y>468</y></pt><pt><x>2</x><y>463</y></pt></polygon></object><object><name>entranceway</name><deleted>0</deleted><verified>0</verified><date>24-Jun-2012 22:13:50</date><id>21</id><polygon><username>sandy</username><pt><x>603</x><y>390</y></pt><pt><x>593</x><y>372</y></pt><pt><x>580</x><y>362</y></pt><pt><x>575</x><y>359</y></pt><pt><x>568</x><y>358</y></pt><pt><x>555</x><y>367</y></pt><pt><x>549</x><y>385</y></pt><pt><x>547</x><y>397</y></pt><pt><x>548</x><y>417</y></pt><pt><x>553</x><y>438</y></pt><pt><x>601</x><y>437</y></pt></polygon></object><object><name>flagpole</name><deleted>0</deleted><verified>0</verified><date>24-Jun-2012 22:13:50</date><id>22</id><polygon><username>sandy</username><pt><x>670</x><y>145</y></pt><pt><x>664</x><y>81</y></pt><pt><x>660</x><y>82</y></pt><pt><x>662</x><y>148</y></pt></polygon></object><object><name>flagpole</name><deleted>0</deleted><verified>0</verified><date>24-Jun-2012 22:13:50</date><id>23</id><polygon><username>sandy</username><pt><x>596</x><y>157</y></pt><pt><x>600</x><y>232</y></pt><pt><x>596</x><y>233</y></pt><pt><x>591</x><y>167</y></pt></polygon></object><object><name>flagpole</name><deleted>0</deleted><verified>0</verified><date>24-Jun-2012 22:13:50</date><id>24</id><polygon><username>sandy</username><pt><x>581</x><y>217</y></pt><pt><x>584</x><y>156</y></pt><pt><x>579</x><y>157</y></pt><pt><x>577</x><y>233</y></pt><pt><x>581</x><y>234</y></pt></polygon></object><object><name>flagpole</name><deleted>0</deleted><verified>0</verified><date>24-Jun-2012 22:13:50</date><id>25</id><polygon><username>sandy</username><pt><x>566</x><y>210</y></pt><pt><x>566</x><y>157</y></pt><pt><x>561</x><y>157</y></pt><pt><x>562</x><y>234</y></pt><pt><x>566</x><y>232</y></pt></polygon></object><object><name>flagpole</name><deleted>0</deleted><verified>0</verified><date>24-Jun-2012 22:13:50</date><id>26</id><polygon><username>sandy</username><pt><x>548</x><y>199</y></pt><pt><x>548</x><y>157</y></pt><pt><x>543</x><y>157</y></pt><pt><x>543</x><y>233</y></pt><pt><x>546</x><y>232</y></pt></polygon></object><object><name>lamppost</name><deleted>0</deleted><verified>0</verified><date>24-Jun-2012 22:13:50</date><id>27</id><polygon><username>sandy</username><pt><x>147</x><y>379</y></pt><pt><x>153</x><y>357</y></pt><pt><x>144</x><y>353</y></pt><pt><x>134</x><y>356</y></pt><pt><x>132</x><y>361</y></pt><pt><x>138</x><y>378</y></pt><pt><x>138</x><y>385</y></pt><pt><x>131</x><y>538</y></pt><pt><x>137</x><y>538</y></pt></polygon></object><object><name>lamppost</name><deleted>0</deleted><verified>0</verified><date>24-Jun-2012 22:13:50</date><id>28</id><polygon><username>sandy</username><pt><x>96</x><y>415</y></pt><pt><x>99</x><y>402</y></pt><pt><x>90</x><y>406</y></pt><pt><x>90</x><y>419</y></pt><pt><x>87</x><y>498</y></pt><pt><x>90</x><y>499</y></pt></polygon></object><object><name>window</name><deleted>0</deleted><verified>0</verified><date>24-Jun-2012 22:13:50</date><id>29</id><polygon><username>sandy</username><pt><x>420</x><y>290</y></pt><pt><x>418</x><y>303</y></pt><pt><x>410</x><y>305</y></pt><pt><x>409</x><y>290</y></pt></polygon></object><object><name>window</name><deleted>0</deleted><verified>0</verified><date>24-Jun-2012 22:13:50</date><id>30</id><polygon><username>sandy</username><pt><x>291</x><y>362</y></pt><pt><x>290</x><y>382</y></pt><pt><x>284</x><y>381</y></pt><pt><x>283</x><y>362</y></pt></polygon></object><object><name>window</name><deleted>0</deleted><verified>0</verified><date>24-Jun-2012 22:13:50</date><id>31</id><polygon><username>sandy</username><pt><x>226</x><y>209</y></pt><pt><x>225</x><y>235</y></pt><pt><x>211</x><y>234</y></pt><pt><x>211</x><y>209</y></pt></polygon></object><object><name>window</name><deleted>0</deleted><verified>0</verified><date>24-Jun-2012 22:13:50</date><id>32</id><polygon><username>sandy</username><pt><x>228</x><y>173</y></pt><pt><x>227</x><y>192</y></pt><pt><x>211</x><y>191</y></pt><pt><x>214</x><y>171</y></pt></polygon></object><object><name>window</name><deleted>0</deleted><verified>0</verified><date>24-Jun-2012 22:13:50</date><id>33</id><polygon><username>sandy</username><pt><x>195</x><y>363</y></pt><pt><x>194</x><y>379</y></pt><pt><x>204</x><y>380</y></pt><pt><x>206</x><y>360</y></pt></polygon></object><object><name>window</name><deleted>0</deleted><verified>0</verified><date>24-Jun-2012 22:13:50</date><id>34</id><polygon><username>sandy</username><pt><x>118</x><y>352</y></pt><pt><x>118</x><y>377</y></pt><pt><x>109</x><y>377</y></pt><pt><x>111</x><y>357</y></pt></polygon></object><object><name>window</name><deleted>0</deleted><verified>0</verified><date>24-Jun-2012 22:13:50</date><id>35</id><polygon><username>sandy</username><pt><x>162</x><y>352</y></pt><pt><x>161</x><y>378</y></pt><pt><x>166</x><y>377</y></pt><pt><x>169</x><y>358</y></pt></polygon></object><object><name>window</name><deleted>0</deleted><verified>0</verified><date>24-Jun-2012 22:13:50</date><id>36</id><polygon><username>sandy</username><pt><x>479</x><y>358</y></pt><pt><x>480</x><y>345</y></pt><pt><x>476</x><y>343</y></pt><pt><x>474</x><y>376</y></pt><pt><x>481</x><y>375</y></pt></polygon></object><object><name>window</name><deleted>0</deleted><verified>0</verified><date>24-Jun-2012 22:13:50</date><id>37</id><polygon><username>sandy</username><pt><x>480</x><y>282</y></pt><pt><x>479</x><y>271</y></pt><pt><x>474</x><y>272</y></pt><pt><x>474</x><y>293</y></pt><pt><x>480</x><y>297</y></pt></polygon></object><object><name>window</name><deleted>0</deleted><verified>0</verified><date>24-Jun-2012 22:13:50</date><id>38</id><polygon><username>sandy</username><pt><x>682</x><y>361</y></pt><pt><x>682</x><y>344</y></pt><pt><x>678</x><y>344</y></pt><pt><x>680</x><y>379</y></pt><pt><x>684</x><y>378</y></pt></polygon></object><object><name>window</name><deleted>0</deleted><verified>0</verified><date>24-Jun-2012 22:13:50</date><id>39</id><polygon><username>sandy</username><pt><x>680</x><y>285</y></pt><pt><x>680</x><y>275</y></pt><pt><x>677</x><y>273</y></pt><pt><x>677</x><y>299</y></pt><pt><x>683</x><y>298</y></pt></polygon></object><object><name>window</name><deleted>0</deleted><verified>0</verified><date>24-Jun-2012 22:13:50</date><id>40</id><polygon><username>sandy</username><pt><x>665</x><y>217</y></pt><pt><x>666</x><y>207</y></pt><pt><x>661</x><y>209</y></pt><pt><x>662</x><y>227</y></pt><pt><x>666</x><y>227</y></pt></polygon></object><object><name>window</name><deleted>0</deleted><verified>0</verified><date>24-Jun-2012 22:13:50</date><id>41</id><polygon><username>sandy</username><pt><x>697</x><y>220</y></pt><pt><x>696</x><y>213</y></pt><pt><x>697</x><y>210</y></pt><pt><x>693</x><y>209</y></pt><pt><x>692</x><y>233</y></pt><pt><x>695</x><y>232</y></pt></polygon></object><object><name>window</name><deleted>0</deleted><verified>0</verified><date>24-Jun-2012 22:13:50</date><id>42</id><polygon><username>sandy</username><pt><x>409</x><y>341</y></pt><pt><x>411</x><y>333</y></pt><pt><x>406</x><y>331</y></pt><pt><x>407</x><y>352</y></pt><pt><x>410</x><y>351</y></pt></polygon></object><object><name>window</name><deleted>0</deleted><verified>0</verified><date>24-Jun-2012 22:13:50</date><id>43</id><polygon><username>sandy</username><pt><x>134</x><y>214</y></pt><pt><x>134</x><y>207</y></pt><pt><x>135</x><y>204</y></pt><pt><x>131</x><y>203</y></pt><pt><x>130</x><y>225</y></pt><pt><x>133</x><y>224</y></pt></polygon></object><imagesize><nrows>600
</nrows><ncols>800
</ncols></imagesize></annotation>