<annotation><filename>c_classroom_aulainfantil.jpg</filename><folder>100images</folder><source><sourceImage>The MIT-CSAIL database of objects and scenes</sourceImage><sourceAnnotation>LabelMe Webtool</sourceAnnotation></source><object><name>table</name><deleted>0</deleted><verified>0</verified><date>24-Jun-2012 22:27:36</date><id>0</id><polygon><username>sandy</username><pt><x>574</x><y>507</y></pt><pt><x>563</x><y>518</y></pt><pt><x>563</x><y>596</y></pt><pt><x>563</x><y>597</y></pt><pt><x>557</x><y>598</y></pt><pt><x>556</x><y>523</y></pt><pt><x>525</x><y>543</y></pt><pt><x>520</x><y>550</y></pt><pt><x>518</x><y>572</y></pt><pt><x>520</x><y>598</y></pt><pt><x>513</x><y>598</y></pt><pt><x>510</x><y>565</y></pt><pt><x>501</x><y>566</y></pt><pt><x>500</x><y>584</y></pt><pt><x>481</x><y>586</y></pt><pt><x>476</x><y>565</y></pt><pt><x>405</x><y>566</y></pt><pt><x>402</x><y>594</y></pt><pt><x>380</x><y>588</y></pt><pt><x>381</x><y>564</y></pt><pt><x>334</x><y>538</y></pt><pt><x>332</x><y>594</y></pt><pt><x>326</x><y>591</y></pt><pt><x>327</x><y>518</y></pt><pt><x>319</x><y>511</y></pt><pt><x>325</x><y>489</y></pt><pt><x>384</x><y>477</y></pt><pt><x>498</x><y>480</y></pt></polygon></object><object><name>table</name><deleted>0</deleted><verified>0</verified><date>24-Jun-2012 22:27:36</date><id>1</id><polygon><username>sandy</username><pt><x>227</x><y>416</y></pt><pt><x>268</x><y>427</y></pt><pt><x>265</x><y>433</y></pt><pt><x>273</x><y>508</y></pt><pt><x>268</x><y>508</y></pt><pt><x>260</x><y>436</y></pt><pt><x>230</x><y>448</y></pt><pt><x>233</x><y>524</y></pt><pt><x>219</x><y>527</y></pt><pt><x>216</x><y>461</y></pt><pt><x>141</x><y>464</y></pt><pt><x>139</x><y>532</y></pt><pt><x>135</x><y>532</y></pt><pt><x>132</x><y>455</y></pt><pt><x>103</x><y>445</y></pt><pt><x>102</x><y>514</y></pt><pt><x>95</x><y>513</y></pt><pt><x>95</x><y>432</y></pt><pt><x>138</x><y>420</y></pt></polygon></object><object><name>table</name><deleted>0</deleted><verified>0</verified><date>24-Jun-2012 22:27:36</date><id>2</id><polygon><username>sandy</username><pt><x>672</x><y>400</y></pt><pt><x>664</x><y>487</y></pt><pt><x>649</x><y>501</y></pt><pt><x>645</x><y>499</y></pt><pt><x>643</x><y>419</y></pt><pt><x>590</x><y>416</y></pt><pt><x>585</x><y>421</y></pt><pt><x>580</x><y>423</y></pt><pt><x>576</x><y>491</y></pt><pt><x>562</x><y>492</y></pt><pt><x>557</x><y>412</y></pt><pt><x>513</x><y>412</y></pt><pt><x>513</x><y>474</y></pt><pt><x>502</x><y>485</y></pt><pt><x>486</x><y>480</y></pt><pt><x>478</x><y>480</y></pt><pt><x>474</x><y>409</y></pt><pt><x>439</x><y>408</y></pt><pt><x>439</x><y>459</y></pt><pt><x>408</x><y>476</y></pt><pt><x>404</x><y>473</y></pt><pt><x>397</x><y>400</y></pt><pt><x>370</x><y>404</y></pt><pt><x>369</x><y>463</y></pt><pt><x>366</x><y>462</y></pt><pt><x>366</x><y>401</y></pt><pt><x>347</x><y>408</y></pt><pt><x>343</x><y>470</y></pt><pt><x>340</x><y>471</y></pt><pt><x>337</x><y>386</y></pt><pt><x>369</x><y>375</y></pt><pt><x>666</x><y>393</y></pt></polygon></object><object><name>treepicture</name><deleted>0</deleted><verified>0</verified><date>24-Jun-2012 22:27:36</date><id>3</id><polygon><username>sandy</username><pt><x>771</x><y>309</y></pt><pt><x>773</x><y>128</y></pt><pt><x>641</x><y>134</y></pt><pt><x>646</x><y>308</y></pt></polygon></object><object><name>picture</name><deleted>0</deleted><verified>0</verified><date>24-Jun-2012 22:27:36</date><id>4</id><polygon><username>sandy</username><pt><x>454</x><y>136</y></pt><pt><x>456</x><y>195</y></pt><pt><x>414</x><y>195</y></pt><pt><x>411</x><y>136</y></pt></polygon></object><object><name>toys</name><deleted>0</deleted><verified>0</verified><date>24-Jun-2012 22:27:36</date><id>5</id><polygon><username>sandy</username><pt><x>718</x><y>493</y></pt><pt><x>718</x><y>454</y></pt><pt><x>717</x><y>445</y></pt><pt><x>713</x><y>443</y></pt><pt><x>708</x><y>415</y></pt><pt><x>699</x><y>415</y></pt><pt><x>693</x><y>442</y></pt><pt><x>680</x><y>441</y></pt><pt><x>680</x><y>432</y></pt><pt><x>684</x><y>416</y></pt><pt><x>683</x><y>409</y></pt><pt><x>666</x><y>409</y></pt><pt><x>651</x><y>411</y></pt><pt><x>587</x><y>412</y></pt><pt><x>579</x><y>439</y></pt><pt><x>584</x><y>455</y></pt><pt><x>647</x><y>460</y></pt><pt><x>653</x><y>465</y></pt><pt><x>652</x><y>499</y></pt><pt><x>659</x><y>499</y></pt><pt><x>669</x><y>464</y></pt><pt><x>700</x><y>468</y></pt><pt><x>697</x><y>504</y></pt><pt><x>707</x><y>506</y></pt></polygon></object><object><name>toys</name><deleted>0</deleted><verified>0</verified><date>24-Jun-2012 22:27:36</date><id>6</id><polygon><username>sandy</username><pt><x>523</x><y>417</y></pt><pt><x>535</x><y>427</y></pt><pt><x>545</x><y>433</y></pt><pt><x>554</x><y>433</y></pt><pt><x>558</x><y>441</y></pt><pt><x>547</x><y>450</y></pt><pt><x>509</x><y>444</y></pt><pt><x>510</x><y>431</y></pt><pt><x>518</x><y>425</y></pt></polygon></object><object><name>toys</name><deleted>0</deleted><verified>0</verified><date>24-Jun-2012 22:27:36</date><id>7</id><polygon><username>sandy</username><pt><x>357</x><y>286</y></pt><pt><x>363</x><y>304</y></pt><pt><x>360</x><y>317</y></pt><pt><x>355</x><y>323</y></pt><pt><x>341</x><y>324</y></pt><pt><x>305</x><y>320</y></pt><pt><x>297</x><y>318</y></pt><pt><x>292</x><y>312</y></pt><pt><x>300</x><y>308</y></pt><pt><x>310</x><y>303</y></pt><pt><x>309</x><y>295</y></pt><pt><x>312</x><y>288</y></pt><pt><x>317</x><y>285</y></pt></polygon></object><object><name>toys</name><deleted>0</deleted><verified>0</verified><date>24-Jun-2012 22:27:36</date><id>8</id><polygon><username>sandy</username><pt><x>329</x><y>341</y></pt><pt><x>334</x><y>348</y></pt><pt><x>334</x><y>360</y></pt><pt><x>334</x><y>365</y></pt><pt><x>326</x><y>365</y></pt><pt><x>316</x><y>367</y></pt><pt><x>264</x><y>363</y></pt><pt><x>266</x><y>331</y></pt><pt><x>285</x><y>330</y></pt><pt><x>302</x><y>334</y></pt><pt><x>311</x><y>341</y></pt><pt><x>319</x><y>340</y></pt><pt><x>322</x><y>335</y></pt></polygon></object><object><name>toys</name><deleted>0</deleted><verified>0</verified><date>24-Jun-2012 22:27:36</date><id>9</id><polygon><username>sandy</username><pt><x>240</x><y>383</y></pt><pt><x>235</x><y>391</y></pt><pt><x>226</x><y>393</y></pt><pt><x>212</x><y>395</y></pt><pt><x>197</x><y>392</y></pt><pt><x>188</x><y>392</y></pt><pt><x>181</x><y>391</y></pt><pt><x>173</x><y>384</y></pt><pt><x>169</x><y>382</y></pt><pt><x>183</x><y>375</y></pt><pt><x>199</x><y>371</y></pt><pt><x>208</x><y>373</y></pt><pt><x>226</x><y>377</y></pt></polygon></object><object><name>chair</name><deleted>0</deleted><verified>0</verified><date>24-Jun-2012 22:27:36</date><id>10</id><polygon><username>sandy</username><pt><x>164</x><y>445</y></pt><pt><x>202</x><y>446</y></pt><pt><x>208</x><y>452</y></pt><pt><x>205</x><y>473</y></pt><pt><x>204</x><y>486</y></pt><pt><x>201</x><y>520</y></pt><pt><x>196</x><y>520</y></pt><pt><x>194</x><y>491</y></pt><pt><x>161</x><y>495</y></pt><pt><x>165</x><y>538</y></pt><pt><x>143</x><y>528</y></pt><pt><x>144</x><y>475</y></pt><pt><x>154</x><y>467</y></pt></polygon></object><object><name>chair</name><deleted>0</deleted><verified>0</verified><date>24-Jun-2012 22:27:36</date><id>11</id><polygon><username>sandy</username><pt><x>83</x><y>441</y></pt><pt><x>92</x><y>446</y></pt><pt><x>95</x><y>469</y></pt><pt><x>133</x><y>468</y></pt><pt><x>145</x><y>505</y></pt><pt><x>145</x><y>515</y></pt><pt><x>133</x><y>484</y></pt><pt><x>128</x><y>485</y></pt><pt><x>122</x><y>501</y></pt><pt><x>120</x><y>496</y></pt><pt><x>124</x><y>486</y></pt><pt><x>103</x><y>488</y></pt><pt><x>84</x><y>536</y></pt><pt><x>78</x><y>535</y></pt><pt><x>80</x><y>514</y></pt><pt><x>93</x><y>484</y></pt><pt><x>86</x><y>474</y></pt><pt><x>82</x><y>458</y></pt></polygon></object><object><name>chair</name><deleted>0</deleted><verified>0</verified><date>24-Jun-2012 22:27:36</date><id>12</id><polygon><username>sandy</username><pt><x>246</x><y>457</y></pt><pt><x>250</x><y>433</y></pt><pt><x>262</x><y>430</y></pt><pt><x>268</x><y>432</y></pt><pt><x>268</x><y>452</y></pt><pt><x>264</x><y>463</y></pt><pt><x>258</x><y>467</y></pt><pt><x>260</x><y>483</y></pt><pt><x>270</x><y>500</y></pt><pt><x>272</x><y>508</y></pt><pt><x>267</x><y>504</y></pt><pt><x>253</x><y>472</y></pt><pt><x>245</x><y>480</y></pt><pt><x>244</x><y>486</y></pt><pt><x>251</x><y>501</y></pt><pt><x>258</x><y>520</y></pt><pt><x>258</x><y>528</y></pt><pt><x>252</x><y>521</y></pt><pt><x>243</x><y>502</y></pt><pt><x>235</x><y>481</y></pt><pt><x>212</x><y>475</y></pt><pt><x>203</x><y>474</y></pt><pt><x>210</x><y>463</y></pt><pt><x>224</x><y>459</y></pt><pt><x>235</x><y>462</y></pt></polygon></object><object><name>chair</name><deleted>0</deleted><verified>0</verified><date>24-Jun-2012 22:27:36</date><id>13</id><polygon><username>sandy</username><pt><x>247</x><y>416</y></pt><pt><x>264</x><y>422</y></pt><pt><x>273</x><y>425</y></pt><pt><x>269</x><y>437</y></pt><pt><x>265</x><y>461</y></pt><pt><x>281</x><y>497</y></pt><pt><x>276</x><y>497</y></pt><pt><x>261</x><y>471</y></pt><pt><x>256</x><y>466</y></pt><pt><x>241</x><y>464</y></pt></polygon></object><object><name>chair</name><deleted>0</deleted><verified>0</verified><date>24-Jun-2012 22:27:36</date><id>14</id><polygon><username>sandy</username><pt><x>415</x><y>491</y></pt><pt><x>469</x><y>490</y></pt><pt><x>482</x><y>482</y></pt><pt><x>477</x><y>418</y></pt><pt><x>471</x><y>422</y></pt><pt><x>467</x><y>468</y></pt><pt><x>411</x><y>467</y></pt><pt><x>409</x><y>418</y></pt><pt><x>402</x><y>421</y></pt><pt><x>400</x><y>473</y></pt></polygon></object><object><name>chair</name><deleted>0</deleted><verified>0</verified><date>24-Jun-2012 22:27:36</date><id>15</id><polygon><username>sandy</username><pt><x>472</x><y>492</y></pt><pt><x>474</x><y>482</y></pt><pt><x>470</x><y>424</y></pt><pt><x>479</x><y>416</y></pt><pt><x>482</x><y>481</y></pt><pt><x>507</x><y>474</y></pt><pt><x>530</x><y>425</y></pt><pt><x>535</x><y>427</y></pt><pt><x>520</x><y>477</y></pt><pt><x>550</x><y>488</y></pt><pt><x>573</x><y>437</y></pt><pt><x>579</x><y>438</y></pt><pt><x>557</x><y>493</y></pt><pt><x>562</x><y>499</y></pt><pt><x>507</x><y>507</y></pt><pt><x>501</x><y>506</y></pt></polygon></object><object><name>chair</name><deleted>0</deleted><verified>0</verified><date>24-Jun-2012 22:27:36</date><id>16</id><polygon><username>sandy</username><pt><x>454</x><y>503</y></pt><pt><x>471</x><y>499</y></pt><pt><x>479</x><y>472</y></pt><pt><x>484</x><y>473</y></pt><pt><x>481</x><y>495</y></pt><pt><x>480</x><y>494</y></pt><pt><x>494</x><y>500</y></pt><pt><x>510</x><y>503</y></pt><pt><x>506</x><y>444</y></pt><pt><x>513</x><y>443</y></pt><pt><x>518</x><y>510</y></pt><pt><x>531</x><y>515</y></pt><pt><x>553</x><y>461</y></pt><pt><x>560</x><y>461</y></pt><pt><x>536</x><y>519</y></pt><pt><x>540</x><y>530</y></pt><pt><x>546</x><y>554</y></pt><pt><x>546</x><y>569</y></pt><pt><x>552</x><y>598</y></pt><pt><x>483</x><y>594</y></pt><pt><x>484</x><y>582</y></pt><pt><x>476</x><y>536</y></pt><pt><x>447</x><y>523</y></pt><pt><x>443</x><y>515</y></pt><pt><x>443</x><y>508</y></pt><pt><x>439</x><y>456</y></pt><pt><x>442</x><y>455</y></pt></polygon></object><object><name>chair</name><deleted>0</deleted><verified>0</verified><date>24-Jun-2012 22:27:36</date><id>17</id><polygon><username>sandy</username><pt><x>412</x><y>536</y></pt><pt><x>437</x><y>520</y></pt><pt><x>441</x><y>509</y></pt><pt><x>435</x><y>505</y></pt><pt><x>441</x><y>457</y></pt><pt><x>436</x><y>460</y></pt><pt><x>430</x><y>501</y></pt><pt><x>412</x><y>502</y></pt><pt><x>402</x><y>468</y></pt><pt><x>394</x><y>473</y></pt><pt><x>400</x><y>501</y></pt><pt><x>385</x><y>498</y></pt><pt><x>370</x><y>506</y></pt><pt><x>375</x><y>441</y></pt><pt><x>368</x><y>448</y></pt><pt><x>364</x><y>510</y></pt><pt><x>359</x><y>513</y></pt><pt><x>349</x><y>513</y></pt><pt><x>330</x><y>459</y></pt><pt><x>326</x><y>463</y></pt><pt><x>326</x><y>470</y></pt><pt><x>341</x><y>515</y></pt><pt><x>343</x><y>524</y></pt><pt><x>341</x><y>535</y></pt><pt><x>340</x><y>555</y></pt><pt><x>338</x><y>587</y></pt><pt><x>341</x><y>596</y></pt><pt><x>400</x><y>597</y></pt><pt><x>403</x><y>542</y></pt></polygon></object><object><name>chair</name><deleted>0</deleted><verified>0</verified><date>24-Jun-2012 22:27:36</date><id>18</id><polygon><username>sandy</username><pt><x>391</x><y>441</y></pt><pt><x>392</x><y>427</y></pt><pt><x>387</x><y>425</y></pt><pt><x>373</x><y>486</y></pt><pt><x>336</x><y>484</y></pt><pt><x>313</x><y>430</y></pt><pt><x>309</x><y>433</y></pt><pt><x>332</x><y>482</y></pt><pt><x>327</x><y>495</y></pt><pt><x>304</x><y>444</y></pt><pt><x>299</x><y>448</y></pt><pt><x>322</x><y>497</y></pt><pt><x>304</x><y>563</y></pt><pt><x>310</x><y>565</y></pt><pt><x>325</x><y>516</y></pt><pt><x>332</x><y>508</y></pt><pt><x>379</x><y>509</y></pt><pt><x>388</x><y>506</y></pt><pt><x>390</x><y>488</y></pt><pt><x>382</x><y>487</y></pt></polygon></object><object><name>shelves</name><deleted>0</deleted><verified>0</verified><date>24-Jun-2012 22:27:36</date><id>19</id><polygon><username>sandy</username><pt><x>252</x><y>326</y></pt><pt><x>254</x><y>457</y></pt><pt><x>342</x><y>466</y></pt><pt><x>363</x><y>458</y></pt><pt><x>364</x><y>320</y></pt><pt><x>279</x><y>314</y></pt></polygon></object><object><name>window</name><deleted>0</deleted><verified>0</verified><date>24-Jun-2012 22:27:36</date><id>20</id><polygon><username>sandy</username><pt><x>122</x><y>194</y></pt><pt><x>126</x><y>316</y></pt><pt><x>29</x><y>323</y></pt><pt><x>25</x><y>183</y></pt></polygon></object><object><name>pictureofboyandgirl</name><deleted>0</deleted><verified>0</verified><date>24-Jun-2012 22:27:36</date><id>21</id><polygon><username>sandy</username><pt><x>385</x><y>289</y></pt><pt><x>387</x><y>342</y></pt><pt><x>459</x><y>342</y></pt><pt><x>454</x><y>288</y></pt></polygon></object><object><name>board</name><deleted>0</deleted><verified>0</verified><date>24-Jun-2012 22:27:36</date><id>22</id><polygon><username>sandy</username><pt><x>630</x><y>211</y></pt><pt><x>629</x><y>356</y></pt><pt><x>376</x><y>343</y></pt><pt><x>377</x><y>215</y></pt></polygon></object><object><name>blinds</name><deleted>0</deleted><verified>0</verified><date>24-Jun-2012 22:27:36</date><id>23</id><polygon><username>sandy</username><pt><x>43</x><y>271</y></pt><pt><x>126</x><y>274</y></pt><pt><x>122</x><y>194</y></pt><pt><x>24</x><y>183</y></pt><pt><x>28</x><y>274</y></pt></polygon></object><object><name>boxes</name><deleted>0</deleted><verified>0</verified><date>24-Jun-2012 22:27:36</date><id>24</id><polygon><username>sandy</username><pt><x>607</x><y>488</y></pt><pt><x>648</x><y>491</y></pt><pt><x>649</x><y>452</y></pt><pt><x>576</x><y>449</y></pt><pt><x>576</x><y>484</y></pt></polygon></object><object><name>boxes</name><deleted>0</deleted><verified>0</verified><date>24-Jun-2012 22:27:36</date><id>25</id><polygon><username>sandy</username><pt><x>564</x><y>445</y></pt><pt><x>565</x><y>481</y></pt><pt><x>548</x><y>487</y></pt><pt><x>515</x><y>483</y></pt><pt><x>506</x><y>482</y></pt><pt><x>504</x><y>482</y></pt><pt><x>502</x><y>444</y></pt><pt><x>510</x><y>433</y></pt><pt><x>557</x><y>435</y></pt></polygon></object><object><name>boxes</name><deleted>0</deleted><verified>0</verified><date>24-Jun-2012 22:27:36</date><id>26</id><polygon><username>sandy</username><pt><x>421</x><y>429</y></pt><pt><x>417</x><y>472</y></pt><pt><x>466</x><y>481</y></pt><pt><x>480</x><y>470</y></pt><pt><x>477</x><y>424</y></pt><pt><x>441</x><y>418</y></pt></polygon></object><object><name>boxes</name><deleted>0</deleted><verified>0</verified><date>24-Jun-2012 22:27:36</date><id>27</id><polygon><username>sandy</username><pt><x>358</x><y>468</y></pt><pt><x>359</x><y>434</y></pt><pt><x>385</x><y>426</y></pt><pt><x>411</x><y>430</y></pt><pt><x>408</x><y>459</y></pt><pt><x>390</x><y>470</y></pt></polygon></object><object><name>castle</name><deleted>0</deleted><verified>0</verified><date>24-Jun-2012 22:27:36</date><id>28</id><polygon><username>sandy</username><pt><x>624</x><y>384</y></pt><pt><x>622</x><y>356</y></pt><pt><x>627</x><y>351</y></pt><pt><x>628</x><y>337</y></pt><pt><x>638</x><y>336</y></pt><pt><x>639</x><y>345</y></pt><pt><x>639</x><y>352</y></pt><pt><x>651</x><y>352</y></pt><pt><x>655</x><y>343</y></pt><pt><x>667</x><y>344</y></pt><pt><x>666</x><y>351</y></pt><pt><x>668</x><y>389</y></pt><pt><x>664</x><y>401</y></pt><pt><x>659</x><y>409</y></pt><pt><x>614</x><y>401</y></pt><pt><x>614</x><y>392</y></pt></polygon></object><object><name>toys</name><deleted>0</deleted><verified>0</verified><date>24-Jun-2012 22:27:36</date><id>29</id><polygon><username>sandy</username><pt><x>603</x><y>363</y></pt><pt><x>613</x><y>361</y></pt><pt><x>614</x><y>372</y></pt><pt><x>616</x><y>388</y></pt><pt><x>611</x><y>398</y></pt><pt><x>559</x><y>397</y></pt><pt><x>512</x><y>395</y></pt><pt><x>458</x><y>392</y></pt><pt><x>430</x><y>392</y></pt><pt><x>391</x><y>387</y></pt><pt><x>386</x><y>361</y></pt><pt><x>389</x><y>349</y></pt><pt><x>393</x><y>347</y></pt><pt><x>407</x><y>346</y></pt><pt><x>422</x><y>349</y></pt><pt><x>442</x><y>348</y></pt><pt><x>458</x><y>348</y></pt><pt><x>470</x><y>351</y></pt><pt><x>482</x><y>351</y></pt><pt><x>490</x><y>349</y></pt><pt><x>493</x><y>355</y></pt><pt><x>503</x><y>352</y></pt><pt><x>507</x><y>342</y></pt><pt><x>510</x><y>335</y></pt><pt><x>518</x><y>337</y></pt><pt><x>520</x><y>330</y></pt><pt><x>531</x><y>326</y></pt><pt><x>538</x><y>330</y></pt><pt><x>543</x><y>340</y></pt><pt><x>549</x><y>352</y></pt><pt><x>551</x><y>364</y></pt><pt><x>553</x><y>380</y></pt><pt><x>556</x><y>386</y></pt><pt><x>564</x><y>385</y></pt><pt><x>565</x><y>374</y></pt><pt><x>568</x><y>361</y></pt><pt><x>572</x><y>351</y></pt><pt><x>580</x><y>351</y></pt><pt><x>589</x><y>354</y></pt></polygon></object><object><name>girlpicture</name><deleted>0</deleted><verified>0</verified><date>24-Jun-2012 22:27:36</date><id>30</id><polygon><username>sandy</username><pt><x>419</x><y>313</y></pt><pt><x>422</x><y>289</y></pt><pt><x>453</x><y>289</y></pt><pt><x>456</x><y>343</y></pt><pt><x>421</x><y>342</y></pt></polygon></object><object><name>boypicture</name><deleted>0</deleted><verified>0</verified><date>24-Jun-2012 22:27:36</date><id>31</id><polygon><username>sandy</username><pt><x>385</x><y>314</y></pt><pt><x>387</x><y>289</y></pt><pt><x>422</x><y>289</y></pt><pt><x>419</x><y>342</y></pt><pt><x>387</x><y>341</y></pt></polygon></object><object><name>curtains</name><deleted>0</deleted><verified>0</verified><date>24-Jun-2012 22:27:36</date><id>32</id><polygon><username>sandy</username><pt><x>88</x><y>236</y></pt><pt><x>100</x><y>309</y></pt><pt><x>103</x><y>326</y></pt><pt><x>101</x><y>335</y></pt><pt><x>107</x><y>337</y></pt><pt><x>111</x><y>337</y></pt><pt><x>115</x><y>340</y></pt><pt><x>125</x><y>337</y></pt><pt><x>112</x><y>309</y></pt><pt><x>119</x><y>280</y></pt><pt><x>122</x><y>193</y></pt><pt><x>78</x><y>193</y></pt></polygon></object><imagesize><nrows>600</nrows><ncols>800</ncols></imagesize><object><name>sign</name><deleted>0</deleted><verified>0</verified><date>16-Jul-2012 12:23:55</date><id>33</id><polygon><username>sandy</username><pt><x>512</x><y>241</y></pt><pt><x>510</x><y>283</y></pt><pt><x>383</x><y>281</y></pt><pt><x>388</x><y>244</y></pt></polygon></object></annotation>