<annotation><filename>c_countryside_cattle.jpg</filename><folder>100images</folder><source><sourceImage>The MIT-CSAIL database of objects and scenes</sourceImage><sourceAnnotation>LabelMe Webtool</sourceAnnotation></source><object><name>man</name><deleted>0</deleted><verified>0</verified><date>24-Jun-2012 22:33:44</date><id>0</id><polygon><username>sandy</username><pt><x>32</x><y>242</y></pt><pt><x>38</x><y>267</y></pt><pt><x>54</x><y>268</y></pt><pt><x>92</x><y>307</y></pt><pt><x>99</x><y>312</y></pt><pt><x>100</x><y>322</y></pt><pt><x>94</x><y>326</y></pt><pt><x>87</x><y>325</y></pt><pt><x>79</x><y>322</y></pt><pt><x>69</x><y>316</y></pt><pt><x>61</x><y>306</y></pt><pt><x>57</x><y>335</y></pt><pt><x>59</x><y>349</y></pt><pt><x>2</x><y>350</y></pt><pt><x>0</x><y>261</y></pt><pt><x>4</x><y>259</y></pt><pt><x>4</x><y>241</y></pt><pt><x>5</x><y>233</y></pt><pt><x>13</x><y>228</y></pt><pt><x>20</x><y>229</y></pt><pt><x>28</x><y>232</y></pt></polygon></object><object><name>buildings</name><deleted>0</deleted><verified>0</verified><date>24-Jun-2012 22:33:44</date><id>1</id><polygon><username>sandy</username><pt><x>15</x><y>41</y></pt><pt><x>19</x><y>56</y></pt><pt><x>29</x><y>57</y></pt><pt><x>44</x><y>57</y></pt><pt><x>44</x><y>70</y></pt><pt><x>62</x><y>63</y></pt><pt><x>84</x><y>53</y></pt><pt><x>119</x><y>6</y></pt><pt><x>125</x><y>2</y></pt><pt><x>131</x><y>5</y></pt><pt><x>134</x><y>6</y></pt><pt><x>178</x><y>1</y></pt><pt><x>213</x><y>35</y></pt><pt><x>235</x><y>33</y></pt><pt><x>241</x><y>48</y></pt><pt><x>240</x><y>54</y></pt><pt><x>253</x><y>56</y></pt><pt><x>295</x><y>85</y></pt><pt><x>319</x><y>80</y></pt><pt><x>444</x><y>76</y></pt><pt><x>447</x><y>124</y></pt><pt><x>327</x><y>137</y></pt><pt><x>190</x><y>145</y></pt><pt><x>81</x><y>137</y></pt><pt><x>2</x><y>132</y></pt><pt><x>2</x><y>50</y></pt><pt><x>5</x><y>47</y></pt><pt><x>5</x><y>40</y></pt></polygon></object><object><name>buildings</name><deleted>0</deleted><verified>0</verified><date>24-Jun-2012 22:33:44</date><id>2</id><polygon><username>sandy</username><pt><x>722</x><y>56</y></pt><pt><x>729</x><y>56</y></pt><pt><x>758</x><y>26</y></pt><pt><x>757</x><y>6</y></pt><pt><x>765</x><y>4</y></pt><pt><x>768</x><y>1</y></pt><pt><x>773</x><y>4</y></pt><pt><x>778</x><y>7</y></pt><pt><x>781</x><y>18</y></pt><pt><x>799</x><y>16</y></pt><pt><x>797</x><y>140</y></pt><pt><x>735</x><y>155</y></pt><pt><x>707</x><y>154</y></pt><pt><x>675</x><y>153</y></pt><pt><x>676</x><y>105</y></pt></polygon></object><object><name>quadbicycle</name><deleted>0</deleted><verified>0</verified><date>24-Jun-2012 22:33:44</date><id>3</id><polygon><username>sandy</username><pt><x>117</x><y>379</y></pt><pt><x>119</x><y>367</y></pt><pt><x>106</x><y>362</y></pt><pt><x>96</x><y>356</y></pt><pt><x>92</x><y>348</y></pt><pt><x>86</x><y>340</y></pt><pt><x>73</x><y>333</y></pt><pt><x>68</x><y>329</y></pt><pt><x>71</x><y>323</y></pt><pt><x>79</x><y>322</y></pt><pt><x>92</x><y>325</y></pt><pt><x>98</x><y>313</y></pt><pt><x>87</x><y>310</y></pt><pt><x>68</x><y>310</y></pt><pt><x>62</x><y>313</y></pt><pt><x>56</x><y>320</y></pt><pt><x>34</x><y>318</y></pt><pt><x>21</x><y>320</y></pt><pt><x>12</x><y>318</y></pt><pt><x>4</x><y>318</y></pt><pt><x>0</x><y>464</y></pt><pt><x>117</x><y>454</y></pt></polygon></object><object><name>sheep</name><deleted>0</deleted><verified>0</verified><date>24-Jun-2012 22:33:44</date><id>4</id><polygon><username>sandy</username><pt><x>66</x><y>436</y></pt><pt><x>70</x><y>451</y></pt><pt><x>68</x><y>464</y></pt><pt><x>66</x><y>479</y></pt><pt><x>60</x><y>490</y></pt><pt><x>54</x><y>493</y></pt><pt><x>50</x><y>505</y></pt><pt><x>46</x><y>513</y></pt><pt><x>42</x><y>519</y></pt><pt><x>38</x><y>521</y></pt><pt><x>40</x><y>529</y></pt><pt><x>40</x><y>536</y></pt><pt><x>32</x><y>535</y></pt><pt><x>31</x><y>523</y></pt><pt><x>29</x><y>506</y></pt><pt><x>26</x><y>500</y></pt><pt><x>22</x><y>508</y></pt><pt><x>22</x><y>521</y></pt><pt><x>27</x><y>533</y></pt><pt><x>24</x><y>536</y></pt><pt><x>18</x><y>535</y></pt><pt><x>10</x><y>514</y></pt><pt><x>6</x><y>503</y></pt><pt><x>4</x><y>505</y></pt><pt><x>3</x><y>520</y></pt><pt><x>2</x><y>523</y></pt><pt><x>4</x><y>418</y></pt><pt><x>28</x><y>409</y></pt><pt><x>18</x><y>400</y></pt><pt><x>20</x><y>391</y></pt><pt><x>31</x><y>391</y></pt><pt><x>40</x><y>394</y></pt><pt><x>47</x><y>393</y></pt><pt><x>54</x><y>391</y></pt><pt><x>58</x><y>402</y></pt><pt><x>60</x><y>416</y></pt><pt><x>63</x><y>428</y></pt></polygon></object><object><name>sheep</name><deleted>0</deleted><verified>0</verified><date>24-Jun-2012 22:33:44</date><id>5</id><polygon><username>sandy</username><pt><x>75</x><y>481</y></pt><pt><x>83</x><y>474</y></pt><pt><x>83</x><y>466</y></pt><pt><x>75</x><y>464</y></pt><pt><x>74</x><y>457</y></pt><pt><x>83</x><y>453</y></pt><pt><x>92</x><y>456</y></pt><pt><x>108</x><y>434</y></pt><pt><x>118</x><y>426</y></pt><pt><x>162</x><y>423</y></pt><pt><x>170</x><y>418</y></pt><pt><x>168</x><y>400</y></pt><pt><x>165</x><y>398</y></pt><pt><x>159</x><y>403</y></pt><pt><x>157</x><y>396</y></pt><pt><x>164</x><y>389</y></pt><pt><x>171</x><y>391</y></pt><pt><x>178</x><y>392</y></pt><pt><x>186</x><y>391</y></pt><pt><x>196</x><y>389</y></pt><pt><x>201</x><y>399</y></pt><pt><x>207</x><y>414</y></pt><pt><x>229</x><y>426</y></pt><pt><x>242</x><y>427</y></pt><pt><x>250</x><y>427</y></pt><pt><x>260</x><y>419</y></pt><pt><x>276</x><y>409</y></pt><pt><x>288</x><y>407</y></pt><pt><x>298</x><y>410</y></pt><pt><x>303</x><y>400</y></pt><pt><x>314</x><y>398</y></pt><pt><x>334</x><y>400</y></pt><pt><x>351</x><y>395</y></pt><pt><x>367</x><y>391</y></pt><pt><x>380</x><y>390</y></pt><pt><x>384</x><y>397</y></pt><pt><x>389</x><y>409</y></pt><pt><x>391</x><y>412</y></pt><pt><x>420</x><y>406</y></pt><pt><x>424</x><y>399</y></pt><pt><x>421</x><y>393</y></pt><pt><x>433</x><y>388</y></pt><pt><x>442</x><y>389</y></pt><pt><x>449</x><y>383</y></pt><pt><x>470</x><y>386</y></pt><pt><x>483</x><y>399</y></pt><pt><x>495</x><y>401</y></pt><pt><x>501</x><y>403</y></pt><pt><x>511</x><y>394</y></pt><pt><x>537</x><y>393</y></pt><pt><x>575</x><y>389</y></pt><pt><x>584</x><y>376</y></pt><pt><x>609</x><y>379</y></pt><pt><x>624</x><y>385</y></pt><pt><x>651</x><y>387</y></pt><pt><x>667</x><y>390</y></pt><pt><x>686</x><y>389</y></pt><pt><x>707</x><y>390</y></pt><pt><x>716</x><y>385</y></pt><pt><x>725</x><y>384</y></pt><pt><x>732</x><y>382</y></pt><pt><x>736</x><y>377</y></pt><pt><x>742</x><y>382</y></pt><pt><x>751</x><y>386</y></pt><pt><x>752</x><y>383</y></pt><pt><x>757</x><y>379</y></pt><pt><x>763</x><y>382</y></pt><pt><x>766</x><y>390</y></pt><pt><x>765</x><y>396</y></pt><pt><x>765</x><y>411</y></pt><pt><x>769</x><y>424</y></pt><pt><x>771</x><y>433</y></pt><pt><x>783</x><y>440</y></pt><pt><x>792</x><y>445</y></pt><pt><x>798</x><y>564</y></pt><pt><x>788</x><y>566</y></pt><pt><x>775</x><y>560</y></pt><pt><x>762</x><y>573</y></pt><pt><x>711</x><y>573</y></pt><pt><x>688</x><y>557</y></pt><pt><x>651</x><y>555</y></pt><pt><x>638</x><y>557</y></pt><pt><x>640</x><y>572</y></pt><pt><x>602</x><y>567</y></pt><pt><x>582</x><y>558</y></pt><pt><x>572</x><y>573</y></pt><pt><x>552</x><y>570</y></pt><pt><x>539</x><y>564</y></pt><pt><x>513</x><y>560</y></pt><pt><x>488</x><y>567</y></pt><pt><x>475</x><y>572</y></pt><pt><x>461</x><y>575</y></pt><pt><x>427</x><y>568</y></pt><pt><x>408</x><y>568</y></pt><pt><x>386</x><y>567</y></pt><pt><x>366</x><y>568</y></pt><pt><x>344</x><y>566</y></pt><pt><x>321</x><y>545</y></pt><pt><x>316</x><y>543</y></pt><pt><x>312</x><y>525</y></pt><pt><x>309</x><y>516</y></pt><pt><x>297</x><y>512</y></pt><pt><x>290</x><y>519</y></pt><pt><x>291</x><y>542</y></pt><pt><x>291</x><y>560</y></pt><pt><x>287</x><y>560</y></pt><pt><x>280</x><y>558</y></pt><pt><x>277</x><y>541</y></pt><pt><x>268</x><y>543</y></pt><pt><x>263</x><y>552</y></pt><pt><x>250</x><y>544</y></pt><pt><x>242</x><y>544</y></pt><pt><x>236</x><y>550</y></pt><pt><x>239</x><y>562</y></pt><pt><x>229</x><y>568</y></pt><pt><x>215</x><y>566</y></pt><pt><x>209</x><y>566</y></pt><pt><x>205</x><y>546</y></pt><pt><x>199</x><y>539</y></pt><pt><x>182</x><y>538</y></pt><pt><x>185</x><y>553</y></pt><pt><x>189</x><y>568</y></pt><pt><x>180</x><y>568</y></pt><pt><x>165</x><y>525</y></pt><pt><x>158</x><y>525</y></pt><pt><x>161</x><y>559</y></pt><pt><x>161</x><y>567</y></pt><pt><x>149</x><y>562</y></pt><pt><x>137</x><y>564</y></pt><pt><x>126</x><y>556</y></pt><pt><x>122</x><y>549</y></pt><pt><x>118</x><y>552</y></pt><pt><x>119</x><y>559</y></pt><pt><x>110</x><y>563</y></pt><pt><x>103</x><y>560</y></pt><pt><x>101</x><y>540</y></pt><pt><x>98</x><y>526</y></pt><pt><x>92</x><y>515</y></pt><pt><x>92</x><y>541</y></pt><pt><x>92</x><y>555</y></pt><pt><x>89</x><y>559</y></pt><pt><x>84</x><y>552</y></pt><pt><x>84</x><y>535</y></pt><pt><x>81</x><y>519</y></pt><pt><x>78</x><y>516</y></pt><pt><x>76</x><y>541</y></pt><pt><x>73</x><y>550</y></pt><pt><x>68</x><y>543</y></pt><pt><x>70</x><y>523</y></pt><pt><x>70</x><y>507</y></pt><pt><x>69</x><y>491</y></pt></polygon></object><object><name>fence</name><deleted>0</deleted><verified>0</verified><date>24-Jun-2012 22:33:44</date><id>6</id><polygon><username>sandy</username><pt><x>796</x><y>161</y></pt><pt><x>794</x><y>183</y></pt><pt><x>755</x><y>193</y></pt><pt><x>714</x><y>201</y></pt><pt><x>683</x><y>205</y></pt><pt><x>637</x><y>208</y></pt><pt><x>604</x><y>212</y></pt><pt><x>549</x><y>216</y></pt><pt><x>497</x><y>223</y></pt><pt><x>439</x><y>231</y></pt><pt><x>377</x><y>233</y></pt><pt><x>314</x><y>237</y></pt><pt><x>250</x><y>243</y></pt><pt><x>192</x><y>248</y></pt><pt><x>125</x><y>257</y></pt><pt><x>70</x><y>258</y></pt><pt><x>71</x><y>235</y></pt><pt><x>123</x><y>229</y></pt><pt><x>191</x><y>226</y></pt><pt><x>253</x><y>224</y></pt><pt><x>314</x><y>215</y></pt><pt><x>379</x><y>209</y></pt><pt><x>437</x><y>205</y></pt><pt><x>495</x><y>198</y></pt><pt><x>549</x><y>193</y></pt><pt><x>603</x><y>187</y></pt><pt><x>637</x><y>185</y></pt><pt><x>681</x><y>180</y></pt><pt><x>718</x><y>179</y></pt><pt><x>757</x><y>167</y></pt></polygon></object><object><name>fence</name><deleted>0</deleted><verified>0</verified><date>24-Jun-2012 22:33:44</date><id>7</id><polygon><username>sandy</username><pt><x>711</x><y>225</y></pt><pt><x>793</x><y>224</y></pt><pt><x>799</x><y>223</y></pt><pt><x>799</x><y>242</y></pt><pt><x>792</x><y>246</y></pt><pt><x>711</x><y>246</y></pt><pt><x>635</x><y>258</y></pt><pt><x>550</x><y>262</y></pt><pt><x>463</x><y>273</y></pt><pt><x>372</x><y>275</y></pt><pt><x>278</x><y>279</y></pt><pt><x>202</x><y>290</y></pt><pt><x>203</x><y>263</y></pt><pt><x>277</x><y>255</y></pt><pt><x>375</x><y>250</y></pt><pt><x>464</x><y>247</y></pt><pt><x>552</x><y>240</y></pt><pt><x>635</x><y>235</y></pt></polygon></object><object><name>fence</name><deleted>0</deleted><verified>0</verified><date>24-Jun-2012 22:33:44</date><id>8</id><polygon><username>sandy</username><pt><x>774</x><y>270</y></pt><pt><x>773</x><y>302</y></pt><pt><x>743</x><y>302</y></pt><pt><x>713</x><y>306</y></pt><pt><x>688</x><y>309</y></pt><pt><x>657</x><y>306</y></pt><pt><x>625</x><y>308</y></pt><pt><x>588</x><y>309</y></pt><pt><x>526</x><y>309</y></pt><pt><x>494</x><y>312</y></pt><pt><x>430</x><y>311</y></pt><pt><x>393</x><y>309</y></pt><pt><x>360</x><y>311</y></pt><pt><x>293</x><y>313</y></pt><pt><x>260</x><y>315</y></pt><pt><x>226</x><y>312</y></pt><pt><x>229</x><y>287</y></pt><pt><x>295</x><y>286</y></pt><pt><x>395</x><y>283</y></pt><pt><x>462</x><y>283</y></pt><pt><x>528</x><y>280</y></pt><pt><x>591</x><y>279</y></pt><pt><x>656</x><y>274</y></pt><pt><x>714</x><y>275</y></pt><pt><x>745</x><y>271</y></pt></polygon></object><object><name>fence</name><deleted>0</deleted><verified>0</verified><date>24-Jun-2012 22:33:44</date><id>9</id><polygon><username>sandy</username><pt><x>376</x><y>337</y></pt><pt><x>381</x><y>307</y></pt><pt><x>474</x><y>310</y></pt><pt><x>653</x><y>303</y></pt><pt><x>740</x><y>306</y></pt><pt><x>736</x><y>338</y></pt><pt><x>641</x><y>334</y></pt><pt><x>557</x><y>331</y></pt><pt><x>462</x><y>343</y></pt></polygon></object><object><name>fence</name><deleted>0</deleted><verified>0</verified><date>24-Jun-2012 22:33:44</date><id>10</id><polygon><username>sandy</username><pt><x>659</x><y>122</y></pt><pt><x>660</x><y>143</y></pt><pt><x>628</x><y>146</y></pt><pt><x>583</x><y>150</y></pt><pt><x>530</x><y>158</y></pt><pt><x>488</x><y>165</y></pt><pt><x>446</x><y>171</y></pt><pt><x>408</x><y>184</y></pt><pt><x>358</x><y>191</y></pt><pt><x>330</x><y>185</y></pt><pt><x>311</x><y>189</y></pt><pt><x>274</x><y>193</y></pt><pt><x>257</x><y>180</y></pt><pt><x>216</x><y>179</y></pt><pt><x>191</x><y>177</y></pt><pt><x>155</x><y>175</y></pt><pt><x>138</x><y>173</y></pt><pt><x>123</x><y>167</y></pt><pt><x>114</x><y>168</y></pt><pt><x>130</x><y>148</y></pt><pt><x>157</x><y>156</y></pt><pt><x>176</x><y>163</y></pt><pt><x>198</x><y>162</y></pt><pt><x>215</x><y>159</y></pt><pt><x>236</x><y>162</y></pt><pt><x>260</x><y>165</y></pt><pt><x>277</x><y>165</y></pt><pt><x>310</x><y>166</y></pt><pt><x>330</x><y>157</y></pt><pt><x>363</x><y>164</y></pt><pt><x>404</x><y>163</y></pt><pt><x>447</x><y>152</y></pt><pt><x>491</x><y>142</y></pt><pt><x>533</x><y>127</y></pt><pt><x>586</x><y>123</y></pt><pt><x>629</x><y>122</y></pt></polygon></object><object><name>fence</name><deleted>0</deleted><verified>0</verified><date>24-Jun-2012 22:33:44</date><id>11</id><polygon><username>sandy</username><pt><x>418</x><y>129</y></pt><pt><x>421</x><y>137</y></pt><pt><x>376</x><y>149</y></pt><pt><x>325</x><y>148</y></pt><pt><x>289</x><y>151</y></pt><pt><x>244</x><y>146</y></pt><pt><x>252</x><y>131</y></pt><pt><x>295</x><y>137</y></pt><pt><x>331</x><y>136</y></pt><pt><x>374</x><y>135</y></pt></polygon></object><object><name>car</name><deleted>0</deleted><verified>0</verified><date>24-Jun-2012 22:33:44</date><id>12</id><polygon><username>sandy</username><pt><x>263</x><y>404</y></pt><pt><x>266</x><y>347</y></pt><pt><x>242</x><y>317</y></pt><pt><x>264</x><y>311</y></pt><pt><x>259</x><y>301</y></pt><pt><x>243</x><y>305</y></pt><pt><x>239</x><y>311</y></pt><pt><x>200</x><y>260</y></pt><pt><x>192</x><y>255</y></pt><pt><x>77</x><y>256</y></pt><pt><x>61</x><y>264</y></pt><pt><x>52</x><y>271</y></pt><pt><x>68</x><y>420</y></pt><pt><x>120</x><y>417</y></pt><pt><x>238</x><y>409</y></pt><pt><x>238</x><y>430</y></pt><pt><x>249</x><y>430</y></pt><pt><x>257</x><y>426</y></pt></polygon></object><object><name>vehicle</name><deleted>0</deleted><verified>0</verified><date>24-Jun-2012 22:33:44</date><id>13</id><polygon><username>sandy</username><pt><x>525</x><y>143</y></pt><pt><x>560</x><y>150</y></pt><pt><x>560</x><y>159</y></pt><pt><x>588</x><y>163</y></pt><pt><x>593</x><y>171</y></pt><pt><x>593</x><y>189</y></pt><pt><x>589</x><y>198</y></pt><pt><x>577</x><y>195</y></pt><pt><x>567</x><y>195</y></pt><pt><x>560</x><y>191</y></pt><pt><x>536</x><y>190</y></pt><pt><x>525</x><y>198</y></pt><pt><x>520</x><y>198</y></pt><pt><x>513</x><y>190</y></pt><pt><x>507</x><y>181</y></pt><pt><x>503</x><y>171</y></pt><pt><x>506</x><y>153</y></pt><pt><x>514</x><y>145</y></pt></polygon></object><object><name>vehicle</name><deleted>0</deleted><verified>0</verified><date>24-Jun-2012 22:33:44</date><id>14</id><polygon><username>sandy</username><pt><x>484</x><y>184</y></pt><pt><x>484</x><y>194</y></pt><pt><x>479</x><y>199</y></pt><pt><x>470</x><y>198</y></pt><pt><x>468</x><y>192</y></pt><pt><x>459</x><y>193</y></pt><pt><x>457</x><y>198</y></pt><pt><x>449</x><y>198</y></pt><pt><x>443</x><y>194</y></pt><pt><x>444</x><y>187</y></pt><pt><x>448</x><y>181</y></pt><pt><x>470</x><y>180</y></pt></polygon></object><imagesize><nrows>600</nrows><ncols>800</ncols></imagesize></annotation>