<annotation><filename>d_dining_eating.jpg</filename><folder>100images</folder><source><sourceImage>The MIT-CSAIL database of objects and scenes</sourceImage><sourceAnnotation>LabelMe Webtool</sourceAnnotation></source><object><name>chessboard</name><deleted>0</deleted><verified>0</verified><date>25-Jun-2012 22:31:56</date><id>0</id><polygon><username>sandy</username><pt><x>475</x><y>378</y></pt><pt><x>480</x><y>398</y></pt><pt><x>478</x><y>417</y></pt><pt><x>472</x><y>437</y></pt><pt><x>454</x><y>454</y></pt><pt><x>435</x><y>464</y></pt><pt><x>396</x><y>468</y></pt><pt><x>370</x><y>461</y></pt><pt><x>342</x><y>447</y></pt><pt><x>328</x><y>435</y></pt><pt><x>325</x><y>424</y></pt><pt><x>322</x><y>409</y></pt><pt><x>321</x><y>397</y></pt><pt><x>325</x><y>383</y></pt><pt><x>331</x><y>374</y></pt><pt><x>346</x><y>362</y></pt><pt><x>366</x><y>355</y></pt><pt><x>396</x><y>353</y></pt><pt><x>424</x><y>356</y></pt><pt><x>452</x><y>363</y></pt><pt><x>466</x><y>371</y></pt></polygon></object><object><name>person</name><deleted>0</deleted><verified>0</verified><date>25-Jun-2012 22:31:56</date><id>1</id><polygon><username>sandy</username><pt><x>604</x><y>233</y></pt><pt><x>600</x><y>206</y></pt><pt><x>602</x><y>179</y></pt><pt><x>606</x><y>160</y></pt><pt><x>623</x><y>138</y></pt><pt><x>632</x><y>124</y></pt><pt><x>645</x><y>110</y></pt><pt><x>665</x><y>104</y></pt><pt><x>688</x><y>101</y></pt><pt><x>698</x><y>100</y></pt><pt><x>722</x><y>91</y></pt><pt><x>749</x><y>94</y></pt><pt><x>777</x><y>95</y></pt><pt><x>794</x><y>96</y></pt><pt><x>799</x><y>96</y></pt><pt><x>798</x><y>593</y></pt><pt><x>797</x><y>599</y></pt><pt><x>614</x><y>594</y></pt><pt><x>629</x><y>573</y></pt><pt><x>642</x><y>556</y></pt><pt><x>650</x><y>541</y></pt><pt><x>643</x><y>519</y></pt><pt><x>631</x><y>503</y></pt><pt><x>612</x><y>490</y></pt><pt><x>601</x><y>488</y></pt><pt><x>601</x><y>476</y></pt><pt><x>604</x><y>462</y></pt><pt><x>610</x><y>454</y></pt><pt><x>622</x><y>452</y></pt><pt><x>649</x><y>458</y></pt><pt><x>772</x><y>463</y></pt><pt><x>757</x><y>360</y></pt><pt><x>745</x><y>326</y></pt><pt><x>739</x><y>319</y></pt><pt><x>717</x><y>318</y></pt><pt><x>698</x><y>311</y></pt><pt><x>680</x><y>302</y></pt><pt><x>669</x><y>293</y></pt><pt><x>665</x><y>283</y></pt><pt><x>648</x><y>285</y></pt><pt><x>608</x><y>293</y></pt><pt><x>558</x><y>296</y></pt><pt><x>511</x><y>297</y></pt><pt><x>488</x><y>305</y></pt><pt><x>485</x><y>310</y></pt><pt><x>470</x><y>327</y></pt><pt><x>463</x><y>341</y></pt><pt><x>451</x><y>355</y></pt><pt><x>444</x><y>360</y></pt><pt><x>435</x><y>369</y></pt><pt><x>429</x><y>363</y></pt><pt><x>427</x><y>369</y></pt><pt><x>423</x><y>365</y></pt><pt><x>419</x><y>360</y></pt><pt><x>416</x><y>349</y></pt><pt><x>406</x><y>340</y></pt><pt><x>402</x><y>328</y></pt><pt><x>409</x><y>314</y></pt><pt><x>420</x><y>297</y></pt><pt><x>429</x><y>292</y></pt><pt><x>467</x><y>277</y></pt><pt><x>486</x><y>270</y></pt><pt><x>504</x><y>269</y></pt><pt><x>561</x><y>250</y></pt><pt><x>590</x><y>241</y></pt></polygon></object><object><name>person</name><deleted>0</deleted><verified>0</verified><date>25-Jun-2012 22:31:56</date><id>2</id><polygon><username>sandy</username><pt><x>267</x><y>308</y></pt><pt><x>237</x><y>315</y></pt><pt><x>231</x><y>312</y></pt><pt><x>134</x><y>237</y></pt><pt><x>132</x><y>229</y></pt><pt><x>141</x><y>222</y></pt><pt><x>150</x><y>216</y></pt><pt><x>159</x><y>216</y></pt><pt><x>170</x><y>214</y></pt><pt><x>175</x><y>210</y></pt><pt><x>176</x><y>201</y></pt><pt><x>175</x><y>192</y></pt><pt><x>188</x><y>158</y></pt><pt><x>199</x><y>130</y></pt><pt><x>202</x><y>119</y></pt><pt><x>205</x><y>107</y></pt><pt><x>199</x><y>88</y></pt><pt><x>191</x><y>74</y></pt><pt><x>175</x><y>55</y></pt><pt><x>138</x><y>26</y></pt><pt><x>123</x><y>16</y></pt><pt><x>77</x><y>11</y></pt><pt><x>43</x><y>18</y></pt><pt><x>14</x><y>36</y></pt><pt><x>2</x><y>51</y></pt><pt><x>2</x><y>599</y></pt><pt><x>157</x><y>596</y></pt><pt><x>273</x><y>417</y></pt><pt><x>274</x><y>391</y></pt><pt><x>268</x><y>366</y></pt><pt><x>273</x><y>352</y></pt><pt><x>274</x><y>342</y></pt><pt><x>271</x><y>332</y></pt><pt><x>268</x><y>322</y></pt></polygon></object><object><name>person</name><deleted>0</deleted><verified>0</verified><date>25-Jun-2012 22:31:56</date><id>3</id><polygon><username>sandy</username><pt><x>268</x><y>123</y></pt><pt><x>328</x><y>204</y></pt><pt><x>342</x><y>219</y></pt><pt><x>275</x><y>347</y></pt><pt><x>251</x><y>297</y></pt><pt><x>233</x><y>256</y></pt><pt><x>227</x><y>245</y></pt><pt><x>222</x><y>254</y></pt><pt><x>207</x><y>289</y></pt><pt><x>204</x><y>294</y></pt><pt><x>130</x><y>235</y></pt><pt><x>135</x><y>122</y></pt><pt><x>225</x><y>101</y></pt><pt><x>245</x><y>101</y></pt><pt><x>258</x><y>108</y></pt></polygon></object><object><name>person</name><deleted>0</deleted><verified>0</verified><date>25-Jun-2012 22:31:56</date><id>4</id><polygon><username>sandy</username><pt><x>336</x><y>198</y></pt><pt><x>335</x><y>181</y></pt><pt><x>365</x><y>157</y></pt><pt><x>394</x><y>124</y></pt><pt><x>401</x><y>118</y></pt><pt><x>388</x><y>83</y></pt><pt><x>385</x><y>65</y></pt><pt><x>383</x><y>46</y></pt><pt><x>387</x><y>26</y></pt><pt><x>394</x><y>11</y></pt><pt><x>398</x><y>5</y></pt><pt><x>596</x><y>6</y></pt><pt><x>594</x><y>130</y></pt><pt><x>591</x><y>153</y></pt><pt><x>593</x><y>192</y></pt><pt><x>591</x><y>217</y></pt><pt><x>596</x><y>233</y></pt><pt><x>598</x><y>243</y></pt><pt><x>584</x><y>248</y></pt><pt><x>572</x><y>248</y></pt></polygon></object><imagesize><nrows>600</nrows><ncols>800</ncols></imagesize><object><name>plate</name><deleted>0</deleted><verified>0</verified><date>25-Jun-2012 22:39:45</date><id>5</id><polygon><username>sandy</username><pt><x>304</x><y>488</y></pt><pt><x>312</x><y>507</y></pt><pt><x>312</x><y>529</y></pt><pt><x>311</x><y>547</y></pt><pt><x>296</x><y>573</y></pt><pt><x>279</x><y>593</y></pt><pt><x>273</x><y>595</y></pt><pt><x>192</x><y>596</y></pt><pt><x>177</x><y>592</y></pt><pt><x>169</x><y>583</y></pt><pt><x>162</x><y>574</y></pt><pt><x>158</x><y>565</y></pt><pt><x>155</x><y>541</y></pt><pt><x>156</x><y>529</y></pt><pt><x>159</x><y>520</y></pt><pt><x>168</x><y>505</y></pt><pt><x>176</x><y>494</y></pt><pt><x>194</x><y>476</y></pt><pt><x>209</x><y>465</y></pt><pt><x>237</x><y>456</y></pt><pt><x>273</x><y>458</y></pt><pt><x>286</x><y>468</y></pt><pt><x>294</x><y>477</y></pt></polygon></object><object><name>plate</name><deleted>0</deleted><verified>0</verified><date>25-Jun-2012 22:39:45</date><id>6</id><polygon><username>sandy</username><pt><x>521</x><y>510</y></pt><pt><x>548</x><y>536</y></pt><pt><x>558</x><y>561</y></pt><pt><x>556</x><y>581</y></pt><pt><x>552</x><y>594</y></pt><pt><x>408</x><y>597</y></pt><pt><x>386</x><y>575</y></pt><pt><x>377</x><y>567</y></pt><pt><x>371</x><y>554</y></pt><pt><x>367</x><y>542</y></pt><pt><x>367</x><y>524</y></pt><pt><x>370</x><y>513</y></pt><pt><x>381</x><y>497</y></pt><pt><x>394</x><y>488</y></pt><pt><x>426</x><y>478</y></pt><pt><x>462</x><y>483</y></pt><pt><x>496</x><y>493</y></pt><pt><x>511</x><y>500</y></pt></polygon></object><object><name>plate</name><deleted>0</deleted><verified>0</verified><date>25-Jun-2012 22:39:45</date><id>7</id><polygon><username>sandy</username><pt><x>323</x><y>289</y></pt><pt><x>303</x><y>289</y></pt><pt><x>287</x><y>282</y></pt><pt><x>276</x><y>277</y></pt><pt><x>269</x><y>270</y></pt><pt><x>263</x><y>263</y></pt><pt><x>260</x><y>254</y></pt><pt><x>260</x><y>246</y></pt><pt><x>268</x><y>237</y></pt><pt><x>281</x><y>226</y></pt><pt><x>296</x><y>224</y></pt><pt><x>375</x><y>235</y></pt><pt><x>386</x><y>239</y></pt><pt><x>392</x><y>248</y></pt><pt><x>395</x><y>257</y></pt><pt><x>394</x><y>266</y></pt><pt><x>387</x><y>272</y></pt><pt><x>366</x><y>287</y></pt><pt><x>354</x><y>289</y></pt><pt><x>343</x><y>288</y></pt></polygon></object><object><name>plate</name><deleted>0</deleted><verified>0</verified><date>25-Jun-2012 22:39:45</date><id>8</id><polygon><username>sandy</username><pt><x>522</x><y>210</y></pt><pt><x>534</x><y>223</y></pt><pt><x>538</x><y>233</y></pt><pt><x>532</x><y>243</y></pt><pt><x>523</x><y>249</y></pt><pt><x>504</x><y>253</y></pt><pt><x>487</x><y>258</y></pt><pt><x>473</x><y>255</y></pt><pt><x>450</x><y>249</y></pt><pt><x>443</x><y>245</y></pt><pt><x>429</x><y>234</y></pt><pt><x>421</x><y>227</y></pt><pt><x>417</x><y>219</y></pt><pt><x>415</x><y>210</y></pt><pt><x>422</x><y>199</y></pt><pt><x>433</x><y>196</y></pt><pt><x>444</x><y>195</y></pt><pt><x>485</x><y>198</y></pt><pt><x>502</x><y>203</y></pt></polygon></object><object><name>plate</name><deleted>0</deleted><verified>0</verified><date>25-Jun-2012 22:39:45</date><id>9</id><polygon><username>sandy</username><pt><x>622</x><y>324</y></pt><pt><x>595</x><y>340</y></pt><pt><x>564</x><y>349</y></pt><pt><x>532</x><y>345</y></pt><pt><x>507</x><y>340</y></pt><pt><x>496</x><y>335</y></pt><pt><x>495</x><y>324</y></pt><pt><x>500</x><y>314</y></pt><pt><x>513</x><y>306</y></pt><pt><x>595</x><y>298</y></pt><pt><x>612</x><y>297</y></pt><pt><x>619</x><y>305</y></pt></polygon></object><object><name>glass</name><deleted>0</deleted><verified>0</verified><date>25-Jun-2012 22:39:45</date><id>10</id><polygon><username>sandy</username><pt><x>318</x><y>497</y></pt><pt><x>321</x><y>533</y></pt><pt><x>325</x><y>550</y></pt><pt><x>327</x><y>565</y></pt><pt><x>331</x><y>584</y></pt><pt><x>334</x><y>597</y></pt><pt><x>376</x><y>597</y></pt><pt><x>379</x><y>586</y></pt><pt><x>380</x><y>572</y></pt><pt><x>380</x><y>539</y></pt><pt><x>385</x><y>514</y></pt><pt><x>385</x><y>501</y></pt><pt><x>385</x><y>489</y></pt><pt><x>385</x><y>474</y></pt><pt><x>375</x><y>469</y></pt><pt><x>361</x><y>464</y></pt><pt><x>351</x><y>460</y></pt><pt><x>335</x><y>467</y></pt><pt><x>331</x><y>469</y></pt><pt><x>325</x><y>477</y></pt><pt><x>321</x><y>485</y></pt></polygon></object><object><name>glass</name><deleted>0</deleted><verified>0</verified><date>25-Jun-2012 22:39:45</date><id>11</id><polygon><username>sandy</username><pt><x>375</x><y>314</y></pt><pt><x>371</x><y>267</y></pt><pt><x>379</x><y>259</y></pt><pt><x>387</x><y>253</y></pt><pt><x>397</x><y>257</y></pt><pt><x>407</x><y>259</y></pt><pt><x>413</x><y>262</y></pt><pt><x>416</x><y>275</y></pt><pt><x>415</x><y>290</y></pt><pt><x>414</x><y>303</y></pt><pt><x>412</x><y>316</y></pt><pt><x>410</x><y>326</y></pt><pt><x>397</x><y>326</y></pt><pt><x>389</x><y>330</y></pt></polygon></object><object><name>glass</name><deleted>0</deleted><verified>0</verified><date>25-Jun-2012 22:39:45</date><id>12</id><polygon><username>sandy</username><pt><x>394</x><y>168</y></pt><pt><x>396</x><y>199</y></pt><pt><x>397</x><y>212</y></pt><pt><x>399</x><y>231</y></pt><pt><x>398</x><y>246</y></pt><pt><x>399</x><y>263</y></pt><pt><x>410</x><y>264</y></pt><pt><x>420</x><y>266</y></pt><pt><x>425</x><y>257</y></pt><pt><x>426</x><y>248</y></pt><pt><x>426</x><y>232</y></pt><pt><x>430</x><y>216</y></pt><pt><x>435</x><y>197</y></pt><pt><x>438</x><y>180</y></pt><pt><x>439</x><y>170</y></pt><pt><x>439</x><y>159</y></pt><pt><x>428</x><y>155</y></pt><pt><x>417</x><y>153</y></pt><pt><x>411</x><y>153</y></pt><pt><x>401</x><y>155</y></pt></polygon></object><object><name>glass</name><deleted>0</deleted><verified>0</verified><date>25-Jun-2012 22:39:45</date><id>13</id><polygon><username>sandy</username><pt><x>354</x><y>181</y></pt><pt><x>360</x><y>234</y></pt><pt><x>374</x><y>243</y></pt><pt><x>387</x><y>241</y></pt><pt><x>390</x><y>236</y></pt><pt><x>392</x><y>222</y></pt><pt><x>390</x><y>215</y></pt><pt><x>394</x><y>204</y></pt><pt><x>398</x><y>190</y></pt><pt><x>402</x><y>176</y></pt><pt><x>394</x><y>171</y></pt><pt><x>386</x><y>167</y></pt><pt><x>377</x><y>168</y></pt><pt><x>368</x><y>169</y></pt></polygon></object><object><name>table</name><deleted>0</deleted><verified>0</verified><date>25-Jun-2012 22:39:45</date><id>14</id><polygon><username>sandy</username><pt><x>532</x><y>441</y></pt><pt><x>560</x><y>467</y></pt><pt><x>584</x><y>492</y></pt><pt><x>605</x><y>525</y></pt><pt><x>627</x><y>558</y></pt><pt><x>631</x><y>576</y></pt><pt><x>636</x><y>594</y></pt><pt><x>167</x><y>596</y></pt><pt><x>154</x><y>560</y></pt><pt><x>154</x><y>542</y></pt><pt><x>161</x><y>519</y></pt><pt><x>186</x><y>476</y></pt><pt><x>204</x><y>464</y></pt><pt><x>236</x><y>441</y></pt><pt><x>269</x><y>420</y></pt><pt><x>307</x><y>405</y></pt><pt><x>377</x><y>389</y></pt><pt><x>460</x><y>403</y></pt><pt><x>488</x><y>414</y></pt><pt><x>510</x><y>429</y></pt></polygon></object><object><name>table</name><deleted>0</deleted><verified>0</verified><date>25-Jun-2012 22:39:45</date><id>15</id><polygon><username>sandy</username><pt><x>314</x><y>365</y></pt><pt><x>293</x><y>347</y></pt><pt><x>285</x><y>333</y></pt><pt><x>277</x><y>322</y></pt><pt><x>269</x><y>307</y></pt><pt><x>266</x><y>287</y></pt><pt><x>269</x><y>273</y></pt><pt><x>302</x><y>228</y></pt><pt><x>354</x><y>200</y></pt><pt><x>375</x><y>198</y></pt><pt><x>429</x><y>200</y></pt><pt><x>491</x><y>208</y></pt><pt><x>539</x><y>223</y></pt><pt><x>564</x><y>243</y></pt><pt><x>588</x><y>306</y></pt><pt><x>587</x><y>333</y></pt><pt><x>578</x><y>349</y></pt><pt><x>557</x><y>377</y></pt><pt><x>536</x><y>393</y></pt><pt><x>491</x><y>403</y></pt><pt><x>465</x><y>405</y></pt><pt><x>387</x><y>399</y></pt><pt><x>333</x><y>387</y></pt><pt><x>322</x><y>378</y></pt></polygon></object><object><name>bowl</name><deleted>0</deleted><verified>0</verified><date>25-Jun-2012 22:39:45</date><id>16</id><polygon><username>sandy</username><pt><x>498</x><y>527</y></pt><pt><x>493</x><y>559</y></pt><pt><x>479</x><y>575</y></pt><pt><x>461</x><y>586</y></pt><pt><x>444</x><y>588</y></pt><pt><x>421</x><y>579</y></pt><pt><x>404</x><y>570</y></pt><pt><x>393</x><y>559</y></pt><pt><x>385</x><y>547</y></pt><pt><x>381</x><y>533</y></pt><pt><x>379</x><y>521</y></pt><pt><x>381</x><y>507</y></pt><pt><x>389</x><y>495</y></pt><pt><x>420</x><y>484</y></pt><pt><x>437</x><y>483</y></pt><pt><x>450</x><y>483</y></pt><pt><x>467</x><y>484</y></pt><pt><x>476</x><y>492</y></pt><pt><x>484</x><y>497</y></pt><pt><x>491</x><y>510</y></pt></polygon></object><object><name>bowl</name><deleted>0</deleted><verified>0</verified><date>25-Jun-2012 22:39:45</date><id>17</id><polygon><username>sandy</username><pt><x>279</x><y>528</y></pt><pt><x>278</x><y>554</y></pt><pt><x>276</x><y>569</y></pt><pt><x>267</x><y>583</y></pt><pt><x>257</x><y>594</y></pt><pt><x>253</x><y>596</y></pt><pt><x>179</x><y>595</y></pt><pt><x>169</x><y>584</y></pt><pt><x>163</x><y>574</y></pt><pt><x>160</x><y>564</y></pt><pt><x>159</x><y>554</y></pt><pt><x>161</x><y>542</y></pt><pt><x>165</x><y>529</y></pt><pt><x>173</x><y>519</y></pt><pt><x>185</x><y>509</y></pt><pt><x>209</x><y>495</y></pt><pt><x>240</x><y>494</y></pt><pt><x>252</x><y>500</y></pt><pt><x>262</x><y>509</y></pt><pt><x>272</x><y>519</y></pt></polygon></object><object><name>bowl</name><deleted>0</deleted><verified>0</verified><date>25-Jun-2012 22:39:45</date><id>18</id><polygon><username>sandy</username><pt><x>306</x><y>257</y></pt><pt><x>297</x><y>245</y></pt><pt><x>296</x><y>228</y></pt><pt><x>297</x><y>215</y></pt><pt><x>306</x><y>205</y></pt><pt><x>325</x><y>201</y></pt><pt><x>344</x><y>200</y></pt><pt><x>356</x><y>200</y></pt><pt><x>367</x><y>207</y></pt><pt><x>376</x><y>216</y></pt><pt><x>377</x><y>225</y></pt><pt><x>371</x><y>241</y></pt><pt><x>365</x><y>251</y></pt><pt><x>357</x><y>262</y></pt><pt><x>344</x><y>267</y></pt><pt><x>330</x><y>269</y></pt><pt><x>322</x><y>267</y></pt></polygon></object><object><name>bowl</name><deleted>0</deleted><verified>0</verified><date>25-Jun-2012 22:39:45</date><id>19</id><polygon><username>sandy</username><pt><x>510</x><y>187</y></pt><pt><x>513</x><y>196</y></pt><pt><x>509</x><y>209</y></pt><pt><x>502</x><y>222</y></pt><pt><x>495</x><y>228</y></pt><pt><x>485</x><y>231</y></pt><pt><x>476</x><y>232</y></pt><pt><x>466</x><y>232</y></pt><pt><x>459</x><y>230</y></pt><pt><x>452</x><y>223</y></pt><pt><x>449</x><y>217</y></pt><pt><x>447</x><y>209</y></pt><pt><x>443</x><y>196</y></pt><pt><x>444</x><y>189</y></pt><pt><x>451</x><y>180</y></pt><pt><x>469</x><y>177</y></pt><pt><x>486</x><y>177</y></pt><pt><x>493</x><y>179</y></pt></polygon></object><object><name>bowl</name><deleted>0</deleted><verified>0</verified><date>25-Jun-2012 22:39:45</date><id>20</id><polygon><username>sandy</username><pt><x>525</x><y>320</y></pt><pt><x>532</x><y>330</y></pt><pt><x>541</x><y>336</y></pt><pt><x>550</x><y>339</y></pt><pt><x>564</x><y>338</y></pt><pt><x>576</x><y>334</y></pt><pt><x>582</x><y>329</y></pt><pt><x>587</x><y>324</y></pt><pt><x>588</x><y>312</y></pt><pt><x>590</x><y>304</y></pt><pt><x>585</x><y>298</y></pt><pt><x>573</x><y>294</y></pt><pt><x>564</x><y>291</y></pt><pt><x>552</x><y>289</y></pt><pt><x>543</x><y>290</y></pt><pt><x>534</x><y>295</y></pt><pt><x>528</x><y>300</y></pt></polygon></object><object><name>fork</name><deleted>0</deleted><verified>0</verified><date>25-Jun-2012 22:39:45</date><id>21</id><polygon><username>sandy</username><pt><x>510</x><y>575</y></pt><pt><x>555</x><y>510</y></pt><pt><x>550</x><y>506</y></pt><pt><x>545</x><y>509</y></pt><pt><x>496</x><y>578</y></pt><pt><x>484</x><y>583</y></pt><pt><x>477</x><y>592</y></pt><pt><x>475</x><y>599</y></pt><pt><x>494</x><y>597</y></pt><pt><x>501</x><y>590</y></pt></polygon></object><object><name>knife</name><deleted>0</deleted><verified>0</verified><date>25-Jun-2012 22:39:45</date><id>22</id><polygon><username>sandy</username><pt><x>531</x><y>504</y></pt><pt><x>486</x><y>564</y></pt><pt><x>461</x><y>593</y></pt><pt><x>460</x><y>596</y></pt><pt><x>476</x><y>596</y></pt><pt><x>501</x><y>566</y></pt><pt><x>503</x><y>558</y></pt><pt><x>541</x><y>509</y></pt></polygon></object><object><name>knife</name><deleted>0</deleted><verified>0</verified><date>25-Jun-2012 22:39:45</date><id>23</id><polygon><username>sandy</username><pt><x>88</x><y>582</y></pt><pt><x>92</x><y>593</y></pt><pt><x>167</x><y>574</y></pt><pt><x>176</x><y>572</y></pt><pt><x>206</x><y>564</y></pt><pt><x>219</x><y>565</y></pt><pt><x>252</x><y>556</y></pt><pt><x>262</x><y>551</y></pt><pt><x>267</x><y>543</y></pt><pt><x>210</x><y>557</y></pt></polygon></object><object><name>fork</name><deleted>0</deleted><verified>0</verified><date>25-Jun-2012 22:39:45</date><id>24</id><polygon><username>sandy</username><pt><x>218</x><y>575</y></pt><pt><x>230</x><y>579</y></pt><pt><x>240</x><y>570</y></pt><pt><x>249</x><y>565</y></pt><pt><x>255</x><y>551</y></pt><pt><x>248</x><y>543</y></pt><pt><x>241</x><y>545</y></pt><pt><x>234</x><y>551</y></pt><pt><x>222</x><y>563</y></pt><pt><x>201</x><y>574</y></pt><pt><x>186</x><y>586</y></pt><pt><x>173</x><y>596</y></pt><pt><x>183</x><y>595</y></pt><pt><x>194</x><y>584</y></pt><pt><x>204</x><y>576</y></pt></polygon></object><object><name>cutlery</name><deleted>0</deleted><verified>0</verified><date>25-Jun-2012 22:39:45</date><id>25</id><polygon><username>sandy</username><pt><x>372</x><y>253</y></pt><pt><x>345</x><y>280</y></pt><pt><x>335</x><y>289</y></pt><pt><x>330</x><y>297</y></pt><pt><x>330</x><y>313</y></pt><pt><x>341</x><y>305</y></pt><pt><x>349</x><y>300</y></pt><pt><x>357</x><y>296</y></pt><pt><x>361</x><y>281</y></pt><pt><x>369</x><y>269</y></pt></polygon></object><object><name>bottle</name><deleted>0</deleted><verified>0</verified><date>25-Jun-2012 22:39:45</date><id>26</id><polygon><username>sandy</username><pt><x>573</x><y>541</y></pt><pt><x>593</x><y>524</y></pt><pt><x>604</x><y>510</y></pt><pt><x>602</x><y>501</y></pt><pt><x>611</x><y>489</y></pt><pt><x>620</x><y>486</y></pt><pt><x>627</x><y>489</y></pt><pt><x>631</x><y>496</y></pt><pt><x>629</x><y>514</y></pt><pt><x>628</x><y>528</y></pt><pt><x>627</x><y>543</y></pt><pt><x>639</x><y>546</y></pt><pt><x>648</x><y>555</y></pt><pt><x>653</x><y>567</y></pt><pt><x>650</x><y>593</y></pt><pt><x>559</x><y>593</y></pt><pt><x>559</x><y>577</y></pt><pt><x>563</x><y>561</y></pt></polygon></object><object><name>bottle</name><deleted>0</deleted><verified>0</verified><date>25-Jun-2012 22:39:45</date><id>27</id><polygon><username>sandy</username><pt><x>411</x><y>163</y></pt><pt><x>408</x><y>190</y></pt><pt><x>404</x><y>206</y></pt><pt><x>407</x><y>244</y></pt><pt><x>421</x><y>248</y></pt><pt><x>426</x><y>199</y></pt><pt><x>425</x><y>180</y></pt><pt><x>426</x><y>169</y></pt><pt><x>425</x><y>158</y></pt><pt><x>419</x><y>158</y></pt></polygon></object><object><name>spectacles</name><deleted>0</deleted><verified>0</verified><date>25-Jun-2012 22:39:45</date><id>28</id><polygon><username>sandy</username><pt><x>155</x><y>194</y></pt><pt><x>171</x><y>185</y></pt><pt><x>180</x><y>179</y></pt><pt><x>181</x><y>187</y></pt><pt><x>176</x><y>197</y></pt><pt><x>173</x><y>204</y></pt><pt><x>168</x><y>209</y></pt><pt><x>159</x><y>212</y></pt><pt><x>152</x><y>206</y></pt><pt><x>144</x><y>199</y></pt><pt><x>110</x><y>173</y></pt><pt><x>110</x><y>169</y></pt><pt><x>144</x><y>191</y></pt></polygon></object><object><name>spectacles</name><deleted>0</deleted><verified>0</verified><date>25-Jun-2012 22:39:45</date><id>29</id><polygon><username>sandy</username><pt><x>649</x><y>266</y></pt><pt><x>662</x><y>268</y></pt><pt><x>667</x><y>279</y></pt><pt><x>673</x><y>282</y></pt><pt><x>702</x><y>269</y></pt><pt><x>704</x><y>280</y></pt><pt><x>674</x><y>287</y></pt><pt><x>662</x><y>286</y></pt><pt><x>655</x><y>284</y></pt><pt><x>649</x><y>276</y></pt></polygon></object><object><name>napkin</name><deleted>0</deleted><verified>0</verified><date>25-Jun-2012 22:39:45</date><id>30</id><polygon><username>sandy</username><pt><x>471</x><y>506</y></pt><pt><x>480</x><y>516</y></pt><pt><x>487</x><y>522</y></pt><pt><x>492</x><y>536</y></pt><pt><x>486</x><y>548</y></pt><pt><x>482</x><y>559</y></pt><pt><x>443</x><y>566</y></pt><pt><x>423</x><y>564</y></pt><pt><x>412</x><y>555</y></pt><pt><x>396</x><y>539</y></pt><pt><x>393</x><y>531</y></pt><pt><x>388</x><y>523</y></pt><pt><x>387</x><y>507</y></pt><pt><x>392</x><y>491</y></pt><pt><x>398</x><y>475</y></pt><pt><x>402</x><y>464</y></pt><pt><x>410</x><y>458</y></pt><pt><x>426</x><y>474</y></pt><pt><x>431</x><y>513</y></pt><pt><x>440</x><y>506</y></pt><pt><x>451</x><y>503</y></pt><pt><x>462</x><y>503</y></pt></polygon></object></annotation>