<annotation><filename>d_dining_room_dining005.jpg</filename><folder>100images</folder><source><sourceImage>The MIT-CSAIL database of objects and scenes</sourceImage><sourceAnnotation>LabelMe Webtool</sourceAnnotation></source><object><name>table</name><deleted>0</deleted><verified>0</verified><date>25-Jun-2012 22:52:02</date><id>0</id><polygon><username>sandy</username><pt><x>94</x><y>385</y></pt><pt><x>130</x><y>393</y></pt><pt><x>260</x><y>402</y></pt><pt><x>284</x><y>404</y></pt><pt><x>289</x><y>597</y></pt><pt><x>320</x><y>596</y></pt><pt><x>402</x><y>571</y></pt><pt><x>398</x><y>553</y></pt><pt><x>339</x><y>527</y></pt><pt><x>339</x><y>405</y></pt><pt><x>430</x><y>407</y></pt><pt><x>515</x><y>405</y></pt><pt><x>512</x><y>528</y></pt><pt><x>441</x><y>555</y></pt><pt><x>438</x><y>572</y></pt><pt><x>504</x><y>598</y></pt><pt><x>542</x><y>596</y></pt><pt><x>545</x><y>401</y></pt><pt><x>575</x><y>400</y></pt><pt><x>714</x><y>391</y></pt><pt><x>752</x><y>386</y></pt><pt><x>766</x><y>382</y></pt><pt><x>773</x><y>376</y></pt><pt><x>778</x><y>372</y></pt><pt><x>773</x><y>365</y></pt><pt><x>752</x><y>357</y></pt><pt><x>708</x><y>348</y></pt><pt><x>658</x><y>343</y></pt><pt><x>596</x><y>341</y></pt><pt><x>533</x><y>340</y></pt><pt><x>464</x><y>339</y></pt><pt><x>381</x><y>339</y></pt><pt><x>323</x><y>340</y></pt><pt><x>243</x><y>342</y></pt><pt><x>184</x><y>344</y></pt><pt><x>139</x><y>348</y></pt><pt><x>97</x><y>354</y></pt><pt><x>69</x><y>363</y></pt><pt><x>62</x><y>371</y></pt><pt><x>64</x><y>376</y></pt><pt><x>78</x><y>382</y></pt></polygon></object><object><name>clock</name><deleted>0</deleted><verified>0</verified><date>25-Jun-2012 22:52:02</date><id>1</id><polygon><username>sandy</username><pt><x>113</x><y>240</y></pt><pt><x>103</x><y>215</y></pt><pt><x>97</x><y>201</y></pt><pt><x>91</x><y>189</y></pt><pt><x>91</x><y>172</y></pt><pt><x>89</x><y>155</y></pt><pt><x>89</x><y>134</y></pt><pt><x>91</x><y>119</y></pt><pt><x>96</x><y>117</y></pt><pt><x>95</x><y>101</y></pt><pt><x>96</x><y>94</y></pt><pt><x>101</x><y>92</y></pt><pt><x>101</x><y>84</y></pt><pt><x>102</x><y>69</y></pt><pt><x>94</x><y>44</y></pt><pt><x>82</x><y>32</y></pt><pt><x>64</x><y>28</y></pt><pt><x>39</x><y>27</y></pt><pt><x>27</x><y>37</y></pt><pt><x>18</x><y>48</y></pt><pt><x>18</x><y>66</y></pt><pt><x>17</x><y>79</y></pt><pt><x>19</x><y>89</y></pt><pt><x>18</x><y>94</y></pt><pt><x>26</x><y>121</y></pt><pt><x>30</x><y>126</y></pt><pt><x>30</x><y>165</y></pt><pt><x>28</x><y>187</y></pt><pt><x>22</x><y>204</y></pt><pt><x>11</x><y>225</y></pt><pt><x>8</x><y>241</y></pt><pt><x>6</x><y>258</y></pt><pt><x>7</x><y>270</y></pt><pt><x>10</x><y>289</y></pt><pt><x>15</x><y>297</y></pt><pt><x>19</x><y>303</y></pt><pt><x>25</x><y>311</y></pt><pt><x>28</x><y>321</y></pt><pt><x>38</x><y>324</y></pt><pt><x>38</x><y>338</y></pt><pt><x>33</x><y>354</y></pt><pt><x>28</x><y>371</y></pt><pt><x>20</x><y>384</y></pt><pt><x>16</x><y>392</y></pt><pt><x>15</x><y>414</y></pt><pt><x>18</x><y>426</y></pt><pt><x>21</x><y>435</y></pt><pt><x>41</x><y>450</y></pt><pt><x>130</x><y>434</y></pt><pt><x>130</x><y>425</y></pt><pt><x>122</x><y>418</y></pt><pt><x>122</x><y>412</y></pt><pt><x>126</x><y>403</y></pt><pt><x>127</x><y>383</y></pt><pt><x>124</x><y>373</y></pt><pt><x>121</x><y>366</y></pt><pt><x>113</x><y>361</y></pt><pt><x>109</x><y>354</y></pt><pt><x>105</x><y>350</y></pt><pt><x>99</x><y>339</y></pt><pt><x>96</x><y>330</y></pt><pt><x>95</x><y>318</y></pt><pt><x>100</x><y>308</y></pt><pt><x>103</x><y>311</y></pt><pt><x>107</x><y>308</y></pt><pt><x>109</x><y>302</y></pt><pt><x>106</x><y>297</y></pt><pt><x>104</x><y>296</y></pt><pt><x>112</x><y>281</y></pt><pt><x>115</x><y>273</y></pt><pt><x>117</x><y>262</y></pt></polygon></object><object><name>flowers</name><deleted>0</deleted><verified>0</verified><date>25-Jun-2012 22:52:02</date><id>2</id><polygon><username>sandy</username><pt><x>442</x><y>275</y></pt><pt><x>445</x><y>268</y></pt><pt><x>469</x><y>274</y></pt><pt><x>475</x><y>266</y></pt><pt><x>469</x><y>255</y></pt><pt><x>471</x><y>249</y></pt><pt><x>479</x><y>245</y></pt><pt><x>486</x><y>235</y></pt><pt><x>478</x><y>225</y></pt><pt><x>470</x><y>220</y></pt><pt><x>463</x><y>221</y></pt><pt><x>452</x><y>219</y></pt><pt><x>450</x><y>226</y></pt><pt><x>444</x><y>234</y></pt><pt><x>443</x><y>228</y></pt><pt><x>446</x><y>218</y></pt><pt><x>449</x><y>212</y></pt><pt><x>452</x><y>208</y></pt><pt><x>448</x><y>204</y></pt><pt><x>442</x><y>201</y></pt><pt><x>435</x><y>205</y></pt><pt><x>431</x><y>205</y></pt><pt><x>427</x><y>208</y></pt><pt><x>432</x><y>216</y></pt><pt><x>437</x><y>220</y></pt><pt><x>437</x><y>231</y></pt><pt><x>434</x><y>235</y></pt><pt><x>432</x><y>225</y></pt><pt><x>426</x><y>222</y></pt><pt><x>422</x><y>225</y></pt><pt><x>417</x><y>228</y></pt><pt><x>414</x><y>218</y></pt><pt><x>419</x><y>211</y></pt><pt><x>412</x><y>211</y></pt><pt><x>404</x><y>212</y></pt><pt><x>398</x><y>214</y></pt><pt><x>394</x><y>220</y></pt><pt><x>389</x><y>220</y></pt><pt><x>382</x><y>223</y></pt><pt><x>377</x><y>231</y></pt><pt><x>372</x><y>225</y></pt><pt><x>367</x><y>224</y></pt><pt><x>361</x><y>228</y></pt><pt><x>356</x><y>235</y></pt><pt><x>353</x><y>243</y></pt><pt><x>358</x><y>244</y></pt><pt><x>365</x><y>244</y></pt><pt><x>368</x><y>251</y></pt><pt><x>373</x><y>252</y></pt><pt><x>376</x><y>256</y></pt><pt><x>375</x><y>261</y></pt><pt><x>372</x><y>265</y></pt><pt><x>375</x><y>269</y></pt><pt><x>374</x><y>276</y></pt><pt><x>376</x><y>285</y></pt><pt><x>384</x><y>283</y></pt><pt><x>397</x><y>283</y></pt><pt><x>408</x><y>277</y></pt><pt><x>417</x><y>279</y></pt><pt><x>423</x><y>285</y></pt><pt><x>428</x><y>286</y></pt><pt><x>431</x><y>279</y></pt></polygon></object><object><name>window</name><deleted>0</deleted><verified>0</verified><date>25-Jun-2012 22:52:02</date><id>3</id><polygon><username>sandy</username><pt><x>178</x><y>50</y></pt><pt><x>185</x><y>293</y></pt><pt><x>325</x><y>292</y></pt><pt><x>319</x><y>47</y></pt></polygon></object><object><name>vase</name><deleted>0</deleted><verified>0</verified><date>25-Jun-2012 22:52:02</date><id>4</id><polygon><username>sandy</username><pt><x>373</x><y>298</y></pt><pt><x>405</x><y>369</y></pt><pt><x>439</x><y>370</y></pt><pt><x>474</x><y>300</y></pt><pt><x>442</x><y>275</y></pt><pt><x>412</x><y>275</y></pt></polygon></object><object><name>light</name><deleted>0</deleted><verified>0</verified><date>25-Jun-2012 22:52:02</date><id>5</id><polygon><username>sandy</username><pt><x>335</x><y>122</y></pt><pt><x>336</x><y>126</y></pt><pt><x>336</x><y>129</y></pt><pt><x>336</x><y>130</y></pt><pt><x>376</x><y>129</y></pt><pt><x>371</x><y>136</y></pt><pt><x>394</x><y>136</y></pt><pt><x>392</x><y>126</y></pt><pt><x>428</x><y>126</y></pt><pt><x>424</x><y>135</y></pt><pt><x>471</x><y>134</y></pt><pt><x>464</x><y>126</y></pt><pt><x>514</x><y>127</y></pt><pt><x>514</x><y>117</y></pt></polygon></object><object><name>painting</name><deleted>0</deleted><verified>0</verified><date>25-Jun-2012 22:52:02</date><id>6</id><polygon><username>sandy</username><pt><x>365</x><y>20</y></pt><pt><x>365</x><y>338</y></pt><pt><x>700</x><y>344</y></pt><pt><x>708</x><y>22</y></pt></polygon></object><object><name>candlestick</name><deleted>0</deleted><verified>0</verified><date>25-Jun-2012 22:52:02</date><id>7</id><polygon><username>sandy</username><pt><x>555</x><y>347</y></pt><pt><x>559</x><y>340</y></pt><pt><x>554</x><y>309</y></pt><pt><x>556</x><y>297</y></pt><pt><x>553</x><y>291</y></pt><pt><x>555</x><y>286</y></pt><pt><x>559</x><y>278</y></pt><pt><x>559</x><y>274</y></pt><pt><x>552</x><y>272</y></pt><pt><x>544</x><y>273</y></pt><pt><x>539</x><y>278</y></pt><pt><x>546</x><y>281</y></pt><pt><x>546</x><y>286</y></pt><pt><x>545</x><y>292</y></pt><pt><x>546</x><y>301</y></pt><pt><x>546</x><y>320</y></pt><pt><x>544</x><y>332</y></pt><pt><x>543</x><y>344</y></pt><pt><x>544</x><y>348</y></pt><pt><x>544</x><y>350</y></pt><pt><x>539</x><y>355</y></pt><pt><x>533</x><y>364</y></pt><pt><x>535</x><y>370</y></pt><pt><x>551</x><y>371</y></pt><pt><x>561</x><y>371</y></pt><pt><x>567</x><y>370</y></pt><pt><x>569</x><y>365</y></pt><pt><x>564</x><y>358</y></pt><pt><x>559</x><y>357</y></pt></polygon></object><object><name>candlestick</name><deleted>0</deleted><verified>0</verified><date>25-Jun-2012 22:52:02</date><id>8</id><polygon><username>sandy</username><pt><x>303</x><y>366</y></pt><pt><x>302</x><y>358</y></pt><pt><x>302</x><y>356</y></pt><pt><x>295</x><y>355</y></pt><pt><x>294</x><y>347</y></pt><pt><x>290</x><y>345</y></pt><pt><x>292</x><y>339</y></pt><pt><x>291</x><y>326</y></pt><pt><x>290</x><y>317</y></pt><pt><x>290</x><y>305</y></pt><pt><x>290</x><y>298</y></pt><pt><x>290</x><y>290</y></pt><pt><x>290</x><y>287</y></pt><pt><x>292</x><y>283</y></pt><pt><x>293</x><y>279</y></pt><pt><x>296</x><y>275</y></pt><pt><x>289</x><y>275</y></pt><pt><x>283</x><y>275</y></pt><pt><x>278</x><y>276</y></pt><pt><x>282</x><y>282</y></pt><pt><x>283</x><y>290</y></pt><pt><x>281</x><y>299</y></pt><pt><x>282</x><y>312</y></pt><pt><x>283</x><y>321</y></pt><pt><x>279</x><y>334</y></pt><pt><x>282</x><y>341</y></pt><pt><x>285</x><y>344</y></pt><pt><x>284</x><y>351</y></pt><pt><x>281</x><y>353</y></pt><pt><x>274</x><y>359</y></pt><pt><x>270</x><y>365</y></pt><pt><x>278</x><y>370</y></pt><pt><x>288</x><y>370</y></pt></polygon></object><object><name>candle</name><deleted>0</deleted><verified>0</verified><date>25-Jun-2012 22:52:02</date><id>9</id><polygon><username>sandy</username><pt><x>554</x><y>239</y></pt><pt><x>556</x><y>273</y></pt><pt><x>548</x><y>274</y></pt><pt><x>549</x><y>246</y></pt></polygon></object><object><name>candle</name><deleted>0</deleted><verified>0</verified><date>25-Jun-2012 22:52:02</date><id>10</id><polygon><username>sandy</username><pt><x>288</x><y>257</y></pt><pt><x>288</x><y>238</y></pt><pt><x>282</x><y>239</y></pt><pt><x>284</x><y>278</y></pt><pt><x>288</x><y>277</y></pt></polygon></object><object><name>chair</name><deleted>0</deleted><verified>0</verified><date>25-Jun-2012 22:52:02</date><id>11</id><polygon><username>sandy</username><pt><x>45</x><y>313</y></pt><pt><x>48</x><y>383</y></pt><pt><x>47</x><y>388</y></pt><pt><x>76</x><y>388</y></pt><pt><x>119</x><y>388</y></pt><pt><x>125</x><y>393</y></pt><pt><x>139</x><y>441</y></pt><pt><x>144</x><y>444</y></pt><pt><x>146</x><y>465</y></pt><pt><x>132</x><y>470</y></pt><pt><x>135</x><y>545</y></pt><pt><x>136</x><y>566</y></pt><pt><x>136</x><y>596</y></pt><pt><x>130</x><y>597</y></pt><pt><x>118</x><y>474</y></pt><pt><x>100</x><y>480</y></pt><pt><x>64</x><y>481</y></pt><pt><x>66</x><y>518</y></pt><pt><x>66</x><y>546</y></pt><pt><x>63</x><y>553</y></pt><pt><x>58</x><y>552</y></pt><pt><x>57</x><y>542</y></pt><pt><x>56</x><y>509</y></pt><pt><x>49</x><y>481</y></pt><pt><x>49</x><y>478</y></pt><pt><x>35</x><y>476</y></pt><pt><x>34</x><y>474</y></pt><pt><x>33</x><y>511</y></pt><pt><x>28</x><y>537</y></pt><pt><x>23</x><y>560</y></pt><pt><x>19</x><y>587</y></pt><pt><x>17</x><y>592</y></pt><pt><x>9</x><y>589</y></pt><pt><x>18</x><y>548</y></pt><pt><x>20</x><y>534</y></pt><pt><x>22</x><y>504</y></pt><pt><x>24</x><y>474</y></pt><pt><x>20</x><y>452</y></pt><pt><x>15</x><y>430</y></pt><pt><x>11</x><y>410</y></pt><pt><x>5</x><y>400</y></pt><pt><x>2</x><y>392</y></pt><pt><x>2</x><y>320</y></pt><pt><x>4</x><y>315</y></pt><pt><x>12</x><y>308</y></pt><pt><x>24</x><y>308</y></pt></polygon></object><object><name>chair</name><deleted>0</deleted><verified>0</verified><date>25-Jun-2012 22:52:02</date><id>12</id><polygon><username>sandy</username><pt><x>189</x><y>302</y></pt><pt><x>203</x><y>338</y></pt><pt><x>195</x><y>351</y></pt><pt><x>196</x><y>353</y></pt><pt><x>207</x><y>444</y></pt><pt><x>211</x><y>447</y></pt><pt><x>211</x><y>455</y></pt><pt><x>208</x><y>470</y></pt><pt><x>221</x><y>471</y></pt><pt><x>224</x><y>452</y></pt><pt><x>279</x><y>455</y></pt><pt><x>284</x><y>473</y></pt><pt><x>292</x><y>473</y></pt><pt><x>294</x><y>447</y></pt><pt><x>306</x><y>426</y></pt><pt><x>294</x><y>409</y></pt><pt><x>297</x><y>340</y></pt><pt><x>311</x><y>300</y></pt><pt><x>287</x><y>293</y></pt><pt><x>249</x><y>290</y></pt><pt><x>226</x><y>289</y></pt><pt><x>210</x><y>294</y></pt></polygon></object><object><name>chair</name><deleted>0</deleted><verified>0</verified><date>25-Jun-2012 22:52:02</date><id>13</id><polygon><username>sandy</username><pt><x>362</x><y>298</y></pt><pt><x>380</x><y>340</y></pt><pt><x>471</x><y>337</y></pt><pt><x>483</x><y>297</y></pt><pt><x>438</x><y>284</y></pt><pt><x>391</x><y>286</y></pt></polygon></object><object><name>chair</name><deleted>0</deleted><verified>0</verified><date>25-Jun-2012 22:52:02</date><id>14</id><polygon><username>sandy</username><pt><x>530</x><y>294</y></pt><pt><x>546</x><y>340</y></pt><pt><x>631</x><y>342</y></pt><pt><x>647</x><y>298</y></pt><pt><x>616</x><y>286</y></pt><pt><x>577</x><y>286</y></pt><pt><x>557</x><y>287</y></pt></polygon></object><object><name>chair</name><deleted>0</deleted><verified>0</verified><date>25-Jun-2012 22:52:02</date><id>15</id><polygon><username>sandy</username><pt><x>739</x><y>309</y></pt><pt><x>746</x><y>364</y></pt><pt><x>748</x><y>373</y></pt><pt><x>644</x><y>427</y></pt><pt><x>632</x><y>551</y></pt><pt><x>637</x><y>554</y></pt><pt><x>660</x><y>459</y></pt><pt><x>675</x><y>463</y></pt><pt><x>700</x><y>469</y></pt><pt><x>723</x><y>469</y></pt><pt><x>729</x><y>474</y></pt><pt><x>723</x><y>594</y></pt><pt><x>729</x><y>597</y></pt><pt><x>735</x><y>538</y></pt><pt><x>738</x><y>536</y></pt><pt><x>753</x><y>473</y></pt><pt><x>762</x><y>475</y></pt><pt><x>785</x><y>468</y></pt><pt><x>793</x><y>515</y></pt><pt><x>795</x><y>526</y></pt><pt><x>798</x><y>531</y></pt><pt><x>797</x><y>305</y></pt><pt><x>777</x><y>300</y></pt><pt><x>759</x><y>302</y></pt></polygon></object><object><name>chair</name><deleted>0</deleted><verified>0</verified><date>25-Jun-2012 22:52:02</date><id>16</id><polygon><username>sandy</username><pt><x>675</x><y>354</y></pt><pt><x>703</x><y>361</y></pt><pt><x>723</x><y>366</y></pt><pt><x>695</x><y>432</y></pt><pt><x>696</x><y>445</y></pt><pt><x>692</x><y>456</y></pt><pt><x>682</x><y>459</y></pt><pt><x>677</x><y>471</y></pt><pt><x>679</x><y>481</y></pt><pt><x>685</x><y>491</y></pt><pt><x>683</x><y>516</y></pt><pt><x>675</x><y>529</y></pt><pt><x>681</x><y>561</y></pt><pt><x>687</x><y>584</y></pt><pt><x>689</x><y>596</y></pt><pt><x>660</x><y>596</y></pt><pt><x>655</x><y>530</y></pt><pt><x>634</x><y>534</y></pt><pt><x>615</x><y>535</y></pt><pt><x>608</x><y>535</y></pt><pt><x>599</x><y>567</y></pt><pt><x>591</x><y>587</y></pt><pt><x>587</x><y>595</y></pt><pt><x>574</x><y>598</y></pt><pt><x>589</x><y>529</y></pt><pt><x>575</x><y>530</y></pt><pt><x>554</x><y>526</y></pt><pt><x>545</x><y>516</y></pt><pt><x>526</x><y>482</y></pt><pt><x>529</x><y>465</y></pt><pt><x>529</x><y>444</y></pt><pt><x>533</x><y>432</y></pt><pt><x>553</x><y>428</y></pt><pt><x>571</x><y>429</y></pt><pt><x>576</x><y>430</y></pt><pt><x>557</x><y>365</y></pt><pt><x>561</x><y>363</y></pt><pt><x>597</x><y>359</y></pt><pt><x>628</x><y>354</y></pt><pt><x>655</x><y>355</y></pt></polygon></object><object><name>chair</name><deleted>0</deleted><verified>0</verified><date>25-Jun-2012 22:52:02</date><id>17</id><polygon><username>sandy</username><pt><x>504</x><y>373</y></pt><pt><x>470</x><y>448</y></pt><pt><x>485</x><y>446</y></pt><pt><x>486</x><y>441</y></pt><pt><x>484</x><y>437</y></pt><pt><x>496</x><y>432</y></pt><pt><x>501</x><y>436</y></pt><pt><x>506</x><y>438</y></pt><pt><x>506</x><y>445</y></pt><pt><x>505</x><y>460</y></pt><pt><x>500</x><y>492</y></pt><pt><x>500</x><y>510</y></pt><pt><x>501</x><y>545</y></pt><pt><x>500</x><y>565</y></pt><pt><x>500</x><y>577</y></pt><pt><x>501</x><y>582</y></pt><pt><x>503</x><y>599</y></pt><pt><x>465</x><y>597</y></pt><pt><x>449</x><y>562</y></pt><pt><x>446</x><y>543</y></pt><pt><x>444</x><y>532</y></pt><pt><x>418</x><y>535</y></pt><pt><x>392</x><y>533</y></pt><pt><x>379</x><y>572</y></pt><pt><x>374</x><y>591</y></pt><pt><x>371</x><y>598</y></pt><pt><x>367</x><y>597</y></pt><pt><x>359</x><y>595</y></pt><pt><x>372</x><y>529</y></pt><pt><x>354</x><y>524</y></pt><pt><x>349</x><y>599</y></pt><pt><x>342</x><y>596</y></pt><pt><x>338</x><y>501</y></pt><pt><x>336</x><y>485</y></pt><pt><x>335</x><y>477</y></pt><pt><x>330</x><y>449</y></pt><pt><x>331</x><y>443</y></pt><pt><x>335</x><y>436</y></pt><pt><x>344</x><y>435</y></pt><pt><x>347</x><y>431</y></pt><pt><x>352</x><y>425</y></pt><pt><x>328</x><y>371</y></pt><pt><x>335</x><y>365</y></pt><pt><x>362</x><y>358</y></pt><pt><x>397</x><y>355</y></pt><pt><x>438</x><y>355</y></pt><pt><x>473</x><y>357</y></pt></polygon></object><object><name>chair</name><deleted>0</deleted><verified>0</verified><date>25-Jun-2012 22:52:02</date><id>18</id><polygon><username>sandy</username><pt><x>269</x><y>372</y></pt><pt><x>243</x><y>449</y></pt><pt><x>258</x><y>445</y></pt><pt><x>276</x><y>447</y></pt><pt><x>291</x><y>442</y></pt><pt><x>299</x><y>436</y></pt><pt><x>302</x><y>435</y></pt><pt><x>315</x><y>434</y></pt><pt><x>316</x><y>439</y></pt><pt><x>315</x><y>476</y></pt><pt><x>310</x><y>489</y></pt><pt><x>308</x><y>499</y></pt><pt><x>317</x><y>584</y></pt><pt><x>316</x><y>592</y></pt><pt><x>304</x><y>592</y></pt><pt><x>294</x><y>506</y></pt><pt><x>279</x><y>516</y></pt><pt><x>264</x><y>524</y></pt><pt><x>255</x><y>527</y></pt><pt><x>242</x><y>531</y></pt><pt><x>255</x><y>598</y></pt><pt><x>240</x><y>599</y></pt><pt><x>228</x><y>567</y></pt><pt><x>221</x><y>532</y></pt><pt><x>180</x><y>531</y></pt><pt><x>177</x><y>532</y></pt><pt><x>177</x><y>596</y></pt><pt><x>175</x><y>598</y></pt><pt><x>169</x><y>598</y></pt><pt><x>166</x><y>562</y></pt><pt><x>153</x><y>596</y></pt><pt><x>142</x><y>594</y></pt><pt><x>151</x><y>539</y></pt><pt><x>155</x><y>526</y></pt><pt><x>152</x><y>519</y></pt><pt><x>148</x><y>511</y></pt><pt><x>149</x><y>495</y></pt><pt><x>149</x><y>488</y></pt><pt><x>152</x><y>479</y></pt><pt><x>149</x><y>447</y></pt><pt><x>140</x><y>437</y></pt><pt><x>103</x><y>365</y></pt><pt><x>138</x><y>357</y></pt><pt><x>180</x><y>356</y></pt><pt><x>225</x><y>361</y></pt><pt><x>247</x><y>365</y></pt></polygon></object><imagesize><nrows>600
</nrows><ncols>800
</ncols></imagesize></annotation>