<annotation><filename>d_dining_room_dining032.jpg</filename><folder>100images</folder><source><sourceImage>The MIT-CSAIL database of objects and scenes</sourceImage><sourceAnnotation>LabelMe Webtool</sourceAnnotation></source><object><name>chair</name><deleted>0</deleted><verified>0</verified><date>25-Jun-2012 23:30:45</date><id>0</id><polygon><username>sandy</username><pt><x>77</x><y>349</y></pt><pt><x>67</x><y>330</y></pt><pt><x>62</x><y>319</y></pt><pt><x>59</x><y>304</y></pt><pt><x>60</x><y>293</y></pt><pt><x>62</x><y>283</y></pt><pt><x>71</x><y>274</y></pt><pt><x>84</x><y>262</y></pt><pt><x>121</x><y>247</y></pt><pt><x>146</x><y>243</y></pt><pt><x>175</x><y>239</y></pt><pt><x>207</x><y>239</y></pt><pt><x>237</x><y>252</y></pt><pt><x>257</x><y>272</y></pt><pt><x>262</x><y>283</y></pt><pt><x>263</x><y>292</y></pt><pt><x>262</x><y>299</y></pt></polygon></object><object><name>chair</name><deleted>0</deleted><verified>0</verified><date>25-Jun-2012 23:30:45</date><id>1</id><polygon><username>sandy</username><pt><x>34</x><y>398</y></pt><pt><x>83</x><y>597</y></pt><pt><x>0</x><y>598</y></pt><pt><x>0</x><y>393</y></pt><pt><x>22</x><y>392</y></pt></polygon></object><object><name>chair</name><deleted>0</deleted><verified>0</verified><date>25-Jun-2012 23:30:45</date><id>2</id><polygon><username>sandy</username><pt><x>410</x><y>314</y></pt><pt><x>433</x><y>307</y></pt><pt><x>460</x><y>296</y></pt><pt><x>496</x><y>287</y></pt><pt><x>505</x><y>285</y></pt><pt><x>608</x><y>288</y></pt><pt><x>619</x><y>302</y></pt><pt><x>623</x><y>311</y></pt><pt><x>622</x><y>323</y></pt><pt><x>618</x><y>333</y></pt><pt><x>615</x><y>346</y></pt><pt><x>615</x><y>354</y></pt><pt><x>523</x><y>378</y></pt><pt><x>503</x><y>364</y></pt><pt><x>485</x><y>354</y></pt><pt><x>460</x><y>338</y></pt><pt><x>442</x><y>329</y></pt><pt><x>430</x><y>324</y></pt><pt><x>420</x><y>320</y></pt></polygon></object><object><name>chair</name><deleted>0</deleted><verified>0</verified><date>25-Jun-2012 23:30:45</date><id>3</id><polygon><username>sandy</username><pt><x>738</x><y>572</y></pt><pt><x>734</x><y>562</y></pt><pt><x>734</x><y>552</y></pt><pt><x>733</x><y>538</y></pt><pt><x>760</x><y>430</y></pt><pt><x>773</x><y>412</y></pt><pt><x>777</x><y>397</y></pt><pt><x>779</x><y>385</y></pt><pt><x>774</x><y>367</y></pt><pt><x>758</x><y>348</y></pt><pt><x>709</x><y>329</y></pt><pt><x>662</x><y>333</y></pt><pt><x>623</x><y>346</y></pt><pt><x>611</x><y>354</y></pt><pt><x>585</x><y>362</y></pt><pt><x>569</x><y>367</y></pt><pt><x>539</x><y>377</y></pt><pt><x>527</x><y>380</y></pt><pt><x>597</x><y>594</y></pt><pt><x>655</x><y>585</y></pt><pt><x>700</x><y>576</y></pt><pt><x>708</x><y>579</y></pt><pt><x>714</x><y>580</y></pt></polygon></object><imagesize><nrows>600</nrows><ncols>800</ncols></imagesize><object><name>table</name><deleted>0</deleted><verified>0</verified><date>25-Jun-2012 23:42:24</date><id>4</id><polygon><username>sandy</username><pt><x>393</x><y>311</y></pt><pt><x>416</x><y>317</y></pt><pt><x>450</x><y>335</y></pt><pt><x>464</x><y>342</y></pt><pt><x>550</x><y>394</y></pt><pt><x>574</x><y>416</y></pt><pt><x>589</x><y>431</y></pt><pt><x>595</x><y>445</y></pt><pt><x>600</x><y>457</y></pt><pt><x>600</x><y>473</y></pt><pt><x>597</x><y>486</y></pt><pt><x>576</x><y>523</y></pt><pt><x>524</x><y>561</y></pt><pt><x>432</x><y>589</y></pt><pt><x>412</x><y>597</y></pt><pt><x>388</x><y>598</y></pt><pt><x>227</x><y>599</y></pt><pt><x>151</x><y>578</y></pt><pt><x>128</x><y>571</y></pt><pt><x>112</x><y>556</y></pt><pt><x>52</x><y>474</y></pt><pt><x>37</x><y>445</y></pt><pt><x>31</x><y>421</y></pt><pt><x>35</x><y>394</y></pt><pt><x>54</x><y>368</y></pt><pt><x>84</x><y>345</y></pt><pt><x>121</x><y>325</y></pt><pt><x>192</x><y>308</y></pt><pt><x>230</x><y>305</y></pt><pt><x>294</x><y>302</y></pt><pt><x>361</x><y>306</y></pt><pt><x>377</x><y>308</y></pt></polygon></object><object><name>grapes</name><deleted>0</deleted><verified>0</verified><date>25-Jun-2012 23:42:24</date><id>5</id><polygon><username>sandy</username><pt><x>275</x><y>394</y></pt><pt><x>276</x><y>403</y></pt><pt><x>284</x><y>402</y></pt><pt><x>285</x><y>422</y></pt><pt><x>280</x><y>431</y></pt><pt><x>269</x><y>436</y></pt><pt><x>261</x><y>450</y></pt><pt><x>236</x><y>452</y></pt><pt><x>221</x><y>452</y></pt><pt><x>212</x><y>449</y></pt><pt><x>203</x><y>444</y></pt><pt><x>201</x><y>435</y></pt><pt><x>203</x><y>430</y></pt><pt><x>200</x><y>419</y></pt><pt><x>202</x><y>413</y></pt><pt><x>208</x><y>412</y></pt><pt><x>210</x><y>409</y></pt><pt><x>212</x><y>404</y></pt><pt><x>218</x><y>398</y></pt><pt><x>227</x><y>397</y></pt><pt><x>235</x><y>396</y></pt><pt><x>247</x><y>393</y></pt><pt><x>255</x><y>393</y></pt></polygon></object><object><name>pineapple</name><deleted>0</deleted><verified>0</verified><date>25-Jun-2012 23:42:24</date><id>6</id><polygon><username>sandy</username><pt><x>288</x><y>327</y></pt><pt><x>284</x><y>312</y></pt><pt><x>289</x><y>304</y></pt><pt><x>289</x><y>298</y></pt><pt><x>301</x><y>292</y></pt><pt><x>306</x><y>289</y></pt><pt><x>309</x><y>279</y></pt><pt><x>296</x><y>268</y></pt><pt><x>288</x><y>259</y></pt><pt><x>284</x><y>249</y></pt><pt><x>267</x><y>255</y></pt><pt><x>255</x><y>254</y></pt><pt><x>253</x><y>266</y></pt><pt><x>253</x><y>276</y></pt><pt><x>247</x><y>279</y></pt><pt><x>238</x><y>289</y></pt><pt><x>238</x><y>298</y></pt><pt><x>247</x><y>314</y></pt><pt><x>252</x><y>327</y></pt><pt><x>276</x><y>347</y></pt><pt><x>284</x><y>338</y></pt></polygon></object><object><name>banana</name><deleted>0</deleted><verified>0</verified><date>25-Jun-2012 23:42:24</date><id>7</id><polygon><username>sandy</username><pt><x>376</x><y>401</y></pt><pt><x>378</x><y>385</y></pt><pt><x>386</x><y>372</y></pt><pt><x>397</x><y>363</y></pt><pt><x>415</x><y>356</y></pt><pt><x>435</x><y>355</y></pt><pt><x>444</x><y>360</y></pt><pt><x>454</x><y>355</y></pt><pt><x>462</x><y>351</y></pt><pt><x>471</x><y>355</y></pt><pt><x>474</x><y>363</y></pt><pt><x>475</x><y>372</y></pt><pt><x>471</x><y>372</y></pt><pt><x>487</x><y>377</y></pt><pt><x>497</x><y>377</y></pt><pt><x>499</x><y>382</y></pt><pt><x>491</x><y>388</y></pt><pt><x>482</x><y>390</y></pt><pt><x>473</x><y>394</y></pt><pt><x>474</x><y>403</y></pt><pt><x>462</x><y>413</y></pt><pt><x>428</x><y>420</y></pt><pt><x>393</x><y>426</y></pt><pt><x>378</x><y>428</y></pt><pt><x>368</x><y>420</y></pt><pt><x>360</x><y>420</y></pt><pt><x>353</x><y>418</y></pt><pt><x>352</x><y>410</y></pt><pt><x>351</x><y>405</y></pt><pt><x>359</x><y>403</y></pt><pt><x>362</x><y>409</y></pt><pt><x>367</x><y>411</y></pt></polygon></object><object><name>artichoke</name><deleted>0</deleted><verified>0</verified><date>25-Jun-2012 23:42:24</date><id>8</id><polygon><username>sandy</username><pt><x>328</x><y>351</y></pt><pt><x>344</x><y>353</y></pt><pt><x>360</x><y>345</y></pt><pt><x>364</x><y>337</y></pt><pt><x>369</x><y>328</y></pt><pt><x>369</x><y>320</y></pt><pt><x>361</x><y>319</y></pt><pt><x>361</x><y>310</y></pt><pt><x>361</x><y>302</y></pt><pt><x>357</x><y>300</y></pt><pt><x>352</x><y>305</y></pt><pt><x>345</x><y>303</y></pt><pt><x>338</x><y>303</y></pt><pt><x>331</x><y>301</y></pt><pt><x>323</x><y>309</y></pt><pt><x>321</x><y>320</y></pt><pt><x>319</x><y>323</y></pt><pt><x>320</x><y>336</y></pt></polygon></object><object><name>artichoke</name><deleted>0</deleted><verified>0</verified><date>25-Jun-2012 23:42:24</date><id>9</id><polygon><username>sandy</username><pt><x>263</x><y>363</y></pt><pt><x>270</x><y>354</y></pt><pt><x>272</x><y>340</y></pt><pt><x>270</x><y>335</y></pt><pt><x>266</x><y>323</y></pt><pt><x>261</x><y>315</y></pt><pt><x>253</x><y>311</y></pt><pt><x>247</x><y>310</y></pt><pt><x>241</x><y>308</y></pt><pt><x>238</x><y>302</y></pt><pt><x>227</x><y>297</y></pt><pt><x>220</x><y>301</y></pt><pt><x>214</x><y>304</y></pt><pt><x>209</x><y>312</y></pt><pt><x>205</x><y>317</y></pt><pt><x>204</x><y>331</y></pt><pt><x>208</x><y>344</y></pt><pt><x>217</x><y>348</y></pt><pt><x>227</x><y>356</y></pt><pt><x>231</x><y>363</y></pt><pt><x>250</x><y>368</y></pt></polygon></object><object><name>melon</name><deleted>0</deleted><verified>0</verified><date>25-Jun-2012 23:42:24</date><id>10</id><polygon><username>sandy</username><pt><x>300</x><y>323</y></pt><pt><x>314</x><y>329</y></pt><pt><x>321</x><y>336</y></pt><pt><x>326</x><y>351</y></pt><pt><x>325</x><y>362</y></pt><pt><x>272</x><y>371</y></pt><pt><x>273</x><y>354</y></pt><pt><x>277</x><y>342</y></pt><pt><x>286</x><y>330</y></pt></polygon></object><object><name>melon</name><deleted>0</deleted><verified>0</verified><date>25-Jun-2012 23:42:24</date><id>11</id><polygon><username>sandy</username><pt><x>322</x><y>287</y></pt><pt><x>339</x><y>296</y></pt><pt><x>347</x><y>301</y></pt><pt><x>352</x><y>310</y></pt><pt><x>328</x><y>335</y></pt><pt><x>312</x><y>335</y></pt><pt><x>289</x><y>330</y></pt><pt><x>290</x><y>319</y></pt><pt><x>292</x><y>310</y></pt><pt><x>298</x><y>297</y></pt><pt><x>308</x><y>290</y></pt></polygon></object><object><name>cushion</name><deleted>0</deleted><verified>0</verified><date>25-Jun-2012 23:42:24</date><id>12</id><polygon><username>sandy</username><pt><x>96</x><y>247</y></pt><pt><x>104</x><y>270</y></pt><pt><x>110</x><y>284</y></pt><pt><x>112</x><y>295</y></pt><pt><x>108</x><y>306</y></pt><pt><x>106</x><y>317</y></pt><pt><x>109</x><y>331</y></pt><pt><x>226</x><y>302</y></pt><pt><x>226</x><y>268</y></pt><pt><x>227</x><y>251</y></pt><pt><x>226</x><y>242</y></pt><pt><x>229</x><y>229</y></pt><pt><x>214</x><y>238</y></pt><pt><x>188</x><y>242</y></pt><pt><x>163</x><y>250</y></pt><pt><x>146</x><y>246</y></pt><pt><x>128</x><y>252</y></pt><pt><x>113</x><y>250</y></pt></polygon></object><object><name>cushion</name><deleted>0</deleted><verified>0</verified><date>25-Jun-2012 23:42:24</date><id>13</id><polygon><username>sandy</username><pt><x>512</x><y>259</y></pt><pt><x>508</x><y>275</y></pt><pt><x>502</x><y>287</y></pt><pt><x>499</x><y>301</y></pt><pt><x>495</x><y>312</y></pt><pt><x>494</x><y>329</y></pt><pt><x>490</x><y>338</y></pt><pt><x>489</x><y>353</y></pt><pt><x>510</x><y>365</y></pt><pt><x>575</x><y>336</y></pt><pt><x>601</x><y>320</y></pt><pt><x>604</x><y>302</y></pt><pt><x>608</x><y>285</y></pt><pt><x>610</x><y>268</y></pt><pt><x>613</x><y>249</y></pt><pt><x>597</x><y>255</y></pt><pt><x>587</x><y>251</y></pt><pt><x>563</x><y>250</y></pt><pt><x>544</x><y>243</y></pt><pt><x>532</x><y>236</y></pt><pt><x>525</x><y>236</y></pt><pt><x>521</x><y>230</y></pt><pt><x>515</x><y>237</y></pt><pt><x>512</x><y>247</y></pt></polygon></object><object><name>cushion</name><deleted>0</deleted><verified>0</verified><date>25-Jun-2012 23:42:24</date><id>14</id><polygon><username>sandy</username><pt><x>647</x><y>356</y></pt><pt><x>657</x><y>327</y></pt><pt><x>662</x><y>310</y></pt><pt><x>667</x><y>297</y></pt><pt><x>673</x><y>286</y></pt><pt><x>680</x><y>290</y></pt><pt><x>697</x><y>308</y></pt><pt><x>722</x><y>325</y></pt><pt><x>749</x><y>330</y></pt><pt><x>760</x><y>331</y></pt><pt><x>765</x><y>339</y></pt><pt><x>759</x><y>357</y></pt><pt><x>756</x><y>373</y></pt><pt><x>749</x><y>395</y></pt><pt><x>746</x><y>413</y></pt><pt><x>670</x><y>450</y></pt><pt><x>639</x><y>452</y></pt><pt><x>630</x><y>445</y></pt><pt><x>629</x><y>431</y></pt><pt><x>631</x><y>411</y></pt><pt><x>634</x><y>397</y></pt><pt><x>639</x><y>381</y></pt><pt><x>641</x><y>370</y></pt></polygon></object><object><name>cushion</name><deleted>0</deleted><verified>0</verified><date>25-Jun-2012 23:42:24</date><id>15</id><polygon><username>sandy</username><pt><x>677</x><y>530</y></pt><pt><x>666</x><y>575</y></pt><pt><x>657</x><y>595</y></pt><pt><x>656</x><y>596</y></pt><pt><x>498</x><y>599</y></pt><pt><x>514</x><y>586</y></pt><pt><x>541</x><y>572</y></pt><pt><x>574</x><y>557</y></pt><pt><x>630</x><y>538</y></pt><pt><x>654</x><y>530</y></pt></polygon></object><object><name>jug</name><deleted>0</deleted><verified>0</verified><date>25-Jun-2012 23:42:24</date><id>16</id><polygon><username>sandy</username><pt><x>192</x><y>327</y></pt><pt><x>197</x><y>315</y></pt><pt><x>201</x><y>305</y></pt><pt><x>201</x><y>296</y></pt><pt><x>197</x><y>286</y></pt><pt><x>192</x><y>283</y></pt><pt><x>185</x><y>279</y></pt><pt><x>168</x><y>277</y></pt><pt><x>148</x><y>278</y></pt><pt><x>135</x><y>281</y></pt><pt><x>127</x><y>287</y></pt><pt><x>127</x><y>295</y></pt><pt><x>129</x><y>311</y></pt><pt><x>127</x><y>326</y></pt><pt><x>123</x><y>337</y></pt><pt><x>118</x><y>345</y></pt><pt><x>115</x><y>355</y></pt><pt><x>111</x><y>369</y></pt><pt><x>111</x><y>380</y></pt><pt><x>112</x><y>395</y></pt><pt><x>116</x><y>406</y></pt><pt><x>123</x><y>414</y></pt><pt><x>144</x><y>420</y></pt><pt><x>170</x><y>415</y></pt><pt><x>185</x><y>414</y></pt><pt><x>193</x><y>410</y></pt><pt><x>201</x><y>406</y></pt><pt><x>203</x><y>380</y></pt><pt><x>204</x><y>365</y></pt><pt><x>202</x><y>352</y></pt><pt><x>197</x><y>342</y></pt></polygon></object><object><name>tablecloth</name><deleted>0</deleted><verified>0</verified><date>25-Jun-2012 23:42:24</date><id>17</id><polygon><username>sandy</username><pt><x>90</x><y>436</y></pt><pt><x>70</x><y>458</y></pt><pt><x>58</x><y>473</y></pt><pt><x>53</x><y>486</y></pt><pt><x>51</x><y>496</y></pt><pt><x>51</x><y>510</y></pt><pt><x>48</x><y>527</y></pt><pt><x>45</x><y>542</y></pt><pt><x>47</x><y>556</y></pt><pt><x>49</x><y>570</y></pt><pt><x>52</x><y>584</y></pt><pt><x>60</x><y>596</y></pt><pt><x>92</x><y>597</y></pt><pt><x>102</x><y>598</y></pt><pt><x>101</x><y>581</y></pt><pt><x>108</x><y>574</y></pt><pt><x>126</x><y>558</y></pt><pt><x>136</x><y>564</y></pt><pt><x>146</x><y>556</y></pt><pt><x>191</x><y>563</y></pt><pt><x>243</x><y>565</y></pt><pt><x>332</x><y>572</y></pt><pt><x>387</x><y>582</y></pt><pt><x>419</x><y>593</y></pt><pt><x>422</x><y>597</y></pt><pt><x>499</x><y>596</y></pt><pt><x>610</x><y>540</y></pt><pt><x>610</x><y>489</y></pt><pt><x>608</x><y>471</y></pt><pt><x>609</x><y>458</y></pt><pt><x>593</x><y>444</y></pt><pt><x>589</x><y>436</y></pt><pt><x>584</x><y>424</y></pt><pt><x>574</x><y>419</y></pt><pt><x>574</x><y>416</y></pt><pt><x>536</x><y>424</y></pt><pt><x>519</x><y>427</y></pt><pt><x>491</x><y>435</y></pt><pt><x>461</x><y>443</y></pt><pt><x>431</x><y>436</y></pt><pt><x>415</x><y>438</y></pt><pt><x>398</x><y>446</y></pt><pt><x>391</x><y>452</y></pt><pt><x>331</x><y>448</y></pt><pt><x>318</x><y>436</y></pt><pt><x>290</x><y>437</y></pt><pt><x>199</x><y>429</y></pt><pt><x>152</x><y>430</y></pt><pt><x>121</x><y>426</y></pt><pt><x>111</x><y>412</y></pt><pt><x>101</x><y>420</y></pt></polygon></object><object><name>lamp</name><deleted>0</deleted><verified>0</verified><date>25-Jun-2012 23:42:24</date><id>18</id><polygon><username>sandy</username><pt><x>584</x><y>169</y></pt><pt><x>582</x><y>160</y></pt><pt><x>579</x><y>77</y></pt><pt><x>581</x><y>74</y></pt><pt><x>576</x><y>73</y></pt><pt><x>578</x><y>64</y></pt><pt><x>591</x><y>61</y></pt><pt><x>601</x><y>60</y></pt><pt><x>583</x><y>22</y></pt><pt><x>563</x><y>24</y></pt><pt><x>546</x><y>61</y></pt><pt><x>570</x><y>65</y></pt><pt><x>571</x><y>74</y></pt><pt><x>569</x><y>77</y></pt><pt><x>571</x><y>165</y></pt><pt><x>567</x><y>174</y></pt><pt><x>570</x><y>200</y></pt><pt><x>566</x><y>207</y></pt><pt><x>575</x><y>208</y></pt><pt><x>584</x><y>209</y></pt><pt><x>591</x><y>208</y></pt><pt><x>592</x><y>202</y></pt><pt><x>587</x><y>197</y></pt><pt><x>583</x><y>188</y></pt></polygon></object><object><name>urn</name><deleted>0</deleted><verified>0</verified><date>25-Jun-2012 23:42:24</date><id>19</id><polygon><username>sandy</username><pt><x>387</x><y>162</y></pt><pt><x>374</x><y>153</y></pt><pt><x>367</x><y>145</y></pt><pt><x>364</x><y>138</y></pt><pt><x>364</x><y>129</y></pt><pt><x>364</x><y>120</y></pt><pt><x>362</x><y>111</y></pt><pt><x>355</x><y>112</y></pt><pt><x>353</x><y>120</y></pt><pt><x>354</x><y>130</y></pt><pt><x>353</x><y>141</y></pt><pt><x>351</x><y>151</y></pt><pt><x>342</x><y>157</y></pt><pt><x>331</x><y>163</y></pt><pt><x>330</x><y>175</y></pt><pt><x>327</x><y>184</y></pt><pt><x>329</x><y>194</y></pt><pt><x>331</x><y>205</y></pt><pt><x>335</x><y>211</y></pt><pt><x>342</x><y>217</y></pt><pt><x>345</x><y>222</y></pt><pt><x>343</x><y>227</y></pt><pt><x>336</x><y>231</y></pt><pt><x>331</x><y>238</y></pt><pt><x>336</x><y>245</y></pt><pt><x>348</x><y>245</y></pt><pt><x>370</x><y>245</y></pt><pt><x>382</x><y>245</y></pt><pt><x>389</x><y>239</y></pt><pt><x>394</x><y>236</y></pt><pt><x>387</x><y>230</y></pt><pt><x>378</x><y>225</y></pt><pt><x>377</x><y>218</y></pt><pt><x>385</x><y>214</y></pt><pt><x>388</x><y>208</y></pt><pt><x>391</x><y>197</y></pt><pt><x>393</x><y>190</y></pt><pt><x>393</x><y>175</y></pt></polygon></object><object><name>urn</name><deleted>0</deleted><verified>0</verified><date>25-Jun-2012 23:42:24</date><id>20</id><polygon><username>sandy</username><pt><x>431</x><y>177</y></pt><pt><x>431</x><y>169</y></pt><pt><x>424</x><y>163</y></pt><pt><x>418</x><y>152</y></pt><pt><x>419</x><y>146</y></pt><pt><x>418</x><y>141</y></pt><pt><x>412</x><y>136</y></pt><pt><x>407</x><y>136</y></pt><pt><x>404</x><y>144</y></pt><pt><x>409</x><y>151</y></pt><pt><x>410</x><y>159</y></pt><pt><x>406</x><y>168</y></pt><pt><x>398</x><y>172</y></pt><pt><x>391</x><y>183</y></pt><pt><x>393</x><y>196</y></pt><pt><x>398</x><y>214</y></pt><pt><x>402</x><y>231</y></pt><pt><x>431</x><y>226</y></pt><pt><x>435</x><y>212</y></pt><pt><x>433</x><y>201</y></pt><pt><x>432</x><y>186</y></pt></polygon></object><object><name>urn</name><deleted>0</deleted><verified>0</verified><date>25-Jun-2012 23:42:24</date><id>21</id><polygon><username>sandy</username><pt><x>428</x><y>242</y></pt><pt><x>430</x><y>228</y></pt><pt><x>427</x><y>214</y></pt><pt><x>422</x><y>205</y></pt><pt><x>419</x><y>201</y></pt><pt><x>415</x><y>191</y></pt><pt><x>410</x><y>192</y></pt><pt><x>407</x><y>197</y></pt><pt><x>403</x><y>204</y></pt><pt><x>401</x><y>211</y></pt><pt><x>399</x><y>220</y></pt><pt><x>401</x><y>235</y></pt><pt><x>404</x><y>239</y></pt><pt><x>414</x><y>238</y></pt></polygon></object><object><name>urn</name><deleted>0</deleted><verified>0</verified><date>25-Jun-2012 23:42:24</date><id>22</id><polygon><username>sandy</username><pt><x>557</x><y>184</y></pt><pt><x>555</x><y>193</y></pt><pt><x>554</x><y>201</y></pt><pt><x>553</x><y>211</y></pt><pt><x>556</x><y>216</y></pt><pt><x>564</x><y>217</y></pt><pt><x>571</x><y>216</y></pt><pt><x>574</x><y>214</y></pt><pt><x>576</x><y>205</y></pt><pt><x>575</x><y>197</y></pt><pt><x>573</x><y>185</y></pt><pt><x>571</x><y>179</y></pt><pt><x>569</x><y>174</y></pt><pt><x>563</x><y>172</y></pt></polygon></object><object><name>urn</name><deleted>0</deleted><verified>0</verified><date>25-Jun-2012 23:42:24</date><id>23</id><polygon><username>sandy</username><pt><x>542</x><y>150</y></pt><pt><x>540</x><y>145</y></pt><pt><x>536</x><y>136</y></pt><pt><x>530</x><y>125</y></pt><pt><x>534</x><y>120</y></pt><pt><x>532</x><y>113</y></pt><pt><x>530</x><y>110</y></pt><pt><x>524</x><y>111</y></pt><pt><x>521</x><y>119</y></pt><pt><x>525</x><y>124</y></pt><pt><x>527</x><y>134</y></pt><pt><x>525</x><y>142</y></pt><pt><x>521</x><y>145</y></pt><pt><x>516</x><y>151</y></pt><pt><x>511</x><y>159</y></pt><pt><x>507</x><y>170</y></pt><pt><x>519</x><y>192</y></pt><pt><x>524</x><y>201</y></pt><pt><x>520</x><y>209</y></pt><pt><x>519</x><y>213</y></pt><pt><x>523</x><y>217</y></pt><pt><x>530</x><y>214</y></pt><pt><x>537</x><y>216</y></pt><pt><x>545</x><y>213</y></pt><pt><x>549</x><y>212</y></pt><pt><x>550</x><y>210</y></pt><pt><x>548</x><y>205</y></pt><pt><x>542</x><y>204</y></pt><pt><x>536</x><y>202</y></pt><pt><x>534</x><y>199</y></pt><pt><x>537</x><y>193</y></pt><pt><x>541</x><y>188</y></pt><pt><x>547</x><y>179</y></pt><pt><x>548</x><y>174</y></pt><pt><x>550</x><y>168</y></pt></polygon></object><object><name>urn</name><deleted>0</deleted><verified>0</verified><date>25-Jun-2012 23:42:24</date><id>24</id><polygon><username>sandy</username><pt><x>489</x><y>178</y></pt><pt><x>496</x><y>172</y></pt><pt><x>499</x><y>165</y></pt><pt><x>500</x><y>158</y></pt><pt><x>496</x><y>155</y></pt><pt><x>496</x><y>150</y></pt><pt><x>499</x><y>146</y></pt><pt><x>506</x><y>146</y></pt><pt><x>506</x><y>153</y></pt><pt><x>505</x><y>159</y></pt><pt><x>506</x><y>167</y></pt><pt><x>511</x><y>170</y></pt><pt><x>516</x><y>174</y></pt><pt><x>521</x><y>180</y></pt><pt><x>524</x><y>188</y></pt><pt><x>527</x><y>194</y></pt><pt><x>528</x><y>201</y></pt><pt><x>525</x><y>210</y></pt><pt><x>523</x><y>218</y></pt><pt><x>522</x><y>225</y></pt><pt><x>508</x><y>227</y></pt><pt><x>498</x><y>228</y></pt><pt><x>490</x><y>227</y></pt><pt><x>486</x><y>222</y></pt><pt><x>485</x><y>220</y></pt><pt><x>485</x><y>217</y></pt><pt><x>480</x><y>210</y></pt><pt><x>477</x><y>204</y></pt><pt><x>478</x><y>197</y></pt><pt><x>479</x><y>190</y></pt><pt><x>483</x><y>185</y></pt></polygon></object><object><name>bowl</name><deleted>0</deleted><verified>0</verified><date>25-Jun-2012 23:42:24</date><id>25</id><polygon><username>sandy</username><pt><x>289</x><y>426</y></pt><pt><x>290</x><y>435</y></pt><pt><x>287</x><y>444</y></pt><pt><x>278</x><y>448</y></pt><pt><x>260</x><y>455</y></pt><pt><x>244</x><y>460</y></pt><pt><x>234</x><y>463</y></pt><pt><x>228</x><y>464</y></pt><pt><x>219</x><y>460</y></pt><pt><x>211</x><y>450</y></pt><pt><x>207</x><y>448</y></pt><pt><x>203</x><y>440</y></pt><pt><x>272</x><y>426</y></pt></polygon></object><object><name>window</name><deleted>0</deleted><verified>0</verified><date>25-Jun-2012 23:42:24</date><id>26</id><polygon><username>sandy</username><pt><x>41</x><y>6</y></pt><pt><x>51</x><y>290</y></pt><pt><x>243</x><y>253</y></pt><pt><x>236</x><y>0</y></pt></polygon></object><object><name>curtains</name><deleted>0</deleted><verified>0</verified><date>25-Jun-2012 23:42:24</date><id>27</id><polygon><username>sandy</username><pt><x>314</x><y>3</y></pt><pt><x>314</x><y>73</y></pt><pt><x>321</x><y>224</y></pt><pt><x>326</x><y>293</y></pt><pt><x>197</x><y>297</y></pt><pt><x>196</x><y>167</y></pt><pt><x>200</x><y>145</y></pt><pt><x>200</x><y>58</y></pt><pt><x>202</x><y>0</y></pt></polygon></object><object><name>curtains</name><deleted>0</deleted><verified>0</verified><date>25-Jun-2012 23:42:24</date><id>28</id><polygon><username>sandy</username><pt><x>81</x><y>233</y></pt><pt><x>78</x><y>187</y></pt><pt><x>71</x><y>123</y></pt><pt><x>70</x><y>86</y></pt><pt><x>69</x><y>70</y></pt><pt><x>61</x><y>24</y></pt><pt><x>64</x><y>1</y></pt><pt><x>2</x><y>5</y></pt><pt><x>5</x><y>461</y></pt><pt><x>34</x><y>458</y></pt><pt><x>92</x><y>343</y></pt><pt><x>87</x><y>255</y></pt></polygon></object><object><name>cupboard</name><deleted>0</deleted><verified>0</verified><date>25-Jun-2012 23:42:24</date><id>29</id><polygon><username>sandy</username><pt><x>723</x><y>210</y></pt><pt><x>799</x><y>196</y></pt><pt><x>799</x><y>335</y></pt><pt><x>724</x><y>351</y></pt></polygon></object><object><name>drawers</name><deleted>0</deleted><verified>0</verified><date>25-Jun-2012 23:42:24</date><id>30</id><polygon><username>sandy</username><pt><x>769</x><y>165</y></pt><pt><x>798</x><y>159</y></pt><pt><x>797</x><y>195</y></pt><pt><x>770</x><y>202</y></pt></polygon></object><object><name>drawers</name><deleted>0</deleted><verified>0</verified><date>25-Jun-2012 23:42:24</date><id>31</id><polygon><username>sandy</username><pt><x>721</x><y>170</y></pt><pt><x>767</x><y>163</y></pt><pt><x>769</x><y>205</y></pt><pt><x>717</x><y>209</y></pt></polygon></object><object><name>painting</name><deleted>0</deleted><verified>0</verified><date>25-Jun-2012 23:42:24</date><id>32</id><polygon><username>sandy</username><pt><x>355</x><y>82</y></pt><pt><x>357</x><y>228</y></pt><pt><x>522</x><y>203</y></pt><pt><x>516</x><y>65</y></pt></polygon></object><object><name>painting</name><deleted>0</deleted><verified>0</verified><date>25-Jun-2012 23:42:24</date><id>33</id><polygon><username>sandy</username><pt><x>502</x><y>52</y></pt><pt><x>500</x><y>0</y></pt><pt><x>365</x><y>2</y></pt><pt><x>363</x><y>60</y></pt></polygon></object><object><name>window</name><deleted>0</deleted><verified>0</verified><date>25-Jun-2012 23:42:24</date><id>34</id><polygon><username>sandy</username><pt><x>767</x><y>98</y></pt><pt><x>764</x><y>2</y></pt><pt><x>798</x><y>5</y></pt><pt><x>797</x><y>94</y></pt></polygon></object><object><name>plate</name><deleted>0</deleted><verified>0</verified><date>25-Jun-2012 23:42:24</date><id>35</id><polygon><username>sandy</username><pt><x>510</x><y>390</y></pt><pt><x>508</x><y>380</y></pt><pt><x>499</x><y>376</y></pt><pt><x>488</x><y>370</y></pt><pt><x>483</x><y>369</y></pt><pt><x>426</x><y>368</y></pt><pt><x>384</x><y>377</y></pt><pt><x>362</x><y>384</y></pt><pt><x>350</x><y>390</y></pt><pt><x>342</x><y>394</y></pt><pt><x>332</x><y>397</y></pt><pt><x>328</x><y>404</y></pt><pt><x>330</x><y>413</y></pt><pt><x>337</x><y>421</y></pt><pt><x>357</x><y>429</y></pt><pt><x>370</x><y>431</y></pt><pt><x>418</x><y>430</y></pt><pt><x>440</x><y>427</y></pt><pt><x>474</x><y>419</y></pt><pt><x>488</x><y>411</y></pt><pt><x>497</x><y>405</y></pt></polygon></object><object><name>table</name><deleted>0</deleted><verified>0</verified><date>25-Jun-2012 23:42:24</date><id>36</id><polygon><username>sandy</username><pt><x>640</x><y>210</y></pt><pt><x>637</x><y>222</y></pt><pt><x>635</x><y>238</y></pt><pt><x>640</x><y>355</y></pt><pt><x>621</x><y>354</y></pt><pt><x>610</x><y>241</y></pt><pt><x>380</x><y>281</y></pt><pt><x>373</x><y>289</y></pt><pt><x>364</x><y>298</y></pt><pt><x>360</x><y>309</y></pt><pt><x>343</x><y>301</y></pt><pt><x>339</x><y>298</y></pt><pt><x>338</x><y>281</y></pt><pt><x>323</x><y>273</y></pt><pt><x>317</x><y>237</y></pt><pt><x>319</x><y>234</y></pt><pt><x>581</x><y>192</y></pt></polygon></object><object><name>bowl</name><deleted>0</deleted><verified>0</verified><date>25-Jun-2012 23:42:24</date><id>37</id><polygon><username>sandy</username><pt><x>374</x><y>339</y></pt><pt><x>367</x><y>356</y></pt><pt><x>360</x><y>370</y></pt><pt><x>352</x><y>381</y></pt><pt><x>321</x><y>397</y></pt><pt><x>288</x><y>402</y></pt><pt><x>263</x><y>403</y></pt><pt><x>247</x><y>401</y></pt><pt><x>237</x><y>396</y></pt><pt><x>227</x><y>390</y></pt><pt><x>220</x><y>384</y></pt><pt><x>216</x><y>372</y></pt><pt><x>212</x><y>365</y></pt><pt><x>210</x><y>355</y></pt><pt><x>212</x><y>347</y></pt><pt><x>348</x><y>335</y></pt></polygon></object></annotation>