<annotation><filename>d_dinette_dinette_000257.jpg</filename><folder>100images</folder><source><sourceImage>The MIT-CSAIL database of objects and scenes</sourceImage><sourceAnnotation>LabelMe Webtool</sourceAnnotation></source><object><name>stool</name><deleted>0</deleted><verified>0</verified><date>24-Jun-2012 22:39:48</date><id>0</id><polygon><username>sandy</username><pt><x>650</x><y>419</y></pt><pt><x>635</x><y>408</y></pt><pt><x>610</x><y>401</y></pt><pt><x>583</x><y>397</y></pt><pt><x>563</x><y>399</y></pt><pt><x>551</x><y>403</y></pt><pt><x>542</x><y>408</y></pt><pt><x>540</x><y>415</y></pt><pt><x>540</x><y>432</y></pt><pt><x>546</x><y>443</y></pt><pt><x>544</x><y>450</y></pt><pt><x>549</x><y>458</y></pt><pt><x>513</x><y>584</y></pt><pt><x>522</x><y>589</y></pt><pt><x>525</x><y>597</y></pt><pt><x>651</x><y>599</y></pt><pt><x>632</x><y>466</y></pt><pt><x>636</x><y>451</y></pt><pt><x>643</x><y>446</y></pt><pt><x>648</x><y>443</y></pt></polygon></object><object><name>stool</name><deleted>0</deleted><verified>0</verified><date>24-Jun-2012 22:39:48</date><id>1</id><polygon><username>sandy</username><pt><x>506</x><y>409</y></pt><pt><x>485</x><y>400</y></pt><pt><x>451</x><y>394</y></pt><pt><x>425</x><y>395</y></pt><pt><x>408</x><y>400</y></pt><pt><x>395</x><y>410</y></pt><pt><x>394</x><y>418</y></pt><pt><x>394</x><y>433</y></pt><pt><x>405</x><y>437</y></pt><pt><x>406</x><y>450</y></pt><pt><x>413</x><y>458</y></pt><pt><x>410</x><y>467</y></pt><pt><x>392</x><y>597</y></pt><pt><x>507</x><y>599</y></pt><pt><x>491</x><y>463</y></pt><pt><x>500</x><y>456</y></pt><pt><x>501</x><y>440</y></pt><pt><x>506</x><y>433</y></pt></polygon></object><object><name>stool</name><deleted>0</deleted><verified>0</verified><date>24-Jun-2012 22:39:48</date><id>2</id><polygon><username>sandy</username><pt><x>306</x><y>271</y></pt><pt><x>313</x><y>266</y></pt><pt><x>311</x><y>257</y></pt><pt><x>299</x><y>249</y></pt><pt><x>279</x><y>247</y></pt><pt><x>264</x><y>246</y></pt><pt><x>249</x><y>248</y></pt><pt><x>241</x><y>254</y></pt><pt><x>231</x><y>258</y></pt><pt><x>227</x><y>259</y></pt><pt><x>223</x><y>253</y></pt><pt><x>208</x><y>244</y></pt><pt><x>190</x><y>242</y></pt><pt><x>180</x><y>241</y></pt><pt><x>171</x><y>243</y></pt><pt><x>164</x><y>247</y></pt><pt><x>158</x><y>251</y></pt><pt><x>150</x><y>254</y></pt><pt><x>146</x><y>260</y></pt><pt><x>129</x><y>259</y></pt><pt><x>112</x><y>261</y></pt><pt><x>101</x><y>266</y></pt><pt><x>92</x><y>269</y></pt><pt><x>87</x><y>274</y></pt><pt><x>83</x><y>280</y></pt><pt><x>84</x><y>290</y></pt><pt><x>90</x><y>291</y></pt><pt><x>79</x><y>412</y></pt><pt><x>88</x><y>415</y></pt><pt><x>92</x><y>394</y></pt><pt><x>118</x><y>403</y></pt><pt><x>117</x><y>437</y></pt><pt><x>126</x><y>440</y></pt><pt><x>132</x><y>405</y></pt><pt><x>160</x><y>398</y></pt><pt><x>160</x><y>403</y></pt><pt><x>169</x><y>399</y></pt><pt><x>171</x><y>394</y></pt><pt><x>178</x><y>393</y></pt><pt><x>169</x><y>436</y></pt><pt><x>174</x><y>442</y></pt><pt><x>183</x><y>439</y></pt><pt><x>186</x><y>435</y></pt><pt><x>189</x><y>410</y></pt><pt><x>247</x><y>417</y></pt><pt><x>250</x><y>447</y></pt><pt><x>253</x><y>453</y></pt><pt><x>265</x><y>449</y></pt><pt><x>266</x><y>442</y></pt><pt><x>262</x><y>405</y></pt><pt><x>281</x><y>393</y></pt><pt><x>287</x><y>413</y></pt><pt><x>290</x><y>418</y></pt><pt><x>302</x><y>406</y></pt><pt><x>299</x><y>374</y></pt><pt><x>318</x><y>364</y></pt><pt><x>321</x><y>383</y></pt><pt><x>326</x><y>389</y></pt><pt><x>332</x><y>384</y></pt><pt><x>333</x><y>383</y></pt></polygon></object><object><name>chair</name><deleted>0</deleted><verified>0</verified><date>24-Jun-2012 22:39:48</date><id>3</id><polygon><username>sandy</username><pt><x>42</x><y>321</y></pt><pt><x>82</x><y>400</y></pt><pt><x>89</x><y>420</y></pt><pt><x>90</x><y>435</y></pt><pt><x>109</x><y>433</y></pt><pt><x>119</x><y>436</y></pt><pt><x>176</x><y>454</y></pt><pt><x>199</x><y>461</y></pt><pt><x>216</x><y>467</y></pt><pt><x>220</x><y>476</y></pt><pt><x>216</x><y>481</y></pt><pt><x>213</x><y>484</y></pt><pt><x>222</x><y>530</y></pt><pt><x>245</x><y>541</y></pt><pt><x>254</x><y>553</y></pt><pt><x>259</x><y>565</y></pt><pt><x>260</x><y>582</y></pt><pt><x>260</x><y>596</y></pt><pt><x>3</x><y>595</y></pt><pt><x>3</x><y>301</y></pt><pt><x>18</x><y>304</y></pt><pt><x>29</x><y>306</y></pt><pt><x>38</x><y>315</y></pt></polygon></object><object><name>window</name><deleted>0</deleted><verified>0</verified><date>24-Jun-2012 22:39:48</date><id>4</id><polygon><username>sandy</username><pt><x>660</x><y>169</y></pt><pt><x>665</x><y>16</y></pt><pt><x>514</x><y>21</y></pt><pt><x>516</x><y>167</y></pt></polygon></object><object><name>window</name><deleted>0</deleted><verified>0</verified><date>24-Jun-2012 22:39:48</date><id>5</id><polygon><username>sandy</username><pt><x>394</x><y>21</y></pt><pt><x>401</x><y>280</y></pt><pt><x>204</x><y>277</y></pt><pt><x>195</x><y>20</y></pt></polygon></object><object><name>worksurface</name><deleted>0</deleted><verified>0</verified><date>24-Jun-2012 22:39:48</date><id>6</id><polygon><username>sandy</username><pt><x>345</x><y>254</y></pt><pt><x>322</x><y>308</y></pt><pt><x>322</x><y>321</y></pt><pt><x>722</x><y>321</y></pt><pt><x>722</x><y>308</y></pt><pt><x>638</x><y>255</y></pt></polygon></object><object><name>worksurface</name><deleted>0</deleted><verified>0</verified><date>24-Jun-2012 22:39:48</date><id>7</id><polygon><username>sandy</username><pt><x>423</x><y>213</y></pt><pt><x>429</x><y>235</y></pt><pt><x>757</x><y>238</y></pt><pt><x>774</x><y>241</y></pt><pt><x>777</x><y>233</y></pt><pt><x>798</x><y>229</y></pt><pt><x>799</x><y>217</y></pt><pt><x>784</x><y>213</y></pt></polygon></object><object><name>sink</name><deleted>0</deleted><verified>0</verified><date>24-Jun-2012 22:39:48</date><id>8</id><polygon><username>sandy</username><pt><x>534</x><y>228</y></pt><pt><x>522</x><y>215</y></pt><pt><x>664</x><y>211</y></pt><pt><x>693</x><y>226</y></pt></polygon></object><object><name>table</name><deleted>0</deleted><verified>0</verified><date>24-Jun-2012 22:39:48</date><id>9</id><polygon><username>sandy</username><pt><x>112</x><y>196</y></pt><pt><x>111</x><y>208</y></pt><pt><x>125</x><y>210</y></pt><pt><x>149</x><y>214</y></pt><pt><x>156</x><y>392</y></pt><pt><x>221</x><y>410</y></pt><pt><x>277</x><y>412</y></pt><pt><x>266</x><y>208</y></pt><pt><x>292</x><y>203</y></pt><pt><x>293</x><y>192</y></pt><pt><x>263</x><y>186</y></pt><pt><x>198</x><y>186</y></pt></polygon></object><object><name>notepad</name><deleted>0</deleted><verified>0</verified><date>24-Jun-2012 22:39:48</date><id>10</id><polygon><username>sandy</username><pt><x>521</x><y>284</y></pt><pt><x>492</x><y>298</y></pt><pt><x>406</x><y>288</y></pt><pt><x>405</x><y>284</y></pt><pt><x>435</x><y>271</y></pt><pt><x>496</x><y>278</y></pt><pt><x>510</x><y>278</y></pt><pt><x>521</x><y>277</y></pt></polygon></object><object><name>curtains</name><deleted>0</deleted><verified>0</verified><date>24-Jun-2012 22:39:48</date><id>11</id><polygon><username>sandy</username><pt><x>406</x><y>3</y></pt><pt><x>409</x><y>259</y></pt><pt><x>381</x><y>256</y></pt><pt><x>385</x><y>193</y></pt><pt><x>381</x><y>181</y></pt><pt><x>351</x><y>143</y></pt><pt><x>326</x><y>82</y></pt><pt><x>293</x><y>3</y></pt></polygon></object><object><name>curtains</name><deleted>0</deleted><verified>0</verified><date>24-Jun-2012 22:39:48</date><id>12</id><polygon><username>sandy</username><pt><x>254</x><y>64</y></pt><pt><x>265</x><y>27</y></pt><pt><x>271</x><y>1</y></pt><pt><x>159</x><y>3</y></pt><pt><x>180</x><y>241</y></pt><pt><x>207</x><y>245</y></pt><pt><x>203</x><y>180</y></pt><pt><x>220</x><y>154</y></pt><pt><x>242</x><y>107</y></pt></polygon></object><object><name>curtains</name><deleted>0</deleted><verified>0</verified><date>24-Jun-2012 22:39:48</date><id>13</id><polygon><username>sandy</username><pt><x>53</x><y>3</y></pt><pt><x>60</x><y>106</y></pt><pt><x>59</x><y>138</y></pt><pt><x>58</x><y>165</y></pt><pt><x>62</x><y>178</y></pt><pt><x>82</x><y>355</y></pt><pt><x>86</x><y>393</y></pt><pt><x>53</x><y>397</y></pt><pt><x>36</x><y>251</y></pt><pt><x>35</x><y>173</y></pt><pt><x>18</x><y>37</y></pt><pt><x>16</x><y>0</y></pt></polygon></object><object><name>pen</name><deleted>0</deleted><verified>0</verified><date>24-Jun-2012 22:39:48</date><id>14</id><polygon><username>sandy</username><pt><x>464</x><y>271</y></pt><pt><x>438</x><y>280</y></pt><pt><x>434</x><y>278</y></pt><pt><x>455</x><y>269</y></pt></polygon></object><object><name>island</name><deleted>0</deleted><verified>0</verified><date>24-Jun-2012 22:39:48</date><id>15</id><polygon><username>sandy</username><pt><x>339</x><y>566</y></pt><pt><x>333</x><y>323</y></pt><pt><x>321</x><y>318</y></pt><pt><x>345</x><y>253</y></pt><pt><x>639</x><y>256</y></pt><pt><x>720</x><y>308</y></pt><pt><x>721</x><y>320</y></pt><pt><x>688</x><y>321</y></pt><pt><x>663</x><y>569</y></pt></polygon></object><object><name>magazine</name><deleted>0</deleted><verified>0</verified><date>24-Jun-2012 22:39:48</date><id>16</id><polygon><username>sandy</username><pt><x>249</x><y>191</y></pt><pt><x>203</x><y>195</y></pt><pt><x>185</x><y>187</y></pt><pt><x>232</x><y>185</y></pt></polygon></object><object><name>cupboard</name><deleted>0</deleted><verified>0</verified><date>24-Jun-2012 22:39:48</date><id>17</id><polygon><username>sandy</username><pt><x>735</x><y>2</y></pt><pt><x>729</x><y>130</y></pt><pt><x>754</x><y>132</y></pt><pt><x>798</x><y>133</y></pt><pt><x>798</x><y>2</y></pt></polygon></object><object><name>cupboard</name><deleted>0</deleted><verified>0</verified><date>24-Jun-2012 22:39:48</date><id>18</id><polygon><username>sandy</username><pt><x>709</x><y>245</y></pt><pt><x>694</x><y>379</y></pt><pt><x>747</x><y>382</y></pt><pt><x>758</x><y>383</y></pt><pt><x>777</x><y>251</y></pt><pt><x>756</x><y>244</y></pt></polygon></object><object><name>kettle</name><deleted>0</deleted><verified>0</verified><date>24-Jun-2012 22:39:48</date><id>19</id><polygon><username>sandy</username><pt><x>764</x><y>168</y></pt><pt><x>765</x><y>219</y></pt><pt><x>783</x><y>221</y></pt><pt><x>796</x><y>221</y></pt><pt><x>799</x><y>219</y></pt><pt><x>797</x><y>162</y></pt><pt><x>790</x><y>159</y></pt><pt><x>777</x><y>160</y></pt></polygon></object><object><name>tap</name><deleted>0</deleted><verified>0</verified><date>24-Jun-2012 22:39:48</date><id>20</id><polygon><username>sandy</username><pt><x>634</x><y>208</y></pt><pt><x>631</x><y>196</y></pt><pt><x>628</x><y>196</y></pt><pt><x>624</x><y>205</y></pt><pt><x>617</x><y>207</y></pt><pt><x>614</x><y>204</y></pt><pt><x>614</x><y>185</y></pt><pt><x>614</x><y>174</y></pt><pt><x>616</x><y>164</y></pt><pt><x>618</x><y>158</y></pt><pt><x>619</x><y>154</y></pt><pt><x>623</x><y>150</y></pt><pt><x>627</x><y>152</y></pt><pt><x>630</x><y>157</y></pt><pt><x>631</x><y>164</y></pt><pt><x>632</x><y>168</y></pt><pt><x>635</x><y>168</y></pt><pt><x>636</x><y>162</y></pt><pt><x>634</x><y>156</y></pt><pt><x>632</x><y>151</y></pt><pt><x>628</x><y>149</y></pt><pt><x>624</x><y>148</y></pt><pt><x>620</x><y>148</y></pt><pt><x>617</x><y>148</y></pt><pt><x>614</x><y>152</y></pt><pt><x>610</x><y>158</y></pt><pt><x>609</x><y>169</y></pt><pt><x>611</x><y>180</y></pt><pt><x>609</x><y>193</y></pt><pt><x>607</x><y>208</y></pt><pt><x>602</x><y>207</y></pt><pt><x>597</x><y>202</y></pt><pt><x>595</x><y>195</y></pt><pt><x>591</x><y>195</y></pt><pt><x>584</x><y>197</y></pt><pt><x>588</x><y>211</y></pt></polygon></object><object><name>oven</name><deleted>1</deleted><verified>0</verified><date>24-Jun-2012 22:39:48</date><id>21</id><polygon><username>sandy</username><pt><x>758</x><y>409</y></pt><pt><x>770</x><y>271</y></pt><pt><x>770</x><y>260</y></pt><pt><x>773</x><y>253</y></pt><pt><x>773</x><y>244</y></pt><pt><x>779</x><y>235</y></pt><pt><x>796</x><y>232</y></pt><pt><x>798</x><y>233</y></pt><pt><x>799</x><y>441</y></pt></polygon></object><imagesize><nrows>600</nrows><ncols>800</ncols></imagesize></annotation>
