<annotation><filename>d_dining_room_dining22.jpg</filename><folder>100images</folder><source><sourceImage>The MIT-CSAIL database of objects and scenes</sourceImage><sourceAnnotation>LabelMe Webtool</sourceAnnotation></source><object><name>table</name><deleted>0</deleted><verified>0</verified><date>25-Jun-2012 23:56:24</date><id>0</id><polygon><username>sandy</username><pt><x>321</x><y>363</y></pt><pt><x>799</x><y>472</y></pt><pt><x>798</x><y>600</y></pt><pt><x>475</x><y>599</y></pt><pt><x>125</x><y>419</y></pt><pt><x>125</x><y>400</y></pt></polygon></object><object><name>table</name><deleted>0</deleted><verified>0</verified><date>25-Jun-2012 23:56:24</date><id>1</id><polygon><username>sandy</username><pt><x>638</x><y>334</y></pt><pt><x>684</x><y>339</y></pt><pt><x>682</x><y>352</y></pt><pt><x>688</x><y>360</y></pt><pt><x>687</x><y>370</y></pt><pt><x>682</x><y>378</y></pt><pt><x>679</x><y>384</y></pt><pt><x>680</x><y>396</y></pt><pt><x>679</x><y>405</y></pt><pt><x>679</x><y>411</y></pt><pt><x>676</x><y>415</y></pt><pt><x>671</x><y>414</y></pt><pt><x>668</x><y>411</y></pt><pt><x>671</x><y>407</y></pt><pt><x>676</x><y>397</y></pt><pt><x>673</x><y>390</y></pt><pt><x>671</x><y>381</y></pt><pt><x>671</x><y>375</y></pt><pt><x>675</x><y>373</y></pt><pt><x>674</x><y>366</y></pt><pt><x>675</x><y>363</y></pt><pt><x>678</x><y>360</y></pt><pt><x>679</x><y>354</y></pt><pt><x>678</x><y>346</y></pt><pt><x>650</x><y>358</y></pt><pt><x>649</x><y>366</y></pt><pt><x>647</x><y>373</y></pt><pt><x>646</x><y>382</y></pt><pt><x>649</x><y>388</y></pt><pt><x>648</x><y>392</y></pt><pt><x>642</x><y>389</y></pt><pt><x>641</x><y>387</y></pt><pt><x>642</x><y>371</y></pt><pt><x>642</x><y>366</y></pt><pt><x>639</x><y>365</y></pt></polygon></object><object><name>chair</name><deleted>0</deleted><verified>0</verified><date>25-Jun-2012 23:56:24</date><id>2</id><polygon><username>sandy</username><pt><x>696</x><y>333</y></pt><pt><x>689</x><y>372</y></pt><pt><x>688</x><y>391</y></pt><pt><x>687</x><y>410</y></pt><pt><x>687</x><y>429</y></pt><pt><x>686</x><y>449</y></pt><pt><x>797</x><y>470</y></pt><pt><x>797</x><y>344</y></pt><pt><x>757</x><y>342</y></pt><pt><x>728</x><y>339</y></pt></polygon></object><object><name>chair</name><deleted>0</deleted><verified>0</verified><date>25-Jun-2012 23:56:24</date><id>3</id><polygon><username>sandy</username><pt><x>626</x><y>329</y></pt><pt><x>621</x><y>356</y></pt><pt><x>620</x><y>374</y></pt><pt><x>620</x><y>404</y></pt><pt><x>619</x><y>420</y></pt><pt><x>619</x><y>431</y></pt><pt><x>532</x><y>409</y></pt><pt><x>531</x><y>368</y></pt><pt><x>535</x><y>340</y></pt><pt><x>541</x><y>320</y></pt><pt><x>539</x><y>316</y></pt><pt><x>566</x><y>320</y></pt><pt><x>593</x><y>326</y></pt><pt><x>611</x><y>326</y></pt></polygon></object><object><name>chair</name><deleted>0</deleted><verified>0</verified><date>25-Jun-2012 23:56:24</date><id>4</id><polygon><username>sandy</username><pt><x>475</x><y>395</y></pt><pt><x>475</x><y>359</y></pt><pt><x>479</x><y>344</y></pt><pt><x>483</x><y>331</y></pt><pt><x>486</x><y>316</y></pt><pt><x>486</x><y>311</y></pt><pt><x>461</x><y>312</y></pt><pt><x>446</x><y>308</y></pt><pt><x>435</x><y>307</y></pt><pt><x>425</x><y>303</y></pt><pt><x>420</x><y>320</y></pt><pt><x>417</x><y>334</y></pt><pt><x>416</x><y>347</y></pt><pt><x>415</x><y>359</y></pt><pt><x>415</x><y>377</y></pt><pt><x>417</x><y>383</y></pt></polygon></object><object><name>chair</name><deleted>0</deleted><verified>0</verified><date>25-Jun-2012 23:56:24</date><id>5</id><polygon><username>sandy</username><pt><x>346</x><y>291</y></pt><pt><x>352</x><y>324</y></pt><pt><x>352</x><y>339</y></pt><pt><x>352</x><y>348</y></pt><pt><x>366</x><y>348</y></pt><pt><x>382</x><y>352</y></pt><pt><x>390</x><y>353</y></pt><pt><x>390</x><y>361</y></pt><pt><x>390</x><y>369</y></pt><pt><x>389</x><y>377</y></pt><pt><x>297</x><y>367</y></pt><pt><x>295</x><y>321</y></pt><pt><x>292</x><y>308</y></pt><pt><x>291</x><y>299</y></pt><pt><x>287</x><y>293</y></pt><pt><x>294</x><y>291</y></pt><pt><x>311</x><y>291</y></pt><pt><x>324</x><y>291</y></pt><pt><x>333</x><y>288</y></pt></polygon></object><object><name>table</name><deleted>0</deleted><verified>0</verified><date>25-Jun-2012 23:56:24</date><id>6</id><polygon><username>sandy</username><pt><x>276</x><y>323</y></pt><pt><x>306</x><y>331</y></pt><pt><x>305</x><y>337</y></pt><pt><x>298</x><y>340</y></pt><pt><x>297</x><y>347</y></pt><pt><x>295</x><y>353</y></pt><pt><x>292</x><y>357</y></pt><pt><x>293</x><y>367</y></pt><pt><x>257</x><y>372</y></pt><pt><x>256</x><y>358</y></pt><pt><x>2</x><y>399</y></pt><pt><x>2</x><y>358</y></pt><pt><x>264</x><y>324</y></pt></polygon></object><object><name>chair</name><deleted>0</deleted><verified>0</verified><date>25-Jun-2012 23:56:24</date><id>7</id><polygon><username>sandy</username><pt><x>83</x><y>369</y></pt><pt><x>91</x><y>380</y></pt><pt><x>96</x><y>390</y></pt><pt><x>103</x><y>413</y></pt><pt><x>105</x><y>421</y></pt><pt><x>106</x><y>434</y></pt><pt><x>109</x><y>448</y></pt><pt><x>124</x><y>447</y></pt><pt><x>215</x><y>475</y></pt><pt><x>222</x><y>558</y></pt><pt><x>224</x><y>583</y></pt><pt><x>120</x><y>600</y></pt><pt><x>84</x><y>598</y></pt><pt><x>77</x><y>597</y></pt><pt><x>70</x><y>546</y></pt><pt><x>62</x><y>529</y></pt><pt><x>53</x><y>495</y></pt><pt><x>48</x><y>477</y></pt><pt><x>48</x><y>458</y></pt><pt><x>47</x><y>446</y></pt><pt><x>45</x><y>406</y></pt><pt><x>43</x><y>390</y></pt><pt><x>39</x><y>380</y></pt><pt><x>34</x><y>371</y></pt><pt><x>30</x><y>365</y></pt><pt><x>26</x><y>357</y></pt><pt><x>23</x><y>353</y></pt><pt><x>28</x><y>349</y></pt><pt><x>31</x><y>347</y></pt><pt><x>35</x><y>352</y></pt><pt><x>41</x><y>358</y></pt><pt><x>54</x><y>363</y></pt><pt><x>66</x><y>365</y></pt><pt><x>75</x><y>364</y></pt></polygon></object><object><name>chair</name><deleted>0</deleted><verified>0</verified><date>25-Jun-2012 23:56:24</date><id>8</id><polygon><username>sandy</username><pt><x>180</x><y>410</y></pt><pt><x>192</x><y>429</y></pt><pt><x>199</x><y>444</y></pt><pt><x>202</x><y>453</y></pt><pt><x>205</x><y>478</y></pt><pt><x>204</x><y>483</y></pt><pt><x>207</x><y>498</y></pt><pt><x>208</x><y>505</y></pt><pt><x>238</x><y>497</y></pt><pt><x>240</x><y>525</y></pt><pt><x>240</x><y>541</y></pt><pt><x>260</x><y>543</y></pt><pt><x>272</x><y>553</y></pt><pt><x>281</x><y>564</y></pt><pt><x>289</x><y>577</y></pt><pt><x>289</x><y>590</y></pt><pt><x>289</x><y>596</y></pt><pt><x>138</x><y>600</y></pt><pt><x>128</x><y>522</y></pt><pt><x>125</x><y>470</y></pt><pt><x>117</x><y>424</y></pt><pt><x>113</x><y>411</y></pt><pt><x>109</x><y>405</y></pt><pt><x>105</x><y>398</y></pt><pt><x>104</x><y>390</y></pt><pt><x>106</x><y>387</y></pt><pt><x>110</x><y>384</y></pt><pt><x>116</x><y>388</y></pt><pt><x>120</x><y>395</y></pt><pt><x>133</x><y>404</y></pt><pt><x>157</x><y>406</y></pt></polygon></object><object><name>chair</name><deleted>0</deleted><verified>0</verified><date>25-Jun-2012 23:56:24</date><id>9</id><polygon><username>sandy</username><pt><x>258</x><y>441</y></pt><pt><x>270</x><y>448</y></pt><pt><x>283</x><y>461</y></pt><pt><x>318</x><y>473</y></pt><pt><x>339</x><y>479</y></pt><pt><x>355</x><y>482</y></pt><pt><x>373</x><y>485</y></pt><pt><x>392</x><y>486</y></pt><pt><x>406</x><y>514</y></pt><pt><x>416</x><y>557</y></pt><pt><x>419</x><y>570</y></pt><pt><x>422</x><y>588</y></pt><pt><x>424</x><y>599</y></pt><pt><x>272</x><y>595</y></pt><pt><x>270</x><y>534</y></pt><pt><x>258</x><y>481</y></pt><pt><x>255</x><y>469</y></pt><pt><x>248</x><y>458</y></pt><pt><x>244</x><y>450</y></pt><pt><x>245</x><y>446</y></pt><pt><x>251</x><y>441</y></pt></polygon></object><object><name>chair</name><deleted>0</deleted><verified>0</verified><date>25-Jun-2012 23:56:24</date><id>10</id><polygon><username>sandy</username><pt><x>535</x><y>552</y></pt><pt><x>551</x><y>561</y></pt><pt><x>568</x><y>572</y></pt><pt><x>608</x><y>588</y></pt><pt><x>625</x><y>599</y></pt><pt><x>521</x><y>594</y></pt><pt><x>515</x><y>575</y></pt><pt><x>514</x><y>564</y></pt><pt><x>517</x><y>556</y></pt><pt><x>525</x><y>551</y></pt></polygon></object><object><name>plant</name><deleted>0</deleted><verified>0</verified><date>25-Jun-2012 23:56:24</date><id>11</id><polygon><username>sandy</username><pt><x>489</x><y>271</y></pt><pt><x>494</x><y>257</y></pt><pt><x>501</x><y>252</y></pt><pt><x>511</x><y>245</y></pt><pt><x>517</x><y>237</y></pt><pt><x>525</x><y>228</y></pt><pt><x>530</x><y>222</y></pt><pt><x>536</x><y>213</y></pt><pt><x>537</x><y>206</y></pt><pt><x>534</x><y>202</y></pt><pt><x>521</x><y>205</y></pt><pt><x>505</x><y>212</y></pt><pt><x>496</x><y>214</y></pt><pt><x>492</x><y>210</y></pt><pt><x>498</x><y>189</y></pt><pt><x>503</x><y>177</y></pt><pt><x>506</x><y>167</y></pt><pt><x>507</x><y>155</y></pt><pt><x>506</x><y>150</y></pt><pt><x>492</x><y>143</y></pt><pt><x>477</x><y>144</y></pt><pt><x>457</x><y>74</y></pt><pt><x>437</x><y>57</y></pt><pt><x>419</x><y>45</y></pt><pt><x>407</x><y>41</y></pt><pt><x>397</x><y>46</y></pt><pt><x>390</x><y>56</y></pt><pt><x>383</x><y>62</y></pt><pt><x>376</x><y>71</y></pt><pt><x>371</x><y>89</y></pt><pt><x>352</x><y>91</y></pt><pt><x>332</x><y>86</y></pt><pt><x>322</x><y>87</y></pt><pt><x>293</x><y>93</y></pt><pt><x>296</x><y>98</y></pt><pt><x>318</x><y>101</y></pt><pt><x>331</x><y>101</y></pt><pt><x>332</x><y>110</y></pt><pt><x>336</x><y>117</y></pt><pt><x>344</x><y>120</y></pt><pt><x>352</x><y>126</y></pt><pt><x>353</x><y>131</y></pt><pt><x>347</x><y>138</y></pt><pt><x>341</x><y>142</y></pt><pt><x>328</x><y>142</y></pt><pt><x>317</x><y>141</y></pt><pt><x>309</x><y>146</y></pt><pt><x>309</x><y>154</y></pt><pt><x>321</x><y>171</y></pt><pt><x>333</x><y>183</y></pt><pt><x>337</x><y>190</y></pt><pt><x>328</x><y>194</y></pt><pt><x>318</x><y>189</y></pt><pt><x>311</x><y>187</y></pt><pt><x>303</x><y>193</y></pt><pt><x>300</x><y>198</y></pt><pt><x>314</x><y>200</y></pt><pt><x>322</x><y>204</y></pt><pt><x>328</x><y>214</y></pt><pt><x>328</x><y>220</y></pt><pt><x>323</x><y>228</y></pt><pt><x>317</x><y>233</y></pt><pt><x>308</x><y>234</y></pt><pt><x>301</x><y>242</y></pt><pt><x>307</x><y>247</y></pt><pt><x>317</x><y>247</y></pt><pt><x>328</x><y>248</y></pt><pt><x>343</x><y>250</y></pt><pt><x>348</x><y>257</y></pt><pt><x>352</x><y>264</y></pt><pt><x>366</x><y>259</y></pt><pt><x>380</x><y>267</y></pt><pt><x>381</x><y>272</y></pt><pt><x>381</x><y>279</y></pt><pt><x>366</x><y>277</y></pt><pt><x>352</x><y>284</y></pt><pt><x>343</x><y>289</y></pt><pt><x>338</x><y>294</y></pt><pt><x>332</x><y>304</y></pt><pt><x>334</x><y>311</y></pt><pt><x>342</x><y>316</y></pt><pt><x>351</x><y>314</y></pt><pt><x>361</x><y>309</y></pt><pt><x>361</x><y>305</y></pt><pt><x>368</x><y>301</y></pt><pt><x>371</x><y>308</y></pt><pt><x>368</x><y>315</y></pt><pt><x>377</x><y>317</y></pt><pt><x>385</x><y>321</y></pt><pt><x>390</x><y>325</y></pt><pt><x>394</x><y>329</y></pt><pt><x>397</x><y>333</y></pt><pt><x>405</x><y>340</y></pt><pt><x>406</x><y>347</y></pt><pt><x>418</x><y>345</y></pt><pt><x>482</x><y>309</y></pt><pt><x>480</x><y>296</y></pt><pt><x>477</x><y>286</y></pt><pt><x>477</x><y>277</y></pt></polygon></object><object><name>plant</name><deleted>0</deleted><verified>0</verified><date>25-Jun-2012 23:56:24</date><id>12</id><polygon><username>sandy</username><pt><x>738</x><y>275</y></pt><pt><x>744</x><y>284</y></pt><pt><x>751</x><y>292</y></pt><pt><x>752</x><y>300</y></pt><pt><x>746</x><y>301</y></pt><pt><x>734</x><y>296</y></pt><pt><x>730</x><y>294</y></pt><pt><x>725</x><y>286</y></pt><pt><x>722</x><y>278</y></pt><pt><x>724</x><y>271</y></pt></polygon></object><object><name>mirror</name><deleted>0</deleted><verified>0</verified><date>25-Jun-2012 23:56:24</date><id>13</id><polygon><username>sandy</username><pt><x>45</x><y>88</y></pt><pt><x>48</x><y>323</y></pt><pt><x>211</x><y>311</y></pt><pt><x>209</x><y>109</y></pt></polygon></object><object><name>urn</name><deleted>0</deleted><verified>0</verified><date>25-Jun-2012 23:56:24</date><id>14</id><polygon><username>sandy</username><pt><x>517</x><y>433</y></pt><pt><x>525</x><y>424</y></pt><pt><x>529</x><y>416</y></pt><pt><x>529</x><y>406</y></pt><pt><x>530</x><y>398</y></pt><pt><x>524</x><y>387</y></pt><pt><x>520</x><y>383</y></pt><pt><x>514</x><y>381</y></pt><pt><x>512</x><y>378</y></pt><pt><x>515</x><y>374</y></pt><pt><x>512</x><y>368</y></pt><pt><x>507</x><y>382</y></pt><pt><x>501</x><y>384</y></pt><pt><x>497</x><y>386</y></pt><pt><x>493</x><y>391</y></pt><pt><x>489</x><y>395</y></pt><pt><x>492</x><y>406</y></pt><pt><x>493</x><y>421</y></pt><pt><x>497</x><y>429</y></pt><pt><x>500</x><y>432</y></pt><pt><x>504</x><y>432</y></pt><pt><x>504</x><y>438</y></pt><pt><x>502</x><y>442</y></pt><pt><x>500</x><y>447</y></pt><pt><x>497</x><y>449</y></pt><pt><x>499</x><y>475</y></pt><pt><x>495</x><y>486</y></pt><pt><x>503</x><y>487</y></pt><pt><x>507</x><y>489</y></pt><pt><x>513</x><y>487</y></pt><pt><x>521</x><y>488</y></pt><pt><x>524</x><y>485</y></pt><pt><x>525</x><y>482</y></pt><pt><x>525</x><y>475</y></pt><pt><x>523</x><y>463</y></pt><pt><x>522</x><y>448</y></pt><pt><x>519</x><y>445</y></pt><pt><x>513</x><y>443</y></pt><pt><x>513</x><y>440</y></pt></polygon></object><object><name>goblets</name><deleted>0</deleted><verified>0</verified><date>25-Jun-2012 23:56:24</date><id>15</id><polygon><username>sandy</username><pt><x>471</x><y>420</y></pt><pt><x>477</x><y>415</y></pt><pt><x>481</x><y>410</y></pt><pt><x>486</x><y>402</y></pt><pt><x>480</x><y>396</y></pt><pt><x>469</x><y>391</y></pt><pt><x>451</x><y>390</y></pt><pt><x>441</x><y>391</y></pt><pt><x>433</x><y>394</y></pt><pt><x>427</x><y>395</y></pt><pt><x>421</x><y>397</y></pt><pt><x>421</x><y>408</y></pt><pt><x>429</x><y>415</y></pt><pt><x>435</x><y>419</y></pt><pt><x>438</x><y>426</y></pt><pt><x>438</x><y>431</y></pt><pt><x>436</x><y>436</y></pt><pt><x>431</x><y>439</y></pt><pt><x>429</x><y>442</y></pt><pt><x>431</x><y>446</y></pt><pt><x>435</x><y>449</y></pt><pt><x>433</x><y>455</y></pt><pt><x>435</x><y>460</y></pt><pt><x>444</x><y>465</y></pt><pt><x>450</x><y>464</y></pt><pt><x>460</x><y>456</y></pt><pt><x>469</x><y>453</y></pt><pt><x>475</x><y>454</y></pt><pt><x>478</x><y>449</y></pt><pt><x>477</x><y>444</y></pt><pt><x>473</x><y>440</y></pt><pt><x>468</x><y>438</y></pt><pt><x>467</x><y>430</y></pt></polygon></object><object><name>urn</name><deleted>0</deleted><verified>0</verified><date>25-Jun-2012 23:56:24</date><id>16</id><polygon><username>sandy</username><pt><x>569</x><y>446</y></pt><pt><x>578</x><y>441</y></pt><pt><x>581</x><y>432</y></pt><pt><x>581</x><y>425</y></pt><pt><x>557</x><y>417</y></pt><pt><x>544</x><y>414</y></pt><pt><x>533</x><y>416</y></pt><pt><x>526</x><y>416</y></pt><pt><x>517</x><y>418</y></pt><pt><x>510</x><y>424</y></pt><pt><x>509</x><y>433</y></pt><pt><x>512</x><y>440</y></pt><pt><x>520</x><y>441</y></pt><pt><x>523</x><y>448</y></pt><pt><x>521</x><y>457</y></pt><pt><x>524</x><y>459</y></pt><pt><x>531</x><y>457</y></pt><pt><x>546</x><y>453</y></pt><pt><x>553</x><y>450</y></pt><pt><x>560</x><y>453</y></pt><pt><x>560</x><y>457</y></pt><pt><x>565</x><y>457</y></pt></polygon></object><object><name>goblets</name><deleted>0</deleted><verified>0</verified><date>25-Jun-2012 23:56:24</date><id>17</id><polygon><username>sandy</username><pt><x>654</x><y>415</y></pt><pt><x>652</x><y>397</y></pt><pt><x>652</x><y>393</y></pt><pt><x>646</x><y>388</y></pt><pt><x>634</x><y>385</y></pt><pt><x>622</x><y>387</y></pt><pt><x>616</x><y>386</y></pt><pt><x>609</x><y>389</y></pt><pt><x>605</x><y>394</y></pt><pt><x>608</x><y>402</y></pt><pt><x>613</x><y>414</y></pt><pt><x>614</x><y>421</y></pt><pt><x>618</x><y>425</y></pt><pt><x>624</x><y>427</y></pt><pt><x>628</x><y>431</y></pt><pt><x>628</x><y>438</y></pt><pt><x>627</x><y>442</y></pt><pt><x>621</x><y>442</y></pt><pt><x>619</x><y>448</y></pt><pt><x>620</x><y>480</y></pt><pt><x>616</x><y>485</y></pt><pt><x>614</x><y>490</y></pt><pt><x>614</x><y>497</y></pt><pt><x>627</x><y>503</y></pt><pt><x>637</x><y>503</y></pt><pt><x>645</x><y>500</y></pt><pt><x>648</x><y>498</y></pt><pt><x>652</x><y>496</y></pt><pt><x>650</x><y>486</y></pt><pt><x>644</x><y>482</y></pt><pt><x>643</x><y>474</y></pt><pt><x>642</x><y>447</y></pt><pt><x>638</x><y>442</y></pt><pt><x>635</x><y>438</y></pt><pt><x>636</x><y>430</y></pt><pt><x>640</x><y>429</y></pt><pt><x>645</x><y>425</y></pt></polygon></object><object><name>urn</name><deleted>0</deleted><verified>0</verified><date>25-Jun-2012 23:56:24</date><id>18</id><polygon><username>sandy</username><pt><x>154</x><y>300</y></pt><pt><x>157</x><y>286</y></pt><pt><x>159</x><y>276</y></pt><pt><x>144</x><y>276</y></pt><pt><x>131</x><y>275</y></pt><pt><x>124</x><y>274</y></pt><pt><x>116</x><y>274</y></pt><pt><x>110</x><y>279</y></pt><pt><x>112</x><y>286</y></pt><pt><x>115</x><y>299</y></pt><pt><x>119</x><y>310</y></pt><pt><x>123</x><y>320</y></pt><pt><x>125</x><y>323</y></pt><pt><x>124</x><y>329</y></pt><pt><x>118</x><y>328</y></pt><pt><x>116</x><y>333</y></pt><pt><x>114</x><y>349</y></pt><pt><x>130</x><y>353</y></pt><pt><x>157</x><y>345</y></pt><pt><x>155</x><y>328</y></pt><pt><x>145</x><y>325</y></pt><pt><x>143</x><y>322</y></pt><pt><x>146</x><y>317</y></pt><pt><x>151</x><y>311</y></pt></polygon></object><object><name>urn</name><deleted>0</deleted><verified>0</verified><date>25-Jun-2012 23:56:24</date><id>19</id><polygon><username>sandy</username><pt><x>101</x><y>332</y></pt><pt><x>105</x><y>318</y></pt><pt><x>110</x><y>304</y></pt><pt><x>100</x><y>300</y></pt><pt><x>93</x><y>300</y></pt><pt><x>86</x><y>300</y></pt><pt><x>80</x><y>302</y></pt><pt><x>80</x><y>308</y></pt><pt><x>78</x><y>314</y></pt><pt><x>84</x><y>326</y></pt><pt><x>87</x><y>335</y></pt><pt><x>90</x><y>340</y></pt><pt><x>86</x><y>342</y></pt><pt><x>83</x><y>347</y></pt><pt><x>77</x><y>347</y></pt><pt><x>81</x><y>357</y></pt><pt><x>83</x><y>360</y></pt><pt><x>108</x><y>356</y></pt><pt><x>107</x><y>350</y></pt><pt><x>102</x><y>342</y></pt></polygon></object><object><name>urn</name><deleted>0</deleted><verified>0</verified><date>25-Jun-2012 23:56:24</date><id>20</id><polygon><username>sandy</username><pt><x>213</x><y>316</y></pt><pt><x>222</x><y>306</y></pt><pt><x>224</x><y>302</y></pt><pt><x>212</x><y>298</y></pt><pt><x>203</x><y>295</y></pt><pt><x>200</x><y>294</y></pt><pt><x>190</x><y>296</y></pt><pt><x>186</x><y>300</y></pt><pt><x>179</x><y>305</y></pt><pt><x>177</x><y>312</y></pt><pt><x>178</x><y>317</y></pt><pt><x>185</x><y>318</y></pt><pt><x>189</x><y>323</y></pt><pt><x>192</x><y>328</y></pt><pt><x>190</x><y>333</y></pt><pt><x>185</x><y>331</y></pt><pt><x>183</x><y>334</y></pt><pt><x>187</x><y>339</y></pt><pt><x>211</x><y>338</y></pt><pt><x>211</x><y>333</y></pt><pt><x>204</x><y>330</y></pt><pt><x>205</x><y>322</y></pt></polygon></object><object><name>lamp</name><deleted>0</deleted><verified>0</verified><date>25-Jun-2012 23:56:24</date><id>21</id><polygon><username>sandy</username><pt><x>289</x><y>201</y></pt><pt><x>306</x><y>246</y></pt><pt><x>272</x><y>249</y></pt><pt><x>271</x><y>257</y></pt><pt><x>270</x><y>264</y></pt><pt><x>273</x><y>286</y></pt><pt><x>274</x><y>296</y></pt><pt><x>272</x><y>300</y></pt><pt><x>277</x><y>304</y></pt><pt><x>276</x><y>309</y></pt><pt><x>275</x><y>320</y></pt><pt><x>278</x><y>324</y></pt><pt><x>283</x><y>330</y></pt><pt><x>282</x><y>334</y></pt><pt><x>266</x><y>335</y></pt><pt><x>252</x><y>332</y></pt><pt><x>252</x><y>326</y></pt><pt><x>259</x><y>325</y></pt><pt><x>257</x><y>306</y></pt><pt><x>261</x><y>304</y></pt><pt><x>261</x><y>296</y></pt><pt><x>259</x><y>289</y></pt><pt><x>260</x><y>282</y></pt><pt><x>264</x><y>262</y></pt><pt><x>261</x><y>255</y></pt><pt><x>262</x><y>249</y></pt><pt><x>229</x><y>245</y></pt><pt><x>248</x><y>200</y></pt><pt><x>261</x><y>197</y></pt><pt><x>272</x><y>197</y></pt></polygon></object><object><name>lamp</name><deleted>0</deleted><verified>0</verified><date>25-Jun-2012 23:56:24</date><id>22</id><polygon><username>sandy</username><pt><x>37</x><y>193</y></pt><pt><x>37</x><y>201</y></pt><pt><x>65</x><y>253</y></pt><pt><x>13</x><y>258</y></pt><pt><x>14</x><y>263</y></pt><pt><x>12</x><y>272</y></pt><pt><x>17</x><y>303</y></pt><pt><x>17</x><y>312</y></pt><pt><x>14</x><y>321</y></pt><pt><x>15</x><y>328</y></pt><pt><x>22</x><y>331</y></pt><pt><x>23</x><y>356</y></pt><pt><x>29</x><y>358</y></pt><pt><x>31</x><y>366</y></pt><pt><x>5</x><y>371</y></pt><pt><x>3</x><y>190</y></pt><pt><x>14</x><y>190</y></pt><pt><x>27</x><y>192</y></pt></polygon></object><object><name>urn</name><deleted>0</deleted><verified>0</verified><date>25-Jun-2012 23:56:24</date><id>23</id><polygon><username>sandy</username><pt><x>791</x><y>308</y></pt><pt><x>790</x><y>317</y></pt><pt><x>788</x><y>324</y></pt><pt><x>784</x><y>331</y></pt><pt><x>785</x><y>334</y></pt><pt><x>790</x><y>334</y></pt><pt><x>790</x><y>338</y></pt><pt><x>789</x><y>340</y></pt><pt><x>771</x><y>338</y></pt><pt><x>770</x><y>335</y></pt><pt><x>775</x><y>333</y></pt><pt><x>778</x><y>328</y></pt><pt><x>774</x><y>322</y></pt><pt><x>771</x><y>317</y></pt><pt><x>770</x><y>311</y></pt><pt><x>771</x><y>304</y></pt><pt><x>775</x><y>301</y></pt><pt><x>781</x><y>299</y></pt><pt><x>786</x><y>303</y></pt></polygon></object><object><name>lamp</name><deleted>0</deleted><verified>0</verified><date>25-Jun-2012 23:56:24</date><id>24</id><polygon><username>sandy</username><pt><x>770</x><y>253</y></pt><pt><x>753</x><y>286</y></pt><pt><x>773</x><y>291</y></pt><pt><x>775</x><y>292</y></pt><pt><x>771</x><y>300</y></pt><pt><x>771</x><y>307</y></pt><pt><x>780</x><y>308</y></pt><pt><x>788</x><y>307</y></pt><pt><x>788</x><y>302</y></pt><pt><x>786</x><y>296</y></pt><pt><x>787</x><y>289</y></pt><pt><x>797</x><y>289</y></pt><pt><x>793</x><y>250</y></pt></polygon></object><object><name>lamp</name><deleted>0</deleted><verified>0</verified><date>25-Jun-2012 23:56:24</date><id>25</id><polygon><username>sandy</username><pt><x>671</x><y>235</y></pt><pt><x>680</x><y>250</y></pt><pt><x>666</x><y>250</y></pt><pt><x>665</x><y>257</y></pt><pt><x>664</x><y>276</y></pt><pt><x>667</x><y>291</y></pt><pt><x>657</x><y>291</y></pt><pt><x>657</x><y>279</y></pt><pt><x>659</x><y>277</y></pt><pt><x>657</x><y>250</y></pt><pt><x>644</x><y>249</y></pt><pt><x>655</x><y>233</y></pt></polygon></object><object><name>chandelier</name><deleted>0</deleted><verified>0</verified><date>25-Jun-2012 23:56:24</date><id>26</id><polygon><username>sandy</username><pt><x>594</x><y>38</y></pt><pt><x>599</x><y>20</y></pt><pt><x>606</x><y>11</y></pt><pt><x>605</x><y>6</y></pt><pt><x>590</x><y>4</y></pt><pt><x>578</x><y>3</y></pt><pt><x>564</x><y>5</y></pt><pt><x>557</x><y>7</y></pt><pt><x>552</x><y>10</y></pt><pt><x>546</x><y>13</y></pt><pt><x>553</x><y>18</y></pt><pt><x>554</x><y>25</y></pt><pt><x>556</x><y>34</y></pt><pt><x>559</x><y>44</y></pt><pt><x>550</x><y>45</y></pt><pt><x>543</x><y>48</y></pt><pt><x>540</x><y>48</y></pt><pt><x>541</x><y>55</y></pt><pt><x>545</x><y>57</y></pt><pt><x>548</x><y>72</y></pt><pt><x>544</x><y>71</y></pt><pt><x>537</x><y>75</y></pt><pt><x>534</x><y>77</y></pt><pt><x>515</x><y>1</y></pt><pt><x>505</x><y>3</y></pt><pt><x>519</x><y>73</y></pt><pt><x>498</x><y>71</y></pt><pt><x>475</x><y>72</y></pt><pt><x>468</x><y>71</y></pt><pt><x>467</x><y>65</y></pt><pt><x>473</x><y>61</y></pt><pt><x>475</x><y>55</y></pt><pt><x>471</x><y>52</y></pt><pt><x>471</x><y>49</y></pt><pt><x>467</x><y>41</y></pt><pt><x>470</x><y>29</y></pt><pt><x>470</x><y>18</y></pt><pt><x>468</x><y>11</y></pt><pt><x>473</x><y>1</y></pt><pt><x>401</x><y>0</y></pt><pt><x>397</x><y>5</y></pt><pt><x>405</x><y>13</y></pt><pt><x>409</x><y>19</y></pt><pt><x>413</x><y>34</y></pt><pt><x>419</x><y>43</y></pt><pt><x>423</x><y>51</y></pt><pt><x>420</x><y>54</y></pt><pt><x>418</x><y>66</y></pt><pt><x>413</x><y>80</y></pt><pt><x>409</x><y>84</y></pt><pt><x>402</x><y>83</y></pt><pt><x>396</x><y>86</y></pt><pt><x>389</x><y>89</y></pt><pt><x>382</x><y>92</y></pt><pt><x>378</x><y>91</y></pt><pt><x>375</x><y>86</y></pt><pt><x>374</x><y>79</y></pt><pt><x>376</x><y>70</y></pt><pt><x>379</x><y>67</y></pt><pt><x>383</x><y>62</y></pt><pt><x>385</x><y>47</y></pt><pt><x>389</x><y>42</y></pt><pt><x>391</x><y>36</y></pt><pt><x>384</x><y>32</y></pt><pt><x>372</x><y>30</y></pt><pt><x>359</x><y>29</y></pt><pt><x>352</x><y>30</y></pt><pt><x>348</x><y>32</y></pt><pt><x>343</x><y>35</y></pt><pt><x>342</x><y>42</y></pt><pt><x>349</x><y>43</y></pt><pt><x>352</x><y>55</y></pt><pt><x>354</x><y>63</y></pt><pt><x>357</x><y>68</y></pt><pt><x>357</x><y>74</y></pt><pt><x>359</x><y>79</y></pt><pt><x>364</x><y>86</y></pt><pt><x>369</x><y>96</y></pt><pt><x>376</x><y>103</y></pt><pt><x>390</x><y>101</y></pt><pt><x>399</x><y>99</y></pt><pt><x>410</x><y>97</y></pt><pt><x>418</x><y>107</y></pt><pt><x>423</x><y>117</y></pt><pt><x>433</x><y>123</y></pt><pt><x>451</x><y>128</y></pt><pt><x>465</x><y>129</y></pt><pt><x>476</x><y>141</y></pt><pt><x>476</x><y>150</y></pt><pt><x>482</x><y>151</y></pt><pt><x>483</x><y>143</y></pt><pt><x>483</x><y>140</y></pt><pt><x>494</x><y>130</y></pt><pt><x>516</x><y>123</y></pt><pt><x>527</x><y>118</y></pt><pt><x>536</x><y>112</y></pt><pt><x>544</x><y>105</y></pt><pt><x>550</x><y>107</y></pt><pt><x>558</x><y>106</y></pt><pt><x>564</x><y>104</y></pt><pt><x>567</x><y>98</y></pt><pt><x>571</x><y>90</y></pt><pt><x>572</x><y>85</y></pt><pt><x>574</x><y>81</y></pt><pt><x>580</x><y>72</y></pt><pt><x>581</x><y>63</y></pt><pt><x>585</x><y>58</y></pt><pt><x>587</x><y>53</y></pt><pt><x>585</x><y>50</y></pt></polygon></object><object><name>chandelier</name><deleted>0</deleted><verified>0</verified><date>25-Jun-2012 23:56:24</date><id>27</id><polygon><username>sandy</username><pt><x>728</x><y>144</y></pt><pt><x>733</x><y>135</y></pt><pt><x>737</x><y>129</y></pt><pt><x>739</x><y>136</y></pt><pt><x>745</x><y>139</y></pt><pt><x>746</x><y>133</y></pt><pt><x>744</x><y>128</y></pt><pt><x>746</x><y>123</y></pt><pt><x>751</x><y>124</y></pt><pt><x>754</x><y>124</y></pt><pt><x>756</x><y>119</y></pt><pt><x>755</x><y>112</y></pt><pt><x>752</x><y>109</y></pt><pt><x>752</x><y>96</y></pt><pt><x>751</x><y>92</y></pt><pt><x>749</x><y>105</y></pt><pt><x>748</x><y>112</y></pt><pt><x>743</x><y>108</y></pt><pt><x>741</x><y>99</y></pt><pt><x>739</x><y>95</y></pt><pt><x>733</x><y>90</y></pt><pt><x>729</x><y>90</y></pt><pt><x>726</x><y>74</y></pt><pt><x>712</x><y>75</y></pt><pt><x>711</x><y>93</y></pt><pt><x>707</x><y>101</y></pt><pt><x>705</x><y>103</y></pt><pt><x>704</x><y>95</y></pt><pt><x>701</x><y>93</y></pt><pt><x>699</x><y>97</y></pt><pt><x>700</x><y>104</y></pt><pt><x>696</x><y>113</y></pt><pt><x>694</x><y>115</y></pt><pt><x>694</x><y>109</y></pt><pt><x>695</x><y>103</y></pt><pt><x>693</x><y>99</y></pt><pt><x>690</x><y>101</y></pt><pt><x>689</x><y>109</y></pt><pt><x>689</x><y>116</y></pt><pt><x>685</x><y>119</y></pt><pt><x>685</x><y>128</y></pt><pt><x>693</x><y>130</y></pt><pt><x>697</x><y>130</y></pt><pt><x>705</x><y>133</y></pt><pt><x>710</x><y>138</y></pt><pt><x>714</x><y>142</y></pt><pt><x>715</x><y>146</y></pt><pt><x>719</x><y>150</y></pt></polygon></object><object><name>tablerunner</name><deleted>0</deleted><verified>0</verified><date>25-Jun-2012 23:56:24</date><id>28</id><polygon><username>sandy</username><pt><x>200</x><y>389</y></pt><pt><x>798</x><y>590</y></pt><pt><x>798</x><y>514</y></pt><pt><x>268</x><y>371</y></pt></polygon></object><object><name>urn</name><deleted>0</deleted><verified>0</verified><date>25-Jun-2012 23:56:24</date><id>29</id><polygon><username>sandy</username><pt><x>127</x><y>260</y></pt><pt><x>126</x><y>255</y></pt><pt><x>123</x><y>253</y></pt><pt><x>115</x><y>247</y></pt><pt><x>109</x><y>244</y></pt><pt><x>114</x><y>241</y></pt><pt><x>120</x><y>239</y></pt><pt><x>124</x><y>235</y></pt><pt><x>127</x><y>228</y></pt><pt><x>129</x><y>224</y></pt><pt><x>127</x><y>220</y></pt><pt><x>122</x><y>219</y></pt><pt><x>119</x><y>219</y></pt><pt><x>122</x><y>214</y></pt><pt><x>116</x><y>208</y></pt><pt><x>110</x><y>208</y></pt><pt><x>107</x><y>203</y></pt><pt><x>104</x><y>206</y></pt><pt><x>102</x><y>210</y></pt><pt><x>97</x><y>210</y></pt><pt><x>92</x><y>214</y></pt><pt><x>93</x><y>219</y></pt><pt><x>93</x><y>219</y></pt><pt><x>86</x><y>222</y></pt><pt><x>82</x><y>224</y></pt><pt><x>83</x><y>233</y></pt><pt><x>87</x><y>239</y></pt><pt><x>91</x><y>243</y></pt><pt><x>97</x><y>242</y></pt><pt><x>99</x><y>247</y></pt><pt><x>95</x><y>249</y></pt><pt><x>92</x><y>254</y></pt><pt><x>88</x><y>256</y></pt><pt><x>84</x><y>255</y></pt><pt><x>84</x><y>264</y></pt><pt><x>108</x><y>261</y></pt></polygon></object><object><name>sofa</name><deleted>0</deleted><verified>0</verified><date>25-Jun-2012 23:56:24</date><id>30</id><polygon><username>sandy</username><pt><x>639</x><y>291</y></pt><pt><x>678</x><y>294</y></pt><pt><x>717</x><y>297</y></pt><pt><x>741</x><y>298</y></pt><pt><x>754</x><y>306</y></pt><pt><x>758</x><y>310</y></pt><pt><x>757</x><y>316</y></pt><pt><x>750</x><y>338</y></pt><pt><x>744</x><y>355</y></pt><pt><x>639</x><y>342</y></pt></polygon></object><object><name>window</name><deleted>0</deleted><verified>0</verified><date>25-Jun-2012 23:56:24</date><id>31</id><polygon><username>sandy</username><pt><x>658</x><y>166</y></pt><pt><x>661</x><y>274</y></pt><pt><x>640</x><y>276</y></pt><pt><x>639</x><y>276</y></pt><pt><x>638</x><y>164</y></pt></polygon></object><object><name>window</name><deleted>0</deleted><verified>0</verified><date>25-Jun-2012 23:56:24</date><id>32</id><polygon><username>sandy</username><pt><x>148</x><y>180</y></pt><pt><x>146</x><y>292</y></pt><pt><x>196</x><y>297</y></pt><pt><x>191</x><y>175</y></pt></polygon></object><object><name>rug</name><deleted>0</deleted><verified>0</verified><date>25-Jun-2012 23:56:24</date><id>33</id><polygon><username>sandy</username><pt><x>653</x><y>367</y></pt><pt><x>699</x><y>380</y></pt><pt><x>693</x><y>425</y></pt><pt><x>646</x><y>410</y></pt></polygon></object><object><name>piano</name><deleted>0</deleted><verified>0</verified><date>25-Jun-2012 23:56:24</date><id>34</id><polygon><username>sandy</username><pt><x>702</x><y>228</y></pt><pt><x>722</x><y>242</y></pt><pt><x>742</x><y>249</y></pt><pt><x>754</x><y>256</y></pt><pt><x>759</x><y>262</y></pt><pt><x>764</x><y>261</y></pt><pt><x>784</x><y>295</y></pt><pt><x>776</x><y>299</y></pt><pt><x>665</x><y>291</y></pt><pt><x>663</x><y>266</y></pt><pt><x>674</x><y>268</y></pt><pt><x>691</x><y>238</y></pt><pt><x>684</x><y>235</y></pt><pt><x>680</x><y>229</y></pt><pt><x>686</x><y>227</y></pt></polygon></object><imagesize><nrows>600</nrows><ncols>800</ncols></imagesize></annotation>