<annotation><filename>d_dining_room_dining41.jpg</filename><folder>100images</folder><source><sourceImage>The MIT-CSAIL database of objects and scenes</sourceImage><sourceAnnotation>LabelMe Webtool</sourceAnnotation></source><imagesize><nrows>600</nrows><ncols>800</ncols></imagesize><object><name>chair</name><deleted>0</deleted><verified>0</verified><date>26-Jun-2012 00:10:30</date><id>0</id><polygon><username>sandy</username><pt><x>282</x><y>219</y></pt><pt><x>300</x><y>459</y></pt><pt><x>278</x><y>474</y></pt><pt><x>276</x><y>481</y></pt><pt><x>301</x><y>599</y></pt><pt><x>318</x><y>597</y></pt><pt><x>321</x><y>572</y></pt><pt><x>358</x><y>570</y></pt><pt><x>378</x><y>572</y></pt><pt><x>403</x><y>572</y></pt><pt><x>435</x><y>567</y></pt><pt><x>450</x><y>562</y></pt><pt><x>463</x><y>561</y></pt><pt><x>478</x><y>559</y></pt><pt><x>497</x><y>597</y></pt><pt><x>513</x><y>597</y></pt><pt><x>512</x><y>543</y></pt><pt><x>510</x><y>452</y></pt><pt><x>461</x><y>415</y></pt><pt><x>447</x><y>208</y></pt><pt><x>446</x><y>202</y></pt><pt><x>441</x><y>201</y></pt><pt><x>438</x><y>210</y></pt><pt><x>438</x><y>219</y></pt><pt><x>422</x><y>221</y></pt><pt><x>409</x><y>218</y></pt><pt><x>401</x><y>212</y></pt><pt><x>392</x><y>209</y></pt><pt><x>384</x><y>204</y></pt><pt><x>377</x><y>203</y></pt><pt><x>372</x><y>206</y></pt><pt><x>364</x><y>212</y></pt><pt><x>358</x><y>209</y></pt><pt><x>350</x><y>205</y></pt><pt><x>346</x><y>206</y></pt><pt><x>341</x><y>210</y></pt><pt><x>334</x><y>218</y></pt><pt><x>319</x><y>222</y></pt><pt><x>312</x><y>224</y></pt><pt><x>300</x><y>225</y></pt><pt><x>295</x><y>226</y></pt><pt><x>298</x><y>220</y></pt><pt><x>293</x><y>214</y></pt><pt><x>296</x><y>209</y></pt><pt><x>291</x><y>205</y></pt><pt><x>287</x><y>204</y></pt><pt><x>283</x><y>209</y></pt></polygon></object><object><name>chair</name><deleted>0</deleted><verified>0</verified><date>26-Jun-2012 00:10:30</date><id>1</id><polygon><username>sandy</username><pt><x>587</x><y>578</y></pt><pt><x>584</x><y>519</y></pt><pt><x>589</x><y>514</y></pt><pt><x>587</x><y>509</y></pt><pt><x>585</x><y>503</y></pt><pt><x>590</x><y>494</y></pt><pt><x>590</x><y>486</y></pt><pt><x>669</x><y>402</y></pt><pt><x>674</x><y>212</y></pt><pt><x>678</x><y>208</y></pt><pt><x>676</x><y>201</y></pt><pt><x>676</x><y>196</y></pt><pt><x>681</x><y>192</y></pt><pt><x>684</x><y>199</y></pt><pt><x>687</x><y>202</y></pt><pt><x>685</x><y>209</y></pt><pt><x>690</x><y>214</y></pt><pt><x>712</x><y>214</y></pt><pt><x>721</x><y>211</y></pt><pt><x>734</x><y>203</y></pt><pt><x>744</x><y>199</y></pt><pt><x>750</x><y>197</y></pt><pt><x>758</x><y>199</y></pt><pt><x>762</x><y>203</y></pt><pt><x>770</x><y>202</y></pt><pt><x>778</x><y>199</y></pt><pt><x>785</x><y>199</y></pt><pt><x>793</x><y>202</y></pt><pt><x>797</x><y>205</y></pt><pt><x>798</x><y>524</y></pt><pt><x>798</x><y>548</y></pt><pt><x>796</x><y>547</y></pt><pt><x>746</x><y>540</y></pt><pt><x>751</x><y>596</y></pt><pt><x>736</x><y>596</y></pt><pt><x>730</x><y>586</y></pt><pt><x>682</x><y>581</y></pt><pt><x>655</x><y>575</y></pt><pt><x>637</x><y>568</y></pt><pt><x>605</x><y>562</y></pt><pt><x>603</x><y>581</y></pt></polygon></object><object><name>chair</name><deleted>0</deleted><verified>0</verified><date>26-Jun-2012 00:10:30</date><id>2</id><polygon><username>sandy</username><pt><x>765</x><y>302</y></pt><pt><x>715</x><y>585</y></pt><pt><x>652</x><y>562</y></pt><pt><x>637</x><y>560</y></pt><pt><x>625</x><y>560</y></pt><pt><x>613</x><y>562</y></pt><pt><x>585</x><y>580</y></pt><pt><x>572</x><y>592</y></pt><pt><x>562</x><y>597</y></pt><pt><x>798</x><y>596</y></pt><pt><x>798</x><y>302</y></pt><pt><x>799</x><y>268</y></pt><pt><x>791</x><y>260</y></pt><pt><x>783</x><y>260</y></pt><pt><x>774</x><y>266</y></pt><pt><x>769</x><y>268</y></pt><pt><x>765</x><y>270</y></pt><pt><x>763</x><y>278</y></pt><pt><x>771</x><y>283</y></pt><pt><x>778</x><y>287</y></pt><pt><x>775</x><y>292</y></pt></polygon></object><object><name>chair</name><deleted>0</deleted><verified>0</verified><date>26-Jun-2012 00:10:30</date><id>3</id><polygon><username>sandy</username><pt><x>69</x><y>238</y></pt><pt><x>95</x><y>375</y></pt><pt><x>118</x><y>492</y></pt><pt><x>134</x><y>488</y></pt><pt><x>147</x><y>485</y></pt><pt><x>295</x><y>481</y></pt><pt><x>309</x><y>483</y></pt><pt><x>317</x><y>485</y></pt><pt><x>329</x><y>501</y></pt><pt><x>334</x><y>512</y></pt><pt><x>337</x><y>515</y></pt><pt><x>330</x><y>527</y></pt><pt><x>320</x><y>537</y></pt><pt><x>318</x><y>547</y></pt><pt><x>317</x><y>558</y></pt><pt><x>320</x><y>565</y></pt><pt><x>314</x><y>579</y></pt><pt><x>309</x><y>589</y></pt><pt><x>308</x><y>599</y></pt><pt><x>7</x><y>597</y></pt><pt><x>15</x><y>578</y></pt><pt><x>16</x><y>569</y></pt><pt><x>0</x><y>489</y></pt><pt><x>2</x><y>228</y></pt><pt><x>9</x><y>229</y></pt><pt><x>17</x><y>233</y></pt><pt><x>22</x><y>238</y></pt><pt><x>32</x><y>244</y></pt><pt><x>38</x><y>248</y></pt><pt><x>48</x><y>249</y></pt><pt><x>55</x><y>250</y></pt><pt><x>54</x><y>241</y></pt><pt><x>51</x><y>237</y></pt><pt><x>56</x><y>232</y></pt><pt><x>49</x><y>229</y></pt><pt><x>47</x><y>224</y></pt><pt><x>49</x><y>218</y></pt><pt><x>56</x><y>215</y></pt><pt><x>64</x><y>219</y></pt><pt><x>68</x><y>222</y></pt><pt><x>66</x><y>226</y></pt></polygon></object><object><name>jug</name><deleted>0</deleted><verified>0</verified><date>26-Jun-2012 00:10:30</date><id>4</id><polygon><username>sandy</username><pt><x>615</x><y>267</y></pt><pt><x>614</x><y>277</y></pt><pt><x>610</x><y>287</y></pt><pt><x>610</x><y>293</y></pt><pt><x>609</x><y>303</y></pt><pt><x>609</x><y>316</y></pt><pt><x>611</x><y>322</y></pt><pt><x>617</x><y>327</y></pt><pt><x>681</x><y>330</y></pt><pt><x>685</x><y>325</y></pt><pt><x>690</x><y>317</y></pt><pt><x>701</x><y>301</y></pt><pt><x>703</x><y>288</y></pt><pt><x>705</x><y>277</y></pt><pt><x>704</x><y>268</y></pt><pt><x>698</x><y>262</y></pt><pt><x>693</x><y>258</y></pt><pt><x>687</x><y>256</y></pt><pt><x>682</x><y>258</y></pt><pt><x>676</x><y>258</y></pt><pt><x>676</x><y>253</y></pt><pt><x>676</x><y>249</y></pt><pt><x>668</x><y>242</y></pt><pt><x>657</x><y>242</y></pt><pt><x>636</x><y>242</y></pt><pt><x>627</x><y>242</y></pt><pt><x>618</x><y>242</y></pt><pt><x>613</x><y>242</y></pt><pt><x>608</x><y>243</y></pt><pt><x>605</x><y>247</y></pt><pt><x>601</x><y>250</y></pt><pt><x>599</x><y>258</y></pt><pt><x>601</x><y>260</y></pt><pt><x>608</x><y>258</y></pt></polygon></object><object><name>painting</name><deleted>0</deleted><verified>0</verified><date>26-Jun-2012 00:10:30</date><id>5</id><polygon><username>sandy</username><pt><x>588</x><y>122</y></pt><pt><x>584</x><y>2</y></pt><pt><x>453</x><y>0</y></pt><pt><x>457</x><y>127</y></pt></polygon></object><object><name>painting</name><deleted>0</deleted><verified>0</verified><date>26-Jun-2012 00:10:30</date><id>6</id><polygon><username>sandy</username><pt><x>243</x><y>147</y></pt><pt><x>238</x><y>1</y></pt><pt><x>412</x><y>1</y></pt><pt><x>413</x><y>144</y></pt></polygon></object><object><name>painting</name><deleted>0</deleted><verified>0</verified><date>26-Jun-2012 00:10:30</date><id>7</id><polygon><username>sandy</username><pt><x>190</x><y>137</y></pt><pt><x>189</x><y>2</y></pt><pt><x>11</x><y>1</y></pt><pt><x>16</x><y>142</y></pt></polygon></object><object><name>glass</name><deleted>0</deleted><verified>0</verified><date>26-Jun-2012 00:10:30</date><id>8</id><polygon><username>sandy</username><pt><x>578</x><y>291</y></pt><pt><x>576</x><y>315</y></pt><pt><x>570</x><y>327</y></pt><pt><x>566</x><y>335</y></pt><pt><x>558</x><y>344</y></pt><pt><x>553</x><y>350</y></pt><pt><x>553</x><y>362</y></pt><pt><x>556</x><y>367</y></pt><pt><x>559</x><y>368</y></pt><pt><x>555</x><y>376</y></pt><pt><x>549</x><y>378</y></pt><pt><x>541</x><y>376</y></pt><pt><x>536</x><y>373</y></pt><pt><x>532</x><y>369</y></pt><pt><x>537</x><y>365</y></pt><pt><x>541</x><y>362</y></pt><pt><x>542</x><y>346</y></pt><pt><x>532</x><y>336</y></pt><pt><x>524</x><y>329</y></pt><pt><x>523</x><y>320</y></pt><pt><x>521</x><y>315</y></pt><pt><x>522</x><y>307</y></pt><pt><x>520</x><y>300</y></pt><pt><x>518</x><y>291</y></pt><pt><x>517</x><y>286</y></pt><pt><x>533</x><y>283</y></pt><pt><x>557</x><y>282</y></pt><pt><x>563</x><y>282</y></pt></polygon></object><object><name>glass</name><deleted>0</deleted><verified>0</verified><date>26-Jun-2012 00:10:30</date><id>9</id><polygon><username>sandy</username><pt><x>357</x><y>303</y></pt><pt><x>358</x><y>287</y></pt><pt><x>362</x><y>276</y></pt><pt><x>345</x><y>272</y></pt><pt><x>331</x><y>272</y></pt><pt><x>322</x><y>272</y></pt><pt><x>316</x><y>274</y></pt><pt><x>311</x><y>278</y></pt><pt><x>310</x><y>286</y></pt><pt><x>314</x><y>295</y></pt><pt><x>315</x><y>306</y></pt><pt><x>317</x><y>317</y></pt><pt><x>322</x><y>324</y></pt><pt><x>329</x><y>330</y></pt><pt><x>330</x><y>337</y></pt><pt><x>339</x><y>334</y></pt><pt><x>343</x><y>329</y></pt><pt><x>345</x><y>324</y></pt><pt><x>349</x><y>320</y></pt></polygon></object><object><name>bowl</name><deleted>0</deleted><verified>0</verified><date>26-Jun-2012 00:10:30</date><id>10</id><polygon><username>sandy</username><pt><x>648</x><y>373</y></pt><pt><x>639</x><y>379</y></pt><pt><x>635</x><y>388</y></pt><pt><x>627</x><y>396</y></pt><pt><x>619</x><y>403</y></pt><pt><x>609</x><y>403</y></pt><pt><x>585</x><y>403</y></pt><pt><x>574</x><y>405</y></pt><pt><x>565</x><y>402</y></pt><pt><x>558</x><y>397</y></pt><pt><x>553</x><y>394</y></pt><pt><x>549</x><y>387</y></pt><pt><x>544</x><y>383</y></pt><pt><x>541</x><y>379</y></pt><pt><x>539</x><y>373</y></pt><pt><x>544</x><y>369</y></pt><pt><x>594</x><y>365</y></pt><pt><x>617</x><y>366</y></pt><pt><x>627</x><y>367</y></pt><pt><x>637</x><y>370</y></pt></polygon></object><object><name>bowl</name><deleted>0</deleted><verified>0</verified><date>26-Jun-2012 00:10:30</date><id>11</id><polygon><username>sandy</username><pt><x>274</x><y>340</y></pt><pt><x>268</x><y>349</y></pt><pt><x>262</x><y>357</y></pt><pt><x>254</x><y>368</y></pt><pt><x>243</x><y>368</y></pt><pt><x>219</x><y>367</y></pt><pt><x>209</x><y>368</y></pt><pt><x>202</x><y>366</y></pt><pt><x>194</x><y>362</y></pt><pt><x>189</x><y>355</y></pt><pt><x>187</x><y>348</y></pt><pt><x>183</x><y>346</y></pt><pt><x>180</x><y>341</y></pt><pt><x>184</x><y>335</y></pt><pt><x>194</x><y>335</y></pt><pt><x>239</x><y>334</y></pt><pt><x>259</x><y>336</y></pt></polygon></object><object><name>bowl</name><deleted>0</deleted><verified>0</verified><date>26-Jun-2012 00:10:30</date><id>12</id><polygon><username>sandy</username><pt><x>396</x><y>403</y></pt><pt><x>398</x><y>393</y></pt><pt><x>408</x><y>387</y></pt><pt><x>413</x><y>385</y></pt><pt><x>411</x><y>378</y></pt><pt><x>403</x><y>377</y></pt><pt><x>365</x><y>372</y></pt><pt><x>314</x><y>370</y></pt><pt><x>301</x><y>375</y></pt><pt><x>292</x><y>376</y></pt><pt><x>288</x><y>382</y></pt><pt><x>296</x><y>393</y></pt><pt><x>308</x><y>393</y></pt><pt><x>317</x><y>413</y></pt><pt><x>327</x><y>420</y></pt><pt><x>356</x><y>420</y></pt><pt><x>378</x><y>417</y></pt><pt><x>385</x><y>414</y></pt></polygon></object><object><name>vase</name><deleted>0</deleted><verified>0</verified><date>26-Jun-2012 00:10:30</date><id>13</id><polygon><username>sandy</username><pt><x>443</x><y>351</y></pt><pt><x>446</x><y>345</y></pt><pt><x>442</x><y>336</y></pt><pt><x>441</x><y>250</y></pt><pt><x>441</x><y>234</y></pt><pt><x>444</x><y>228</y></pt><pt><x>451</x><y>226</y></pt><pt><x>454</x><y>218</y></pt><pt><x>498</x><y>215</y></pt><pt><x>509</x><y>216</y></pt><pt><x>509</x><y>226</y></pt><pt><x>515</x><y>231</y></pt><pt><x>521</x><y>233</y></pt><pt><x>526</x><y>240</y></pt><pt><x>530</x><y>248</y></pt><pt><x>529</x><y>258</y></pt><pt><x>528</x><y>267</y></pt><pt><x>526</x><y>277</y></pt><pt><x>522</x><y>285</y></pt><pt><x>517</x><y>290</y></pt><pt><x>521</x><y>351</y></pt><pt><x>513</x><y>358</y></pt><pt><x>483</x><y>359</y></pt><pt><x>468</x><y>359</y></pt><pt><x>455</x><y>359</y></pt></polygon></object><object><name>jam</name><deleted>0</deleted><verified>0</verified><date>26-Jun-2012 00:10:30</date><id>14</id><polygon><username>sandy</username><pt><x>431</x><y>292</y></pt><pt><x>434</x><y>337</y></pt><pt><x>433</x><y>345</y></pt><pt><x>407</x><y>346</y></pt><pt><x>403</x><y>336</y></pt><pt><x>406</x><y>287</y></pt><pt><x>403</x><y>278</y></pt><pt><x>405</x><y>274</y></pt><pt><x>403</x><y>269</y></pt><pt><x>408</x><y>268</y></pt><pt><x>414</x><y>269</y></pt><pt><x>420</x><y>269</y></pt><pt><x>428</x><y>271</y></pt><pt><x>432</x><y>272</y></pt><pt><x>430</x><y>278</y></pt></polygon></object><object><name>grapefruit</name><deleted>0</deleted><verified>0</verified><date>26-Jun-2012 00:10:30</date><id>15</id><polygon><username>sandy</username><pt><x>264</x><y>329</y></pt><pt><x>259</x><y>345</y></pt><pt><x>200</x><y>346</y></pt><pt><x>195</x><y>331</y></pt><pt><x>203</x><y>328</y></pt><pt><x>234</x><y>324</y></pt><pt><x>252</x><y>324</y></pt></polygon></object><object><name>grapefruit</name><deleted>0</deleted><verified>0</verified><date>26-Jun-2012 00:10:30</date><id>16</id><polygon><username>sandy</username><pt><x>618</x><y>358</y></pt><pt><x>627</x><y>365</y></pt><pt><x>628</x><y>373</y></pt><pt><x>628</x><y>376</y></pt><pt><x>595</x><y>380</y></pt><pt><x>558</x><y>376</y></pt><pt><x>553</x><y>366</y></pt><pt><x>558</x><y>360</y></pt><pt><x>567</x><y>356</y></pt><pt><x>592</x><y>357</y></pt></polygon></object><object><name>fruit</name><deleted>0</deleted><verified>0</verified><date>26-Jun-2012 00:10:30</date><id>17</id><polygon><username>sandy</username><pt><x>366</x><y>392</y></pt><pt><x>386</x><y>391</y></pt><pt><x>397</x><y>387</y></pt><pt><x>406</x><y>386</y></pt><pt><x>407</x><y>379</y></pt><pt><x>398</x><y>374</y></pt><pt><x>395</x><y>372</y></pt><pt><x>388</x><y>367</y></pt><pt><x>383</x><y>366</y></pt><pt><x>378</x><y>362</y></pt><pt><x>373</x><y>358</y></pt><pt><x>369</x><y>359</y></pt><pt><x>363</x><y>373</y></pt><pt><x>357</x><y>374</y></pt><pt><x>354</x><y>369</y></pt><pt><x>353</x><y>363</y></pt><pt><x>347</x><y>360</y></pt><pt><x>341</x><y>363</y></pt><pt><x>335</x><y>357</y></pt><pt><x>327</x><y>363</y></pt><pt><x>321</x><y>360</y></pt><pt><x>314</x><y>359</y></pt><pt><x>309</x><y>367</y></pt><pt><x>309</x><y>369</y></pt><pt><x>303</x><y>377</y></pt><pt><x>301</x><y>385</y></pt><pt><x>305</x><y>391</y></pt><pt><x>316</x><y>388</y></pt><pt><x>337</x><y>391</y></pt></polygon></object><object><name>strawberries</name><deleted>0</deleted><verified>0</verified><date>26-Jun-2012 00:10:30</date><id>18</id><polygon><username>sandy</username><pt><x>422</x><y>367</y></pt><pt><x>430</x><y>380</y></pt><pt><x>434</x><y>386</y></pt><pt><x>427</x><y>391</y></pt><pt><x>421</x><y>389</y></pt><pt><x>413</x><y>387</y></pt><pt><x>406</x><y>383</y></pt><pt><x>404</x><y>374</y></pt><pt><x>405</x><y>368</y></pt><pt><x>405</x><y>363</y></pt></polygon></object><object><name>strawberries</name><deleted>0</deleted><verified>0</verified><date>26-Jun-2012 00:10:30</date><id>19</id><polygon><username>sandy</username><pt><x>600</x><y>339</y></pt><pt><x>610</x><y>346</y></pt><pt><x>615</x><y>349</y></pt><pt><x>613</x><y>359</y></pt><pt><x>609</x><y>363</y></pt><pt><x>581</x><y>367</y></pt><pt><x>571</x><y>363</y></pt><pt><x>567</x><y>357</y></pt><pt><x>568</x><y>351</y></pt><pt><x>576</x><y>346</y></pt><pt><x>582</x><y>343</y></pt></polygon></object><object><name>strawberries</name><deleted>0</deleted><verified>0</verified><date>26-Jun-2012 00:10:30</date><id>20</id><polygon><username>sandy</username><pt><x>235</x><y>309</y></pt><pt><x>242</x><y>316</y></pt><pt><x>247</x><y>320</y></pt><pt><x>245</x><y>329</y></pt><pt><x>239</x><y>332</y></pt><pt><x>230</x><y>331</y></pt><pt><x>221</x><y>330</y></pt><pt><x>215</x><y>329</y></pt><pt><x>210</x><y>327</y></pt><pt><x>206</x><y>320</y></pt><pt><x>208</x><y>315</y></pt><pt><x>213</x><y>309</y></pt><pt><x>219</x><y>305</y></pt></polygon></object><object><name>strawberries</name><deleted>0</deleted><verified>0</verified><date>26-Jun-2012 00:10:30</date><id>21</id><polygon><username>sandy</username><pt><x>311</x><y>324</y></pt><pt><x>324</x><y>329</y></pt><pt><x>326</x><y>335</y></pt><pt><x>322</x><y>343</y></pt><pt><x>316</x><y>345</y></pt><pt><x>310</x><y>345</y></pt><pt><x>303</x><y>340</y></pt><pt><x>299</x><y>336</y></pt><pt><x>296</x><y>331</y></pt><pt><x>299</x><y>326</y></pt></polygon></object><object><name>table</name><deleted>0</deleted><verified>0</verified><date>26-Jun-2012 00:10:30</date><id>22</id><polygon><username>sandy</username><pt><x>134</x><y>392</y></pt><pt><x>141</x><y>403</y></pt><pt><x>148</x><y>412</y></pt><pt><x>157</x><y>416</y></pt><pt><x>168</x><y>422</y></pt><pt><x>176</x><y>425</y></pt><pt><x>184</x><y>428</y></pt><pt><x>189</x><y>434</y></pt><pt><x>194</x><y>444</y></pt><pt><x>215</x><y>456</y></pt><pt><x>230</x><y>462</y></pt><pt><x>244</x><y>465</y></pt><pt><x>258</x><y>470</y></pt><pt><x>273</x><y>472</y></pt><pt><x>318</x><y>481</y></pt><pt><x>348</x><y>485</y></pt><pt><x>436</x><y>492</y></pt><pt><x>435</x><y>550</y></pt><pt><x>445</x><y>557</y></pt><pt><x>445</x><y>567</y></pt><pt><x>441</x><y>570</y></pt><pt><x>435</x><y>575</y></pt><pt><x>431</x><y>584</y></pt><pt><x>428</x><y>594</y></pt><pt><x>427</x><y>599</y></pt><pt><x>520</x><y>596</y></pt><pt><x>518</x><y>578</y></pt><pt><x>513</x><y>570</y></pt><pt><x>508</x><y>566</y></pt><pt><x>502</x><y>561</y></pt><pt><x>500</x><y>558</y></pt><pt><x>510</x><y>555</y></pt><pt><x>515</x><y>549</y></pt><pt><x>514</x><y>490</y></pt><pt><x>594</x><y>484</y></pt><pt><x>678</x><y>471</y></pt><pt><x>705</x><y>464</y></pt><pt><x>734</x><y>453</y></pt><pt><x>748</x><y>447</y></pt><pt><x>758</x><y>441</y></pt><pt><x>779</x><y>416</y></pt><pt><x>793</x><y>412</y></pt><pt><x>793</x><y>353</y></pt><pt><x>754</x><y>338</y></pt><pt><x>710</x><y>325</y></pt><pt><x>597</x><y>310</y></pt><pt><x>539</x><y>311</y></pt><pt><x>443</x><y>311</y></pt><pt><x>379</x><y>316</y></pt><pt><x>312</x><y>321</y></pt><pt><x>263</x><y>331</y></pt><pt><x>206</x><y>340</y></pt><pt><x>167</x><y>351</y></pt><pt><x>156</x><y>355</y></pt><pt><x>148</x><y>359</y></pt><pt><x>143</x><y>364</y></pt><pt><x>138</x><y>372</y></pt><pt><x>135</x><y>375</y></pt><pt><x>132</x><y>377</y></pt></polygon></object><object><name>cup</name><deleted>0</deleted><verified>0</verified><date>26-Jun-2012 00:10:30</date><id>23</id><polygon><username>sandy</username><pt><x>650</x><y>364</y></pt><pt><x>655</x><y>358</y></pt><pt><x>662</x><y>351</y></pt><pt><x>662</x><y>343</y></pt><pt><x>659</x><y>338</y></pt><pt><x>655</x><y>336</y></pt><pt><x>648</x><y>338</y></pt><pt><x>644</x><y>341</y></pt><pt><x>645</x><y>331</y></pt><pt><x>630</x><y>326</y></pt><pt><x>620</x><y>326</y></pt><pt><x>613</x><y>325</y></pt><pt><x>606</x><y>326</y></pt><pt><x>600</x><y>328</y></pt><pt><x>596</x><y>329</y></pt><pt><x>592</x><y>335</y></pt><pt><x>595</x><y>350</y></pt><pt><x>603</x><y>362</y></pt><pt><x>615</x><y>368</y></pt><pt><x>627</x><y>368</y></pt><pt><x>639</x><y>367</y></pt></polygon></object><object><name>cup</name><deleted>0</deleted><verified>0</verified><date>26-Jun-2012 00:10:30</date><id>24</id><polygon><username>sandy</username><pt><x>369</x><y>337</y></pt><pt><x>353</x><y>334</y></pt><pt><x>344</x><y>332</y></pt><pt><x>335</x><y>334</y></pt><pt><x>329</x><y>331</y></pt><pt><x>320</x><y>335</y></pt><pt><x>317</x><y>337</y></pt><pt><x>318</x><y>354</y></pt><pt><x>320</x><y>366</y></pt><pt><x>365</x><y>366</y></pt><pt><x>369</x><y>358</y></pt><pt><x>369</x><y>353</y></pt><pt><x>367</x><y>346</y></pt></polygon></object><object><name>flowers</name><deleted>0</deleted><verified>0</verified><date>26-Jun-2012 00:10:30</date><id>25</id><polygon><username>sandy</username><pt><x>556</x><y>139</y></pt><pt><x>568</x><y>144</y></pt><pt><x>575</x><y>141</y></pt><pt><x>582</x><y>135</y></pt><pt><x>589</x><y>129</y></pt><pt><x>590</x><y>123</y></pt><pt><x>587</x><y>115</y></pt><pt><x>582</x><y>109</y></pt><pt><x>575</x><y>106</y></pt><pt><x>568</x><y>104</y></pt><pt><x>561</x><y>102</y></pt><pt><x>555</x><y>105</y></pt><pt><x>546</x><y>110</y></pt><pt><x>543</x><y>123</y></pt><pt><x>542</x><y>129</y></pt><pt><x>532</x><y>142</y></pt><pt><x>526</x><y>152</y></pt><pt><x>519</x><y>153</y></pt><pt><x>517</x><y>138</y></pt><pt><x>518</x><y>123</y></pt><pt><x>521</x><y>114</y></pt><pt><x>529</x><y>95</y></pt><pt><x>529</x><y>85</y></pt><pt><x>521</x><y>85</y></pt><pt><x>517</x><y>83</y></pt><pt><x>513</x><y>76</y></pt><pt><x>500</x><y>78</y></pt><pt><x>488</x><y>83</y></pt><pt><x>486</x><y>98</y></pt><pt><x>482</x><y>102</y></pt><pt><x>472</x><y>104</y></pt><pt><x>463</x><y>102</y></pt><pt><x>463</x><y>93</y></pt><pt><x>463</x><y>83</y></pt><pt><x>459</x><y>69</y></pt><pt><x>450</x><y>65</y></pt><pt><x>443</x><y>70</y></pt><pt><x>436</x><y>70</y></pt><pt><x>424</x><y>66</y></pt><pt><x>425</x><y>76</y></pt><pt><x>423</x><y>81</y></pt><pt><x>421</x><y>91</y></pt><pt><x>412</x><y>98</y></pt><pt><x>403</x><y>102</y></pt><pt><x>396</x><y>100</y></pt><pt><x>389</x><y>104</y></pt><pt><x>386</x><y>108</y></pt><pt><x>382</x><y>117</y></pt><pt><x>384</x><y>129</y></pt><pt><x>395</x><y>142</y></pt><pt><x>397</x><y>150</y></pt><pt><x>403</x><y>157</y></pt><pt><x>399</x><y>160</y></pt><pt><x>393</x><y>163</y></pt><pt><x>395</x><y>172</y></pt><pt><x>396</x><y>177</y></pt><pt><x>393</x><y>189</y></pt><pt><x>399</x><y>195</y></pt><pt><x>407</x><y>199</y></pt><pt><x>406</x><y>209</y></pt><pt><x>398</x><y>211</y></pt><pt><x>393</x><y>221</y></pt><pt><x>397</x><y>232</y></pt><pt><x>405</x><y>232</y></pt><pt><x>398</x><y>247</y></pt><pt><x>408</x><y>251</y></pt><pt><x>421</x><y>251</y></pt><pt><x>434</x><y>251</y></pt><pt><x>434</x><y>262</y></pt><pt><x>442</x><y>271</y></pt><pt><x>452</x><y>270</y></pt><pt><x>456</x><y>260</y></pt><pt><x>460</x><y>248</y></pt><pt><x>464</x><y>237</y></pt><pt><x>460</x><y>225</y></pt><pt><x>459</x><y>219</y></pt><pt><x>466</x><y>216</y></pt><pt><x>473</x><y>222</y></pt><pt><x>482</x><y>258</y></pt><pt><x>476</x><y>260</y></pt><pt><x>475</x><y>270</y></pt><pt><x>475</x><y>286</y></pt><pt><x>478</x><y>297</y></pt><pt><x>486</x><y>299</y></pt><pt><x>492</x><y>300</y></pt><pt><x>503</x><y>290</y></pt><pt><x>511</x><y>282</y></pt><pt><x>513</x><y>273</y></pt><pt><x>521</x><y>272</y></pt><pt><x>528</x><y>261</y></pt><pt><x>537</x><y>260</y></pt><pt><x>542</x><y>253</y></pt><pt><x>548</x><y>247</y></pt><pt><x>553</x><y>240</y></pt><pt><x>562</x><y>234</y></pt><pt><x>561</x><y>228</y></pt><pt><x>556</x><y>222</y></pt><pt><x>548</x><y>223</y></pt><pt><x>541</x><y>220</y></pt><pt><x>543</x><y>210</y></pt><pt><x>549</x><y>204</y></pt><pt><x>558</x><y>197</y></pt><pt><x>562</x><y>192</y></pt><pt><x>569</x><y>182</y></pt><pt><x>571</x><y>174</y></pt><pt><x>565</x><y>175</y></pt><pt><x>557</x><y>174</y></pt><pt><x>550</x><y>171</y></pt><pt><x>547</x><y>164</y></pt><pt><x>546</x><y>154</y></pt></polygon></object><object><name>croissant</name><deleted>0</deleted><verified>0</verified><date>26-Jun-2012 00:10:30</date><id>26</id><polygon><username>sandy</username><pt><x>495</x><y>377</y></pt><pt><x>502</x><y>370</y></pt><pt><x>499</x><y>364</y></pt><pt><x>488</x><y>355</y></pt><pt><x>480</x><y>353</y></pt><pt><x>472</x><y>354</y></pt><pt><x>465</x><y>356</y></pt><pt><x>459</x><y>359</y></pt><pt><x>453</x><y>363</y></pt><pt><x>447</x><y>365</y></pt><pt><x>442</x><y>375</y></pt><pt><x>446</x><y>383</y></pt><pt><x>455</x><y>383</y></pt><pt><x>466</x><y>379</y></pt><pt><x>479</x><y>382</y></pt></polygon></object><object><name>croissant</name><deleted>0</deleted><verified>0</verified><date>26-Jun-2012 00:10:30</date><id>27</id><polygon><username>sandy</username><pt><x>719</x><y>312</y></pt><pt><x>731</x><y>317</y></pt><pt><x>735</x><y>324</y></pt><pt><x>730</x><y>331</y></pt><pt><x>687</x><y>329</y></pt><pt><x>686</x><y>322</y></pt><pt><x>694</x><y>312</y></pt><pt><x>707</x><y>311</y></pt></polygon></object><object><name>croissant</name><deleted>0</deleted><verified>0</verified><date>26-Jun-2012 00:10:30</date><id>28</id><polygon><username>sandy</username><pt><x>375</x><y>326</y></pt><pt><x>378</x><y>330</y></pt><pt><x>376</x><y>338</y></pt><pt><x>358</x><y>339</y></pt><pt><x>346</x><y>340</y></pt><pt><x>343</x><y>335</y></pt><pt><x>348</x><y>327</y></pt><pt><x>353</x><y>320</y></pt><pt><x>359</x><y>318</y></pt></polygon></object><object><name>cushion</name><deleted>0</deleted><verified>0</verified><date>26-Jun-2012 00:10:30</date><id>29</id><polygon><username>sandy</username><pt><x>96</x><y>500</y></pt><pt><x>56</x><y>537</y></pt><pt><x>50</x><y>544</y></pt><pt><x>41</x><y>558</y></pt><pt><x>36</x><y>568</y></pt><pt><x>26</x><y>571</y></pt><pt><x>19</x><y>581</y></pt><pt><x>13</x><y>588</y></pt><pt><x>11</x><y>599</y></pt><pt><x>308</x><y>596</y></pt><pt><x>318</x><y>567</y></pt><pt><x>318</x><y>551</y></pt><pt><x>319</x><y>539</y></pt><pt><x>327</x><y>530</y></pt><pt><x>335</x><y>517</y></pt><pt><x>315</x><y>484</y></pt><pt><x>298</x><y>480</y></pt><pt><x>152</x><y>484</y></pt><pt><x>135</x><y>488</y></pt><pt><x>123</x><y>489</y></pt><pt><x>114</x><y>493</y></pt></polygon></object><object><name>cushion</name><deleted>0</deleted><verified>0</verified><date>26-Jun-2012 00:10:30</date><id>30</id><polygon><username>sandy</username><pt><x>653</x><y>563</y></pt><pt><x>721</x><y>591</y></pt><pt><x>722</x><y>595</y></pt><pt><x>720</x><y>598</y></pt><pt><x>563</x><y>596</y></pt><pt><x>581</x><y>582</y></pt><pt><x>604</x><y>568</y></pt><pt><x>620</x><y>561</y></pt></polygon></object><object><name>plate</name><deleted>0</deleted><verified>0</verified><date>26-Jun-2012 00:10:30</date><id>31</id><polygon><username>sandy</username><pt><x>690</x><y>391</y></pt><pt><x>678</x><y>401</y></pt><pt><x>669</x><y>405</y></pt><pt><x>659</x><y>408</y></pt><pt><x>649</x><y>413</y></pt><pt><x>617</x><y>420</y></pt><pt><x>578</x><y>416</y></pt><pt><x>560</x><y>417</y></pt><pt><x>549</x><y>411</y></pt><pt><x>540</x><y>406</y></pt><pt><x>522</x><y>402</y></pt><pt><x>513</x><y>399</y></pt><pt><x>505</x><y>394</y></pt><pt><x>499</x><y>388</y></pt><pt><x>499</x><y>380</y></pt><pt><x>510</x><y>375</y></pt><pt><x>538</x><y>368</y></pt><pt><x>551</x><y>367</y></pt><pt><x>632</x><y>367</y></pt><pt><x>662</x><y>373</y></pt><pt><x>677</x><y>374</y></pt><pt><x>683</x><y>375</y></pt></polygon></object><object><name>plate</name><deleted>0</deleted><verified>0</verified><date>26-Jun-2012 00:10:30</date><id>32</id><polygon><username>sandy</username><pt><x>287</x><y>343</y></pt><pt><x>308</x><y>347</y></pt><pt><x>315</x><y>349</y></pt><pt><x>317</x><y>356</y></pt><pt><x>315</x><y>362</y></pt><pt><x>308</x><y>364</y></pt><pt><x>300</x><y>366</y></pt><pt><x>290</x><y>374</y></pt><pt><x>264</x><y>380</y></pt><pt><x>225</x><y>382</y></pt><pt><x>196</x><y>382</y></pt><pt><x>187</x><y>375</y></pt><pt><x>182</x><y>369</y></pt><pt><x>173</x><y>367</y></pt><pt><x>167</x><y>365</y></pt><pt><x>161</x><y>362</y></pt><pt><x>157</x><y>358</y></pt><pt><x>165</x><y>350</y></pt><pt><x>183</x><y>347</y></pt><pt><x>233</x><y>339</y></pt><pt><x>270</x><y>339</y></pt></polygon></object><object><name>window</name><deleted>=</deleted><verified>1</verified><date>26-Jun-2012 00:10:30</date><id>33</id><polygon><username>sandy</username><pt><x>771</x><y>2</y></pt><pt><x>774</x><y>245</y></pt><pt><x>798</x><y>248</y></pt><pt><x>799</x><y>3</y></pt></polygon></object></annotation>
