<annotation><filename>e_entranceway_indoor_entranceway_000015.jpg</filename><folder>100images</folder><source><sourceImage>The MIT-CSAIL database of objects and scenes</sourceImage><sourceAnnotation>LabelMe Webtool</sourceAnnotation></source><object><name>person</name><deleted>0</deleted><verified>0</verified><date>26-Jun-2012 23:05:37</date><id>0</id><polygon><username>sandy</username><pt><x>500</x><y>216</y></pt><pt><x>509</x><y>223</y></pt><pt><x>517</x><y>230</y></pt><pt><x>517</x><y>238</y></pt><pt><x>511</x><y>238</y></pt><pt><x>509</x><y>241</y></pt><pt><x>511</x><y>265</y></pt><pt><x>510</x><y>268</y></pt><pt><x>517</x><y>291</y></pt><pt><x>521</x><y>295</y></pt><pt><x>511</x><y>297</y></pt><pt><x>510</x><y>290</y></pt><pt><x>503</x><y>266</y></pt><pt><x>501</x><y>263</y></pt><pt><x>498</x><y>273</y></pt><pt><x>498</x><y>283</y></pt><pt><x>497</x><y>294</y></pt><pt><x>494</x><y>295</y></pt><pt><x>491</x><y>292</y></pt><pt><x>491</x><y>289</y></pt><pt><x>492</x><y>262</y></pt><pt><x>490</x><y>262</y></pt><pt><x>493</x><y>241</y></pt><pt><x>484</x><y>241</y></pt><pt><x>481</x><y>239</y></pt><pt><x>482</x><y>237</y></pt><pt><x>486</x><y>237</y></pt><pt><x>487</x><y>225</y></pt><pt><x>491</x><y>218</y></pt><pt><x>488</x><y>213</y></pt><pt><x>488</x><y>209</y></pt><pt><x>491</x><y>204</y></pt><pt><x>493</x><y>203</y></pt><pt><x>496</x><y>203</y></pt><pt><x>497</x><y>210</y></pt></polygon></object><object><name>person</name><deleted>0</deleted><verified>0</verified><date>26-Jun-2012 23:05:37</date><id>1</id><polygon><username>sandy</username><pt><x>582</x><y>231</y></pt><pt><x>581</x><y>245</y></pt><pt><x>578</x><y>262</y></pt><pt><x>565</x><y>257</y></pt><pt><x>565</x><y>239</y></pt><pt><x>568</x><y>227</y></pt><pt><x>572</x><y>225</y></pt><pt><x>572</x><y>222</y></pt><pt><x>573</x><y>218</y></pt><pt><x>575</x><y>215</y></pt><pt><x>578</x><y>219</y></pt><pt><x>579</x><y>222</y></pt></polygon></object><object><name>person</name><deleted>0</deleted><verified>0</verified><date>26-Jun-2012 23:05:37</date><id>2</id><polygon><username>sandy</username><pt><x>683</x><y>239</y></pt><pt><x>686</x><y>247</y></pt><pt><x>691</x><y>252</y></pt><pt><x>693</x><y>259</y></pt><pt><x>694</x><y>276</y></pt><pt><x>693</x><y>280</y></pt><pt><x>687</x><y>280</y></pt><pt><x>680</x><y>282</y></pt><pt><x>679</x><y>283</y></pt><pt><x>672</x><y>281</y></pt><pt><x>672</x><y>276</y></pt><pt><x>683</x><y>274</y></pt><pt><x>682</x><y>262</y></pt><pt><x>672</x><y>263</y></pt><pt><x>667</x><y>264</y></pt><pt><x>663</x><y>258</y></pt><pt><x>660</x><y>258</y></pt><pt><x>659</x><y>254</y></pt><pt><x>665</x><y>252</y></pt><pt><x>669</x><y>250</y></pt><pt><x>673</x><y>249</y></pt><pt><x>674</x><y>247</y></pt><pt><x>671</x><y>244</y></pt><pt><x>674</x><y>239</y></pt><pt><x>675</x><y>236</y></pt></polygon></object><object><name>chair</name><deleted>0</deleted><verified>0</verified><date>26-Jun-2012 23:05:37</date><id>3</id><polygon><username>sandy</username><pt><x>240</x><y>293</y></pt><pt><x>245</x><y>284</y></pt><pt><x>248</x><y>279</y></pt><pt><x>249</x><y>271</y></pt><pt><x>248</x><y>266</y></pt><pt><x>244</x><y>263</y></pt><pt><x>239</x><y>261</y></pt><pt><x>234</x><y>261</y></pt><pt><x>230</x><y>265</y></pt><pt><x>225</x><y>272</y></pt><pt><x>225</x><y>275</y></pt><pt><x>225</x><y>281</y></pt><pt><x>208</x><y>280</y></pt><pt><x>204</x><y>281</y></pt><pt><x>203</x><y>286</y></pt><pt><x>203</x><y>295</y></pt><pt><x>203</x><y>303</y></pt><pt><x>204</x><y>317</y></pt><pt><x>207</x><y>317</y></pt><pt><x>208</x><y>309</y></pt><pt><x>225</x><y>309</y></pt><pt><x>224</x><y>319</y></pt><pt><x>230</x><y>319</y></pt><pt><x>229</x><y>309</y></pt><pt><x>242</x><y>308</y></pt><pt><x>248</x><y>316</y></pt><pt><x>249</x><y>316</y></pt><pt><x>243</x><y>303</y></pt></polygon></object><object><name>chair</name><deleted>0</deleted><verified>0</verified><date>26-Jun-2012 23:05:37</date><id>4</id><polygon><username>sandy</username><pt><x>163</x><y>270</y></pt><pt><x>165</x><y>281</y></pt><pt><x>169</x><y>284</y></pt><pt><x>173</x><y>283</y></pt><pt><x>181</x><y>287</y></pt><pt><x>183</x><y>292</y></pt><pt><x>185</x><y>314</y></pt><pt><x>184</x><y>316</y></pt><pt><x>181</x><y>322</y></pt><pt><x>178</x><y>322</y></pt><pt><x>176</x><y>303</y></pt><pt><x>132</x><y>307</y></pt><pt><x>131</x><y>328</y></pt><pt><x>126</x><y>323</y></pt><pt><x>125</x><y>307</y></pt><pt><x>114</x><y>309</y></pt><pt><x>107</x><y>320</y></pt><pt><x>106</x><y>320</y></pt><pt><x>101</x><y>321</y></pt><pt><x>102</x><y>313</y></pt><pt><x>103</x><y>302</y></pt><pt><x>98</x><y>291</y></pt><pt><x>95</x><y>275</y></pt><pt><x>98</x><y>273</y></pt><pt><x>118</x><y>274</y></pt><pt><x>135</x><y>273</y></pt><pt><x>147</x><y>273</y></pt></polygon></object><object><name>chair</name><deleted>0</deleted><verified>0</verified><date>26-Jun-2012 23:05:37</date><id>5</id><polygon><username>sandy</username><pt><x>143</x><y>289</y></pt><pt><x>148</x><y>301</y></pt><pt><x>150</x><y>326</y></pt><pt><x>147</x><y>326</y></pt><pt><x>146</x><y>320</y></pt><pt><x>145</x><y>313</y></pt><pt><x>142</x><y>306</y></pt><pt><x>120</x><y>309</y></pt><pt><x>121</x><y>332</y></pt><pt><x>118</x><y>331</y></pt><pt><x>116</x><y>319</y></pt><pt><x>108</x><y>318</y></pt><pt><x>104</x><y>330</y></pt><pt><x>100</x><y>328</y></pt><pt><x>104</x><y>312</y></pt><pt><x>106</x><y>304</y></pt><pt><x>100</x><y>297</y></pt><pt><x>98</x><y>290</y></pt><pt><x>96</x><y>283</y></pt><pt><x>95</x><y>279</y></pt><pt><x>94</x><y>274</y></pt><pt><x>94</x><y>270</y></pt><pt><x>99</x><y>268</y></pt><pt><x>102</x><y>267</y></pt><pt><x>109</x><y>270</y></pt><pt><x>113</x><y>272</y></pt><pt><x>116</x><y>278</y></pt><pt><x>118</x><y>286</y></pt><pt><x>123</x><y>286</y></pt><pt><x>130</x><y>286</y></pt><pt><x>136</x><y>285</y></pt></polygon></object><object><name>table</name><deleted>0</deleted><verified>0</verified><date>26-Jun-2012 23:05:37</date><id>6</id><polygon><username>sandy</username><pt><x>698</x><y>359</y></pt><pt><x>689</x><y>370</y></pt><pt><x>690</x><y>378</y></pt><pt><x>691</x><y>382</y></pt><pt><x>689</x><y>388</y></pt><pt><x>688</x><y>395</y></pt><pt><x>691</x><y>402</y></pt><pt><x>692</x><y>405</y></pt><pt><x>691</x><y>409</y></pt><pt><x>688</x><y>412</y></pt><pt><x>686</x><y>413</y></pt><pt><x>683</x><y>411</y></pt><pt><x>679</x><y>406</y></pt><pt><x>680</x><y>400</y></pt><pt><x>681</x><y>396</y></pt><pt><x>684</x><y>393</y></pt><pt><x>686</x><y>386</y></pt><pt><x>687</x><y>379</y></pt><pt><x>687</x><y>371</y></pt><pt><x>670</x><y>378</y></pt><pt><x>671</x><y>392</y></pt><pt><x>670</x><y>396</y></pt><pt><x>668</x><y>404</y></pt><pt><x>667</x><y>411</y></pt><pt><x>670</x><y>411</y></pt><pt><x>671</x><y>415</y></pt><pt><x>671</x><y>420</y></pt><pt><x>666</x><y>420</y></pt><pt><x>665</x><y>417</y></pt><pt><x>664</x><y>411</y></pt><pt><x>665</x><y>402</y></pt><pt><x>665</x><y>384</y></pt><pt><x>662</x><y>378</y></pt><pt><x>654</x><y>378</y></pt><pt><x>654</x><y>383</y></pt><pt><x>654</x><y>391</y></pt><pt><x>655</x><y>400</y></pt><pt><x>655</x><y>404</y></pt><pt><x>655</x><y>408</y></pt><pt><x>649</x><y>407</y></pt><pt><x>647</x><y>403</y></pt><pt><x>649</x><y>398</y></pt><pt><x>651</x><y>391</y></pt><pt><x>648</x><y>382</y></pt><pt><x>648</x><y>376</y></pt><pt><x>637</x><y>375</y></pt><pt><x>632</x><y>378</y></pt><pt><x>630</x><y>385</y></pt><pt><x>631</x><y>392</y></pt><pt><x>634</x><y>396</y></pt><pt><x>638</x><y>399</y></pt><pt><x>639</x><y>404</y></pt><pt><x>639</x><y>410</y></pt><pt><x>639</x><y>414</y></pt><pt><x>637</x><y>418</y></pt><pt><x>633</x><y>419</y></pt><pt><x>630</x><y>417</y></pt><pt><x>629</x><y>415</y></pt><pt><x>627</x><y>410</y></pt><pt><x>629</x><y>408</y></pt><pt><x>632</x><y>406</y></pt><pt><x>636</x><y>407</y></pt><pt><x>632</x><y>403</y></pt><pt><x>630</x><y>398</y></pt><pt><x>628</x><y>393</y></pt><pt><x>628</x><y>388</y></pt><pt><x>627</x><y>382</y></pt><pt><x>628</x><y>378</y></pt><pt><x>632</x><y>375</y></pt><pt><x>635</x><y>374</y></pt><pt><x>631</x><y>371</y></pt><pt><x>630</x><y>367</y></pt><pt><x>630</x><y>363</y></pt><pt><x>620</x><y>363</y></pt><pt><x>648</x><y>354</y></pt></polygon></object><object><name>chair</name><deleted>0</deleted><verified>0</verified><date>26-Jun-2012 23:05:37</date><id>7</id><polygon><username>sandy</username><pt><x>596</x><y>410</y></pt><pt><x>619</x><y>400</y></pt><pt><x>618</x><y>341</y></pt><pt><x>465</x><y>329</y></pt><pt><x>457</x><y>335</y></pt><pt><x>454</x><y>355</y></pt><pt><x>435</x><y>362</y></pt><pt><x>434</x><y>389</y></pt><pt><x>438</x><y>395</y></pt></polygon></object><object><name>table</name><deleted>0</deleted><verified>0</verified><date>26-Jun-2012 23:05:37</date><id>8</id><polygon><username>sandy</username><pt><x>419</x><y>393</y></pt><pt><x>431</x><y>391</y></pt><pt><x>440</x><y>389</y></pt><pt><x>445</x><y>387</y></pt><pt><x>449</x><y>385</y></pt><pt><x>453</x><y>382</y></pt><pt><x>453</x><y>377</y></pt><pt><x>450</x><y>371</y></pt><pt><x>443</x><y>367</y></pt><pt><x>423</x><y>364</y></pt><pt><x>376</x><y>362</y></pt><pt><x>333</x><y>367</y></pt><pt><x>309</x><y>374</y></pt><pt><x>302</x><y>375</y></pt><pt><x>295</x><y>378</y></pt><pt><x>290</x><y>382</y></pt><pt><x>291</x><y>387</y></pt><pt><x>300</x><y>391</y></pt><pt><x>314</x><y>397</y></pt><pt><x>329</x><y>395</y></pt><pt><x>332</x><y>468</y></pt><pt><x>338</x><y>471</y></pt><pt><x>354</x><y>474</y></pt><pt><x>370</x><y>477</y></pt><pt><x>385</x><y>476</y></pt><pt><x>396</x><y>474</y></pt><pt><x>404</x><y>473</y></pt><pt><x>413</x><y>470</y></pt><pt><x>419</x><y>465</y></pt></polygon></object><object><name>flowers</name><deleted>0</deleted><verified>0</verified><date>26-Jun-2012 23:05:37</date><id>9</id><polygon><username>sandy</username><pt><x>454</x><y>321</y></pt><pt><x>434</x><y>304</y></pt><pt><x>417</x><y>308</y></pt><pt><x>418</x><y>298</y></pt><pt><x>414</x><y>292</y></pt><pt><x>408</x><y>284</y></pt><pt><x>416</x><y>274</y></pt><pt><x>413</x><y>271</y></pt><pt><x>404</x><y>275</y></pt><pt><x>401</x><y>271</y></pt><pt><x>393</x><y>267</y></pt><pt><x>387</x><y>266</y></pt><pt><x>385</x><y>251</y></pt><pt><x>383</x><y>240</y></pt><pt><x>378</x><y>237</y></pt><pt><x>370</x><y>237</y></pt><pt><x>367</x><y>248</y></pt><pt><x>365</x><y>254</y></pt><pt><x>367</x><y>267</y></pt><pt><x>367</x><y>274</y></pt><pt><x>365</x><y>283</y></pt><pt><x>362</x><y>288</y></pt><pt><x>356</x><y>293</y></pt><pt><x>355</x><y>288</y></pt><pt><x>352</x><y>282</y></pt><pt><x>347</x><y>279</y></pt><pt><x>338</x><y>282</y></pt><pt><x>335</x><y>282</y></pt><pt><x>329</x><y>283</y></pt><pt><x>325</x><y>288</y></pt><pt><x>320</x><y>295</y></pt><pt><x>328</x><y>300</y></pt><pt><x>331</x><y>307</y></pt><pt><x>331</x><y>313</y></pt><pt><x>331</x><y>326</y></pt><pt><x>330</x><y>329</y></pt><pt><x>321</x><y>327</y></pt><pt><x>318</x><y>339</y></pt><pt><x>313</x><y>346</y></pt><pt><x>311</x><y>352</y></pt><pt><x>305</x><y>351</y></pt><pt><x>300</x><y>351</y></pt><pt><x>297</x><y>358</y></pt><pt><x>306</x><y>357</y></pt><pt><x>319</x><y>353</y></pt><pt><x>323</x><y>357</y></pt><pt><x>318</x><y>366</y></pt><pt><x>314</x><y>375</y></pt><pt><x>318</x><y>377</y></pt><pt><x>326</x><y>376</y></pt><pt><x>335</x><y>376</y></pt><pt><x>345</x><y>378</y></pt><pt><x>348</x><y>388</y></pt><pt><x>359</x><y>395</y></pt><pt><x>367</x><y>378</y></pt><pt><x>373</x><y>375</y></pt><pt><x>384</x><y>371</y></pt><pt><x>388</x><y>374</y></pt><pt><x>398</x><y>378</y></pt><pt><x>412</x><y>374</y></pt><pt><x>414</x><y>370</y></pt><pt><x>415</x><y>366</y></pt><pt><x>427</x><y>366</y></pt><pt><x>437</x><y>364</y></pt><pt><x>441</x><y>361</y></pt><pt><x>444</x><y>352</y></pt><pt><x>445</x><y>347</y></pt><pt><x>435</x><y>348</y></pt><pt><x>439</x><y>343</y></pt><pt><x>438</x><y>335</y></pt><pt><x>436</x><y>331</y></pt><pt><x>442</x><y>329</y></pt></polygon></object><object><name>flowers</name><deleted>0</deleted><verified>0</verified><date>26-Jun-2012 23:05:37</date><id>10</id><polygon><username>sandy</username><pt><x>177</x><y>487</y></pt><pt><x>175</x><y>479</y></pt><pt><x>183</x><y>472</y></pt><pt><x>193</x><y>467</y></pt><pt><x>205</x><y>462</y></pt><pt><x>212</x><y>459</y></pt><pt><x>225</x><y>460</y></pt><pt><x>236</x><y>463</y></pt><pt><x>243</x><y>465</y></pt><pt><x>250</x><y>468</y></pt><pt><x>250</x><y>463</y></pt><pt><x>241</x><y>458</y></pt><pt><x>232</x><y>456</y></pt><pt><x>226</x><y>455</y></pt><pt><x>220</x><y>456</y></pt><pt><x>221</x><y>452</y></pt><pt><x>230</x><y>452</y></pt><pt><x>239</x><y>450</y></pt><pt><x>247</x><y>449</y></pt><pt><x>249</x><y>447</y></pt><pt><x>246</x><y>441</y></pt><pt><x>235</x><y>442</y></pt><pt><x>226</x><y>442</y></pt><pt><x>223</x><y>440</y></pt><pt><x>221</x><y>425</y></pt><pt><x>225</x><y>421</y></pt><pt><x>230</x><y>415</y></pt><pt><x>224</x><y>413</y></pt><pt><x>216</x><y>419</y></pt><pt><x>207</x><y>422</y></pt><pt><x>207</x><y>419</y></pt><pt><x>205</x><y>411</y></pt><pt><x>205</x><y>399</y></pt><pt><x>204</x><y>396</y></pt><pt><x>199</x><y>393</y></pt><pt><x>196</x><y>398</y></pt><pt><x>199</x><y>407</y></pt><pt><x>200</x><y>419</y></pt><pt><x>199</x><y>424</y></pt><pt><x>182</x><y>428</y></pt><pt><x>180</x><y>417</y></pt><pt><x>178</x><y>413</y></pt><pt><x>180</x><y>408</y></pt><pt><x>182</x><y>406</y></pt><pt><x>179</x><y>399</y></pt><pt><x>176</x><y>401</y></pt><pt><x>168</x><y>402</y></pt><pt><x>166</x><y>410</y></pt><pt><x>165</x><y>415</y></pt><pt><x>164</x><y>407</y></pt><pt><x>162</x><y>403</y></pt><pt><x>159</x><y>400</y></pt><pt><x>161</x><y>384</y></pt><pt><x>157</x><y>377</y></pt><pt><x>152</x><y>376</y></pt><pt><x>150</x><y>381</y></pt><pt><x>149</x><y>399</y></pt><pt><x>146</x><y>414</y></pt><pt><x>143</x><y>415</y></pt><pt><x>140</x><y>402</y></pt><pt><x>135</x><y>407</y></pt><pt><x>130</x><y>408</y></pt><pt><x>131</x><y>391</y></pt><pt><x>134</x><y>388</y></pt><pt><x>140</x><y>387</y></pt><pt><x>143</x><y>378</y></pt><pt><x>142</x><y>373</y></pt><pt><x>140</x><y>370</y></pt><pt><x>136</x><y>357</y></pt><pt><x>120</x><y>370</y></pt><pt><x>114</x><y>371</y></pt><pt><x>102</x><y>364</y></pt><pt><x>100</x><y>371</y></pt><pt><x>100</x><y>384</y></pt><pt><x>94</x><y>387</y></pt><pt><x>94</x><y>392</y></pt><pt><x>93</x><y>399</y></pt><pt><x>88</x><y>405</y></pt><pt><x>89</x><y>409</y></pt><pt><x>88</x><y>413</y></pt><pt><x>83</x><y>408</y></pt><pt><x>79</x><y>404</y></pt><pt><x>73</x><y>408</y></pt><pt><x>72</x><y>415</y></pt><pt><x>73</x><y>422</y></pt><pt><x>69</x><y>425</y></pt><pt><x>67</x><y>432</y></pt><pt><x>66</x><y>433</y></pt><pt><x>53</x><y>432</y></pt><pt><x>47</x><y>430</y></pt><pt><x>41</x><y>431</y></pt><pt><x>42</x><y>435</y></pt><pt><x>70</x><y>441</y></pt><pt><x>82</x><y>446</y></pt><pt><x>77</x><y>448</y></pt><pt><x>83</x><y>457</y></pt><pt><x>104</x><y>490</y></pt><pt><x>82</x><y>491</y></pt><pt><x>74</x><y>490</y></pt><pt><x>67</x><y>493</y></pt><pt><x>65</x><y>500</y></pt><pt><x>75</x><y>500</y></pt><pt><x>83</x><y>496</y></pt><pt><x>96</x><y>499</y></pt><pt><x>109</x><y>500</y></pt><pt><x>100</x><y>506</y></pt><pt><x>96</x><y>512</y></pt><pt><x>142</x><y>527</y></pt><pt><x>144</x><y>509</y></pt><pt><x>151</x><y>499</y></pt></polygon></object><object><name>fan</name><deleted>0</deleted><verified>0</verified><date>26-Jun-2012 23:05:37</date><id>11</id><polygon><username>sandy</username><pt><x>573</x><y>134</y></pt><pt><x>571</x><y>145</y></pt><pt><x>543</x><y>143</y></pt><pt><x>537</x><y>144</y></pt><pt><x>529</x><y>145</y></pt><pt><x>524</x><y>148</y></pt><pt><x>516</x><y>148</y></pt><pt><x>511</x><y>143</y></pt><pt><x>483</x><y>144</y></pt><pt><x>484</x><y>136</y></pt><pt><x>506</x><y>137</y></pt><pt><x>509</x><y>133</y></pt><pt><x>517</x><y>135</y></pt><pt><x>521</x><y>133</y></pt><pt><x>527</x><y>129</y></pt><pt><x>535</x><y>129</y></pt><pt><x>538</x><y>134</y></pt><pt><x>542</x><y>135</y></pt></polygon></object><object><name>fan</name><deleted>0</deleted><verified>0</verified><date>26-Jun-2012 23:05:37</date><id>12</id><polygon><username>sandy</username><pt><x>262</x><y>94</y></pt><pt><x>260</x><y>102</y></pt><pt><x>204</x><y>98</y></pt><pt><x>215</x><y>106</y></pt><pt><x>201</x><y>109</y></pt><pt><x>187</x><y>101</y></pt><pt><x>178</x><y>101</y></pt><pt><x>132</x><y>107</y></pt><pt><x>126</x><y>102</y></pt><pt><x>177</x><y>98</y></pt><pt><x>126</x><y>91</y></pt><pt><x>134</x><y>86</y></pt><pt><x>174</x><y>93</y></pt><pt><x>174</x><y>84</y></pt><pt><x>187</x><y>83</y></pt><pt><x>202</x><y>84</y></pt><pt><x>208</x><y>85</y></pt><pt><x>231</x><y>87</y></pt><pt><x>216</x><y>93</y></pt></polygon></object><object><name>plant</name><deleted>0</deleted><verified>0</verified><date>26-Jun-2012 23:05:37</date><id>13</id><polygon><username>sandy</username><pt><x>797</x><y>382</y></pt><pt><x>791</x><y>376</y></pt><pt><x>783</x><y>377</y></pt><pt><x>775</x><y>383</y></pt><pt><x>774</x><y>391</y></pt><pt><x>782</x><y>401</y></pt><pt><x>787</x><y>407</y></pt><pt><x>783</x><y>415</y></pt><pt><x>777</x><y>425</y></pt><pt><x>759</x><y>446</y></pt><pt><x>750</x><y>448</y></pt><pt><x>740</x><y>455</y></pt><pt><x>733</x><y>463</y></pt><pt><x>735</x><y>470</y></pt><pt><x>743</x><y>468</y></pt><pt><x>752</x><y>465</y></pt><pt><x>756</x><y>464</y></pt><pt><x>757</x><y>470</y></pt><pt><x>752</x><y>481</y></pt><pt><x>747</x><y>485</y></pt><pt><x>740</x><y>487</y></pt><pt><x>735</x><y>491</y></pt><pt><x>725</x><y>498</y></pt><pt><x>710</x><y>491</y></pt><pt><x>679</x><y>483</y></pt><pt><x>667</x><y>483</y></pt><pt><x>662</x><y>481</y></pt><pt><x>657</x><y>479</y></pt><pt><x>648</x><y>484</y></pt><pt><x>649</x><y>490</y></pt><pt><x>665</x><y>493</y></pt><pt><x>675</x><y>500</y></pt><pt><x>657</x><y>502</y></pt><pt><x>651</x><y>506</y></pt><pt><x>645</x><y>507</y></pt><pt><x>640</x><y>508</y></pt><pt><x>637</x><y>516</y></pt><pt><x>639</x><y>521</y></pt><pt><x>652</x><y>519</y></pt><pt><x>660</x><y>519</y></pt><pt><x>661</x><y>526</y></pt><pt><x>639</x><y>528</y></pt><pt><x>633</x><y>531</y></pt><pt><x>626</x><y>532</y></pt><pt><x>617</x><y>538</y></pt><pt><x>613</x><y>543</y></pt><pt><x>610</x><y>550</y></pt><pt><x>604</x><y>548</y></pt><pt><x>598</x><y>550</y></pt><pt><x>593</x><y>551</y></pt><pt><x>587</x><y>556</y></pt><pt><x>592</x><y>561</y></pt><pt><x>602</x><y>559</y></pt><pt><x>608</x><y>559</y></pt><pt><x>601</x><y>562</y></pt><pt><x>595</x><y>564</y></pt><pt><x>590</x><y>570</y></pt><pt><x>587</x><y>578</y></pt><pt><x>597</x><y>579</y></pt><pt><x>604</x><y>576</y></pt><pt><x>599</x><y>582</y></pt><pt><x>594</x><y>588</y></pt><pt><x>593</x><y>591</y></pt><pt><x>602</x><y>584</y></pt><pt><x>606</x><y>575</y></pt><pt><x>613</x><y>572</y></pt><pt><x>612</x><y>581</y></pt><pt><x>605</x><y>587</y></pt><pt><x>597</x><y>596</y></pt><pt><x>606</x><y>594</y></pt><pt><x>613</x><y>597</y></pt><pt><x>625</x><y>579</y></pt><pt><x>634</x><y>569</y></pt><pt><x>643</x><y>566</y></pt><pt><x>657</x><y>562</y></pt><pt><x>665</x><y>561</y></pt><pt><x>674</x><y>555</y></pt><pt><x>668</x><y>576</y></pt><pt><x>682</x><y>565</y></pt><pt><x>680</x><y>573</y></pt><pt><x>691</x><y>572</y></pt><pt><x>698</x><y>568</y></pt><pt><x>687</x><y>579</y></pt><pt><x>700</x><y>582</y></pt><pt><x>708</x><y>588</y></pt><pt><x>709</x><y>596</y></pt><pt><x>797</x><y>599</y></pt></polygon></object><object><name>plant</name><deleted>0</deleted><verified>0</verified><date>26-Jun-2012 23:05:37</date><id>14</id><polygon><username>sandy</username><pt><x>552</x><y>262</y></pt><pt><x>573</x><y>264</y></pt><pt><x>578</x><y>258</y></pt><pt><x>575</x><y>254</y></pt><pt><x>581</x><y>251</y></pt><pt><x>586</x><y>249</y></pt><pt><x>581</x><y>244</y></pt><pt><x>575</x><y>242</y></pt><pt><x>567</x><y>241</y></pt><pt><x>559</x><y>239</y></pt><pt><x>552</x><y>236</y></pt><pt><x>550</x><y>238</y></pt><pt><x>551</x><y>243</y></pt><pt><x>547</x><y>247</y></pt><pt><x>543</x><y>248</y></pt><pt><x>542</x><y>253</y></pt><pt><x>544</x><y>255</y></pt><pt><x>535</x><y>258</y></pt><pt><x>529</x><y>264</y></pt><pt><x>535</x><y>264</y></pt><pt><x>540</x><y>261</y></pt></polygon></object><object><name>plant</name><deleted>0</deleted><verified>0</verified><date>26-Jun-2012 23:05:37</date><id>15</id><polygon><username>sandy</username><pt><x>357</x><y>262</y></pt><pt><x>357</x><y>255</y></pt><pt><x>356</x><y>248</y></pt><pt><x>358</x><y>242</y></pt><pt><x>359</x><y>230</y></pt><pt><x>359</x><y>224</y></pt><pt><x>351</x><y>208</y></pt><pt><x>347</x><y>209</y></pt><pt><x>343</x><y>230</y></pt><pt><x>338</x><y>230</y></pt><pt><x>331</x><y>227</y></pt><pt><x>326</x><y>230</y></pt><pt><x>329</x><y>242</y></pt><pt><x>337</x><y>247</y></pt><pt><x>340</x><y>262</y></pt><pt><x>344</x><y>266</y></pt></polygon></object><object><name>plant</name><deleted>0</deleted><verified>0</verified><date>26-Jun-2012 23:05:37</date><id>16</id><polygon><username>sandy</username><pt><x>289</x><y>260</y></pt><pt><x>287</x><y>245</y></pt><pt><x>293</x><y>234</y></pt><pt><x>300</x><y>224</y></pt><pt><x>315</x><y>216</y></pt><pt><x>316</x><y>205</y></pt><pt><x>309</x><y>204</y></pt><pt><x>304</x><y>204</y></pt><pt><x>308</x><y>190</y></pt><pt><x>311</x><y>185</y></pt><pt><x>306</x><y>179</y></pt><pt><x>303</x><y>169</y></pt><pt><x>294</x><y>176</y></pt><pt><x>287</x><y>176</y></pt><pt><x>281</x><y>171</y></pt><pt><x>274</x><y>180</y></pt><pt><x>274</x><y>191</y></pt><pt><x>273</x><y>209</y></pt><pt><x>272</x><y>200</y></pt><pt><x>265</x><y>192</y></pt><pt><x>257</x><y>189</y></pt><pt><x>252</x><y>188</y></pt><pt><x>245</x><y>189</y></pt><pt><x>239</x><y>191</y></pt><pt><x>234</x><y>191</y></pt><pt><x>229</x><y>196</y></pt><pt><x>225</x><y>208</y></pt><pt><x>245</x><y>205</y></pt><pt><x>259</x><y>210</y></pt><pt><x>267</x><y>222</y></pt><pt><x>275</x><y>236</y></pt><pt><x>279</x><y>241</y></pt><pt><x>282</x><y>251</y></pt></polygon></object><object><name>plant</name><deleted>0</deleted><verified>0</verified><date>26-Jun-2012 23:05:37</date><id>17</id><polygon><username>sandy</username><pt><x>115</x><y>263</y></pt><pt><x>117</x><y>254</y></pt><pt><x>122</x><y>248</y></pt><pt><x>132</x><y>230</y></pt><pt><x>133</x><y>225</y></pt><pt><x>126</x><y>222</y></pt><pt><x>117</x><y>219</y></pt><pt><x>110</x><y>220</y></pt><pt><x>104</x><y>227</y></pt><pt><x>97</x><y>228</y></pt><pt><x>95</x><y>222</y></pt><pt><x>84</x><y>215</y></pt><pt><x>79</x><y>210</y></pt><pt><x>74</x><y>203</y></pt><pt><x>69</x><y>204</y></pt><pt><x>70</x><y>211</y></pt><pt><x>79</x><y>219</y></pt><pt><x>85</x><y>225</y></pt><pt><x>83</x><y>230</y></pt><pt><x>81</x><y>240</y></pt><pt><x>78</x><y>245</y></pt><pt><x>76</x><y>252</y></pt><pt><x>76</x><y>253</y></pt><pt><x>71</x><y>267</y></pt><pt><x>74</x><y>274</y></pt><pt><x>75</x><y>292</y></pt><pt><x>83</x><y>297</y></pt><pt><x>98</x><y>297</y></pt></polygon></object><object><name>plant</name><deleted>0</deleted><verified>0</verified><date>26-Jun-2012 23:05:37</date><id>18</id><polygon><username>sandy</username><pt><x>26</x><y>280</y></pt><pt><x>61</x><y>278</y></pt><pt><x>60</x><y>275</y></pt><pt><x>61</x><y>266</y></pt><pt><x>58</x><y>256</y></pt><pt><x>58</x><y>246</y></pt><pt><x>67</x><y>245</y></pt><pt><x>65</x><y>241</y></pt><pt><x>54</x><y>244</y></pt><pt><x>47</x><y>248</y></pt><pt><x>40</x><y>247</y></pt><pt><x>38</x><y>239</y></pt><pt><x>42</x><y>232</y></pt><pt><x>47</x><y>227</y></pt><pt><x>43</x><y>221</y></pt><pt><x>38</x><y>221</y></pt><pt><x>31</x><y>225</y></pt><pt><x>25</x><y>230</y></pt><pt><x>16</x><y>242</y></pt><pt><x>22</x><y>249</y></pt><pt><x>15</x><y>250</y></pt><pt><x>9</x><y>249</y></pt><pt><x>9</x><y>261</y></pt><pt><x>16</x><y>263</y></pt><pt><x>22</x><y>264</y></pt><pt><x>24</x><y>271</y></pt></polygon></object><object><name>steps</name><deleted>0</deleted><verified>0</verified><date>26-Jun-2012 23:05:37</date><id>19</id><polygon><username>sandy</username><pt><x>254</x><y>328</y></pt><pt><x>253</x><y>336</y></pt><pt><x>282</x><y>336</y></pt><pt><x>279</x><y>347</y></pt><pt><x>315</x><y>346</y></pt><pt><x>315</x><y>352</y></pt><pt><x>328</x><y>357</y></pt><pt><x>329</x><y>371</y></pt><pt><x>21</x><y>430</y></pt><pt><x>13</x><y>355</y></pt></polygon></object><object><name>pillar</name><deleted>0</deleted><verified>0</verified><date>26-Jun-2012 23:05:37</date><id>20</id><polygon><username>sandy</username><pt><x>696</x><y>2</y></pt><pt><x>701</x><y>196</y></pt><pt><x>698</x><y>197</y></pt><pt><x>698</x><y>204</y></pt><pt><x>697</x><y>407</y></pt><pt><x>752</x><y>413</y></pt><pt><x>769</x><y>403</y></pt><pt><x>769</x><y>204</y></pt><pt><x>770</x><y>199</y></pt><pt><x>765</x><y>196</y></pt><pt><x>760</x><y>3</y></pt><pt><x>761</x><y>0</y></pt></polygon></object><object><name>pillar</name><deleted>0</deleted><verified>0</verified><date>26-Jun-2012 23:05:37</date><id>21</id><polygon><username>sandy</username><pt><x>457</x><y>1</y></pt><pt><x>459</x><y>205</y></pt><pt><x>463</x><y>208</y></pt><pt><x>458</x><y>213</y></pt><pt><x>462</x><y>352</y></pt><pt><x>405</x><y>355</y></pt><pt><x>399</x><y>213</y></pt><pt><x>398</x><y>210</y></pt><pt><x>402</x><y>207</y></pt><pt><x>397</x><y>1</y></pt></polygon></object><object><name>pillar</name><deleted>0</deleted><verified>0</verified><date>26-Jun-2012 23:05:37</date><id>22</id><polygon><username>sandy</username><pt><x>198</x><y>21</y></pt><pt><x>202</x><y>217</y></pt><pt><x>204</x><y>220</y></pt><pt><x>203</x><y>221</y></pt><pt><x>206</x><y>308</y></pt><pt><x>181</x><y>310</y></pt><pt><x>164</x><y>309</y></pt><pt><x>160</x><y>222</y></pt><pt><x>158</x><y>218</y></pt><pt><x>161</x><y>216</y></pt><pt><x>156</x><y>23</y></pt><pt><x>148</x><y>16</y></pt><pt><x>170</x><y>9</y></pt><pt><x>202</x><y>13</y></pt></polygon></object><object><name>reception</name><deleted>0</deleted><verified>0</verified><date>26-Jun-2012 23:05:37</date><id>23</id><polygon><username>sandy</username><pt><x>316</x><y>247</y></pt><pt><x>317</x><y>255</y></pt><pt><x>320</x><y>256</y></pt><pt><x>322</x><y>306</y></pt><pt><x>551</x><y>304</y></pt><pt><x>550</x><y>248</y></pt><pt><x>554</x><y>242</y></pt><pt><x>553</x><y>239</y></pt></polygon></object><object><name>lamp</name><deleted>0</deleted><verified>0</verified><date>26-Jun-2012 23:05:37</date><id>24</id><polygon><username>sandy</username><pt><x>668</x><y>292</y></pt><pt><x>672</x><y>305</y></pt><pt><x>678</x><y>318</y></pt><pt><x>662</x><y>319</y></pt><pt><x>662</x><y>323</y></pt><pt><x>667</x><y>328</y></pt><pt><x>668</x><y>334</y></pt><pt><x>666</x><y>341</y></pt><pt><x>665</x><y>345</y></pt><pt><x>664</x><y>349</y></pt><pt><x>664</x><y>352</y></pt><pt><x>666</x><y>356</y></pt><pt><x>669</x><y>359</y></pt><pt><x>665</x><y>361</y></pt><pt><x>659</x><y>363</y></pt><pt><x>655</x><y>362</y></pt><pt><x>652</x><y>362</y></pt><pt><x>648</x><y>361</y></pt><pt><x>646</x><y>358</y></pt><pt><x>650</x><y>355</y></pt><pt><x>655</x><y>354</y></pt><pt><x>654</x><y>349</y></pt><pt><x>653</x><y>343</y></pt><pt><x>648</x><y>336</y></pt><pt><x>648</x><y>329</y></pt><pt><x>651</x><y>326</y></pt><pt><x>656</x><y>324</y></pt><pt><x>656</x><y>317</y></pt><pt><x>638</x><y>316</y></pt><pt><x>639</x><y>310</y></pt><pt><x>644</x><y>304</y></pt><pt><x>647</x><y>300</y></pt><pt><x>649</x><y>295</y></pt><pt><x>651</x><y>289</y></pt><pt><x>656</x><y>289</y></pt><pt><x>660</x><y>290</y></pt></polygon></object><object><name>lamp</name><deleted>0</deleted><verified>0</verified><date>26-Jun-2012 23:05:37</date><id>25</id><polygon><username>sandy</username><pt><x>655</x><y>220</y></pt><pt><x>656</x><y>227</y></pt><pt><x>659</x><y>230</y></pt><pt><x>661</x><y>233</y></pt><pt><x>650</x><y>239</y></pt><pt><x>654</x><y>244</y></pt><pt><x>653</x><y>249</y></pt><pt><x>650</x><y>255</y></pt><pt><x>647</x><y>255</y></pt><pt><x>643</x><y>253</y></pt><pt><x>643</x><y>250</y></pt><pt><x>642</x><y>247</y></pt><pt><x>642</x><y>243</y></pt><pt><x>642</x><y>237</y></pt><pt><x>643</x><y>235</y></pt><pt><x>635</x><y>233</y></pt><pt><x>643</x><y>216</y></pt></polygon></object><object><name>lamp</name><deleted>0</deleted><verified>0</verified><date>26-Jun-2012 23:05:37</date><id>26</id><polygon><username>sandy</username><pt><x>68</x><y>387</y></pt><pt><x>69</x><y>395</y></pt><pt><x>92</x><y>448</y></pt><pt><x>19</x><y>458</y></pt><pt><x>17</x><y>431</y></pt><pt><x>18</x><y>418</y></pt><pt><x>23</x><y>395</y></pt><pt><x>25</x><y>386</y></pt><pt><x>27</x><y>382</y></pt><pt><x>40</x><y>381</y></pt><pt><x>41</x><y>378</y></pt><pt><x>46</x><y>374</y></pt><pt><x>50</x><y>376</y></pt><pt><x>53</x><y>378</y></pt><pt><x>58</x><y>380</y></pt></polygon></object><object><name>pot</name><deleted>0</deleted><verified>0</verified><date>26-Jun-2012 23:05:37</date><id>27</id><polygon><username>sandy</username><pt><x>300</x><y>264</y></pt><pt><x>297</x><y>269</y></pt><pt><x>304</x><y>276</y></pt><pt><x>301</x><y>290</y></pt><pt><x>300</x><y>300</y></pt><pt><x>297</x><y>312</y></pt><pt><x>293</x><y>320</y></pt><pt><x>292</x><y>322</y></pt><pt><x>274</x><y>323</y></pt><pt><x>265</x><y>300</y></pt><pt><x>262</x><y>284</y></pt><pt><x>260</x><y>277</y></pt><pt><x>261</x><y>271</y></pt><pt><x>266</x><y>269</y></pt><pt><x>267</x><y>265</y></pt><pt><x>266</x><y>262</y></pt></polygon></object><object><name>pot</name><deleted>0</deleted><verified>0</verified><date>26-Jun-2012 23:05:37</date><id>28</id><polygon><username>sandy</username><pt><x>65</x><y>283</y></pt><pt><x>64</x><y>294</y></pt><pt><x>63</x><y>300</y></pt><pt><x>59</x><y>310</y></pt><pt><x>57</x><y>316</y></pt><pt><x>31</x><y>318</y></pt><pt><x>27</x><y>309</y></pt><pt><x>23</x><y>302</y></pt><pt><x>22</x><y>292</y></pt><pt><x>21</x><y>283</y></pt></polygon></object><object><name>pot</name><deleted>0</deleted><verified>0</verified><date>26-Jun-2012 23:05:37</date><id>29</id><polygon><username>sandy</username><pt><x>579</x><y>267</y></pt><pt><x>579</x><y>277</y></pt><pt><x>580</x><y>283</y></pt><pt><x>576</x><y>290</y></pt><pt><x>576</x><y>292</y></pt><pt><x>552</x><y>293</y></pt><pt><x>547</x><y>286</y></pt><pt><x>545</x><y>280</y></pt><pt><x>545</x><y>274</y></pt><pt><x>544</x><y>266</y></pt><pt><x>543</x><y>261</y></pt><pt><x>562</x><y>260</y></pt><pt><x>571</x><y>260</y></pt><pt><x>576</x><y>261</y></pt></polygon></object><object><name>bow</name><deleted>0</deleted><verified>0</verified><date>26-Jun-2012 23:05:37</date><id>30</id><polygon><username>sandy</username><pt><x>28</x><y>137</y></pt><pt><x>30</x><y>90</y></pt><pt><x>32</x><y>75</y></pt><pt><x>34</x><y>57</y></pt><pt><x>53</x><y>49</y></pt><pt><x>45</x><y>39</y></pt><pt><x>44</x><y>36</y></pt><pt><x>43</x><y>30</y></pt><pt><x>46</x><y>29</y></pt><pt><x>31</x><y>20</y></pt><pt><x>8</x><y>22</y></pt><pt><x>4</x><y>26</y></pt><pt><x>3</x><y>139</y></pt><pt><x>13</x><y>128</y></pt></polygon></object><object><name>bow</name><deleted>0</deleted><verified>0</verified><date>26-Jun-2012 23:05:37</date><id>31</id><polygon><username>sandy</username><pt><x>735</x><y>192</y></pt><pt><x>738</x><y>176</y></pt><pt><x>735</x><y>167</y></pt><pt><x>733</x><y>161</y></pt><pt><x>731</x><y>156</y></pt><pt><x>730</x><y>154</y></pt><pt><x>735</x><y>152</y></pt><pt><x>734</x><y>145</y></pt><pt><x>730</x><y>139</y></pt><pt><x>725</x><y>146</y></pt><pt><x>718</x><y>145</y></pt><pt><x>717</x><y>149</y></pt><pt><x>707</x><y>150</y></pt><pt><x>704</x><y>155</y></pt><pt><x>709</x><y>157</y></pt><pt><x>703</x><y>167</y></pt><pt><x>704</x><y>201</y></pt><pt><x>706</x><y>204</y></pt><pt><x>709</x><y>200</y></pt><pt><x>713</x><y>205</y></pt><pt><x>716</x><y>186</y></pt><pt><x>713</x><y>178</y></pt><pt><x>712</x><y>171</y></pt><pt><x>714</x><y>166</y></pt><pt><x>716</x><y>161</y></pt><pt><x>720</x><y>158</y></pt><pt><x>725</x><y>159</y></pt><pt><x>727</x><y>162</y></pt><pt><x>729</x><y>169</y></pt><pt><x>729</x><y>174</y></pt><pt><x>730</x><y>179</y></pt><pt><x>728</x><y>185</y></pt><pt><x>726</x><y>192</y></pt><pt><x>722</x><y>201</y></pt><pt><x>729</x><y>199</y></pt><pt><x>735</x><y>204</y></pt></polygon></object><object><name>bow</name><deleted>0</deleted><verified>0</verified><date>26-Jun-2012 23:05:37</date><id>32</id><polygon><username>sandy</username><pt><x>421</x><y>168</y></pt><pt><x>418</x><y>174</y></pt><pt><x>422</x><y>181</y></pt><pt><x>423</x><y>187</y></pt><pt><x>423</x><y>195</y></pt><pt><x>422</x><y>201</y></pt><pt><x>421</x><y>205</y></pt><pt><x>419</x><y>208</y></pt><pt><x>416</x><y>207</y></pt><pt><x>413</x><y>203</y></pt><pt><x>412</x><y>207</y></pt><pt><x>407</x><y>205</y></pt><pt><x>405</x><y>203</y></pt><pt><x>401</x><y>195</y></pt><pt><x>398</x><y>185</y></pt><pt><x>396</x><y>181</y></pt><pt><x>398</x><y>175</y></pt><pt><x>396</x><y>172</y></pt><pt><x>396</x><y>166</y></pt><pt><x>401</x><y>162</y></pt><pt><x>405</x><y>162</y></pt><pt><x>412</x><y>162</y></pt></polygon></object><object><name>painting</name><deleted>0</deleted><verified>0</verified><date>26-Jun-2012 23:05:37</date><id>33</id><polygon><username>sandy</username><pt><x>339</x><y>201</y></pt><pt><x>340</x><y>251</y></pt><pt><x>498</x><y>248</y></pt><pt><x>495</x><y>198</y></pt></polygon></object><object><name>railing</name><deleted>0</deleted><verified>0</verified><date>26-Jun-2012 23:05:37</date><id>34</id><polygon><username>sandy</username><pt><x>611</x><y>290</y></pt><pt><x>678</x><y>292</y></pt><pt><x>699</x><y>289</y></pt><pt><x>699</x><y>343</y></pt><pt><x>682</x><y>348</y></pt><pt><x>672</x><y>346</y></pt><pt><x>461</x><y>329</y></pt><pt><x>464</x><y>284</y></pt></polygon></object><object><name>railing</name><deleted>0</deleted><verified>0</verified><date>26-Jun-2012 23:05:37</date><id>35</id><polygon><username>sandy</username><pt><x>798</x><y>291</y></pt><pt><x>798</x><y>356</y></pt><pt><x>782</x><y>353</y></pt><pt><x>782</x><y>346</y></pt><pt><x>767</x><y>345</y></pt><pt><x>770</x><y>291</y></pt></polygon></object><object><name>railing</name><deleted>0</deleted><verified>0</verified><date>26-Jun-2012 23:05:37</date><id>36</id><polygon><username>sandy</username><pt><x>500</x><y>600</y></pt><pt><x>41</x><y>443</y></pt><pt><x>2</x><y>451</y></pt><pt><x>2</x><y>599</y></pt></polygon></object><object><name>chair</name><deleted>1</deleted><verified>0</verified><date>26-Jun-2012 23:05:37</date><id>37</id><polygon><username>sandy</username><pt><x>331</x><y>491</y></pt><pt><x>332</x><y>596</y></pt><pt><x>183</x><y>599</y></pt><pt><x>181</x><y>558</y></pt><pt><x>188</x><y>548</y></pt><pt><x>195</x><y>538</y></pt><pt><x>204</x><y>538</y></pt><pt><x>217</x><y>532</y></pt><pt><x>238</x><y>515</y></pt><pt><x>248</x><y>509</y></pt><pt><x>315</x><y>483</y></pt><pt><x>324</x><y>485</y></pt></polygon></object><imagesize><nrows>600</nrows><ncols>800</ncols></imagesize></annotation>