<annotation><filename>f_fastfood_restaurant_PH_ROCHESTER_INT3.jpg</filename><folder>100images</folder><source><sourceImage>The MIT-CSAIL database of objects and scenes</sourceImage><sourceAnnotation>LabelMe Webtool</sourceAnnotation></source><object><name>table</name><deleted>0</deleted><verified>0</verified><date>26-Jun-2012 23:18:05</date><id>0</id><polygon><username>sandy</username><pt><x>519</x><y>407</y></pt><pt><x>519</x><y>538</y></pt><pt><x>530</x><y>540</y></pt><pt><x>535</x><y>536</y></pt><pt><x>543</x><y>429</y></pt><pt><x>656</x><y>443</y></pt><pt><x>663</x><y>485</y></pt><pt><x>678</x><y>484</y></pt><pt><x>681</x><y>436</y></pt><pt><x>763</x><y>380</y></pt><pt><x>770</x><y>374</y></pt><pt><x>769</x><y>354</y></pt><pt><x>656</x><y>345</y></pt><pt><x>507</x><y>401</y></pt><pt><x>506</x><y>405</y></pt></polygon></object><object><name>table</name><deleted>0</deleted><verified>0</verified><date>26-Jun-2012 23:18:05</date><id>1</id><polygon><username>sandy</username><pt><x>543</x><y>553</y></pt><pt><x>777</x><y>597</y></pt><pt><x>799</x><y>526</y></pt><pt><x>798</x><y>495</y></pt><pt><x>623</x><y>475</y></pt></polygon></object><object><name>table</name><deleted>0</deleted><verified>0</verified><date>26-Jun-2012 23:18:05</date><id>2</id><polygon><username>sandy</username><pt><x>407</x><y>442</y></pt><pt><x>421</x><y>509</y></pt><pt><x>315</x><y>511</y></pt><pt><x>316</x><y>556</y></pt><pt><x>294</x><y>559</y></pt><pt><x>297</x><y>517</y></pt><pt><x>168</x><y>508</y></pt><pt><x>169</x><y>501</y></pt><pt><x>212</x><y>441</y></pt></polygon></object><object><name>table</name><deleted>0</deleted><verified>0</verified><date>26-Jun-2012 23:18:05</date><id>3</id><polygon><username>sandy</username><pt><x>113</x><y>421</y></pt><pt><x>2</x><y>446</y></pt><pt><x>2</x><y>390</y></pt></polygon></object><object><name>TV</name><deleted>0</deleted><verified>0</verified><date>26-Jun-2012 23:18:05</date><id>4</id><polygon><username>sandy</username><pt><x>175</x><y>92</y></pt><pt><x>181</x><y>180</y></pt><pt><x>194</x><y>181</y></pt><pt><x>194</x><y>186</y></pt><pt><x>268</x><y>180</y></pt><pt><x>267</x><y>176</y></pt><pt><x>275</x><y>176</y></pt><pt><x>267</x><y>81</y></pt><pt><x>184</x><y>91</y></pt></polygon></object><object><name>chair</name><deleted>0</deleted><verified>0</verified><date>26-Jun-2012 23:18:05</date><id>5</id><polygon><username>sandy</username><pt><x>474</x><y>433</y></pt><pt><x>486</x><y>446</y></pt><pt><x>486</x><y>455</y></pt><pt><x>478</x><y>472</y></pt><pt><x>475</x><y>487</y></pt><pt><x>471</x><y>498</y></pt><pt><x>471</x><y>504</y></pt><pt><x>469</x><y>510</y></pt><pt><x>466</x><y>515</y></pt><pt><x>464</x><y>522</y></pt><pt><x>466</x><y>527</y></pt><pt><x>463</x><y>538</y></pt><pt><x>461</x><y>543</y></pt><pt><x>463</x><y>556</y></pt><pt><x>463</x><y>568</y></pt><pt><x>463</x><y>590</y></pt><pt><x>462</x><y>597</y></pt><pt><x>347</x><y>596</y></pt><pt><x>342</x><y>571</y></pt><pt><x>341</x><y>559</y></pt><pt><x>351</x><y>528</y></pt><pt><x>361</x><y>528</y></pt><pt><x>393</x><y>528</y></pt><pt><x>426</x><y>530</y></pt><pt><x>445</x><y>536</y></pt><pt><x>449</x><y>479</y></pt><pt><x>454</x><y>453</y></pt><pt><x>456</x><y>438</y></pt><pt><x>461</x><y>429</y></pt></polygon></object><object><name>chair</name><deleted>0</deleted><verified>0</verified><date>26-Jun-2012 23:18:05</date><id>6</id><polygon><username>sandy</username><pt><x>350</x><y>519</y></pt><pt><x>346</x><y>486</y></pt><pt><x>346</x><y>435</y></pt><pt><x>347</x><y>405</y></pt><pt><x>340</x><y>407</y></pt><pt><x>316</x><y>409</y></pt><pt><x>284</x><y>409</y></pt><pt><x>262</x><y>407</y></pt><pt><x>257</x><y>406</y></pt><pt><x>251</x><y>407</y></pt><pt><x>249</x><y>410</y></pt><pt><x>254</x><y>439</y></pt><pt><x>264</x><y>499</y></pt><pt><x>247</x><y>524</y></pt><pt><x>245</x><y>539</y></pt><pt><x>248</x><y>559</y></pt><pt><x>351</x><y>564</y></pt></polygon></object><object><name>chair</name><deleted>0</deleted><verified>0</verified><date>26-Jun-2012 23:18:05</date><id>7</id><polygon><username>sandy</username><pt><x>132</x><y>429</y></pt><pt><x>142</x><y>458</y></pt><pt><x>147</x><y>488</y></pt><pt><x>153</x><y>525</y></pt><pt><x>178</x><y>524</y></pt><pt><x>201</x><y>526</y></pt><pt><x>213</x><y>527</y></pt><pt><x>225</x><y>530</y></pt><pt><x>233</x><y>532</y></pt><pt><x>239</x><y>534</y></pt><pt><x>240</x><y>542</y></pt><pt><x>241</x><y>563</y></pt><pt><x>234</x><y>572</y></pt><pt><x>226</x><y>584</y></pt><pt><x>211</x><y>585</y></pt><pt><x>154</x><y>588</y></pt><pt><x>155</x><y>598</y></pt><pt><x>120</x><y>597</y></pt><pt><x>114</x><y>557</y></pt><pt><x>111</x><y>512</y></pt><pt><x>97</x><y>475</y></pt><pt><x>91</x><y>463</y></pt><pt><x>89</x><y>456</y></pt><pt><x>99</x><y>445</y></pt><pt><x>110</x><y>439</y></pt><pt><x>119</x><y>433</y></pt></polygon></object><object><name>chair</name><deleted>0</deleted><verified>0</verified><date>26-Jun-2012 23:18:05</date><id>8</id><polygon><username>sandy</username><pt><x>209</x><y>488</y></pt><pt><x>229</x><y>498</y></pt><pt><x>256</x><y>502</y></pt><pt><x>283</x><y>498</y></pt><pt><x>312</x><y>494</y></pt><pt><x>325</x><y>488</y></pt><pt><x>330</x><y>484</y></pt><pt><x>337</x><y>484</y></pt><pt><x>339</x><y>490</y></pt><pt><x>331</x><y>558</y></pt><pt><x>338</x><y>559</y></pt><pt><x>342</x><y>565</y></pt><pt><x>345</x><y>580</y></pt><pt><x>346</x><y>596</y></pt><pt><x>345</x><y>596</y></pt><pt><x>213</x><y>595</y></pt><pt><x>209</x><y>563</y></pt><pt><x>202</x><y>530</y></pt><pt><x>196</x><y>510</y></pt><pt><x>193</x><y>496</y></pt><pt><x>192</x><y>487</y></pt></polygon></object><object><name>chair</name><deleted>0</deleted><verified>0</verified><date>26-Jun-2012 23:18:05</date><id>9</id><polygon><username>sandy</username><pt><x>568</x><y>597</y></pt><pt><x>552</x><y>530</y></pt><pt><x>552</x><y>527</y></pt><pt><x>558</x><y>524</y></pt><pt><x>564</x><y>524</y></pt><pt><x>569</x><y>533</y></pt><pt><x>574</x><y>542</y></pt><pt><x>592</x><y>555</y></pt><pt><x>612</x><y>561</y></pt><pt><x>638</x><y>568</y></pt><pt><x>661</x><y>571</y></pt><pt><x>686</x><y>566</y></pt><pt><x>710</x><y>563</y></pt><pt><x>721</x><y>559</y></pt><pt><x>728</x><y>558</y></pt><pt><x>732</x><y>563</y></pt><pt><x>728</x><y>598</y></pt></polygon></object><object><name>chair</name><deleted>0</deleted><verified>0</verified><date>26-Jun-2012 23:18:05</date><id>10</id><polygon><username>sandy</username><pt><x>639</x><y>340</y></pt><pt><x>641</x><y>351</y></pt><pt><x>622</x><y>482</y></pt><pt><x>595</x><y>511</y></pt><pt><x>589</x><y>510</y></pt><pt><x>585</x><y>483</y></pt><pt><x>569</x><y>483</y></pt><pt><x>567</x><y>498</y></pt><pt><x>561</x><y>502</y></pt><pt><x>536</x><y>515</y></pt><pt><x>531</x><y>452</y></pt><pt><x>525</x><y>393</y></pt><pt><x>522</x><y>372</y></pt><pt><x>557</x><y>361</y></pt><pt><x>591</x><y>351</y></pt><pt><x>617</x><y>342</y></pt></polygon></object><object><name>chair</name><deleted>0</deleted><verified>0</verified><date>26-Jun-2012 23:18:05</date><id>11</id><polygon><username>sandy</username><pt><x>690</x><y>331</y></pt><pt><x>708</x><y>337</y></pt><pt><x>727</x><y>337</y></pt><pt><x>741</x><y>337</y></pt><pt><x>748</x><y>339</y></pt><pt><x>744</x><y>353</y></pt><pt><x>690</x><y>346</y></pt></polygon></object><object><name>chair</name><deleted>0</deleted><verified>0</verified><date>26-Jun-2012 23:18:05</date><id>12</id><polygon><username>sandy</username><pt><x>786</x><y>362</y></pt><pt><x>774</x><y>389</y></pt><pt><x>770</x><y>404</y></pt><pt><x>770</x><y>423</y></pt><pt><x>770</x><y>438</y></pt><pt><x>771</x><y>454</y></pt><pt><x>770</x><y>477</y></pt><pt><x>752</x><y>490</y></pt><pt><x>688</x><y>485</y></pt><pt><x>696</x><y>420</y></pt><pt><x>698</x><y>394</y></pt><pt><x>703</x><y>388</y></pt><pt><x>710</x><y>391</y></pt><pt><x>713</x><y>395</y></pt><pt><x>719</x><y>386</y></pt><pt><x>725</x><y>379</y></pt><pt><x>734</x><y>382</y></pt><pt><x>745</x><y>375</y></pt><pt><x>750</x><y>366</y></pt><pt><x>757</x><y>366</y></pt><pt><x>761</x><y>367</y></pt><pt><x>762</x><y>361</y></pt><pt><x>770</x><y>357</y></pt><pt><x>774</x><y>354</y></pt><pt><x>776</x><y>349</y></pt><pt><x>779</x><y>349</y></pt></polygon></object><object><name>chair</name><deleted>0</deleted><verified>0</verified><date>26-Jun-2012 23:18:05</date><id>13</id><polygon><username>sandy</username><pt><x>740</x><y>451</y></pt><pt><x>765</x><y>452</y></pt><pt><x>777</x><y>452</y></pt><pt><x>781</x><y>453</y></pt><pt><x>770</x><y>491</y></pt><pt><x>649</x><y>478</y></pt><pt><x>645</x><y>441</y></pt><pt><x>655</x><y>442</y></pt><pt><x>674</x><y>447</y></pt><pt><x>703</x><y>449</y></pt><pt><x>720</x><y>452</y></pt></polygon></object><object><name>chair</name><deleted>0</deleted><verified>0</verified><date>26-Jun-2012 23:18:05</date><id>14</id><polygon><username>sandy</username><pt><x>136</x><y>318</y></pt><pt><x>130</x><y>332</y></pt><pt><x>62</x><y>329</y></pt><pt><x>62</x><y>322</y></pt><pt><x>72</x><y>314</y></pt><pt><x>92</x><y>312</y></pt><pt><x>110</x><y>309</y></pt><pt><x>112</x><y>312</y></pt><pt><x>113</x><y>317</y></pt><pt><x>122</x><y>317</y></pt><pt><x>127</x><y>314</y></pt></polygon></object><object><name>bar</name><deleted>0</deleted><verified>0</verified><date>26-Jun-2012 23:18:05</date><id>15</id><polygon><username>sandy</username><pt><x>477</x><y>395</y></pt><pt><x>476</x><y>321</y></pt><pt><x>482</x><y>317</y></pt><pt><x>476</x><y>314</y></pt><pt><x>444</x><y>309</y></pt><pt><x>443</x><y>280</y></pt><pt><x>477</x><y>278</y></pt><pt><x>477</x><y>274</y></pt><pt><x>450</x><y>247</y></pt><pt><x>329</x><y>257</y></pt><pt><x>336</x><y>433</y></pt><pt><x>356</x><y>434</y></pt></polygon></object><object><name>saltandpepper</name><deleted>0</deleted><verified>0</verified><date>26-Jun-2012 23:18:05</date><id>16</id><polygon><username>sandy</username><pt><x>714</x><y>494</y></pt><pt><x>714</x><y>507</y></pt><pt><x>714</x><y>516</y></pt><pt><x>701</x><y>518</y></pt><pt><x>689</x><y>518</y></pt><pt><x>680</x><y>516</y></pt><pt><x>672</x><y>512</y></pt><pt><x>668</x><y>509</y></pt><pt><x>666</x><y>499</y></pt><pt><x>668</x><y>492</y></pt><pt><x>676</x><y>487</y></pt><pt><x>689</x><y>488</y></pt><pt><x>698</x><y>490</y></pt></polygon></object><object><name>saltandpepper</name><deleted>0</deleted><verified>0</verified><date>26-Jun-2012 23:18:05</date><id>17</id><polygon><username>sandy</username><pt><x>326</x><y>456</y></pt><pt><x>322</x><y>442</y></pt><pt><x>294</x><y>442</y></pt><pt><x>293</x><y>451</y></pt><pt><x>292</x><y>462</y></pt><pt><x>301</x><y>463</y></pt><pt><x>308</x><y>464</y></pt><pt><x>316</x><y>462</y></pt></polygon></object><object><name>saltandpepper</name><deleted>0</deleted><verified>0</verified><date>26-Jun-2012 23:18:05</date><id>18</id><polygon><username>sandy</username><pt><x>624</x><y>374</y></pt><pt><x>621</x><y>382</y></pt><pt><x>630</x><y>387</y></pt><pt><x>644</x><y>386</y></pt><pt><x>643</x><y>378</y></pt><pt><x>639</x><y>374</y></pt></polygon></object><object><name>saltandpepper</name><deleted>0</deleted><verified>0</verified><date>26-Jun-2012 23:18:05</date><id>19</id><polygon><username>sandy</username><pt><x>694</x><y>356</y></pt><pt><x>703</x><y>358</y></pt><pt><x>710</x><y>357</y></pt><pt><x>712</x><y>356</y></pt><pt><x>710</x><y>349</y></pt><pt><x>703</x><y>349</y></pt></polygon></object><object><name>napkins</name><deleted>0</deleted><verified>0</verified><date>26-Jun-2012 23:18:05</date><id>20</id><polygon><username>sandy</username><pt><x>749</x><y>575</y></pt><pt><x>736</x><y>544</y></pt><pt><x>733</x><y>533</y></pt><pt><x>727</x><y>536</y></pt><pt><x>722</x><y>543</y></pt><pt><x>726</x><y>556</y></pt><pt><x>738</x><y>579</y></pt></polygon></object><object><name>napkins</name><deleted>0</deleted><verified>0</verified><date>26-Jun-2012 23:18:05</date><id>21</id><polygon><username>sandy</username><pt><x>660</x><y>498</y></pt><pt><x>657</x><y>486</y></pt><pt><x>649</x><y>485</y></pt><pt><x>638</x><y>474</y></pt><pt><x>633</x><y>479</y></pt></polygon></object><object><name>napkins</name><deleted>0</deleted><verified>0</verified><date>26-Jun-2012 23:18:05</date><id>22</id><polygon><username>sandy</username><pt><x>226</x><y>490</y></pt><pt><x>268</x><y>485</y></pt><pt><x>264</x><y>477</y></pt><pt><x>234</x><y>479</y></pt><pt><x>245</x><y>472</y></pt><pt><x>243</x><y>468</y></pt><pt><x>235</x><y>470</y></pt><pt><x>220</x><y>482</y></pt><pt><x>210</x><y>487</y></pt><pt><x>211</x><y>491</y></pt></polygon></object><object><name>napkins</name><deleted>0</deleted><verified>0</verified><date>26-Jun-2012 23:18:05</date><id>23</id><polygon><username>sandy</username><pt><x>16</x><y>420</y></pt><pt><x>45</x><y>420</y></pt><pt><x>43</x><y>413</y></pt><pt><x>14</x><y>411</y></pt><pt><x>14</x><y>409</y></pt><pt><x>9</x><y>411</y></pt><pt><x>6</x><y>411</y></pt><pt><x>7</x><y>422</y></pt></polygon></object><object><name>napkins</name><deleted>0</deleted><verified>0</verified><date>26-Jun-2012 23:18:05</date><id>24</id><polygon><username>sandy</username><pt><x>591</x><y>401</y></pt><pt><x>603</x><y>397</y></pt><pt><x>630</x><y>402</y></pt><pt><x>629</x><y>394</y></pt><pt><x>616</x><y>395</y></pt><pt><x>624</x><y>389</y></pt><pt><x>625</x><y>383</y></pt><pt><x>619</x><y>383</y></pt><pt><x>608</x><y>387</y></pt><pt><x>603</x><y>391</y></pt><pt><x>597</x><y>391</y></pt></polygon></object><object><name>napkins</name><deleted>0</deleted><verified>0</verified><date>26-Jun-2012 23:18:05</date><id>25</id><polygon><username>sandy</username><pt><x>664</x><y>375</y></pt><pt><x>685</x><y>373</y></pt><pt><x>682</x><y>367</y></pt><pt><x>694</x><y>367</y></pt><pt><x>697</x><y>365</y></pt><pt><x>689</x><y>359</y></pt><pt><x>681</x><y>358</y></pt><pt><x>673</x><y>362</y></pt><pt><x>670</x><y>361</y></pt><pt><x>663</x><y>363</y></pt><pt><x>660</x><y>366</y></pt><pt><x>654</x><y>370</y></pt><pt><x>648</x><y>371</y></pt><pt><x>644</x><y>373</y></pt><pt><x>639</x><y>380</y></pt><pt><x>646</x><y>380</y></pt></polygon></object><object><name>booth</name><deleted>0</deleted><verified>0</verified><date>26-Jun-2012 23:18:05</date><id>26</id><polygon><username>sandy</username><pt><x>187</x><y>340</y></pt><pt><x>195</x><y>485</y></pt><pt><x>187</x><y>495</y></pt><pt><x>191</x><y>525</y></pt><pt><x>127</x><y>552</y></pt><pt><x>42</x><y>531</y></pt><pt><x>33</x><y>527</y></pt><pt><x>18</x><y>455</y></pt><pt><x>21</x><y>445</y></pt><pt><x>64</x><y>435</y></pt><pt><x>54</x><y>388</y></pt><pt><x>57</x><y>361</y></pt><pt><x>59</x><y>354</y></pt><pt><x>56</x><y>341</y></pt><pt><x>57</x><y>332</y></pt><pt><x>67</x><y>326</y></pt></polygon></object><object><name>light</name><deleted>0</deleted><verified>0</verified><date>26-Jun-2012 23:18:05</date><id>27</id><polygon><username>sandy</username><pt><x>714</x><y>256</y></pt><pt><x>717</x><y>244</y></pt><pt><x>716</x><y>234</y></pt><pt><x>709</x><y>220</y></pt><pt><x>706</x><y>217</y></pt><pt><x>701</x><y>216</y></pt><pt><x>697</x><y>221</y></pt><pt><x>695</x><y>228</y></pt><pt><x>693</x><y>236</y></pt><pt><x>694</x><y>247</y></pt><pt><x>695</x><y>254</y></pt><pt><x>698</x><y>259</y></pt></polygon></object><object><name>light</name><deleted>0</deleted><verified>0</verified><date>26-Jun-2012 23:18:05</date><id>28</id><polygon><username>sandy</username><pt><x>645</x><y>259</y></pt><pt><x>646</x><y>242</y></pt><pt><x>643</x><y>231</y></pt><pt><x>641</x><y>223</y></pt><pt><x>637</x><y>212</y></pt><pt><x>635</x><y>207</y></pt><pt><x>630</x><y>205</y></pt><pt><x>625</x><y>209</y></pt><pt><x>623</x><y>216</y></pt><pt><x>620</x><y>223</y></pt><pt><x>617</x><y>233</y></pt><pt><x>617</x><y>245</y></pt><pt><x>621</x><y>262</y></pt></polygon></object><object><name>man</name><deleted>0</deleted><verified>0</verified><date>26-Jun-2012 23:18:05</date><id>29</id><polygon><username>sandy</username><pt><x>241</x><y>138</y></pt><pt><x>242</x><y>129</y></pt><pt><x>245</x><y>116</y></pt><pt><x>244</x><y>107</y></pt><pt><x>243</x><y>97</y></pt><pt><x>236</x><y>91</y></pt><pt><x>229</x><y>94</y></pt><pt><x>224</x><y>94</y></pt><pt><x>219</x><y>95</y></pt><pt><x>215</x><y>100</y></pt><pt><x>211</x><y>107</y></pt><pt><x>213</x><y>128</y></pt><pt><x>217</x><y>135</y></pt><pt><x>218</x><y>143</y></pt><pt><x>213</x><y>150</y></pt><pt><x>265</x><y>152</y></pt><pt><x>259</x><y>144</y></pt></polygon></object><object><name>painting</name><deleted>0</deleted><verified>0</verified><date>26-Jun-2012 23:18:05</date><id>30</id><polygon><username>sandy</username><pt><x>499</x><y>188</y></pt><pt><x>499</x><y>270</y></pt><pt><x>555</x><y>269</y></pt><pt><x>555</x><y>183</y></pt></polygon></object><object><name>painting</name><deleted>0</deleted><verified>0</verified><date>26-Jun-2012 23:18:05</date><id>31</id><polygon><username>sandy</username><pt><x>599</x><y>180</y></pt><pt><x>603</x><y>273</y></pt><pt><x>666</x><y>270</y></pt><pt><x>664</x><y>178</y></pt></polygon></object><object><name>painting</name><deleted>0</deleted><verified>0</verified><date>26-Jun-2012 23:18:05</date><id>32</id><polygon><username>sandy</username><pt><x>68</x><y>186</y></pt><pt><x>73</x><y>273</y></pt><pt><x>56</x><y>277</y></pt><pt><x>52</x><y>186</y></pt></polygon></object><object><name>painting</name><deleted>0</deleted><verified>0</verified><date>26-Jun-2012 23:18:05</date><id>33</id><polygon><username>sandy</username><pt><x>24</x><y>299</y></pt><pt><x>21</x><y>132</y></pt><pt><x>2</x><y>132</y></pt><pt><x>2</x><y>308</y></pt></polygon></object><object><name>light</name><deleted>0</deleted><verified>0</verified><date>26-Jun-2012 23:18:05</date><id>34</id><polygon><username>sandy</username><pt><x>413</x><y>185</y></pt><pt><x>421</x><y>185</y></pt><pt><x>418</x><y>179</y></pt><pt><x>404</x><y>181</y></pt><pt><x>404</x><y>186</y></pt></polygon></object><object><name>light</name><deleted>0</deleted><verified>0</verified><date>26-Jun-2012 23:18:05</date><id>35</id><polygon><username>sandy</username><pt><x>341</x><y>177</y></pt><pt><x>348</x><y>176</y></pt><pt><x>331</x><y>176</y></pt></polygon></object><object><name>light</name><deleted>0</deleted><verified>0</verified><date>26-Jun-2012 23:18:05</date><id>36</id><polygon><username>sandy</username><pt><x>273</x><y>53</y></pt><pt><x>287</x><y>47</y></pt><pt><x>285</x><y>26</y></pt><pt><x>266</x><y>30</y></pt><pt><x>262</x><y>47</y></pt></polygon></object><object><name>light</name><deleted>0</deleted><verified>0</verified><date>26-Jun-2012 23:18:05</date><id>37</id><polygon><username>sandy</username><pt><x>455</x><y>104</y></pt><pt><x>464</x><y>102</y></pt><pt><x>462</x><y>92</y></pt><pt><x>448</x><y>92</y></pt><pt><x>445</x><y>104</y></pt></polygon></object><object><name>light</name><deleted>0</deleted><verified>0</verified><date>26-Jun-2012 23:18:05</date><id>38</id><polygon><username>sandy</username><pt><x>641</x><y>119</y></pt><pt><x>639</x><y>106</y></pt><pt><x>629</x><y>108</y></pt><pt><x>625</x><y>119</y></pt></polygon></object><object><name>light</name><deleted>0</deleted><verified>0</verified><date>26-Jun-2012 23:18:05</date><id>39</id><polygon><username>sandy</username><pt><x>494</x><y>130</y></pt><pt><x>494</x><y>120</y></pt><pt><x>485</x><y>120</y></pt><pt><x>478</x><y>131</y></pt></polygon></object><imagesize><nrows>600</nrows><ncols>800</ncols></imagesize><object><name>bottle</name><deleted>0</deleted><verified>0</verified><date>16-Jul-2012 12:40:15</date><id>40</id><polygon><username>sandy</username><pt><x>366</x><y>193</y></pt><pt><x>366</x><y>205</y></pt><pt><x>363</x><y>213</y></pt><pt><x>364</x><y>229</y></pt><pt><x>375</x><y>229</y></pt><pt><x>376</x><y>213</y></pt><pt><x>373</x><y>203</y></pt><pt><x>373</x><y>193</y></pt></polygon></object><object><name>bottle</name><deleted>0</deleted><verified>0</verified><date>16-Jul-2012 12:40:15</date><id>41</id><polygon><username>sandy</username><pt><x>377</x><y>196</y></pt><pt><x>378</x><y>205</y></pt><pt><x>375</x><y>211</y></pt><pt><x>376</x><y>230</y></pt><pt><x>384</x><y>230</y></pt><pt><x>385</x><y>207</y></pt><pt><x>383</x><y>203</y></pt><pt><x>382</x><y>195</y></pt></polygon></object><object><name>bottle</name><deleted>0</deleted><verified>0</verified><date>16-Jul-2012 12:40:15</date><id>42</id><polygon><username>sandy</username><pt><x>390</x><y>199</y></pt><pt><x>394</x><y>199</y></pt><pt><x>395</x><y>207</y></pt><pt><x>397</x><y>212</y></pt><pt><x>397</x><y>228</y></pt><pt><x>388</x><y>227</y></pt><pt><x>389</x><y>211</y></pt><pt><x>390</x><y>204</y></pt></polygon></object></annotation>