<annotation><filename>g_game_room_gameroom688.jpg</filename><folder>100images</folder><source><sourceImage>The MIT-CSAIL database of objects and scenes</sourceImage><sourceAnnotation>LabelMe Webtool</sourceAnnotation></source><object><name>pooltable</name><deleted>0</deleted><verified>0</verified><date>26-Jun-2012 23:24:34</date><id>0</id><polygon><username>sandy</username><pt><x>626</x><y>471</y></pt><pt><x>721</x><y>415</y></pt><pt><x>724</x><y>375</y></pt><pt><x>733</x><y>371</y></pt><pt><x>733</x><y>364</y></pt><pt><x>728</x><y>358</y></pt><pt><x>710</x><y>354</y></pt><pt><x>493</x><y>327</y></pt><pt><x>479</x><y>324</y></pt><pt><x>465</x><y>326</y></pt><pt><x>456</x><y>328</y></pt><pt><x>300</x><y>361</y></pt><pt><x>66</x><y>409</y></pt><pt><x>54</x><y>411</y></pt><pt><x>39</x><y>412</y></pt><pt><x>31</x><y>414</y></pt><pt><x>26</x><y>417</y></pt><pt><x>20</x><y>420</y></pt><pt><x>16</x><y>422</y></pt><pt><x>13</x><y>427</y></pt><pt><x>8</x><y>431</y></pt><pt><x>8</x><y>439</y></pt><pt><x>15</x><y>445</y></pt><pt><x>24</x><y>442</y></pt><pt><x>32</x><y>496</y></pt><pt><x>192</x><y>573</y></pt><pt><x>195</x><y>599</y></pt><pt><x>426</x><y>599</y></pt><pt><x>544</x><y>526</y></pt><pt><x>604</x><y>545</y></pt><pt><x>616</x><y>537</y></pt></polygon></object><object><name>stereo</name><deleted>0</deleted><verified>0</verified><date>26-Jun-2012 23:24:34</date><id>1</id><polygon><username>sandy</username><pt><x>334</x><y>326</y></pt><pt><x>333</x><y>286</y></pt><pt><x>323</x><y>287</y></pt><pt><x>319</x><y>283</y></pt><pt><x>317</x><y>280</y></pt><pt><x>314</x><y>280</y></pt><pt><x>308</x><y>289</y></pt><pt><x>269</x><y>289</y></pt><pt><x>267</x><y>283</y></pt><pt><x>265</x><y>280</y></pt><pt><x>261</x><y>279</y></pt><pt><x>257</x><y>278</y></pt><pt><x>254</x><y>282</y></pt><pt><x>252</x><y>286</y></pt><pt><x>246</x><y>290</y></pt><pt><x>245</x><y>300</y></pt><pt><x>244</x><y>312</y></pt><pt><x>245</x><y>320</y></pt><pt><x>246</x><y>327</y></pt><pt><x>309</x><y>330</y></pt></polygon></object><object><name>sofa</name><deleted>0</deleted><verified>0</verified><date>26-Jun-2012 23:24:34</date><id>2</id><polygon><username>sandy</username><pt><x>109</x><y>290</y></pt><pt><x>116</x><y>387</y></pt><pt><x>182</x><y>396</y></pt><pt><x>470</x><y>330</y></pt><pt><x>471</x><y>325</y></pt><pt><x>435</x><y>322</y></pt><pt><x>391</x><y>316</y></pt><pt><x>389</x><y>299</y></pt><pt><x>335</x><y>297</y></pt><pt><x>245</x><y>299</y></pt><pt><x>228</x><y>304</y></pt><pt><x>221</x><y>299</y></pt><pt><x>217</x><y>293</y></pt><pt><x>212</x><y>280</y></pt><pt><x>210</x><y>279</y></pt><pt><x>202</x><y>278</y></pt><pt><x>182</x><y>280</y></pt><pt><x>159</x><y>282</y></pt><pt><x>143</x><y>281</y></pt><pt><x>135</x><y>281</y></pt><pt><x>127</x><y>283</y></pt></polygon></object><object><name>ball</name><deleted>0</deleted><verified>0</verified><date>26-Jun-2012 23:24:34</date><id>3</id><polygon><username>sandy</username><pt><x>183</x><y>424</y></pt><pt><x>189</x><y>420</y></pt><pt><x>189</x><y>411</y></pt><pt><x>186</x><y>405</y></pt><pt><x>183</x><y>403</y></pt><pt><x>179</x><y>404</y></pt><pt><x>173</x><y>406</y></pt><pt><x>170</x><y>408</y></pt><pt><x>169</x><y>413</y></pt><pt><x>171</x><y>419</y></pt><pt><x>174</x><y>422</y></pt></polygon></object><object><name>ball</name><deleted>0</deleted><verified>0</verified><date>26-Jun-2012 23:24:34</date><id>4</id><polygon><username>sandy</username><pt><x>269</x><y>390</y></pt><pt><x>265</x><y>385</y></pt><pt><x>260</x><y>386</y></pt><pt><x>257</x><y>386</y></pt><pt><x>253</x><y>392</y></pt><pt><x>255</x><y>399</y></pt><pt><x>257</x><y>403</y></pt><pt><x>262</x><y>402</y></pt><pt><x>266</x><y>401</y></pt></polygon></object><object><name>ball</name><deleted>0</deleted><verified>0</verified><date>26-Jun-2012 23:24:34</date><id>5</id><polygon><username>sandy</username><pt><x>271</x><y>417</y></pt><pt><x>273</x><y>410</y></pt><pt><x>272</x><y>403</y></pt><pt><x>267</x><y>399</y></pt><pt><x>263</x><y>400</y></pt><pt><x>259</x><y>401</y></pt><pt><x>257</x><y>403</y></pt><pt><x>255</x><y>408</y></pt><pt><x>257</x><y>417</y></pt><pt><x>261</x><y>422</y></pt></polygon></object><object><name>ball</name><deleted>0</deleted><verified>0</verified><date>26-Jun-2012 23:24:34</date><id>6</id><polygon><username>sandy</username><pt><x>496</x><y>337</y></pt><pt><x>502</x><y>346</y></pt><pt><x>497</x><y>348</y></pt><pt><x>493</x><y>348</y></pt><pt><x>490</x><y>346</y></pt><pt><x>489</x><y>341</y></pt></polygon></object><object><name>ball</name><deleted>0</deleted><verified>0</verified><date>26-Jun-2012 23:24:34</date><id>7</id><polygon><username>sandy</username><pt><x>470</x><y>358</y></pt><pt><x>477</x><y>366</y></pt><pt><x>472</x><y>372</y></pt><pt><x>467</x><y>371</y></pt><pt><x>464</x><y>369</y></pt><pt><x>462</x><y>363</y></pt></polygon></object><object><name>ball</name><deleted>0</deleted><verified>0</verified><date>26-Jun-2012 23:24:34</date><id>8</id><polygon><username>sandy</username><pt><x>475</x><y>385</y></pt><pt><x>482</x><y>380</y></pt><pt><x>480</x><y>375</y></pt><pt><x>476</x><y>372</y></pt><pt><x>471</x><y>371</y></pt><pt><x>466</x><y>372</y></pt><pt><x>464</x><y>376</y></pt><pt><x>466</x><y>382</y></pt></polygon></object><object><name>ball</name><deleted>0</deleted><verified>0</verified><date>26-Jun-2012 23:24:34</date><id>9</id><polygon><username>sandy</username><pt><x>550</x><y>357</y></pt><pt><x>561</x><y>356</y></pt><pt><x>566</x><y>358</y></pt><pt><x>564</x><y>364</y></pt><pt><x>559</x><y>368</y></pt><pt><x>552</x><y>369</y></pt><pt><x>548</x><y>371</y></pt><pt><x>543</x><y>371</y></pt><pt><x>541</x><y>372</y></pt><pt><x>539</x><y>379</y></pt><pt><x>535</x><y>383</y></pt><pt><x>531</x><y>385</y></pt><pt><x>527</x><y>382</y></pt><pt><x>526</x><y>375</y></pt><pt><x>529</x><y>371</y></pt><pt><x>536</x><y>371</y></pt><pt><x>538</x><y>368</y></pt><pt><x>537</x><y>361</y></pt><pt><x>531</x><y>362</y></pt><pt><x>526</x><y>364</y></pt><pt><x>522</x><y>367</y></pt><pt><x>517</x><y>366</y></pt><pt><x>514</x><y>359</y></pt><pt><x>515</x><y>353</y></pt><pt><x>522</x><y>353</y></pt><pt><x>528</x><y>353</y></pt><pt><x>536</x><y>349</y></pt><pt><x>540</x><y>349</y></pt></polygon></object><object><name>ball</name><deleted>0</deleted><verified>0</verified><date>26-Jun-2012 23:24:34</date><id>10</id><polygon><username>sandy</username><pt><x>595</x><y>361</y></pt><pt><x>601</x><y>366</y></pt><pt><x>600</x><y>371</y></pt><pt><x>598</x><y>373</y></pt><pt><x>593</x><y>373</y></pt><pt><x>590</x><y>371</y></pt><pt><x>587</x><y>367</y></pt></polygon></object><object><name>ball</name><deleted>0</deleted><verified>0</verified><date>26-Jun-2012 23:24:34</date><id>11</id><polygon><username>sandy</username><pt><x>648</x><y>367</y></pt><pt><x>651</x><y>358</y></pt><pt><x>648</x><y>353</y></pt><pt><x>643</x><y>353</y></pt><pt><x>639</x><y>355</y></pt><pt><x>637</x><y>359</y></pt><pt><x>638</x><y>364</y></pt></polygon></object><object><name>cue</name><deleted>0</deleted><verified>0</verified><date>26-Jun-2012 23:24:34</date><id>12</id><polygon><username>sandy</username><pt><x>367</x><y>506</y></pt><pt><x>413</x><y>375</y></pt><pt><x>406</x><y>373</y></pt><pt><x>349</x><y>505</y></pt><pt><x>353</x><y>512</y></pt></polygon></object><object><name>door</name><deleted>0</deleted><verified>0</verified><date>26-Jun-2012 23:24:34</date><id>13</id><polygon><username>sandy</username><pt><x>29</x><y>116</y></pt><pt><x>42</x><y>396</y></pt><pt><x>118</x><y>382</y></pt><pt><x>105</x><y>121</y></pt></polygon></object><object><name>bin</name><deleted>0</deleted><verified>0</verified><date>26-Jun-2012 23:24:34</date><id>14</id><polygon><username>sandy</username><pt><x>104</x><y>356</y></pt><pt><x>111</x><y>398</y></pt><pt><x>135</x><y>396</y></pt><pt><x>134</x><y>354</y></pt><pt><x>127</x><y>350</y></pt><pt><x>120</x><y>349</y></pt></polygon></object><object><name>fan</name><deleted>0</deleted><verified>0</verified><date>26-Jun-2012 23:24:34</date><id>15</id><polygon><username>sandy</username><pt><x>411</x><y>51</y></pt><pt><x>337</x><y>38</y></pt><pt><x>413</x><y>34</y></pt><pt><x>394</x><y>20</y></pt><pt><x>317</x><y>25</y></pt><pt><x>314</x><y>16</y></pt><pt><x>301</x><y>11</y></pt><pt><x>282</x><y>10</y></pt><pt><x>266</x><y>11</y></pt><pt><x>257</x><y>13</y></pt><pt><x>253</x><y>18</y></pt><pt><x>253</x><y>26</y></pt><pt><x>199</x><y>15</y></pt><pt><x>193</x><y>18</y></pt><pt><x>256</x><y>32</y></pt><pt><x>271</x><y>35</y></pt><pt><x>264</x><y>40</y></pt><pt><x>255</x><y>38</y></pt><pt><x>248</x><y>37</y></pt><pt><x>139</x><y>49</y></pt><pt><x>246</x><y>44</y></pt><pt><x>257</x><y>43</y></pt><pt><x>273</x><y>42</y></pt><pt><x>274</x><y>44</y></pt><pt><x>260</x><y>59</y></pt><pt><x>255</x><y>66</y></pt><pt><x>253</x><y>75</y></pt><pt><x>259</x><y>82</y></pt><pt><x>271</x><y>86</y></pt><pt><x>284</x><y>89</y></pt><pt><x>294</x><y>87</y></pt><pt><x>302</x><y>87</y></pt><pt><x>310</x><y>87</y></pt><pt><x>314</x><y>81</y></pt><pt><x>320</x><y>76</y></pt><pt><x>318</x><y>73</y></pt><pt><x>304</x><y>55</y></pt><pt><x>300</x><y>49</y></pt><pt><x>301</x><y>42</y></pt><pt><x>311</x><y>46</y></pt><pt><x>315</x><y>48</y></pt><pt><x>400</x><y>65</y></pt></polygon></object><object><name>blinds</name><deleted>0</deleted><verified>0</verified><date>26-Jun-2012 23:24:34</date><id>16</id><polygon><username>sandy</username><pt><x>385</x><y>133</y></pt><pt><x>384</x><y>302</y></pt><pt><x>316</x><y>294</y></pt><pt><x>314</x><y>140</y></pt></polygon></object><object><name>light</name><deleted>0</deleted><verified>0</verified><date>26-Jun-2012 23:24:34</date><id>17</id><polygon><username>sandy</username><pt><x>309</x><y>254</y></pt><pt><x>319</x><y>271</y></pt><pt><x>305</x><y>274</y></pt><pt><x>304</x><y>291</y></pt><pt><x>294</x><y>291</y></pt><pt><x>294</x><y>271</y></pt><pt><x>281</x><y>271</y></pt><pt><x>288</x><y>256</y></pt><pt><x>293</x><y>253</y></pt></polygon></object><object><name>sign</name><deleted>0</deleted><verified>0</verified><date>26-Jun-2012 23:24:34</date><id>18</id><polygon><username>sandy</username><pt><x>735</x><y>429</y></pt><pt><x>745</x><y>347</y></pt><pt><x>799</x><y>353</y></pt><pt><x>797</x><y>439</y></pt></polygon></object><imagesize><nrows>600</nrows><ncols>800</ncols></imagesize></annotation>