<annotation><filename>h_hot_water_plant_outdoor_hot_water_plant_000144.jpg</filename><folder>100images</folder><source><sourceImage>The MIT-CSAIL database of objects and scenes</sourceImage><sourceAnnotation>LabelMe Webtool</sourceAnnotation></source><object><name>person</name><deleted>0</deleted><verified>0</verified><date>26-Jun-2012 23:32:37</date><id>0</id><polygon><username>sandy</username><pt><x>383</x><y>544</y></pt><pt><x>381</x><y>523</y></pt><pt><x>373</x><y>517</y></pt><pt><x>371</x><y>508</y></pt><pt><x>370</x><y>503</y></pt><pt><x>365</x><y>500</y></pt><pt><x>363</x><y>502</y></pt><pt><x>360</x><y>504</y></pt><pt><x>358</x><y>511</y></pt><pt><x>362</x><y>516</y></pt><pt><x>363</x><y>519</y></pt><pt><x>358</x><y>522</y></pt><pt><x>355</x><y>524</y></pt><pt><x>352</x><y>527</y></pt><pt><x>353</x><y>539</y></pt><pt><x>353</x><y>546</y></pt><pt><x>360</x><y>547</y></pt><pt><x>369</x><y>548</y></pt></polygon></object><object><name>person</name><deleted>0</deleted><verified>0</verified><date>26-Jun-2012 23:32:37</date><id>1</id><polygon><username>sandy</username><pt><x>416</x><y>541</y></pt><pt><x>415</x><y>530</y></pt><pt><x>416</x><y>523</y></pt><pt><x>414</x><y>517</y></pt><pt><x>410</x><y>514</y></pt><pt><x>404</x><y>511</y></pt><pt><x>403</x><y>510</y></pt><pt><x>404</x><y>504</y></pt><pt><x>403</x><y>498</y></pt><pt><x>401</x><y>496</y></pt><pt><x>397</x><y>496</y></pt><pt><x>393</x><y>497</y></pt><pt><x>392</x><y>504</y></pt><pt><x>392</x><y>508</y></pt><pt><x>386</x><y>509</y></pt><pt><x>383</x><y>514</y></pt><pt><x>381</x><y>517</y></pt><pt><x>381</x><y>525</y></pt><pt><x>384</x><y>542</y></pt><pt><x>395</x><y>542</y></pt><pt><x>406</x><y>546</y></pt></polygon></object><object><name>person</name><deleted>0</deleted><verified>0</verified><date>26-Jun-2012 23:32:37</date><id>2</id><polygon><username>sandy</username><pt><x>445</x><y>529</y></pt><pt><x>441</x><y>524</y></pt><pt><x>437</x><y>515</y></pt><pt><x>432</x><y>512</y></pt><pt><x>427</x><y>514</y></pt><pt><x>426</x><y>520</y></pt><pt><x>426</x><y>526</y></pt><pt><x>421</x><y>527</y></pt><pt><x>418</x><y>530</y></pt><pt><x>417</x><y>536</y></pt><pt><x>425</x><y>534</y></pt><pt><x>436</x><y>536</y></pt></polygon></object><object><name>person</name><deleted>0</deleted><verified>0</verified><date>26-Jun-2012 23:32:37</date><id>3</id><polygon><username>sandy</username><pt><x>471</x><y>506</y></pt><pt><x>476</x><y>514</y></pt><pt><x>501</x><y>515</y></pt><pt><x>504</x><y>512</y></pt><pt><x>509</x><y>509</y></pt><pt><x>514</x><y>511</y></pt><pt><x>517</x><y>514</y></pt><pt><x>516</x><y>519</y></pt><pt><x>453</x><y>520</y></pt><pt><x>453</x><y>510</y></pt><pt><x>458</x><y>508</y></pt><pt><x>463</x><y>513</y></pt><pt><x>467</x><y>516</y></pt></polygon></object><object><name>person</name><deleted>0</deleted><verified>0</verified><date>26-Jun-2012 23:32:37</date><id>4</id><polygon><username>sandy</username><pt><x>463</x><y>455</y></pt><pt><x>459</x><y>447</y></pt><pt><x>455</x><y>447</y></pt><pt><x>450</x><y>457</y></pt></polygon></object><object><name>person</name><deleted>0</deleted><verified>0</verified><date>26-Jun-2012 23:32:37</date><id>5</id><polygon><username>sandy</username><pt><x>431</x><y>458</y></pt><pt><x>426</x><y>451</y></pt><pt><x>424</x><y>453</y></pt><pt><x>421</x><y>462</y></pt></polygon></object><object><name>person</name><deleted>0</deleted><verified>0</verified><date>26-Jun-2012 23:32:37</date><id>6</id><polygon><username>sandy</username><pt><x>384</x><y>459</y></pt><pt><x>381</x><y>451</y></pt><pt><x>376</x><y>452</y></pt><pt><x>375</x><y>459</y></pt></polygon></object><object><name>steam</name><deleted>0</deleted><verified>0</verified><date>26-Jun-2012 23:32:37</date><id>7</id><polygon><username>sandy</username><pt><x>487</x><y>430</y></pt><pt><x>501</x><y>413</y></pt><pt><x>508</x><y>405</y></pt><pt><x>517</x><y>406</y></pt><pt><x>524</x><y>406</y></pt><pt><x>529</x><y>377</y></pt><pt><x>542</x><y>375</y></pt><pt><x>547</x><y>373</y></pt><pt><x>556</x><y>375</y></pt><pt><x>567</x><y>372</y></pt><pt><x>574</x><y>364</y></pt><pt><x>578</x><y>351</y></pt><pt><x>581</x><y>345</y></pt><pt><x>587</x><y>347</y></pt><pt><x>598</x><y>348</y></pt><pt><x>604</x><y>341</y></pt><pt><x>608</x><y>332</y></pt><pt><x>610</x><y>319</y></pt><pt><x>613</x><y>317</y></pt><pt><x>621</x><y>311</y></pt><pt><x>626</x><y>305</y></pt><pt><x>629</x><y>298</y></pt><pt><x>632</x><y>293</y></pt><pt><x>630</x><y>285</y></pt><pt><x>628</x><y>270</y></pt><pt><x>631</x><y>264</y></pt><pt><x>651</x><y>258</y></pt><pt><x>663</x><y>258</y></pt><pt><x>675</x><y>256</y></pt><pt><x>679</x><y>255</y></pt><pt><x>679</x><y>242</y></pt><pt><x>674</x><y>226</y></pt><pt><x>672</x><y>218</y></pt><pt><x>680</x><y>214</y></pt><pt><x>675</x><y>201</y></pt><pt><x>669</x><y>187</y></pt><pt><x>673</x><y>180</y></pt><pt><x>686</x><y>172</y></pt><pt><x>697</x><y>169</y></pt><pt><x>697</x><y>162</y></pt><pt><x>690</x><y>136</y></pt><pt><x>674</x><y>121</y></pt><pt><x>671</x><y>114</y></pt><pt><x>660</x><y>109</y></pt><pt><x>653</x><y>110</y></pt><pt><x>645</x><y>100</y></pt><pt><x>638</x><y>89</y></pt><pt><x>636</x><y>82</y></pt><pt><x>623</x><y>76</y></pt><pt><x>616</x><y>73</y></pt><pt><x>608</x><y>75</y></pt><pt><x>602</x><y>78</y></pt><pt><x>590</x><y>95</y></pt><pt><x>584</x><y>106</y></pt><pt><x>574</x><y>117</y></pt><pt><x>569</x><y>123</y></pt><pt><x>571</x><y>142</y></pt><pt><x>570</x><y>155</y></pt><pt><x>563</x><y>163</y></pt><pt><x>556</x><y>174</y></pt><pt><x>555</x><y>188</y></pt><pt><x>547</x><y>199</y></pt><pt><x>542</x><y>203</y></pt><pt><x>534</x><y>220</y></pt><pt><x>543</x><y>231</y></pt><pt><x>547</x><y>234</y></pt><pt><x>547</x><y>249</y></pt><pt><x>548</x><y>263</y></pt><pt><x>553</x><y>276</y></pt><pt><x>553</x><y>281</y></pt><pt><x>536</x><y>293</y></pt><pt><x>527</x><y>298</y></pt><pt><x>522</x><y>309</y></pt><pt><x>507</x><y>308</y></pt><pt><x>492</x><y>320</y></pt><pt><x>485</x><y>325</y></pt><pt><x>492</x><y>341</y></pt><pt><x>497</x><y>345</y></pt><pt><x>491</x><y>353</y></pt><pt><x>492</x><y>364</y></pt><pt><x>497</x><y>374</y></pt><pt><x>489</x><y>378</y></pt><pt><x>481</x><y>381</y></pt><pt><x>484</x><y>392</y></pt><pt><x>484</x><y>397</y></pt><pt><x>477</x><y>399</y></pt><pt><x>469</x><y>405</y></pt><pt><x>466</x><y>406</y></pt><pt><x>462</x><y>413</y></pt><pt><x>458</x><y>421</y></pt><pt><x>454</x><y>429</y></pt><pt><x>453</x><y>436</y></pt><pt><x>469</x><y>433</y></pt><pt><x>479</x><y>431</y></pt></polygon></object><object><name>steam</name><deleted>0</deleted><verified>0</verified><date>26-Jun-2012 23:32:37</date><id>8</id><polygon><username>sandy</username><pt><x>370</x><y>426</y></pt><pt><x>374</x><y>418</y></pt><pt><x>386</x><y>413</y></pt><pt><x>388</x><y>404</y></pt><pt><x>377</x><y>403</y></pt><pt><x>364</x><y>397</y></pt><pt><x>352</x><y>403</y></pt><pt><x>342</x><y>407</y></pt><pt><x>327</x><y>408</y></pt><pt><x>309</x><y>413</y></pt><pt><x>302</x><y>412</y></pt><pt><x>294</x><y>414</y></pt><pt><x>288</x><y>414</y></pt><pt><x>284</x><y>410</y></pt><pt><x>291</x><y>403</y></pt><pt><x>303</x><y>397</y></pt><pt><x>311</x><y>390</y></pt><pt><x>322</x><y>392</y></pt><pt><x>333</x><y>392</y></pt><pt><x>343</x><y>385</y></pt><pt><x>356</x><y>382</y></pt><pt><x>365</x><y>379</y></pt><pt><x>376</x><y>369</y></pt><pt><x>380</x><y>362</y></pt><pt><x>376</x><y>355</y></pt><pt><x>375</x><y>345</y></pt><pt><x>380</x><y>331</y></pt><pt><x>375</x><y>326</y></pt><pt><x>369</x><y>320</y></pt><pt><x>360</x><y>315</y></pt><pt><x>361</x><y>302</y></pt><pt><x>352</x><y>300</y></pt><pt><x>336</x><y>301</y></pt><pt><x>325</x><y>301</y></pt><pt><x>320</x><y>310</y></pt><pt><x>311</x><y>314</y></pt><pt><x>299</x><y>319</y></pt><pt><x>292</x><y>333</y></pt><pt><x>286</x><y>348</y></pt><pt><x>283</x><y>357</y></pt><pt><x>271</x><y>376</y></pt><pt><x>273</x><y>386</y></pt><pt><x>256</x><y>398</y></pt><pt><x>253</x><y>397</y></pt><pt><x>244</x><y>401</y></pt><pt><x>240</x><y>403</y></pt><pt><x>237</x><y>395</y></pt><pt><x>235</x><y>395</y></pt><pt><x>231</x><y>403</y></pt><pt><x>224</x><y>405</y></pt><pt><x>217</x><y>401</y></pt><pt><x>212</x><y>399</y></pt><pt><x>209</x><y>401</y></pt><pt><x>206</x><y>405</y></pt><pt><x>201</x><y>406</y></pt><pt><x>197</x><y>408</y></pt><pt><x>192</x><y>415</y></pt><pt><x>199</x><y>417</y></pt><pt><x>192</x><y>431</y></pt><pt><x>246</x><y>430</y></pt><pt><x>298</x><y>430</y></pt><pt><x>336</x><y>427</y></pt></polygon></object><object><name>steam</name><deleted>0</deleted><verified>0</verified><date>26-Jun-2012 23:32:37</date><id>9</id><polygon><username>sandy</username><pt><x>157</x><y>406</y></pt><pt><x>152</x><y>387</y></pt><pt><x>146</x><y>387</y></pt><pt><x>140</x><y>397</y></pt><pt><x>136</x><y>406</y></pt><pt><x>141</x><y>408</y></pt><pt><x>147</x><y>406</y></pt></polygon></object><object><name>steam</name><deleted>0</deleted><verified>0</verified><date>26-Jun-2012 23:32:37</date><id>10</id><polygon><username>sandy</username><pt><x>44</x><y>415</y></pt><pt><x>46</x><y>403</y></pt><pt><x>44</x><y>390</y></pt><pt><x>46</x><y>379</y></pt><pt><x>48</x><y>367</y></pt><pt><x>42</x><y>358</y></pt><pt><x>35</x><y>353</y></pt><pt><x>23</x><y>354</y></pt><pt><x>15</x><y>367</y></pt><pt><x>13</x><y>380</y></pt><pt><x>11</x><y>397</y></pt><pt><x>8</x><y>414</y></pt><pt><x>6</x><y>419</y></pt></polygon></object><object><name>water</name><deleted>0</deleted><verified>0</verified><date>26-Jun-2012 23:32:37</date><id>11</id><polygon><username>sandy</username><pt><x>3</x><y>533</y></pt><pt><x>131</x><y>524</y></pt><pt><x>171</x><y>509</y></pt><pt><x>202</x><y>504</y></pt><pt><x>258</x><y>490</y></pt><pt><x>259</x><y>490</y></pt><pt><x>258</x><y>481</y></pt><pt><x>286</x><y>478</y></pt><pt><x>297</x><y>474</y></pt><pt><x>332</x><y>474</y></pt><pt><x>373</x><y>469</y></pt><pt><x>376</x><y>464</y></pt><pt><x>329</x><y>461</y></pt><pt><x>286</x><y>460</y></pt><pt><x>237</x><y>470</y></pt><pt><x>236</x><y>475</y></pt><pt><x>214</x><y>475</y></pt><pt><x>198</x><y>474</y></pt><pt><x>170</x><y>471</y></pt><pt><x>136</x><y>448</y></pt><pt><x>371</x><y>439</y></pt><pt><x>436</x><y>440</y></pt><pt><x>473</x><y>440</y></pt><pt><x>474</x><y>436</y></pt><pt><x>587</x><y>432</y></pt><pt><x>709</x><y>431</y></pt><pt><x>776</x><y>430</y></pt><pt><x>754</x><y>450</y></pt><pt><x>743</x><y>458</y></pt><pt><x>735</x><y>468</y></pt><pt><x>697</x><y>467</y></pt><pt><x>649</x><y>480</y></pt><pt><x>647</x><y>494</y></pt><pt><x>598</x><y>498</y></pt><pt><x>180</x><y>589</y></pt><pt><x>175</x><y>589</y></pt><pt><x>157</x><y>596</y></pt><pt><x>2</x><y>598</y></pt></polygon></object><object><name>bridge</name><deleted>0</deleted><verified>0</verified><date>26-Jun-2012 23:32:37</date><id>12</id><polygon><username>sandy</username><pt><x>130</x><y>486</y></pt><pt><x>131</x><y>533</y></pt><pt><x>137</x><y>547</y></pt><pt><x>142</x><y>558</y></pt><pt><x>180</x><y>597</y></pt><pt><x>45</x><y>596</y></pt><pt><x>34</x><y>566</y></pt><pt><x>32</x><y>545</y></pt><pt><x>27</x><y>536</y></pt><pt><x>25</x><y>536</y></pt><pt><x>22</x><y>541</y></pt><pt><x>14</x><y>536</y></pt><pt><x>8</x><y>531</y></pt><pt><x>6</x><y>525</y></pt><pt><x>9</x><y>517</y></pt><pt><x>14</x><y>510</y></pt><pt><x>15</x><y>505</y></pt><pt><x>20</x><y>503</y></pt><pt><x>69</x><y>497</y></pt><pt><x>67</x><y>471</y></pt><pt><x>63</x><y>466</y></pt><pt><x>65</x><y>453</y></pt><pt><x>69</x><y>446</y></pt><pt><x>74</x><y>441</y></pt><pt><x>81</x><y>438</y></pt><pt><x>88</x><y>437</y></pt><pt><x>97</x><y>442</y></pt><pt><x>101</x><y>446</y></pt><pt><x>108</x><y>445</y></pt><pt><x>111</x><y>452</y></pt><pt><x>111</x><y>460</y></pt><pt><x>117</x><y>476</y></pt><pt><x>126</x><y>476</y></pt></polygon></object><object><name>buildings</name><deleted>0</deleted><verified>0</verified><date>26-Jun-2012 23:32:37</date><id>13</id><polygon><username>sandy</username><pt><x>70</x><y>425</y></pt><pt><x>70</x><y>421</y></pt><pt><x>74</x><y>417</y></pt><pt><x>83</x><y>417</y></pt><pt><x>142</x><y>418</y></pt><pt><x>144</x><y>431</y></pt></polygon></object><object><name>hut</name><deleted>0</deleted><verified>0</verified><date>26-Jun-2012 23:32:37</date><id>14</id><polygon><username>sandy</username><pt><x>328</x><y>466</y></pt><pt><x>325</x><y>447</y></pt><pt><x>292</x><y>450</y></pt><pt><x>292</x><y>470</y></pt><pt><x>322</x><y>469</y></pt></polygon></object><object><name>sign</name><deleted>0</deleted><verified>0</verified><date>26-Jun-2012 23:32:37</date><id>15</id><polygon><username>sandy</username><pt><x>247</x><y>453</y></pt><pt><x>247</x><y>469</y></pt><pt><x>239</x><y>468</y></pt><pt><x>238</x><y>451</y></pt></polygon></object><object><name>sign</name><deleted>0</deleted><verified>0</verified><date>26-Jun-2012 23:32:37</date><id>16</id><polygon><username>sandy</username><pt><x>220</x><y>461</y></pt><pt><x>220</x><y>486</y></pt><pt><x>214</x><y>485</y></pt><pt><x>213</x><y>459</y></pt></polygon></object><object><name>sign</name><deleted>0</deleted><verified>0</verified><date>26-Jun-2012 23:32:37</date><id>17</id><polygon><username>sandy</username><pt><x>201</x><y>456</y></pt><pt><x>200</x><y>479</y></pt><pt><x>214</x><y>482</y></pt><pt><x>211</x><y>458</y></pt></polygon></object><object><name>sign</name><deleted>0</deleted><verified>0</verified><date>26-Jun-2012 23:32:37</date><id>18</id><polygon><username>sandy</username><pt><x>197</x><y>492</y></pt><pt><x>194</x><y>461</y></pt><pt><x>188</x><y>464</y></pt><pt><x>187</x><y>495</y></pt></polygon></object><imagesize><nrows>600
</nrows><ncols>800
</ncols></imagesize></annotation>