<annotation><filename>i_idiots_meal.jpg</filename><folder>100images</folder><source><sourceImage>The MIT-CSAIL database of objects and scenes</sourceImage><sourceAnnotation>LabelMe Webtool</sourceAnnotation></source><object><name>man</name><deleted>0</deleted><verified>0</verified><date>26-Jun-2012 23:43:32</date><id>0</id><polygon><username>sandy</username><pt><x>434</x><y>224</y></pt><pt><x>438</x><y>245</y></pt><pt><x>438</x><y>257</y></pt><pt><x>436</x><y>262</y></pt><pt><x>434</x><y>266</y></pt><pt><x>435</x><y>278</y></pt><pt><x>439</x><y>283</y></pt><pt><x>468</x><y>291</y></pt><pt><x>496</x><y>305</y></pt><pt><x>527</x><y>370</y></pt><pt><x>522</x><y>376</y></pt><pt><x>527</x><y>396</y></pt><pt><x>527</x><y>408</y></pt><pt><x>525</x><y>414</y></pt><pt><x>510</x><y>420</y></pt><pt><x>500</x><y>418</y></pt><pt><x>500</x><y>448</y></pt><pt><x>511</x><y>486</y></pt><pt><x>519</x><y>554</y></pt><pt><x>522</x><y>597</y></pt><pt><x>366</x><y>599</y></pt><pt><x>367</x><y>582</y></pt><pt><x>370</x><y>570</y></pt><pt><x>375</x><y>522</y></pt><pt><x>379</x><y>487</y></pt><pt><x>381</x><y>462</y></pt><pt><x>386</x><y>446</y></pt><pt><x>384</x><y>432</y></pt><pt><x>374</x><y>429</y></pt><pt><x>369</x><y>425</y></pt><pt><x>360</x><y>392</y></pt><pt><x>365</x><y>380</y></pt><pt><x>364</x><y>365</y></pt><pt><x>361</x><y>349</y></pt><pt><x>361</x><y>333</y></pt><pt><x>362</x><y>326</y></pt><pt><x>395</x><y>297</y></pt><pt><x>388</x><y>285</y></pt><pt><x>381</x><y>276</y></pt><pt><x>379</x><y>273</y></pt><pt><x>373</x><y>267</y></pt><pt><x>370</x><y>258</y></pt><pt><x>369</x><y>253</y></pt><pt><x>365</x><y>245</y></pt><pt><x>366</x><y>235</y></pt><pt><x>370</x><y>224</y></pt><pt><x>376</x><y>217</y></pt><pt><x>381</x><y>211</y></pt><pt><x>387</x><y>208</y></pt><pt><x>403</x><y>205</y></pt><pt><x>414</x><y>208</y></pt><pt><x>422</x><y>212</y></pt><pt><x>430</x><y>217</y></pt></polygon></object><object><name>man</name><deleted>0</deleted><verified>0</verified><date>26-Jun-2012 23:43:32</date><id>1</id><polygon><username>sandy</username><pt><x>322</x><y>315</y></pt><pt><x>322</x><y>308</y></pt><pt><x>329</x><y>300</y></pt><pt><x>336</x><y>286</y></pt><pt><x>339</x><y>277</y></pt><pt><x>341</x><y>271</y></pt><pt><x>344</x><y>261</y></pt><pt><x>338</x><y>246</y></pt><pt><x>332</x><y>234</y></pt><pt><x>325</x><y>225</y></pt><pt><x>311</x><y>218</y></pt><pt><x>305</x><y>217</y></pt><pt><x>299</x><y>218</y></pt><pt><x>295</x><y>223</y></pt><pt><x>284</x><y>226</y></pt><pt><x>279</x><y>230</y></pt><pt><x>274</x><y>235</y></pt><pt><x>272</x><y>241</y></pt><pt><x>268</x><y>246</y></pt><pt><x>268</x><y>253</y></pt><pt><x>268</x><y>263</y></pt><pt><x>268</x><y>273</y></pt><pt><x>270</x><y>282</y></pt><pt><x>272</x><y>289</y></pt><pt><x>275</x><y>295</y></pt><pt><x>278</x><y>304</y></pt><pt><x>278</x><y>310</y></pt><pt><x>270</x><y>316</y></pt><pt><x>252</x><y>323</y></pt><pt><x>242</x><y>329</y></pt><pt><x>236</x><y>335</y></pt><pt><x>224</x><y>338</y></pt><pt><x>213</x><y>359</y></pt><pt><x>209</x><y>376</y></pt><pt><x>210</x><y>385</y></pt><pt><x>209</x><y>397</y></pt><pt><x>204</x><y>406</y></pt><pt><x>203</x><y>412</y></pt><pt><x>208</x><y>417</y></pt><pt><x>206</x><y>444</y></pt><pt><x>208</x><y>452</y></pt><pt><x>211</x><y>457</y></pt><pt><x>216</x><y>460</y></pt><pt><x>236</x><y>462</y></pt><pt><x>228</x><y>496</y></pt><pt><x>227</x><y>509</y></pt><pt><x>224</x><y>519</y></pt><pt><x>222</x><y>529</y></pt><pt><x>225</x><y>553</y></pt><pt><x>218</x><y>597</y></pt><pt><x>363</x><y>597</y></pt><pt><x>358</x><y>541</y></pt><pt><x>351</x><y>497</y></pt><pt><x>343</x><y>445</y></pt><pt><x>354</x><y>446</y></pt><pt><x>361</x><y>446</y></pt><pt><x>367</x><y>441</y></pt><pt><x>370</x><y>437</y></pt><pt><x>370</x><y>435</y></pt><pt><x>365</x><y>412</y></pt><pt><x>363</x><y>395</y></pt><pt><x>364</x><y>353</y></pt><pt><x>354</x><y>330</y></pt><pt><x>338</x><y>323</y></pt></polygon></object><object><name>food</name><deleted>0</deleted><verified>0</verified><date>26-Jun-2012 23:43:32</date><id>2</id><polygon><username>sandy</username><pt><x>394</x><y>409</y></pt><pt><x>390</x><y>428</y></pt><pt><x>420</x><y>429</y></pt><pt><x>464</x><y>426</y></pt><pt><x>461</x><y>406</y></pt><pt><x>450</x><y>402</y></pt><pt><x>443</x><y>398</y></pt><pt><x>434</x><y>397</y></pt><pt><x>437</x><y>375</y></pt><pt><x>432</x><y>374</y></pt><pt><x>421</x><y>370</y></pt><pt><x>425</x><y>395</y></pt><pt><x>421</x><y>394</y></pt><pt><x>417</x><y>399</y></pt><pt><x>414</x><y>401</y></pt><pt><x>407</x><y>400</y></pt><pt><x>401</x><y>402</y></pt></polygon></object><object><name>food</name><deleted>0</deleted><verified>0</verified><date>26-Jun-2012 23:43:32</date><id>3</id><polygon><username>sandy</username><pt><x>309</x><y>435</y></pt><pt><x>338</x><y>431</y></pt><pt><x>372</x><y>426</y></pt><pt><x>367</x><y>419</y></pt><pt><x>359</x><y>416</y></pt><pt><x>353</x><y>412</y></pt><pt><x>346</x><y>409</y></pt><pt><x>337</x><y>406</y></pt><pt><x>333</x><y>403</y></pt><pt><x>334</x><y>386</y></pt><pt><x>327</x><y>387</y></pt><pt><x>331</x><y>401</y></pt><pt><x>318</x><y>386</y></pt><pt><x>325</x><y>405</y></pt><pt><x>312</x><y>412</y></pt><pt><x>305</x><y>417</y></pt><pt><x>299</x><y>417</y></pt><pt><x>295</x><y>413</y></pt><pt><x>291</x><y>410</y></pt><pt><x>285</x><y>414</y></pt><pt><x>281</x><y>414</y></pt><pt><x>280</x><y>421</y></pt><pt><x>287</x><y>424</y></pt><pt><x>298</x><y>432</y></pt></polygon></object><object><name>knife</name><deleted>0</deleted><verified>0</verified><date>26-Jun-2012 23:43:32</date><id>4</id><polygon><username>sandy</username><pt><x>562</x><y>490</y></pt><pt><x>566</x><y>497</y></pt><pt><x>598</x><y>499</y></pt><pt><x>646</x><y>497</y></pt><pt><x>633</x><y>485</y></pt><pt><x>564</x><y>483</y></pt><pt><x>515</x><y>479</y></pt><pt><x>515</x><y>485</y></pt><pt><x>519</x><y>488</y></pt></polygon></object><object><name>choppingboard</name><deleted>0</deleted><verified>0</verified><date>26-Jun-2012 23:43:32</date><id>5</id><polygon><username>sandy</username><pt><x>592</x><y>525</y></pt><pt><x>659</x><y>490</y></pt><pt><x>658</x><y>479</y></pt><pt><x>635</x><y>473</y></pt><pt><x>636</x><y>469</y></pt><pt><x>632</x><y>466</y></pt><pt><x>628</x><y>465</y></pt><pt><x>624</x><y>463</y></pt><pt><x>619</x><y>463</y></pt><pt><x>612</x><y>466</y></pt><pt><x>585</x><y>457</y></pt><pt><x>511</x><y>489</y></pt><pt><x>511</x><y>498</y></pt></polygon></object><object><name>table</name><deleted>0</deleted><verified>0</verified><date>26-Jun-2012 23:43:32</date><id>6</id><polygon><username>sandy</username><pt><x>467</x><y>510</y></pt><pt><x>467</x><y>518</y></pt><pt><x>481</x><y>522</y></pt><pt><x>481</x><y>544</y></pt><pt><x>505</x><y>543</y></pt><pt><x>504</x><y>531</y></pt><pt><x>613</x><y>578</y></pt><pt><x>613</x><y>597</y></pt><pt><x>765</x><y>598</y></pt><pt><x>799</x><y>598</y></pt><pt><x>799</x><y>486</y></pt><pt><x>616</x><y>441</y></pt></polygon></object><object><name>table</name><deleted>0</deleted><verified>0</verified><date>26-Jun-2012 23:43:32</date><id>7</id><polygon><username>sandy</username><pt><x>731</x><y>386</y></pt><pt><x>663</x><y>419</y></pt><pt><x>662</x><y>424</y></pt><pt><x>671</x><y>428</y></pt><pt><x>671</x><y>456</y></pt><pt><x>683</x><y>456</y></pt><pt><x>684</x><y>429</y></pt><pt><x>729</x><y>435</y></pt><pt><x>729</x><y>454</y></pt><pt><x>741</x><y>456</y></pt><pt><x>752</x><y>442</y></pt><pt><x>798</x><y>453</y></pt><pt><x>798</x><y>397</y></pt></polygon></object><object><name>fan</name><deleted>0</deleted><verified>0</verified><date>26-Jun-2012 23:43:32</date><id>8</id><polygon><username>sandy</username><pt><x>278</x><y>113</y></pt><pt><x>300</x><y>111</y></pt><pt><x>318</x><y>105</y></pt><pt><x>333</x><y>97</y></pt><pt><x>343</x><y>86</y></pt><pt><x>349</x><y>74</y></pt><pt><x>355</x><y>62</y></pt><pt><x>359</x><y>51</y></pt><pt><x>360</x><y>30</y></pt><pt><x>359</x><y>18</y></pt><pt><x>355</x><y>3</y></pt><pt><x>219</x><y>0</y></pt><pt><x>215</x><y>13</y></pt><pt><x>212</x><y>24</y></pt><pt><x>214</x><y>34</y></pt><pt><x>215</x><y>50</y></pt><pt><x>218</x><y>59</y></pt><pt><x>223</x><y>73</y></pt><pt><x>227</x><y>81</y></pt><pt><x>229</x><y>102</y></pt><pt><x>233</x><y>112</y></pt><pt><x>235</x><y>120</y></pt><pt><x>240</x><y>128</y></pt><pt><x>246</x><y>136</y></pt><pt><x>255</x><y>137</y></pt><pt><x>268</x><y>135</y></pt><pt><x>273</x><y>129</y></pt><pt><x>278</x><y>123</y></pt></polygon></object><object><name>fan</name><deleted>0</deleted><verified>0</verified><date>26-Jun-2012 23:43:32</date><id>9</id><polygon><username>sandy</username><pt><x>734</x><y>158</y></pt><pt><x>742</x><y>149</y></pt><pt><x>747</x><y>145</y></pt><pt><x>751</x><y>142</y></pt><pt><x>757</x><y>142</y></pt><pt><x>761</x><y>143</y></pt><pt><x>766</x><y>145</y></pt><pt><x>770</x><y>149</y></pt><pt><x>769</x><y>157</y></pt><pt><x>768</x><y>165</y></pt><pt><x>765</x><y>173</y></pt><pt><x>761</x><y>181</y></pt><pt><x>757</x><y>189</y></pt><pt><x>751</x><y>195</y></pt><pt><x>743</x><y>198</y></pt><pt><x>738</x><y>199</y></pt><pt><x>732</x><y>198</y></pt><pt><x>730</x><y>194</y></pt><pt><x>727</x><y>188</y></pt><pt><x>717</x><y>192</y></pt><pt><x>716</x><y>202</y></pt><pt><x>711</x><y>208</y></pt><pt><x>707</x><y>207</y></pt><pt><x>705</x><y>205</y></pt><pt><x>702</x><y>197</y></pt><pt><x>701</x><y>191</y></pt><pt><x>700</x><y>184</y></pt><pt><x>702</x><y>177</y></pt><pt><x>707</x><y>174</y></pt><pt><x>713</x><y>173</y></pt><pt><x>715</x><y>177</y></pt><pt><x>719</x><y>178</y></pt><pt><x>727</x><y>178</y></pt><pt><x>725</x><y>172</y></pt><pt><x>728</x><y>168</y></pt></polygon></object><object><name>wok</name><deleted>0</deleted><verified>0</verified><date>26-Jun-2012 23:43:32</date><id>10</id><polygon><username>sandy</username><pt><x>465</x><y>544</y></pt><pt><x>433</x><y>468</y></pt><pt><x>438</x><y>464</y></pt><pt><x>444</x><y>463</y></pt><pt><x>446</x><y>466</y></pt><pt><x>479</x><y>538</y></pt><pt><x>496</x><y>538</y></pt><pt><x>518</x><y>538</y></pt><pt><x>543</x><y>542</y></pt><pt><x>570</x><y>550</y></pt><pt><x>592</x><y>571</y></pt><pt><x>601</x><y>586</y></pt><pt><x>606</x><y>597</y></pt><pt><x>415</x><y>595</y></pt><pt><x>414</x><y>580</y></pt><pt><x>419</x><y>570</y></pt><pt><x>431</x><y>562</y></pt><pt><x>441</x><y>552</y></pt><pt><x>449</x><y>548</y></pt></polygon></object><object><name>plate</name><deleted>0</deleted><verified>0</verified><date>26-Jun-2012 23:43:32</date><id>11</id><polygon><username>sandy</username><pt><x>462</x><y>437</y></pt><pt><x>472</x><y>425</y></pt><pt><x>466</x><y>403</y></pt><pt><x>462</x><y>400</y></pt><pt><x>392</x><y>401</y></pt><pt><x>386</x><y>431</y></pt><pt><x>391</x><y>439</y></pt><pt><x>431</x><y>438</y></pt></polygon></object><object><name>plate</name><deleted>0</deleted><verified>0</verified><date>26-Jun-2012 23:43:32</date><id>12</id><polygon><username>sandy</username><pt><x>306</x><y>445</y></pt><pt><x>375</x><y>434</y></pt><pt><x>380</x><y>423</y></pt><pt><x>350</x><y>415</y></pt><pt><x>285</x><y>423</y></pt><pt><x>286</x><y>435</y></pt></polygon></object><object><name>apron</name><deleted>0</deleted><verified>0</verified><date>26-Jun-2012 23:43:32</date><id>13</id><polygon><username>sandy</username><pt><x>468</x><y>362</y></pt><pt><x>478</x><y>370</y></pt><pt><x>488</x><y>382</y></pt><pt><x>493</x><y>391</y></pt><pt><x>496</x><y>395</y></pt><pt><x>500</x><y>449</y></pt><pt><x>510</x><y>486</y></pt><pt><x>517</x><y>539</y></pt><pt><x>522</x><y>594</y></pt><pt><x>365</x><y>598</y></pt><pt><x>368</x><y>577</y></pt><pt><x>372</x><y>544</y></pt><pt><x>381</x><y>457</y></pt><pt><x>386</x><y>435</y></pt><pt><x>391</x><y>408</y></pt><pt><x>386</x><y>378</y></pt><pt><x>400</x><y>373</y></pt><pt><x>397</x><y>336</y></pt><pt><x>392</x><y>303</y></pt><pt><x>395</x><y>296</y></pt><pt><x>399</x><y>300</y></pt><pt><x>402</x><y>327</y></pt><pt><x>406</x><y>349</y></pt><pt><x>413</x><y>371</y></pt><pt><x>456</x><y>360</y></pt><pt><x>448</x><y>325</y></pt><pt><x>446</x><y>308</y></pt><pt><x>443</x><y>294</y></pt><pt><x>442</x><y>286</y></pt><pt><x>444</x><y>284</y></pt><pt><x>449</x><y>288</y></pt><pt><x>457</x><y>317</y></pt><pt><x>463</x><y>348</y></pt></polygon></object><object><name>apron</name><deleted>0</deleted><verified>0</verified><date>26-Jun-2012 23:43:32</date><id>14</id><polygon><username>sandy</username><pt><x>312</x><y>391</y></pt><pt><x>324</x><y>388</y></pt><pt><x>327</x><y>379</y></pt><pt><x>333</x><y>375</y></pt><pt><x>327</x><y>342</y></pt><pt><x>322</x><y>325</y></pt><pt><x>319</x><y>316</y></pt><pt><x>321</x><y>316</y></pt><pt><x>334</x><y>339</y></pt><pt><x>338</x><y>360</y></pt><pt><x>340</x><y>376</y></pt><pt><x>343</x><y>386</y></pt><pt><x>344</x><y>398</y></pt><pt><x>342</x><y>446</y></pt><pt><x>353</x><y>513</y></pt><pt><x>358</x><y>538</y></pt><pt><x>362</x><y>598</y></pt><pt><x>218</x><y>594</y></pt><pt><x>224</x><y>555</y></pt><pt><x>220</x><y>530</y></pt><pt><x>228</x><y>512</y></pt><pt><x>237</x><y>462</y></pt><pt><x>242</x><y>404</y></pt><pt><x>250</x><y>401</y></pt><pt><x>258</x><y>379</y></pt><pt><x>262</x><y>369</y></pt><pt><x>263</x><y>361</y></pt><pt><x>265</x><y>350</y></pt><pt><x>265</x><y>339</y></pt><pt><x>268</x><y>327</y></pt><pt><x>277</x><y>316</y></pt><pt><x>270</x><y>349</y></pt><pt><x>271</x><y>377</y></pt><pt><x>289</x><y>383</y></pt></polygon></object><object><name>plants</name><deleted>0</deleted><verified>0</verified><date>26-Jun-2012 23:43:32</date><id>15</id><polygon><username>sandy</username><pt><x>170</x><y>421</y></pt><pt><x>173</x><y>408</y></pt><pt><x>172</x><y>403</y></pt><pt><x>177</x><y>405</y></pt><pt><x>179</x><y>401</y></pt><pt><x>173</x><y>394</y></pt><pt><x>170</x><y>388</y></pt><pt><x>159</x><y>386</y></pt><pt><x>158</x><y>385</y></pt><pt><x>159</x><y>378</y></pt><pt><x>155</x><y>369</y></pt><pt><x>151</x><y>367</y></pt><pt><x>145</x><y>379</y></pt><pt><x>143</x><y>383</y></pt><pt><x>137</x><y>379</y></pt><pt><x>127</x><y>376</y></pt><pt><x>127</x><y>375</y></pt><pt><x>119</x><y>371</y></pt><pt><x>115</x><y>365</y></pt><pt><x>107</x><y>363</y></pt><pt><x>65</x><y>369</y></pt><pt><x>46</x><y>373</y></pt><pt><x>24</x><y>358</y></pt><pt><x>9</x><y>352</y></pt><pt><x>4</x><y>351</y></pt><pt><x>3</x><y>422</y></pt><pt><x>16</x><y>417</y></pt><pt><x>42</x><y>411</y></pt><pt><x>55</x><y>411</y></pt><pt><x>47</x><y>419</y></pt><pt><x>33</x><y>429</y></pt><pt><x>24</x><y>441</y></pt><pt><x>10</x><y>442</y></pt><pt><x>2</x><y>554</y></pt><pt><x>66</x><y>533</y></pt><pt><x>73</x><y>502</y></pt><pt><x>52</x><y>497</y></pt><pt><x>38</x><y>497</y></pt><pt><x>35</x><y>486</y></pt><pt><x>40</x><y>477</y></pt><pt><x>37</x><y>465</y></pt><pt><x>40</x><y>456</y></pt><pt><x>50</x><y>442</y></pt><pt><x>57</x><y>444</y></pt><pt><x>67</x><y>446</y></pt><pt><x>105</x><y>438</y></pt><pt><x>111</x><y>435</y></pt><pt><x>120</x><y>433</y></pt><pt><x>122</x><y>441</y></pt><pt><x>129</x><y>439</y></pt><pt><x>132</x><y>430</y></pt><pt><x>132</x><y>426</y></pt><pt><x>135</x><y>419</y></pt><pt><x>138</x><y>414</y></pt><pt><x>141</x><y>421</y></pt><pt><x>143</x><y>429</y></pt><pt><x>153</x><y>429</y></pt></polygon></object><object><name>plants</name><deleted>0</deleted><verified>0</verified><date>26-Jun-2012 23:43:32</date><id>16</id><polygon><username>sandy</username><pt><x>4</x><y>276</y></pt><pt><x>23</x><y>259</y></pt><pt><x>41</x><y>255</y></pt><pt><x>57</x><y>255</y></pt><pt><x>62</x><y>251</y></pt><pt><x>62</x><y>241</y></pt><pt><x>79</x><y>228</y></pt><pt><x>86</x><y>220</y></pt><pt><x>82</x><y>214</y></pt><pt><x>72</x><y>203</y></pt><pt><x>58</x><y>197</y></pt><pt><x>63</x><y>190</y></pt><pt><x>43</x><y>188</y></pt><pt><x>35</x><y>186</y></pt><pt><x>29</x><y>192</y></pt><pt><x>21</x><y>203</y></pt><pt><x>16</x><y>203</y></pt><pt><x>12</x><y>212</y></pt><pt><x>3</x><y>230</y></pt><pt><x>0</x><y>241</y></pt></polygon></object><object><name>plants</name><deleted>0</deleted><verified>0</verified><date>26-Jun-2012 23:43:32</date><id>17</id><polygon><username>sandy</username><pt><x>670</x><y>363</y></pt><pt><x>667</x><y>309</y></pt><pt><x>652</x><y>295</y></pt><pt><x>645</x><y>291</y></pt><pt><x>632</x><y>295</y></pt><pt><x>622</x><y>300</y></pt><pt><x>617</x><y>302</y></pt><pt><x>619</x><y>319</y></pt><pt><x>615</x><y>327</y></pt><pt><x>619</x><y>343</y></pt><pt><x>603</x><y>341</y></pt><pt><x>592</x><y>340</y></pt><pt><x>581</x><y>334</y></pt><pt><x>573</x><y>336</y></pt><pt><x>564</x><y>332</y></pt><pt><x>559</x><y>321</y></pt><pt><x>559</x><y>315</y></pt><pt><x>552</x><y>310</y></pt><pt><x>545</x><y>316</y></pt><pt><x>546</x><y>329</y></pt><pt><x>551</x><y>337</y></pt><pt><x>549</x><y>349</y></pt><pt><x>534</x><y>349</y></pt><pt><x>529</x><y>347</y></pt><pt><x>530</x><y>346</y></pt><pt><x>525</x><y>333</y></pt><pt><x>529</x><y>328</y></pt><pt><x>537</x><y>323</y></pt><pt><x>532</x><y>314</y></pt><pt><x>527</x><y>306</y></pt><pt><x>525</x><y>302</y></pt><pt><x>517</x><y>308</y></pt><pt><x>510</x><y>306</y></pt><pt><x>504</x><y>310</y></pt><pt><x>508</x><y>324</y></pt><pt><x>526</x><y>366</y></pt><pt><x>528</x><y>408</y></pt></polygon></object><object><name>plants</name><deleted>0</deleted><verified>0</verified><date>26-Jun-2012 23:43:32</date><id>18</id><polygon><username>sandy</username><pt><x>710</x><y>354</y></pt><pt><x>799</x><y>325</y></pt><pt><x>798</x><y>294</y></pt><pt><x>787</x><y>298</y></pt><pt><x>779</x><y>302</y></pt><pt><x>773</x><y>302</y></pt><pt><x>765</x><y>315</y></pt><pt><x>761</x><y>322</y></pt><pt><x>751</x><y>301</y></pt><pt><x>749</x><y>314</y></pt><pt><x>742</x><y>316</y></pt><pt><x>738</x><y>318</y></pt><pt><x>743</x><y>327</y></pt><pt><x>745</x><y>334</y></pt><pt><x>738</x><y>331</y></pt><pt><x>731</x><y>331</y></pt><pt><x>725</x><y>332</y></pt><pt><x>721</x><y>331</y></pt><pt><x>721</x><y>339</y></pt><pt><x>717</x><y>332</y></pt><pt><x>716</x><y>327</y></pt><pt><x>716</x><y>324</y></pt><pt><x>709</x><y>325</y></pt></polygon></object><object><name>plants</name><deleted>0</deleted><verified>0</verified><date>26-Jun-2012 23:43:32</date><id>19</id><polygon><username>sandy</username><pt><x>739</x><y>310</y></pt><pt><x>742</x><y>296</y></pt><pt><x>739</x><y>288</y></pt><pt><x>743</x><y>279</y></pt><pt><x>748</x><y>276</y></pt><pt><x>737</x><y>266</y></pt><pt><x>727</x><y>265</y></pt><pt><x>717</x><y>268</y></pt><pt><x>714</x><y>275</y></pt><pt><x>716</x><y>286</y></pt><pt><x>722</x><y>293</y></pt><pt><x>722</x><y>304</y></pt><pt><x>723</x><y>310</y></pt></polygon></object><object><name>plants</name><deleted>0</deleted><verified>0</verified><date>26-Jun-2012 23:43:32</date><id>20</id><polygon><username>sandy</username><pt><x>614</x><y>214</y></pt><pt><x>614</x><y>270</y></pt><pt><x>659</x><y>268</y></pt><pt><x>668</x><y>250</y></pt><pt><x>666</x><y>228</y></pt><pt><x>656</x><y>224</y></pt><pt><x>645</x><y>221</y></pt><pt><x>635</x><y>219</y></pt><pt><x>628</x><y>220</y></pt><pt><x>621</x><y>223</y></pt></polygon></object><object><name>glasses</name><deleted>0</deleted><verified>0</verified><date>26-Jun-2012 23:43:32</date><id>21</id><polygon><username>sandy</username><pt><x>318</x><y>272</y></pt><pt><x>335</x><y>272</y></pt><pt><x>339</x><y>267</y></pt><pt><x>338</x><y>262</y></pt><pt><x>313</x><y>261</y></pt><pt><x>289</x><y>260</y></pt><pt><x>278</x><y>259</y></pt><pt><x>278</x><y>266</y></pt><pt><x>286</x><y>265</y></pt><pt><x>290</x><y>271</y></pt><pt><x>299</x><y>271</y></pt><pt><x>305</x><y>272</y></pt><pt><x>307</x><y>269</y></pt><pt><x>310</x><y>266</y></pt><pt><x>312</x><y>265</y></pt></polygon></object><object><name>glasses</name><deleted>0</deleted><verified>0</verified><date>26-Jun-2012 23:43:32</date><id>22</id><polygon><username>sandy</username><pt><x>407</x><y>249</y></pt><pt><x>412</x><y>255</y></pt><pt><x>419</x><y>254</y></pt><pt><x>424</x><y>251</y></pt><pt><x>426</x><y>246</y></pt><pt><x>427</x><y>243</y></pt><pt><x>432</x><y>241</y></pt><pt><x>426</x><y>241</y></pt><pt><x>423</x><y>241</y></pt><pt><x>418</x><y>239</y></pt><pt><x>413</x><y>241</y></pt><pt><x>409</x><y>241</y></pt><pt><x>403</x><y>243</y></pt><pt><x>397</x><y>244</y></pt><pt><x>392</x><y>245</y></pt><pt><x>387</x><y>246</y></pt><pt><x>384</x><y>246</y></pt><pt><x>380</x><y>251</y></pt><pt><x>370</x><y>252</y></pt><pt><x>373</x><y>257</y></pt><pt><x>380</x><y>254</y></pt><pt><x>383</x><y>257</y></pt><pt><x>388</x><y>259</y></pt><pt><x>393</x><y>256</y></pt><pt><x>397</x><y>253</y></pt><pt><x>398</x><y>252</y></pt></polygon></object><object><name>glass</name><deleted>0</deleted><verified>0</verified><date>26-Jun-2012 23:43:32</date><id>23</id><polygon><username>sandy</username><pt><x>770</x><y>468</y></pt><pt><x>769</x><y>500</y></pt><pt><x>754</x><y>500</y></pt><pt><x>746</x><y>498</y></pt><pt><x>738</x><y>495</y></pt><pt><x>735</x><y>493</y></pt><pt><x>737</x><y>460</y></pt><pt><x>744</x><y>457</y></pt><pt><x>751</x><y>457</y></pt><pt><x>755</x><y>459</y></pt><pt><x>765</x><y>462</y></pt></polygon></object><object><name>spice</name><deleted>0</deleted><verified>0</verified><date>26-Jun-2012 23:43:32</date><id>24</id><polygon><username>sandy</username><pt><x>732</x><y>511</y></pt><pt><x>743</x><y>513</y></pt><pt><x>746</x><y>517</y></pt><pt><x>745</x><y>524</y></pt><pt><x>743</x><y>530</y></pt><pt><x>737</x><y>532</y></pt><pt><x>730</x><y>532</y></pt><pt><x>723</x><y>530</y></pt><pt><x>720</x><y>529</y></pt><pt><x>715</x><y>526</y></pt><pt><x>711</x><y>522</y></pt><pt><x>710</x><y>517</y></pt><pt><x>711</x><y>512</y></pt><pt><x>718</x><y>512</y></pt><pt><x>723</x><y>510</y></pt></polygon></object><object><name>bowl</name><deleted>0</deleted><verified>0</verified><date>26-Jun-2012 23:43:32</date><id>25</id><polygon><username>sandy</username><pt><x>757</x><y>516</y></pt><pt><x>750</x><y>524</y></pt><pt><x>746</x><y>528</y></pt><pt><x>745</x><y>535</y></pt><pt><x>734</x><y>538</y></pt><pt><x>724</x><y>537</y></pt><pt><x>716</x><y>535</y></pt><pt><x>713</x><y>532</y></pt><pt><x>710</x><y>527</y></pt><pt><x>706</x><y>518</y></pt><pt><x>705</x><y>513</y></pt><pt><x>701</x><y>506</y></pt><pt><x>703</x><y>504</y></pt><pt><x>711</x><y>500</y></pt><pt><x>722</x><y>499</y></pt><pt><x>738</x><y>502</y></pt><pt><x>751</x><y>508</y></pt></polygon></object><object><name>cookingequipment</name><deleted>0</deleted><verified>0</verified><date>26-Jun-2012 23:43:32</date><id>26</id><polygon><username>sandy</username><pt><x>386</x><y>511</y></pt><pt><x>423</x><y>552</y></pt><pt><x>430</x><y>553</y></pt><pt><x>430</x><y>562</y></pt><pt><x>462</x><y>599</y></pt><pt><x>456</x><y>597</y></pt><pt><x>430</x><y>570</y></pt><pt><x>424</x><y>569</y></pt><pt><x>376</x><y>520</y></pt><pt><x>377</x><y>516</y></pt></polygon></object><object><name>pillar</name><deleted>0</deleted><verified>0</verified><date>26-Jun-2012 23:43:32</date><id>27</id><polygon><username>sandy</username><pt><x>169</x><y>2</y></pt><pt><x>195</x><y>503</y></pt><pt><x>224</x><y>528</y></pt><pt><x>290</x><y>510</y></pt><pt><x>262</x><y>0</y></pt></polygon></object><object><name>pillar</name><deleted>0</deleted><verified>0</verified><date>26-Jun-2012 23:43:32</date><id>28</id><polygon><username>sandy</username><pt><x>699</x><y>370</y></pt><pt><x>709</x><y>367</y></pt><pt><x>705</x><y>109</y></pt><pt><x>695</x><y>105</y></pt><pt><x>664</x><y>111</y></pt><pt><x>668</x><y>368</y></pt></polygon></object><imagesize><nrows>600</nrows><ncols>800</ncols></imagesize><object><name>fence</name><deleted>0</deleted><verified>0</verified><date>17-Jul-2012 13:26:06</date><id>29</id><polygon><username>alasdair</username><pt><x>6</x><y>218</y></pt><pt><x>661</x><y>239</y></pt><pt><x>664</x><y>330</y></pt><pt><x>3</x><y>562</y></pt></polygon></object></annotation>