<annotation><filename>k_kitchen_kitchen65.jpg</filename><folder>100images</folder><source><sourceImage>The MIT-CSAIL database of objects and scenes</sourceImage><sourceAnnotation>LabelMe Webtool</sourceAnnotation></source><object><name>sink</name><deleted>0</deleted><verified>0</verified><date>12-Jul-2012 23:38:39</date><id>0</id><polygon><username>sandy</username><pt><x>382</x><y>314</y></pt><pt><x>291</x><y>332</y></pt><pt><x>235</x><y>319</y></pt><pt><x>324</x><y>304</y></pt></polygon></object><object><name>window</name><deleted>0</deleted><verified>0</verified><date>12-Jul-2012 23:38:39</date><id>1</id><polygon><username>sandy</username><pt><x>310</x><y>284</y></pt><pt><x>306</x><y>90</y></pt><pt><x>225</x><y>87</y></pt><pt><x>233</x><y>296</y></pt></polygon></object><object><name>island</name><deleted>0</deleted><verified>0</verified><date>12-Jul-2012 23:38:39</date><id>2</id><polygon><username>sandy</username><pt><x>226</x><y>417</y></pt><pt><x>213</x><y>411</y></pt><pt><x>212</x><y>402</y></pt><pt><x>483</x><y>342</y></pt><pt><x>613</x><y>361</y></pt><pt><x>612</x><y>367</y></pt><pt><x>602</x><y>374</y></pt><pt><x>612</x><y>572</y></pt><pt><x>596</x><y>581</y></pt><pt><x>596</x><y>591</y></pt><pt><x>586</x><y>598</y></pt><pt><x>229</x><y>599</y></pt></polygon></object><object><name>worksurface</name><deleted>0</deleted><verified>0</verified><date>12-Jul-2012 23:38:39</date><id>3</id><polygon><username>sandy</username><pt><x>340</x><y>450</y></pt><pt><x>616</x><y>371</y></pt><pt><x>617</x><y>363</y></pt><pt><x>488</x><y>342</y></pt><pt><x>211</x><y>400</y></pt><pt><x>212</x><y>411</y></pt></polygon></object><object><name>worksurface</name><deleted>0</deleted><verified>0</verified><date>12-Jul-2012 23:38:39</date><id>4</id><polygon><username>sandy</username><pt><x>44</x><y>386</y></pt><pt><x>474</x><y>307</y></pt><pt><x>536</x><y>314</y></pt><pt><x>539</x><y>308</y></pt><pt><x>588</x><y>295</y></pt><pt><x>460</x><y>285</y></pt><pt><x>2</x><y>352</y></pt><pt><x>2</x><y>367</y></pt></polygon></object><object><name>worksurface</name><deleted>0</deleted><verified>0</verified><date>12-Jul-2012 23:38:39</date><id>5</id><polygon><username>sandy</username><pt><x>661</x><y>329</y></pt><pt><x>766</x><y>335</y></pt><pt><x>798</x><y>331</y></pt><pt><x>798</x><y>319</y></pt><pt><x>721</x><y>307</y></pt><pt><x>660</x><y>321</y></pt></polygon></object><object><name>jug</name><deleted>0</deleted><verified>0</verified><date>12-Jul-2012 23:38:39</date><id>6</id><polygon><username>sandy</username><pt><x>203</x><y>312</y></pt><pt><x>207</x><y>306</y></pt><pt><x>213</x><y>303</y></pt><pt><x>209</x><y>300</y></pt><pt><x>196</x><y>300</y></pt><pt><x>182</x><y>301</y></pt><pt><x>175</x><y>304</y></pt><pt><x>168</x><y>303</y></pt><pt><x>163</x><y>304</y></pt><pt><x>160</x><y>308</y></pt><pt><x>161</x><y>314</y></pt><pt><x>163</x><y>321</y></pt><pt><x>171</x><y>333</y></pt><pt><x>176</x><y>336</y></pt><pt><x>177</x><y>340</y></pt><pt><x>183</x><y>343</y></pt><pt><x>192</x><y>343</y></pt><pt><x>198</x><y>342</y></pt><pt><x>199</x><y>339</y></pt><pt><x>205</x><y>333</y></pt><pt><x>209</x><y>329</y></pt><pt><x>208</x><y>323</y></pt><pt><x>207</x><y>319</y></pt></polygon></object><object><name>apron</name><deleted>0</deleted><verified>0</verified><date>12-Jul-2012 23:38:39</date><id>7</id><polygon><username>sandy</username><pt><x>320</x><y>522</y></pt><pt><x>303</x><y>451</y></pt><pt><x>300</x><y>424</y></pt><pt><x>334</x><y>400</y></pt><pt><x>347</x><y>395</y></pt><pt><x>361</x><y>380</y></pt><pt><x>335</x><y>376</y></pt><pt><x>323</x><y>380</y></pt><pt><x>293</x><y>386</y></pt><pt><x>270</x><y>393</y></pt><pt><x>263</x><y>399</y></pt><pt><x>236</x><y>409</y></pt><pt><x>236</x><y>420</y></pt><pt><x>244</x><y>465</y></pt><pt><x>244</x><y>519</y></pt><pt><x>283</x><y>522</y></pt></polygon></object><object><name>plates</name><deleted>0</deleted><verified>0</verified><date>12-Jul-2012 23:38:39</date><id>8</id><polygon><username>sandy</username><pt><x>412</x><y>237</y></pt><pt><x>421</x><y>244</y></pt><pt><x>426</x><y>252</y></pt><pt><x>425</x><y>261</y></pt><pt><x>423</x><y>271</y></pt><pt><x>420</x><y>274</y></pt><pt><x>415</x><y>278</y></pt><pt><x>408</x><y>279</y></pt><pt><x>402</x><y>282</y></pt><pt><x>393</x><y>279</y></pt><pt><x>386</x><y>276</y></pt><pt><x>382</x><y>271</y></pt><pt><x>380</x><y>264</y></pt><pt><x>380</x><y>256</y></pt><pt><x>384</x><y>247</y></pt><pt><x>388</x><y>242</y></pt><pt><x>393</x><y>237</y></pt><pt><x>403</x><y>237</y></pt></polygon></object><object><name>plates</name><deleted>0</deleted><verified>0</verified><date>12-Jul-2012 23:38:39</date><id>9</id><polygon><username>sandy</username><pt><x>548</x><y>358</y></pt><pt><x>546</x><y>364</y></pt><pt><x>538</x><y>369</y></pt><pt><x>532</x><y>371</y></pt><pt><x>512</x><y>371</y></pt><pt><x>502</x><y>369</y></pt><pt><x>495</x><y>367</y></pt><pt><x>489</x><y>364</y></pt><pt><x>487</x><y>361</y></pt><pt><x>489</x><y>357</y></pt><pt><x>494</x><y>355</y></pt><pt><x>505</x><y>355</y></pt><pt><x>515</x><y>355</y></pt><pt><x>528</x><y>355</y></pt><pt><x>541</x><y>356</y></pt></polygon></object><object><name>plates</name><deleted>0</deleted><verified>0</verified><date>12-Jul-2012 23:38:39</date><id>10</id><polygon><username>sandy</username><pt><x>559</x><y>17</y></pt><pt><x>571</x><y>22</y></pt><pt><x>574</x><y>29</y></pt><pt><x>571</x><y>53</y></pt><pt><x>562</x><y>55</y></pt><pt><x>532</x><y>59</y></pt><pt><x>530</x><y>53</y></pt><pt><x>530</x><y>43</y></pt><pt><x>532</x><y>35</y></pt><pt><x>538</x><y>26</y></pt><pt><x>545</x><y>20</y></pt><pt><x>553</x><y>18</y></pt></polygon></object><object><name>plates</name><deleted>0</deleted><verified>0</verified><date>12-Jul-2012 23:38:39</date><id>11</id><polygon><username>sandy</username><pt><x>364</x><y>22</y></pt><pt><x>375</x><y>33</y></pt><pt><x>379</x><y>42</y></pt><pt><x>382</x><y>50</y></pt><pt><x>383</x><y>57</y></pt><pt><x>382</x><y>58</y></pt><pt><x>344</x><y>58</y></pt><pt><x>342</x><y>53</y></pt><pt><x>342</x><y>43</y></pt><pt><x>345</x><y>38</y></pt><pt><x>343</x><y>34</y></pt><pt><x>344</x><y>28</y></pt><pt><x>349</x><y>24</y></pt><pt><x>355</x><y>22</y></pt></polygon></object><object><name>jug</name><deleted>0</deleted><verified>0</verified><date>12-Jul-2012 23:38:39</date><id>12</id><polygon><username>sandy</username><pt><x>399</x><y>41</y></pt><pt><x>407</x><y>43</y></pt><pt><x>414</x><y>41</y></pt><pt><x>419</x><y>39</y></pt><pt><x>428</x><y>40</y></pt><pt><x>433</x><y>42</y></pt><pt><x>432</x><y>44</y></pt><pt><x>434</x><y>54</y></pt><pt><x>434</x><y>62</y></pt><pt><x>433</x><y>63</y></pt><pt><x>386</x><y>59</y></pt><pt><x>385</x><y>56</y></pt><pt><x>387</x><y>52</y></pt><pt><x>387</x><y>49</y></pt><pt><x>385</x><y>47</y></pt><pt><x>384</x><y>44</y></pt><pt><x>388</x><y>41</y></pt></polygon></object><object><name>plates</name><deleted>0</deleted><verified>0</verified><date>12-Jul-2012 23:38:39</date><id>13</id><polygon><username>sandy</username><pt><x>32</x><y>277</y></pt><pt><x>48</x><y>279</y></pt><pt><x>57</x><y>286</y></pt><pt><x>63</x><y>293</y></pt><pt><x>67</x><y>303</y></pt><pt><x>69</x><y>311</y></pt><pt><x>68</x><y>335</y></pt><pt><x>58</x><y>343</y></pt><pt><x>50</x><y>348</y></pt><pt><x>45</x><y>349</y></pt><pt><x>24</x><y>352</y></pt><pt><x>12</x><y>343</y></pt><pt><x>7</x><y>339</y></pt><pt><x>2</x><y>333</y></pt><pt><x>0</x><y>328</y></pt><pt><x>2</x><y>299</y></pt><pt><x>7</x><y>290</y></pt><pt><x>12</x><y>286</y></pt><pt><x>18</x><y>281</y></pt><pt><x>24</x><y>278</y></pt></polygon></object><object><name>vase</name><deleted>0</deleted><verified>0</verified><date>12-Jul-2012 23:38:39</date><id>14</id><polygon><username>sandy</username><pt><x>209</x><y>281</y></pt><pt><x>213</x><y>292</y></pt><pt><x>214</x><y>297</y></pt><pt><x>215</x><y>305</y></pt><pt><x>217</x><y>311</y></pt><pt><x>220</x><y>327</y></pt><pt><x>237</x><y>330</y></pt><pt><x>237</x><y>311</y></pt><pt><x>240</x><y>301</y></pt><pt><x>241</x><y>293</y></pt><pt><x>248</x><y>279</y></pt><pt><x>226</x><y>278</y></pt></polygon></object><object><name>vase</name><deleted>0</deleted><verified>0</verified><date>12-Jul-2012 23:38:39</date><id>15</id><polygon><username>sandy</username><pt><x>18</x><y>46</y></pt><pt><x>36</x><y>45</y></pt><pt><x>40</x><y>66</y></pt><pt><x>42</x><y>79</y></pt><pt><x>40</x><y>106</y></pt><pt><x>18</x><y>108</y></pt><pt><x>14</x><y>94</y></pt><pt><x>14</x><y>82</y></pt><pt><x>14</x><y>66</y></pt><pt><x>18</x><y>56</y></pt></polygon></object><object><name>jug</name><deleted>0</deleted><verified>0</verified><date>12-Jul-2012 23:38:39</date><id>16</id><polygon><username>sandy</username><pt><x>32</x><y>79</y></pt><pt><x>30</x><y>71</y></pt><pt><x>34</x><y>68</y></pt><pt><x>40</x><y>69</y></pt><pt><x>40</x><y>74</y></pt><pt><x>39</x><y>78</y></pt><pt><x>43</x><y>84</y></pt><pt><x>52</x><y>76</y></pt><pt><x>57</x><y>73</y></pt><pt><x>48</x><y>96</y></pt><pt><x>47</x><y>104</y></pt><pt><x>46</x><y>108</y></pt><pt><x>26</x><y>109</y></pt><pt><x>23</x><y>101</y></pt><pt><x>22</x><y>96</y></pt><pt><x>19</x><y>93</y></pt><pt><x>16</x><y>90</y></pt><pt><x>16</x><y>83</y></pt><pt><x>17</x><y>79</y></pt><pt><x>20</x><y>75</y></pt><pt><x>24</x><y>75</y></pt></polygon></object><object><name>jar</name><deleted>0</deleted><verified>0</verified><date>12-Jul-2012 23:38:39</date><id>17</id><polygon><username>sandy</username><pt><x>57</x><y>305</y></pt><pt><x>68</x><y>306</y></pt><pt><x>71</x><y>307</y></pt><pt><x>71</x><y>320</y></pt><pt><x>72</x><y>329</y></pt><pt><x>73</x><y>348</y></pt><pt><x>60</x><y>349</y></pt><pt><x>44</x><y>349</y></pt><pt><x>39</x><y>352</y></pt><pt><x>26</x><y>355</y></pt><pt><x>12</x><y>354</y></pt><pt><x>7</x><y>353</y></pt><pt><x>6</x><y>323</y></pt><pt><x>10</x><y>320</y></pt><pt><x>11</x><y>315</y></pt><pt><x>6</x><y>314</y></pt><pt><x>8</x><y>312</y></pt><pt><x>22</x><y>310</y></pt><pt><x>34</x><y>310</y></pt><pt><x>39</x><y>310</y></pt><pt><x>44</x><y>308</y></pt><pt><x>51</x><y>307</y></pt></polygon></object><object><name>jar</name><deleted>0</deleted><verified>0</verified><date>12-Jul-2012 23:38:39</date><id>18</id><polygon><username>sandy</username><pt><x>131</x><y>302</y></pt><pt><x>140</x><y>300</y></pt><pt><x>146</x><y>300</y></pt><pt><x>152</x><y>300</y></pt><pt><x>153</x><y>302</y></pt><pt><x>150</x><y>306</y></pt><pt><x>153</x><y>311</y></pt><pt><x>154</x><y>335</y></pt><pt><x>144</x><y>337</y></pt><pt><x>136</x><y>336</y></pt><pt><x>130</x><y>336</y></pt><pt><x>126</x><y>339</y></pt><pt><x>115</x><y>340</y></pt><pt><x>108</x><y>339</y></pt><pt><x>110</x><y>305</y></pt><pt><x>116</x><y>302</y></pt><pt><x>123</x><y>303</y></pt></polygon></object><object><name>utensils</name><deleted>0</deleted><verified>0</verified><date>12-Jul-2012 23:38:39</date><id>19</id><polygon><username>sandy</username><pt><x>708</x><y>281</y></pt><pt><x>738</x><y>282</y></pt><pt><x>749</x><y>276</y></pt><pt><x>748</x><y>268</y></pt><pt><x>741</x><y>263</y></pt><pt><x>740</x><y>260</y></pt><pt><x>742</x><y>255</y></pt><pt><x>736</x><y>251</y></pt><pt><x>737</x><y>242</y></pt><pt><x>733</x><y>238</y></pt><pt><x>728</x><y>238</y></pt><pt><x>721</x><y>237</y></pt><pt><x>715</x><y>242</y></pt><pt><x>712</x><y>240</y></pt><pt><x>705</x><y>238</y></pt><pt><x>701</x><y>244</y></pt><pt><x>701</x><y>250</y></pt><pt><x>692</x><y>251</y></pt><pt><x>689</x><y>253</y></pt><pt><x>688</x><y>258</y></pt><pt><x>688</x><y>263</y></pt><pt><x>685</x><y>269</y></pt><pt><x>686</x><y>281</y></pt><pt><x>694</x><y>286</y></pt></polygon></object><object><name>dishrack</name><deleted>0</deleted><verified>0</verified><date>12-Jul-2012 23:38:39</date><id>20</id><polygon><username>sandy</username><pt><x>400</x><y>308</y></pt><pt><x>429</x><y>299</y></pt><pt><x>428</x><y>294</y></pt><pt><x>408</x><y>284</y></pt><pt><x>425</x><y>274</y></pt><pt><x>424</x><y>271</y></pt><pt><x>384</x><y>260</y></pt><pt><x>344</x><y>266</y></pt><pt><x>375</x><y>291</y></pt><pt><x>364</x><y>299</y></pt><pt><x>350</x><y>301</y></pt><pt><x>352</x><y>304</y></pt><pt><x>358</x><y>306</y></pt><pt><x>365</x><y>306</y></pt></polygon></object><object><name>flowers</name><deleted>0</deleted><verified>0</verified><date>12-Jul-2012 23:38:39</date><id>21</id><polygon><username>sandy</username><pt><x>209</x><y>225</y></pt><pt><x>217</x><y>230</y></pt><pt><x>223</x><y>229</y></pt><pt><x>231</x><y>230</y></pt><pt><x>236</x><y>226</y></pt><pt><x>240</x><y>220</y></pt><pt><x>247</x><y>218</y></pt><pt><x>252</x><y>221</y></pt><pt><x>252</x><y>233</y></pt><pt><x>252</x><y>241</y></pt><pt><x>256</x><y>241</y></pt><pt><x>264</x><y>241</y></pt><pt><x>265</x><y>245</y></pt><pt><x>261</x><y>250</y></pt><pt><x>256</x><y>257</y></pt><pt><x>254</x><y>265</y></pt><pt><x>251</x><y>272</y></pt><pt><x>244</x><y>279</y></pt><pt><x>230</x><y>282</y></pt><pt><x>211</x><y>281</y></pt><pt><x>207</x><y>281</y></pt><pt><x>199</x><y>282</y></pt><pt><x>189</x><y>285</y></pt><pt><x>185</x><y>282</y></pt><pt><x>187</x><y>278</y></pt><pt><x>192</x><y>277</y></pt><pt><x>192</x><y>271</y></pt><pt><x>191</x><y>267</y></pt><pt><x>187</x><y>270</y></pt><pt><x>182</x><y>272</y></pt><pt><x>179</x><y>271</y></pt><pt><x>184</x><y>268</y></pt><pt><x>185</x><y>260</y></pt><pt><x>185</x><y>255</y></pt><pt><x>187</x><y>250</y></pt><pt><x>190</x><y>247</y></pt><pt><x>187</x><y>242</y></pt><pt><x>187</x><y>237</y></pt><pt><x>185</x><y>230</y></pt><pt><x>188</x><y>226</y></pt><pt><x>195</x><y>223</y></pt><pt><x>200</x><y>223</y></pt></polygon></object><object><name>bottle</name><deleted>0</deleted><verified>0</verified><date>12-Jul-2012 23:38:39</date><id>22</id><polygon><username>sandy</username><pt><x>463</x><y>312</y></pt><pt><x>466</x><y>326</y></pt><pt><x>467</x><y>333</y></pt><pt><x>467</x><y>344</y></pt><pt><x>466</x><y>359</y></pt><pt><x>449</x><y>358</y></pt><pt><x>446</x><y>343</y></pt><pt><x>447</x><y>322</y></pt><pt><x>450</x><y>316</y></pt><pt><x>453</x><y>299</y></pt><pt><x>455</x><y>291</y></pt><pt><x>459</x><y>292</y></pt><pt><x>459</x><y>300</y></pt></polygon></object><object><name>dish</name><deleted>0</deleted><verified>0</verified><date>12-Jul-2012 23:38:39</date><id>23</id><polygon><username>sandy</username><pt><x>381</x><y>288</y></pt><pt><x>380</x><y>284</y></pt><pt><x>380</x><y>274</y></pt><pt><x>381</x><y>271</y></pt><pt><x>384</x><y>267</y></pt><pt><x>389</x><y>265</y></pt><pt><x>394</x><y>263</y></pt><pt><x>401</x><y>263</y></pt><pt><x>406</x><y>264</y></pt><pt><x>409</x><y>267</y></pt><pt><x>408</x><y>270</y></pt><pt><x>404</x><y>274</y></pt><pt><x>396</x><y>279</y></pt><pt><x>390</x><y>283</y></pt></polygon></object><object><name>cup</name><deleted>0</deleted><verified>0</verified><date>12-Jul-2012 23:38:39</date><id>24</id><polygon><username>sandy</username><pt><x>399</x><y>291</y></pt><pt><x>407</x><y>289</y></pt><pt><x>413</x><y>288</y></pt><pt><x>420</x><y>289</y></pt><pt><x>424</x><y>293</y></pt><pt><x>418</x><y>297</y></pt><pt><x>399</x><y>306</y></pt><pt><x>387</x><y>306</y></pt><pt><x>384</x><y>304</y></pt><pt><x>389</x><y>298</y></pt><pt><x>392</x><y>295</y></pt></polygon></object><object><name>drawers</name><deleted>0</deleted><verified>0</verified><date>12-Jul-2012 23:38:39</date><id>25</id><polygon><username>sandy</username><pt><x>351</x><y>453</y></pt><pt><x>353</x><y>498</y></pt><pt><x>448</x><y>467</y></pt><pt><x>445</x><y>427</y></pt></polygon></object><object><name>drawers</name><deleted>0</deleted><verified>0</verified><date>12-Jul-2012 23:38:39</date><id>26</id><polygon><username>sandy</username><pt><x>457</x><y>425</y></pt><pt><x>460</x><y>466</y></pt><pt><x>535</x><y>440</y></pt><pt><x>531</x><y>398</y></pt></polygon></object><object><name>drawers</name><deleted>0</deleted><verified>0</verified><date>12-Jul-2012 23:38:39</date><id>27</id><polygon><username>sandy</username><pt><x>541</x><y>397</y></pt><pt><x>541</x><y>435</y></pt><pt><x>604</x><y>411</y></pt><pt><x>603</x><y>379</y></pt></polygon></object><object><name>drawers</name><deleted>0</deleted><verified>0</verified><date>12-Jul-2012 23:38:39</date><id>28</id><polygon><username>sandy</username><pt><x>340</x><y>340</y></pt><pt><x>340</x><y>364</y></pt><pt><x>272</x><y>376</y></pt><pt><x>274</x><y>348</y></pt></polygon></object><object><name>drawers</name><deleted>0</deleted><verified>0</verified><date>12-Jul-2012 23:38:39</date><id>29</id><polygon><username>sandy</username><pt><x>404</x><y>324</y></pt><pt><x>404</x><y>348</y></pt><pt><x>350</x><y>357</y></pt><pt><x>347</x><y>357</y></pt><pt><x>348</x><y>338</y></pt></polygon></object><object><name>drawers</name><deleted>0</deleted><verified>0</verified><date>12-Jul-2012 23:38:39</date><id>30</id><polygon><username>sandy</username><pt><x>412</x><y>325</y></pt><pt><x>462</x><y>315</y></pt><pt><x>462</x><y>335</y></pt><pt><x>410</x><y>346</y></pt></polygon></object><object><name>drawers</name><deleted>0</deleted><verified>0</verified><date>12-Jul-2012 23:38:39</date><id>31</id><polygon><username>sandy</username><pt><x>532</x><y>317</y></pt><pt><x>530</x><y>341</y></pt><pt><x>475</x><y>331</y></pt><pt><x>477</x><y>314</y></pt></polygon></object><object><name>drawers</name><deleted>0</deleted><verified>0</verified><date>12-Jul-2012 23:38:39</date><id>32</id><polygon><username>sandy</username><pt><x>53</x><y>391</y></pt><pt><x>54</x><y>421</y></pt><pt><x>145</x><y>402</y></pt><pt><x>145</x><y>372</y></pt></polygon></object><object><name>drawers</name><deleted>0</deleted><verified>0</verified><date>12-Jul-2012 23:38:39</date><id>33</id><polygon><username>sandy</username><pt><x>56</x><y>497</y></pt><pt><x>150</x><y>471</y></pt><pt><x>149</x><y>405</y></pt><pt><x>52</x><y>428</y></pt></polygon></object><object><name>drawers</name><deleted>0</deleted><verified>0</verified><date>12-Jul-2012 23:38:39</date><id>34</id><polygon><username>sandy</username><pt><x>56</x><y>576</y></pt><pt><x>150</x><y>544</y></pt><pt><x>149</x><y>476</y></pt><pt><x>56</x><y>503</y></pt></polygon></object><object><name>mayonnaise</name><deleted>0</deleted><verified>0</verified><date>12-Jul-2012 23:38:39</date><id>35</id><polygon><username>sandy</username><pt><x>367</x><y>358</y></pt><pt><x>372</x><y>360</y></pt><pt><x>373</x><y>367</y></pt><pt><x>377</x><y>370</y></pt><pt><x>377</x><y>391</y></pt><pt><x>374</x><y>396</y></pt><pt><x>363</x><y>395</y></pt><pt><x>360</x><y>393</y></pt><pt><x>358</x><y>371</y></pt><pt><x>359</x><y>364</y></pt><pt><x>360</x><y>359</y></pt></polygon></object><object><name>jar</name><deleted>0</deleted><verified>0</verified><date>12-Jul-2012 23:38:39</date><id>36</id><polygon><username>sandy</username><pt><x>341</x><y>385</y></pt><pt><x>346</x><y>394</y></pt><pt><x>357</x><y>399</y></pt><pt><x>363</x><y>397</y></pt><pt><x>365</x><y>395</y></pt><pt><x>368</x><y>391</y></pt><pt><x>368</x><y>385</y></pt><pt><x>367</x><y>380</y></pt><pt><x>363</x><y>378</y></pt><pt><x>349</x><y>375</y></pt><pt><x>343</x><y>375</y></pt><pt><x>340</x><y>377</y></pt></polygon></object><object><name>container</name><deleted>0</deleted><verified>0</verified><date>12-Jul-2012 23:38:39</date><id>37</id><polygon><username>sandy</username><pt><x>497</x><y>52</y></pt><pt><x>499</x><y>62</y></pt><pt><x>532</x><y>59</y></pt><pt><x>530</x><y>45</y></pt><pt><x>517</x><y>43</y></pt><pt><x>518</x><y>42</y></pt><pt><x>511</x><y>42</y></pt><pt><x>510</x><y>45</y></pt><pt><x>501</x><y>47</y></pt></polygon></object><object><name>jar</name><deleted>0</deleted><verified>0</verified><date>12-Jul-2012 23:38:39</date><id>38</id><polygon><username>sandy</username><pt><x>585</x><y>272</y></pt><pt><x>586</x><y>280</y></pt><pt><x>586</x><y>289</y></pt><pt><x>583</x><y>297</y></pt><pt><x>568</x><y>298</y></pt><pt><x>564</x><y>294</y></pt><pt><x>565</x><y>287</y></pt><pt><x>565</x><y>278</y></pt><pt><x>568</x><y>270</y></pt><pt><x>564</x><y>266</y></pt><pt><x>573</x><y>262</y></pt><pt><x>574</x><y>258</y></pt><pt><x>578</x><y>259</y></pt><pt><x>577</x><y>262</y></pt><pt><x>582</x><y>266</y></pt></polygon></object><object><name>tap</name><deleted>0</deleted><verified>0</verified><date>12-Jul-2012 23:38:39</date><id>39</id><polygon><username>sandy</username><pt><x>298</x><y>307</y></pt><pt><x>297</x><y>297</y></pt><pt><x>303</x><y>296</y></pt><pt><x>303</x><y>293</y></pt><pt><x>296</x><y>293</y></pt><pt><x>293</x><y>292</y></pt><pt><x>289</x><y>293</y></pt><pt><x>289</x><y>295</y></pt><pt><x>288</x><y>298</y></pt><pt><x>289</x><y>305</y></pt><pt><x>281</x><y>306</y></pt><pt><x>282</x><y>295</y></pt><pt><x>280</x><y>275</y></pt><pt><x>283</x><y>268</y></pt><pt><x>284</x><y>267</y></pt><pt><x>287</x><y>268</y></pt><pt><x>287</x><y>271</y></pt><pt><x>290</x><y>272</y></pt><pt><x>293</x><y>271</y></pt><pt><x>294</x><y>263</y></pt><pt><x>289</x><y>263</y></pt><pt><x>284</x><y>262</y></pt><pt><x>280</x><y>263</y></pt><pt><x>277</x><y>266</y></pt><pt><x>275</x><y>271</y></pt><pt><x>275</x><y>305</y></pt><pt><x>271</x><y>307</y></pt><pt><x>271</x><y>298</y></pt><pt><x>267</x><y>296</y></pt><pt><x>263</x><y>296</y></pt><pt><x>263</x><y>296</y></pt><pt><x>256</x><y>297</y></pt><pt><x>255</x><y>298</y></pt><pt><x>260</x><y>299</y></pt><pt><x>260</x><y>302</y></pt><pt><x>260</x><y>307</y></pt><pt><x>259</x><y>310</y></pt><pt><x>258</x><y>313</y></pt><pt><x>260</x><y>314</y></pt><pt><x>264</x><y>313</y></pt><pt><x>268</x><y>312</y></pt></polygon></object><object><name>cutlery</name><deleted>0</deleted><verified>0</verified><date>12-Jul-2012 23:38:39</date><id>40</id><polygon><username>sandy</username><pt><x>407</x><y>389</y></pt><pt><x>412</x><y>391</y></pt><pt><x>418</x><y>384</y></pt><pt><x>421</x><y>387</y></pt><pt><x>428</x><y>388</y></pt><pt><x>427</x><y>383</y></pt><pt><x>423</x><y>380</y></pt><pt><x>421</x><y>372</y></pt><pt><x>415</x><y>371</y></pt><pt><x>412</x><y>372</y></pt><pt><x>411</x><y>379</y></pt></polygon></object><object><name>sandwich</name><deleted>0</deleted><verified>0</verified><date>12-Jul-2012 23:38:39</date><id>41</id><polygon><username>sandy</username><pt><x>390</x><y>373</y></pt><pt><x>391</x><y>383</y></pt><pt><x>401</x><y>386</y></pt><pt><x>411</x><y>382</y></pt><pt><x>416</x><y>379</y></pt><pt><x>408</x><y>364</y></pt><pt><x>398</x><y>365</y></pt><pt><x>393</x><y>368</y></pt></polygon></object><object><name>sandwich</name><deleted>0</deleted><verified>0</verified><date>12-Jul-2012 23:38:39</date><id>42</id><polygon><username>sandy</username><pt><x>424</x><y>358</y></pt><pt><x>441</x><y>361</y></pt><pt><x>444</x><y>359</y></pt><pt><x>468</x><y>362</y></pt><pt><x>469</x><y>365</y></pt><pt><x>471</x><y>368</y></pt><pt><x>469</x><y>371</y></pt><pt><x>471</x><y>379</y></pt><pt><x>472</x><y>380</y></pt><pt><x>469</x><y>383</y></pt><pt><x>461</x><y>383</y></pt><pt><x>439</x><y>381</y></pt><pt><x>439</x><y>374</y></pt><pt><x>424</x><y>377</y></pt><pt><x>417</x><y>373</y></pt><pt><x>419</x><y>366</y></pt><pt><x>421</x><y>362</y></pt></polygon></object><object><name>sandwich</name><deleted>0</deleted><verified>0</verified><date>12-Jul-2012 23:38:39</date><id>43</id><polygon><username>sandy</username><pt><x>520</x><y>350</y></pt><pt><x>530</x><y>350</y></pt><pt><x>538</x><y>353</y></pt><pt><x>540</x><y>356</y></pt><pt><x>542</x><y>364</y></pt><pt><x>536</x><y>365</y></pt><pt><x>523</x><y>365</y></pt><pt><x>517</x><y>362</y></pt><pt><x>512</x><y>360</y></pt><pt><x>513</x><y>354</y></pt><pt><x>516</x><y>351</y></pt></polygon></object><object><name>towel</name><deleted>0</deleted><verified>0</verified><date>12-Jul-2012 23:38:39</date><id>44</id><polygon><username>sandy</username><pt><x>266</x><y>359</y></pt><pt><x>274</x><y>341</y></pt><pt><x>287</x><y>335</y></pt><pt><x>283</x><y>330</y></pt><pt><x>272</x><y>332</y></pt><pt><x>266</x><y>327</y></pt><pt><x>240</x><y>330</y></pt><pt><x>230</x><y>331</y></pt><pt><x>221</x><y>328</y></pt><pt><x>211</x><y>327</y></pt><pt><x>202</x><y>328</y></pt><pt><x>204</x><y>337</y></pt><pt><x>225</x><y>341</y></pt><pt><x>238</x><y>344</y></pt><pt><x>248</x><y>353</y></pt><pt><x>260</x><y>359</y></pt></polygon></object><object><name>blind</name><deleted>0</deleted><verified>0</verified><date>12-Jul-2012 23:38:39</date><id>45</id><polygon><username>sandy</username><pt><x>229</x><y>68</y></pt><pt><x>332</x><y>78</y></pt><pt><x>339</x><y>159</y></pt><pt><x>229</x><y>157</y></pt></polygon></object><object><name>board</name><deleted>0</deleted><verified>0</verified><date>12-Jul-2012 23:38:39</date><id>46</id><polygon><username>sandy</username><pt><x>526</x><y>234</y></pt><pt><x>580</x><y>234</y></pt><pt><x>578</x><y>278</y></pt><pt><x>523</x><y>276</y></pt></polygon></object><object><name>book</name><deleted>0</deleted><verified>0</verified><date>12-Jul-2012 23:38:39</date><id>47</id><polygon><username>sandy</username><pt><x>74</x><y>277</y></pt><pt><x>92</x><y>285</y></pt><pt><x>96</x><y>292</y></pt><pt><x>106</x><y>293</y></pt><pt><x>111</x><y>341</y></pt><pt><x>95</x><y>347</y></pt><pt><x>89</x><y>348</y></pt><pt><x>67</x><y>340</y></pt><pt><x>61</x><y>279</y></pt></polygon></object><object><name>dishwasher</name><deleted>0</deleted><verified>0</verified><date>12-Jul-2012 23:38:39</date><id>48</id><polygon><username>sandy</username><pt><x>145</x><y>563</y></pt><pt><x>152</x><y>366</y></pt><pt><x>268</x><y>346</y></pt><pt><x>272</x><y>524</y></pt></polygon></object><object><name>microwave</name><deleted>0</deleted><verified>0</verified><date>12-Jul-2012 23:38:39</date><id>49</id><polygon><username>sandy</username><pt><x>563</x><y>160</y></pt><pt><x>563</x><y>213</y></pt><pt><x>690</x><y>217</y></pt><pt><x>686</x><y>156</y></pt></polygon></object><object><name>oven</name><deleted>0</deleted><verified>0</verified><date>12-Jul-2012 23:38:39</date><id>50</id><polygon><username>sandy</username><pt><x>595</x><y>243</y></pt><pt><x>713</x><y>250</y></pt><pt><x>710</x><y>307</y></pt><pt><x>710</x><y>481</y></pt><pt><x>657</x><y>505</y></pt><pt><x>542</x><y>480</y></pt><pt><x>535</x><y>315</y></pt><pt><x>591</x><y>296</y></pt><pt><x>590</x><y>278</y></pt></polygon></object><object><name>shelves</name><deleted>0</deleted><verified>0</verified><date>12-Jul-2012 23:38:39</date><id>51</id><polygon><username>sandy</username><pt><x>12</x><y>247</y></pt><pt><x>47</x><y>251</y></pt><pt><x>68</x><y>249</y></pt><pt><x>66</x><y>47</y></pt><pt><x>4</x><y>47</y></pt></polygon></object><object><name>hob</name><deleted>0</deleted><verified>0</verified><date>12-Jul-2012 23:38:39</date><id>52</id><polygon><username>sandy</username><pt><x>664</x><y>303</y></pt><pt><x>679</x><y>305</y></pt><pt><x>685</x><y>307</y></pt><pt><x>683</x><y>310</y></pt><pt><x>676</x><y>313</y></pt><pt><x>668</x><y>316</y></pt><pt><x>664</x><y>316</y></pt><pt><x>661</x><y>318</y></pt><pt><x>653</x><y>320</y></pt><pt><x>645</x><y>320</y></pt><pt><x>637</x><y>320</y></pt><pt><x>630</x><y>319</y></pt><pt><x>627</x><y>315</y></pt><pt><x>628</x><y>312</y></pt><pt><x>634</x><y>310</y></pt><pt><x>641</x><y>310</y></pt><pt><x>644</x><y>310</y></pt><pt><x>645</x><y>307</y></pt><pt><x>648</x><y>305</y></pt><pt><x>655</x><y>303</y></pt></polygon></object><object><name>hob</name><deleted>0</deleted><verified>0</verified><date>12-Jul-2012 23:38:39</date><id>53</id><polygon><username>sandy</username><pt><x>570</x><y>311</y></pt><pt><x>581</x><y>313</y></pt><pt><x>591</x><y>311</y></pt><pt><x>595</x><y>310</y></pt><pt><x>598</x><y>307</y></pt><pt><x>601</x><y>306</y></pt><pt><x>606</x><y>305</y></pt><pt><x>610</x><y>304</y></pt><pt><x>613</x><y>303</y></pt><pt><x>610</x><y>301</y></pt><pt><x>607</x><y>299</y></pt><pt><x>600</x><y>299</y></pt><pt><x>591</x><y>299</y></pt><pt><x>586</x><y>299</y></pt><pt><x>582</x><y>300</y></pt><pt><x>579</x><y>302</y></pt><pt><x>574</x><y>302</y></pt><pt><x>569</x><y>303</y></pt><pt><x>564</x><y>304</y></pt><pt><x>560</x><y>305</y></pt><pt><x>558</x><y>308</y></pt><pt><x>560</x><y>310</y></pt></polygon></object><object><name>cupboard</name><deleted>0</deleted><verified>0</verified><date>12-Jul-2012 23:38:39</date><id>54</id><polygon><username>sandy</username><pt><x>352</x><y>506</y></pt><pt><x>605</x><y>418</y></pt><pt><x>612</x><y>568</y></pt><pt><x>554</x><y>598</y></pt><pt><x>352</x><y>599</y></pt></polygon></object><object><name>cupboard</name><deleted>0</deleted><verified>0</verified><date>12-Jul-2012 23:38:39</date><id>55</id><polygon><username>sandy</username><pt><x>224</x><y>61</y></pt><pt><x>68</x><y>48</y></pt><pt><x>70</x><y>248</y></pt><pt><x>230</x><y>238</y></pt></polygon></object><object><name>cupboard</name><deleted>0</deleted><verified>0</verified><date>12-Jul-2012 23:38:39</date><id>56</id><polygon><username>sandy</username><pt><x>330</x><y>71</y></pt><pt><x>366</x><y>71</y></pt><pt><x>468</x><y>77</y></pt><pt><x>798</x><y>42</y></pt><pt><x>798</x><y>229</y></pt><pt><x>785</x><y>231</y></pt><pt><x>691</x><y>224</y></pt><pt><x>690</x><y>137</y></pt><pt><x>565</x><y>140</y></pt><pt><x>571</x><y>223</y></pt><pt><x>465</x><y>217</y></pt><pt><x>365</x><y>225</y></pt><pt><x>339</x><y>224</y></pt><pt><x>330</x><y>220</y></pt></polygon></object><imagesize><nrows>600</nrows><ncols>800</ncols></imagesize></annotation>