<annotation><filename>k_kitchen_cooking.jpg</filename><folder>100images</folder><source><sourceImage>The MIT-CSAIL database of objects and scenes</sourceImage><sourceAnnotation>LabelMe Webtool</sourceAnnotation></source><object><name>man</name><deleted>0</deleted><verified>0</verified><date>27-Jun-2012 22:48:10</date><id>0</id><polygon><username>sandy</username><pt><x>383</x><y>242</y></pt><pt><x>400</x><y>250</y></pt><pt><x>409</x><y>262</y></pt><pt><x>413</x><y>296</y></pt><pt><x>420</x><y>349</y></pt><pt><x>422</x><y>401</y></pt><pt><x>420</x><y>404</y></pt><pt><x>420</x><y>427</y></pt><pt><x>414</x><y>438</y></pt><pt><x>414</x><y>468</y></pt><pt><x>412</x><y>482</y></pt><pt><x>414</x><y>493</y></pt><pt><x>420</x><y>516</y></pt><pt><x>421</x><y>544</y></pt><pt><x>418</x><y>564</y></pt><pt><x>419</x><y>587</y></pt><pt><x>420</x><y>598</y></pt><pt><x>379</x><y>596</y></pt><pt><x>373</x><y>566</y></pt><pt><x>370</x><y>544</y></pt><pt><x>368</x><y>522</y></pt><pt><x>367</x><y>511</y></pt><pt><x>349</x><y>503</y></pt><pt><x>344</x><y>413</y></pt><pt><x>342</x><y>382</y></pt><pt><x>337</x><y>330</y></pt><pt><x>336</x><y>314</y></pt><pt><x>337</x><y>293</y></pt><pt><x>341</x><y>280</y></pt><pt><x>344</x><y>270</y></pt><pt><x>342</x><y>264</y></pt><pt><x>335</x><y>260</y></pt><pt><x>329</x><y>258</y></pt><pt><x>322</x><y>252</y></pt><pt><x>318</x><y>251</y></pt><pt><x>308</x><y>247</y></pt><pt><x>305</x><y>239</y></pt><pt><x>305</x><y>227</y></pt><pt><x>310</x><y>218</y></pt><pt><x>316</x><y>211</y></pt><pt><x>328</x><y>206</y></pt><pt><x>337</x><y>206</y></pt><pt><x>346</x><y>210</y></pt><pt><x>354</x><y>215</y></pt><pt><x>360</x><y>221</y></pt><pt><x>364</x><y>228</y></pt><pt><x>365</x><y>239</y></pt><pt><x>370</x><y>242</y></pt></polygon></object><object><name>man</name><deleted>0</deleted><verified>0</verified><date>27-Jun-2012 22:48:10</date><id>1</id><polygon><username>sandy</username><pt><x>324</x><y>596</y></pt><pt><x>324</x><y>552</y></pt><pt><x>325</x><y>498</y></pt><pt><x>326</x><y>446</y></pt><pt><x>335</x><y>431</y></pt><pt><x>337</x><y>407</y></pt><pt><x>340</x><y>366</y></pt><pt><x>336</x><y>324</y></pt><pt><x>328</x><y>298</y></pt><pt><x>314</x><y>276</y></pt><pt><x>302</x><y>271</y></pt><pt><x>283</x><y>265</y></pt><pt><x>277</x><y>259</y></pt><pt><x>278</x><y>253</y></pt><pt><x>281</x><y>244</y></pt><pt><x>284</x><y>234</y></pt><pt><x>283</x><y>223</y></pt><pt><x>280</x><y>216</y></pt><pt><x>274</x><y>208</y></pt><pt><x>263</x><y>204</y></pt><pt><x>246</x><y>210</y></pt><pt><x>239</x><y>214</y></pt><pt><x>234</x><y>218</y></pt><pt><x>234</x><y>228</y></pt><pt><x>234</x><y>235</y></pt><pt><x>240</x><y>245</y></pt><pt><x>244</x><y>253</y></pt><pt><x>241</x><y>262</y></pt><pt><x>227</x><y>275</y></pt><pt><x>209</x><y>292</y></pt><pt><x>203</x><y>299</y></pt><pt><x>202</x><y>312</y></pt><pt><x>200</x><y>380</y></pt><pt><x>205</x><y>396</y></pt><pt><x>218</x><y>416</y></pt><pt><x>222</x><y>451</y></pt><pt><x>227</x><y>472</y></pt><pt><x>236</x><y>500</y></pt><pt><x>242</x><y>538</y></pt><pt><x>250</x><y>569</y></pt><pt><x>254</x><y>590</y></pt><pt><x>254</x><y>599</y></pt></polygon></object><object><name>woman</name><deleted>0</deleted><verified>0</verified><date>27-Jun-2012 22:48:10</date><id>2</id><polygon><username>sandy</username><pt><x>574</x><y>389</y></pt><pt><x>576</x><y>354</y></pt><pt><x>576</x><y>322</y></pt><pt><x>574</x><y>305</y></pt><pt><x>570</x><y>298</y></pt><pt><x>564</x><y>290</y></pt><pt><x>563</x><y>286</y></pt><pt><x>559</x><y>276</y></pt><pt><x>560</x><y>270</y></pt><pt><x>557</x><y>263</y></pt><pt><x>553</x><y>257</y></pt><pt><x>542</x><y>254</y></pt><pt><x>535</x><y>257</y></pt><pt><x>529</x><y>260</y></pt><pt><x>527</x><y>266</y></pt><pt><x>526</x><y>271</y></pt><pt><x>527</x><y>281</y></pt><pt><x>528</x><y>288</y></pt><pt><x>529</x><y>295</y></pt><pt><x>535</x><y>299</y></pt><pt><x>546</x><y>296</y></pt><pt><x>544</x><y>301</y></pt><pt><x>533</x><y>306</y></pt><pt><x>529</x><y>311</y></pt><pt><x>523</x><y>319</y></pt><pt><x>518</x><y>332</y></pt><pt><x>516</x><y>341</y></pt><pt><x>515</x><y>346</y></pt><pt><x>518</x><y>359</y></pt><pt><x>515</x><y>384</y></pt><pt><x>506</x><y>424</y></pt><pt><x>515</x><y>433</y></pt><pt><x>521</x><y>438</y></pt><pt><x>523</x><y>521</y></pt><pt><x>521</x><y>534</y></pt><pt><x>517</x><y>541</y></pt><pt><x>522</x><y>544</y></pt><pt><x>528</x><y>542</y></pt><pt><x>575</x><y>415</y></pt></polygon></object><object><name>fridge</name><deleted>0</deleted><verified>0</verified><date>27-Jun-2012 22:48:10</date><id>3</id><polygon><username>sandy</username><pt><x>169</x><y>322</y></pt><pt><x>187</x><y>596</y></pt><pt><x>24</x><y>595</y></pt><pt><x>2</x><y>334</y></pt></polygon></object><object><name>fridge</name><deleted>0</deleted><verified>0</verified><date>27-Jun-2012 22:48:10</date><id>4</id><polygon><username>sandy</username><pt><x>456</x><y>397</y></pt><pt><x>457</x><y>532</y></pt><pt><x>420</x><y>552</y></pt><pt><x>420</x><y>406</y></pt></polygon></object><object><name>microwave</name><deleted>0</deleted><verified>0</verified><date>27-Jun-2012 22:48:10</date><id>5</id><polygon><username>sandy</username><pt><x>118</x><y>244</y></pt><pt><x>119</x><y>318</y></pt><pt><x>10</x><y>324</y></pt><pt><x>5</x><y>324</y></pt><pt><x>2</x><y>247</y></pt></polygon></object><object><name>table</name><deleted>0</deleted><verified>0</verified><date>27-Jun-2012 22:48:10</date><id>6</id><polygon><username>sandy</username><pt><x>494</x><y>500</y></pt><pt><x>514</x><y>517</y></pt><pt><x>523</x><y>522</y></pt><pt><x>526</x><y>594</y></pt><pt><x>557</x><y>593</y></pt><pt><x>563</x><y>535</y></pt><pt><x>592</x><y>539</y></pt><pt><x>648</x><y>544</y></pt><pt><x>694</x><y>541</y></pt><pt><x>710</x><y>539</y></pt><pt><x>725</x><y>536</y></pt><pt><x>745</x><y>463</y></pt><pt><x>676</x><y>451</y></pt><pt><x>631</x><y>446</y></pt><pt><x>564</x><y>448</y></pt><pt><x>523</x><y>458</y></pt><pt><x>512</x><y>462</y></pt><pt><x>502</x><y>469</y></pt><pt><x>493</x><y>474</y></pt><pt><x>493</x><y>487</y></pt></polygon></object><object><name>window</name><deleted>0</deleted><verified>0</verified><date>27-Jun-2012 22:48:10</date><id>7</id><polygon><username>sandy</username><pt><x>674</x><y>214</y></pt><pt><x>674</x><y>364</y></pt><pt><x>792</x><y>364</y></pt><pt><x>791</x><y>212</y></pt><pt><x>791</x><y>208</y></pt></polygon></object><object><name>clock</name><deleted>0</deleted><verified>0</verified><date>27-Jun-2012 22:48:10</date><id>8</id><polygon><username>sandy</username><pt><x>745</x><y>174</y></pt><pt><x>749</x><y>187</y></pt><pt><x>745</x><y>198</y></pt><pt><x>737</x><y>206</y></pt><pt><x>727</x><y>208</y></pt><pt><x>719</x><y>205</y></pt><pt><x>714</x><y>205</y></pt><pt><x>708</x><y>202</y></pt><pt><x>707</x><y>194</y></pt><pt><x>706</x><y>185</y></pt><pt><x>708</x><y>176</y></pt><pt><x>712</x><y>169</y></pt><pt><x>719</x><y>164</y></pt><pt><x>730</x><y>166</y></pt><pt><x>737</x><y>166</y></pt></polygon></object><object><name>wine</name><deleted>0</deleted><verified>0</verified><date>27-Jun-2012 22:48:10</date><id>9</id><polygon><username>sandy</username><pt><x>595</x><y>482</y></pt><pt><x>595</x><y>428</y></pt><pt><x>590</x><y>414</y></pt><pt><x>590</x><y>403</y></pt><pt><x>588</x><y>398</y></pt><pt><x>580</x><y>401</y></pt><pt><x>580</x><y>415</y></pt><pt><x>570</x><y>431</y></pt><pt><x>574</x><y>484</y></pt></polygon></object><object><name>wine</name><deleted>0</deleted><verified>0</verified><date>27-Jun-2012 22:48:10</date><id>10</id><polygon><username>sandy</username><pt><x>606</x><y>416</y></pt><pt><x>605</x><y>400</y></pt><pt><x>613</x><y>397</y></pt><pt><x>614</x><y>425</y></pt><pt><x>623</x><y>436</y></pt><pt><x>619</x><y>487</y></pt><pt><x>598</x><y>485</y></pt><pt><x>599</x><y>436</y></pt></polygon></object><object><name>wine</name><deleted>0</deleted><verified>0</verified><date>27-Jun-2012 22:48:10</date><id>11</id><polygon><username>sandy</username><pt><x>646</x><y>515</y></pt><pt><x>646</x><y>455</y></pt><pt><x>640</x><y>442</y></pt><pt><x>638</x><y>413</y></pt><pt><x>631</x><y>413</y></pt><pt><x>630</x><y>448</y></pt><pt><x>624</x><y>455</y></pt><pt><x>624</x><y>515</y></pt></polygon></object><object><name>oil</name><deleted>0</deleted><verified>0</verified><date>27-Jun-2012 22:48:10</date><id>12</id><polygon><username>sandy</username><pt><x>749</x><y>450</y></pt><pt><x>766</x><y>438</y></pt><pt><x>766</x><y>424</y></pt><pt><x>784</x><y>426</y></pt><pt><x>782</x><y>438</y></pt><pt><x>798</x><y>460</y></pt><pt><x>799</x><y>581</y></pt><pt><x>775</x><y>580</y></pt><pt><x>745</x><y>575</y></pt><pt><x>746</x><y>506</y></pt><pt><x>749</x><y>482</y></pt></polygon></object><object><name>saucepan</name><deleted>0</deleted><verified>0</verified><date>27-Jun-2012 22:48:10</date><id>13</id><polygon><username>sandy</username><pt><x>468</x><y>355</y></pt><pt><x>469</x><y>370</y></pt><pt><x>490</x><y>368</y></pt><pt><x>491</x><y>358</y></pt><pt><x>509</x><y>350</y></pt><pt><x>499</x><y>348</y></pt><pt><x>491</x><y>353</y></pt><pt><x>476</x><y>352</y></pt></polygon></object><object><name>saucepan</name><deleted>0</deleted><verified>0</verified><date>27-Jun-2012 22:48:10</date><id>14</id><polygon><username>sandy</username><pt><x>431</x><y>350</y></pt><pt><x>432</x><y>366</y></pt><pt><x>458</x><y>362</y></pt><pt><x>461</x><y>354</y></pt><pt><x>478</x><y>348</y></pt><pt><x>469</x><y>343</y></pt><pt><x>457</x><y>348</y></pt><pt><x>442</x><y>349</y></pt></polygon></object><object><name>saucepan</name><deleted>0</deleted><verified>0</verified><date>27-Jun-2012 22:48:10</date><id>15</id><polygon><username>sandy</username><pt><x>308</x><y>156</y></pt><pt><x>306</x><y>137</y></pt><pt><x>325</x><y>133</y></pt><pt><x>323</x><y>128</y></pt><pt><x>307</x><y>128</y></pt><pt><x>307</x><y>120</y></pt><pt><x>286</x><y>115</y></pt><pt><x>272</x><y>116</y></pt><pt><x>263</x><y>116</y></pt><pt><x>260</x><y>120</y></pt><pt><x>260</x><y>151</y></pt></polygon></object><object><name>saucepan</name><deleted>0</deleted><verified>0</verified><date>27-Jun-2012 22:48:10</date><id>16</id><polygon><username>sandy</username><pt><x>286</x><y>181</y></pt><pt><x>286</x><y>211</y></pt><pt><x>340</x><y>212</y></pt><pt><x>341</x><y>193</y></pt><pt><x>361</x><y>187</y></pt><pt><x>360</x><y>180</y></pt><pt><x>341</x><y>184</y></pt><pt><x>338</x><y>180</y></pt><pt><x>317</x><y>179</y></pt><pt><x>296</x><y>181</y></pt></polygon></object><object><name>saucepan</name><deleted>0</deleted><verified>0</verified><date>27-Jun-2012 22:48:10</date><id>17</id><polygon><username>sandy</username><pt><x>587</x><y>284</y></pt><pt><x>598</x><y>293</y></pt><pt><x>602</x><y>304</y></pt><pt><x>600</x><y>318</y></pt><pt><x>590</x><y>326</y></pt><pt><x>581</x><y>334</y></pt><pt><x>575</x><y>331</y></pt><pt><x>566</x><y>289</y></pt><pt><x>572</x><y>284</y></pt><pt><x>575</x><y>260</y></pt><pt><x>584</x><y>256</y></pt></polygon></object><object><name>saucepan</name><deleted>0</deleted><verified>0</verified><date>27-Jun-2012 22:48:10</date><id>18</id><polygon><username>sandy</username><pt><x>512</x><y>290</y></pt><pt><x>506</x><y>296</y></pt><pt><x>502</x><y>299</y></pt><pt><x>502</x><y>308</y></pt><pt><x>505</x><y>320</y></pt><pt><x>511</x><y>324</y></pt><pt><x>517</x><y>326</y></pt><pt><x>523</x><y>326</y></pt><pt><x>535</x><y>310</y></pt><pt><x>538</x><y>298</y></pt><pt><x>530</x><y>290</y></pt><pt><x>524</x><y>288</y></pt><pt><x>521</x><y>259</y></pt><pt><x>515</x><y>262</y></pt></polygon></object><object><name>saucepan</name><deleted>0</deleted><verified>0</verified><date>27-Jun-2012 22:48:10</date><id>19</id><polygon><username>sandy</username><pt><x>496</x><y>338</y></pt><pt><x>502</x><y>326</y></pt><pt><x>502</x><y>317</y></pt><pt><x>497</x><y>307</y></pt><pt><x>487</x><y>301</y></pt><pt><x>486</x><y>278</y></pt><pt><x>482</x><y>278</y></pt><pt><x>482</x><y>306</y></pt><pt><x>475</x><y>308</y></pt><pt><x>470</x><y>312</y></pt><pt><x>467</x><y>318</y></pt><pt><x>468</x><y>325</y></pt><pt><x>472</x><y>332</y></pt><pt><x>476</x><y>335</y></pt><pt><x>482</x><y>338</y></pt></polygon></object><object><name>saucepan</name><deleted>0</deleted><verified>0</verified><date>27-Jun-2012 22:48:10</date><id>20</id><polygon><username>sandy</username><pt><x>454</x><y>341</y></pt><pt><x>460</x><y>332</y></pt><pt><x>463</x><y>324</y></pt><pt><x>463</x><y>316</y></pt><pt><x>461</x><y>310</y></pt><pt><x>452</x><y>304</y></pt><pt><x>448</x><y>281</y></pt><pt><x>449</x><y>307</y></pt><pt><x>444</x><y>311</y></pt><pt><x>442</x><y>318</y></pt><pt><x>439</x><y>326</y></pt><pt><x>442</x><y>335</y></pt></polygon></object><object><name>cooker</name><deleted>0</deleted><verified>0</verified><date>27-Jun-2012 22:48:10</date><id>21</id><polygon><username>sandy</username><pt><x>504</x><y>382</y></pt><pt><x>505</x><y>468</y></pt><pt><x>497</x><y>472</y></pt><pt><x>497</x><y>498</y></pt><pt><x>458</x><y>515</y></pt><pt><x>458</x><y>395</y></pt><pt><x>461</x><y>394</y></pt></polygon></object><object><name>cooker</name><deleted>0</deleted><verified>0</verified><date>27-Jun-2012 22:48:10</date><id>22</id><polygon><username>sandy</username><pt><x>334</x><y>587</y></pt><pt><x>383</x><y>565</y></pt><pt><x>376</x><y>415</y></pt><pt><x>319</x><y>438</y></pt></polygon></object><object><name>chandelier</name><deleted>0</deleted><verified>0</verified><date>27-Jun-2012 22:48:10</date><id>23</id><polygon><username>sandy</username><pt><x>678</x><y>160</y></pt><pt><x>684</x><y>152</y></pt><pt><x>695</x><y>150</y></pt><pt><x>696</x><y>143</y></pt><pt><x>707</x><y>142</y></pt><pt><x>704</x><y>137</y></pt><pt><x>696</x><y>136</y></pt><pt><x>696</x><y>128</y></pt><pt><x>697</x><y>120</y></pt><pt><x>696</x><y>116</y></pt><pt><x>690</x><y>114</y></pt><pt><x>684</x><y>115</y></pt><pt><x>682</x><y>125</y></pt><pt><x>674</x><y>116</y></pt><pt><x>673</x><y>113</y></pt><pt><x>676</x><y>104</y></pt><pt><x>670</x><y>101</y></pt><pt><x>664</x><y>98</y></pt><pt><x>659</x><y>103</y></pt><pt><x>658</x><y>113</y></pt><pt><x>661</x><y>119</y></pt><pt><x>659</x><y>128</y></pt><pt><x>647</x><y>127</y></pt><pt><x>631</x><y>132</y></pt><pt><x>607</x><y>134</y></pt><pt><x>594</x><y>133</y></pt><pt><x>589</x><y>137</y></pt><pt><x>589</x><y>127</y></pt><pt><x>581</x><y>126</y></pt><pt><x>581</x><y>118</y></pt><pt><x>583</x><y>112</y></pt><pt><x>581</x><y>104</y></pt><pt><x>575</x><y>103</y></pt><pt><x>569</x><y>104</y></pt><pt><x>566</x><y>112</y></pt><pt><x>570</x><y>119</y></pt><pt><x>570</x><y>130</y></pt><pt><x>568</x><y>128</y></pt><pt><x>563</x><y>124</y></pt><pt><x>557</x><y>127</y></pt><pt><x>554</x><y>131</y></pt><pt><x>556</x><y>139</y></pt><pt><x>553</x><y>145</y></pt><pt><x>553</x><y>150</y></pt><pt><x>548</x><y>152</y></pt><pt><x>546</x><y>154</y></pt><pt><x>541</x><y>151</y></pt><pt><x>540</x><y>145</y></pt><pt><x>535</x><y>143</y></pt><pt><x>534</x><y>130</y></pt><pt><x>532</x><y>120</y></pt><pt><x>527</x><y>119</y></pt><pt><x>521</x><y>121</y></pt><pt><x>520</x><y>127</y></pt><pt><x>523</x><y>138</y></pt><pt><x>521</x><y>139</y></pt><pt><x>517</x><y>144</y></pt><pt><x>517</x><y>150</y></pt><pt><x>526</x><y>152</y></pt><pt><x>538</x><y>155</y></pt><pt><x>541</x><y>155</y></pt><pt><x>548</x><y>157</y></pt><pt><x>556</x><y>157</y></pt><pt><x>565</x><y>163</y></pt><pt><x>594</x><y>162</y></pt><pt><x>602</x><y>160</y></pt><pt><x>601</x><y>169</y></pt><pt><x>614</x><y>170</y></pt><pt><x>620</x><y>166</y></pt><pt><x>641</x><y>163</y></pt><pt><x>665</x><y>161</y></pt></polygon></object><object><name>elbow</name><deleted>0</deleted><verified>0</verified><date>27-Jun-2012 22:48:10</date><id>24</id><polygon><username>sandy</username><pt><x>89</x><y>510</y></pt><pt><x>44</x><y>478</y></pt><pt><x>19</x><y>462</y></pt><pt><x>0</x><y>452</y></pt><pt><x>2</x><y>514</y></pt><pt><x>22</x><y>532</y></pt><pt><x>2</x><y>548</y></pt><pt><x>5</x><y>588</y></pt><pt><x>42</x><y>569</y></pt><pt><x>82</x><y>544</y></pt><pt><x>95</x><y>534</y></pt><pt><x>92</x><y>526</y></pt></polygon></object><object><name>bag</name><deleted>0</deleted><verified>0</verified><date>27-Jun-2012 22:48:10</date><id>25</id><polygon><username>sandy</username><pt><x>596</x><y>512</y></pt><pt><x>613</x><y>508</y></pt><pt><x>616</x><y>500</y></pt><pt><x>610</x><y>490</y></pt><pt><x>606</x><y>484</y></pt><pt><x>606</x><y>474</y></pt><pt><x>599</x><y>460</y></pt><pt><x>589</x><y>454</y></pt><pt><x>582</x><y>450</y></pt><pt><x>575</x><y>443</y></pt><pt><x>569</x><y>438</y></pt><pt><x>563</x><y>432</y></pt><pt><x>553</x><y>432</y></pt><pt><x>540</x><y>431</y></pt><pt><x>535</x><y>431</y></pt><pt><x>532</x><y>436</y></pt><pt><x>529</x><y>444</y></pt><pt><x>529</x><y>451</y></pt><pt><x>536</x><y>475</y></pt><pt><x>545</x><y>480</y></pt><pt><x>553</x><y>480</y></pt><pt><x>558</x><y>484</y></pt><pt><x>556</x><y>491</y></pt><pt><x>554</x><y>503</y></pt><pt><x>558</x><y>512</y></pt><pt><x>565</x><y>516</y></pt><pt><x>576</x><y>517</y></pt></polygon></object><object><name>basket</name><deleted>0</deleted><verified>0</verified><date>27-Jun-2012 22:48:10</date><id>26</id><polygon><username>sandy</username><pt><x>656</x><y>436</y></pt><pt><x>672</x><y>508</y></pt><pt><x>708</x><y>514</y></pt><pt><x>722</x><y>515</y></pt><pt><x>732</x><y>514</y></pt><pt><x>739</x><y>510</y></pt><pt><x>750</x><y>508</y></pt><pt><x>766</x><y>436</y></pt><pt><x>764</x><y>426</y></pt><pt><x>742</x><y>420</y></pt><pt><x>714</x><y>415</y></pt><pt><x>690</x><y>414</y></pt><pt><x>674</x><y>414</y></pt><pt><x>665</x><y>416</y></pt><pt><x>659</x><y>421</y></pt><pt><x>653</x><y>422</y></pt></polygon></object><object><name>worksurface</name><deleted>0</deleted><verified>0</verified><date>27-Jun-2012 22:48:10</date><id>27</id><polygon><username>sandy</username><pt><x>466</x><y>390</y></pt><pt><x>517</x><y>373</y></pt><pt><x>516</x><y>366</y></pt><pt><x>461</x><y>359</y></pt><pt><x>185</x><y>431</y></pt><pt><x>241</x><y>460</y></pt></polygon></object><object><name>plasticbox</name><deleted>0</deleted><verified>0</verified><date>27-Jun-2012 22:48:10</date><id>28</id><polygon><username>sandy</username><pt><x>120</x><y>158</y></pt><pt><x>119</x><y>215</y></pt><pt><x>2</x><y>210</y></pt><pt><x>4</x><y>160</y></pt><pt><x>31</x><y>160</y></pt><pt><x>34</x><y>155</y></pt><pt><x>95</x><y>156</y></pt></polygon></object><object><name>shelf</name><deleted>0</deleted><verified>0</verified><date>27-Jun-2012 22:48:10</date><id>29</id><polygon><username>sandy</username><pt><x>194</x><y>166</y></pt><pt><x>356</x><y>188</y></pt><pt><x>400</x><y>176</y></pt><pt><x>212</x><y>145</y></pt></polygon></object><object><name>shelf</name><deleted>0</deleted><verified>0</verified><date>27-Jun-2012 22:48:10</date><id>30</id><polygon><username>sandy</username><pt><x>395</x><y>218</y></pt><pt><x>185</x><y>209</y></pt><pt><x>182</x><y>224</y></pt><pt><x>354</x><y>235</y></pt></polygon></object><object><name>shelf</name><deleted>0</deleted><verified>0</verified><date>27-Jun-2012 22:48:10</date><id>31</id><polygon><username>sandy</username><pt><x>185</x><y>280</y></pt><pt><x>347</x><y>275</y></pt><pt><x>348</x><y>268</y></pt><pt><x>184</x><y>269</y></pt></polygon></object><object><name>hob</name><deleted>0</deleted><verified>0</verified><date>27-Jun-2012 22:48:10</date><id>32</id><polygon><username>sandy</username><pt><x>460</x><y>382</y></pt><pt><x>421</x><y>370</y></pt><pt><x>458</x><y>361</y></pt><pt><x>500</x><y>370</y></pt></polygon></object><imagesize><nrows>600</nrows><ncols>800</ncols></imagesize></annotation>