<annotation><filename>k_kitchen_granny.jpg</filename><folder>100images</folder><source><sourceImage>The MIT-CSAIL database of objects and scenes</sourceImage><sourceAnnotation>LabelMe Webtool</sourceAnnotation></source><object><name>woman</name><deleted>0</deleted><verified>0</verified><date>11-Jul-2012 19:59:18</date><id>0</id><polygon><username>sandy</username><pt><x>335</x><y>216</y></pt><pt><x>356</x><y>252</y></pt><pt><x>387</x><y>297</y></pt><pt><x>404</x><y>326</y></pt><pt><x>388</x><y>335</y></pt><pt><x>397</x><y>365</y></pt><pt><x>392</x><y>389</y></pt><pt><x>385</x><y>414</y></pt><pt><x>388</x><y>442</y></pt><pt><x>400</x><y>495</y></pt><pt><x>395</x><y>500</y></pt><pt><x>384</x><y>500</y></pt><pt><x>256</x><y>515</y></pt><pt><x>123</x><y>385</y></pt><pt><x>121</x><y>355</y></pt><pt><x>122</x><y>324</y></pt><pt><x>128</x><y>300</y></pt><pt><x>138</x><y>275</y></pt><pt><x>146</x><y>259</y></pt><pt><x>179</x><y>236</y></pt><pt><x>188</x><y>227</y></pt><pt><x>200</x><y>205</y></pt><pt><x>191</x><y>187</y></pt><pt><x>182</x><y>172</y></pt><pt><x>177</x><y>158</y></pt><pt><x>176</x><y>144</y></pt><pt><x>181</x><y>129</y></pt><pt><x>188</x><y>117</y></pt><pt><x>201</x><y>105</y></pt><pt><x>225</x><y>94</y></pt><pt><x>246</x><y>93</y></pt><pt><x>259</x><y>94</y></pt><pt><x>294</x><y>100</y></pt><pt><x>300</x><y>118</y></pt><pt><x>304</x><y>139</y></pt><pt><x>292</x><y>152</y></pt><pt><x>295</x><y>166</y></pt><pt><x>296</x><y>181</y></pt><pt><x>300</x><y>188</y></pt><pt><x>300</x><y>201</y></pt><pt><x>296</x><y>210</y></pt><pt><x>314</x><y>211</y></pt></polygon></object><object><name>girl</name><deleted>0</deleted><verified>0</verified><date>11-Jul-2012 19:59:18</date><id>1</id><polygon><username>sandy</username><pt><x>496</x><y>176</y></pt><pt><x>506</x><y>198</y></pt><pt><x>516</x><y>222</y></pt><pt><x>531</x><y>249</y></pt><pt><x>540</x><y>270</y></pt><pt><x>540</x><y>280</y></pt><pt><x>551</x><y>287</y></pt><pt><x>565</x><y>315</y></pt><pt><x>574</x><y>329</y></pt><pt><x>569</x><y>343</y></pt><pt><x>571</x><y>390</y></pt><pt><x>570</x><y>404</y></pt><pt><x>562</x><y>419</y></pt><pt><x>556</x><y>434</y></pt><pt><x>554</x><y>451</y></pt><pt><x>554</x><y>466</y></pt><pt><x>547</x><y>478</y></pt><pt><x>535</x><y>485</y></pt><pt><x>527</x><y>483</y></pt><pt><x>518</x><y>488</y></pt><pt><x>408</x><y>493</y></pt><pt><x>419</x><y>424</y></pt><pt><x>422</x><y>417</y></pt><pt><x>412</x><y>415</y></pt><pt><x>399</x><y>363</y></pt><pt><x>394</x><y>355</y></pt><pt><x>397</x><y>339</y></pt><pt><x>404</x><y>323</y></pt><pt><x>414</x><y>309</y></pt><pt><x>422</x><y>290</y></pt><pt><x>429</x><y>277</y></pt><pt><x>441</x><y>272</y></pt><pt><x>442</x><y>271</y></pt><pt><x>433</x><y>257</y></pt><pt><x>431</x><y>255</y></pt><pt><x>429</x><y>246</y></pt><pt><x>418</x><y>242</y></pt><pt><x>413</x><y>241</y></pt><pt><x>410</x><y>233</y></pt><pt><x>408</x><y>221</y></pt><pt><x>410</x><y>206</y></pt><pt><x>413</x><y>193</y></pt><pt><x>423</x><y>185</y></pt><pt><x>433</x><y>177</y></pt><pt><x>447</x><y>171</y></pt><pt><x>454</x><y>168</y></pt><pt><x>464</x><y>166</y></pt><pt><x>474</x><y>167</y></pt><pt><x>481</x><y>168</y></pt></polygon></object><object><name>bowl</name><deleted>0</deleted><verified>0</verified><date>11-Jul-2012 19:59:18</date><id>2</id><polygon><username>sandy</username><pt><x>498</x><y>439</y></pt><pt><x>520</x><y>443</y></pt><pt><x>531</x><y>454</y></pt><pt><x>536</x><y>464</y></pt><pt><x>532</x><y>505</y></pt><pt><x>531</x><y>516</y></pt><pt><x>513</x><y>526</y></pt><pt><x>498</x><y>531</y></pt><pt><x>487</x><y>531</y></pt><pt><x>476</x><y>531</y></pt><pt><x>448</x><y>525</y></pt><pt><x>436</x><y>515</y></pt><pt><x>423</x><y>468</y></pt><pt><x>415</x><y>461</y></pt><pt><x>414</x><y>452</y></pt><pt><x>421</x><y>444</y></pt><pt><x>426</x><y>442</y></pt><pt><x>438</x><y>443</y></pt><pt><x>443</x><y>446</y></pt><pt><x>466</x><y>443</y></pt><pt><x>479</x><y>441</y></pt></polygon></object><object><name>bowl</name><deleted>0</deleted><verified>0</verified><date>11-Jul-2012 19:59:18</date><id>3</id><polygon><username>sandy</username><pt><x>245</x><y>414</y></pt><pt><x>252</x><y>426</y></pt><pt><x>246</x><y>443</y></pt><pt><x>235</x><y>448</y></pt><pt><x>236</x><y>463</y></pt><pt><x>162</x><y>487</y></pt><pt><x>121</x><y>485</y></pt><pt><x>36</x><y>443</y></pt><pt><x>34</x><y>429</y></pt><pt><x>33</x><y>418</y></pt><pt><x>36</x><y>409</y></pt><pt><x>48</x><y>405</y></pt><pt><x>143</x><y>398</y></pt><pt><x>172</x><y>400</y></pt><pt><x>203</x><y>403</y></pt><pt><x>227</x><y>405</y></pt></polygon></object><object><name>banana</name><deleted>0</deleted><verified>0</verified><date>11-Jul-2012 19:59:18</date><id>4</id><polygon><username>sandy</username><pt><x>103</x><y>429</y></pt><pt><x>118</x><y>422</y></pt><pt><x>131</x><y>417</y></pt><pt><x>162</x><y>414</y></pt><pt><x>181</x><y>421</y></pt><pt><x>191</x><y>424</y></pt><pt><x>201</x><y>429</y></pt><pt><x>197</x><y>436</y></pt><pt><x>191</x><y>444</y></pt><pt><x>161</x><y>452</y></pt><pt><x>142</x><y>454</y></pt><pt><x>123</x><y>453</y></pt><pt><x>113</x><y>456</y></pt><pt><x>105</x><y>454</y></pt><pt><x>103</x><y>442</y></pt></polygon></object><object><name>banana</name><deleted>0</deleted><verified>0</verified><date>11-Jul-2012 19:59:18</date><id>5</id><polygon><username>sandy</username><pt><x>85</x><y>370</y></pt><pt><x>108</x><y>377</y></pt><pt><x>110</x><y>383</y></pt><pt><x>110</x><y>392</y></pt><pt><x>117</x><y>394</y></pt><pt><x>109</x><y>399</y></pt><pt><x>104</x><y>405</y></pt><pt><x>104</x><y>415</y></pt><pt><x>104</x><y>422</y></pt><pt><x>98</x><y>426</y></pt><pt><x>99</x><y>432</y></pt><pt><x>95</x><y>436</y></pt><pt><x>80</x><y>429</y></pt><pt><x>49</x><y>426</y></pt><pt><x>45</x><y>419</y></pt><pt><x>41</x><y>414</y></pt><pt><x>39</x><y>403</y></pt><pt><x>40</x><y>389</y></pt><pt><x>45</x><y>379</y></pt><pt><x>54</x><y>372</y></pt><pt><x>69</x><y>370</y></pt></polygon></object><object><name>bunnyears</name><deleted>0</deleted><verified>0</verified><date>11-Jul-2012 19:59:18</date><id>6</id><polygon><username>sandy</username><pt><x>417</x><y>144</y></pt><pt><x>438</x><y>154</y></pt><pt><x>447</x><y>168</y></pt><pt><x>432</x><y>183</y></pt><pt><x>419</x><y>186</y></pt><pt><x>412</x><y>195</y></pt><pt><x>408</x><y>207</y></pt><pt><x>408</x><y>221</y></pt><pt><x>408</x><y>226</y></pt><pt><x>393</x><y>218</y></pt><pt><x>382</x><y>211</y></pt><pt><x>374</x><y>206</y></pt><pt><x>359</x><y>196</y></pt><pt><x>367</x><y>188</y></pt><pt><x>370</x><y>177</y></pt><pt><x>374</x><y>167</y></pt><pt><x>379</x><y>158</y></pt><pt><x>379</x><y>148</y></pt><pt><x>380</x><y>144</y></pt><pt><x>387</x><y>142</y></pt><pt><x>395</x><y>146</y></pt><pt><x>404</x><y>148</y></pt></polygon></object><object><name>kiwi</name><deleted>0</deleted><verified>0</verified><date>11-Jul-2012 19:59:18</date><id>7</id><polygon><username>sandy</username><pt><x>156</x><y>443</y></pt><pt><x>166</x><y>437</y></pt><pt><x>176</x><y>436</y></pt><pt><x>187</x><y>438</y></pt><pt><x>193</x><y>441</y></pt><pt><x>192</x><y>448</y></pt><pt><x>187</x><y>454</y></pt><pt><x>148</x><y>457</y></pt></polygon></object><object><name>kiwi</name><deleted>0</deleted><verified>0</verified><date>11-Jul-2012 19:59:18</date><id>8</id><polygon><username>sandy</username><pt><x>216</x><y>427</y></pt><pt><x>226</x><y>429</y></pt><pt><x>217</x><y>439</y></pt><pt><x>201</x><y>441</y></pt><pt><x>193</x><y>444</y></pt><pt><x>193</x><y>441</y></pt><pt><x>197</x><y>432</y></pt><pt><x>201</x><y>426</y></pt></polygon></object><object><name>kiwi</name><deleted>0</deleted><verified>0</verified><date>11-Jul-2012 19:59:18</date><id>9</id><polygon><username>sandy</username><pt><x>191</x><y>419</y></pt><pt><x>188</x><y>409</y></pt><pt><x>183</x><y>405</y></pt><pt><x>176</x><y>405</y></pt><pt><x>169</x><y>404</y></pt><pt><x>162</x><y>408</y></pt><pt><x>157</x><y>414</y></pt><pt><x>158</x><y>419</y></pt><pt><x>163</x><y>428</y></pt><pt><x>168</x><y>434</y></pt><pt><x>173</x><y>438</y></pt><pt><x>191</x><y>437</y></pt><pt><x>195</x><y>432</y></pt></polygon></object><object><name>fruit</name><deleted>0</deleted><verified>0</verified><date>11-Jul-2012 19:59:18</date><id>10</id><polygon><username>sandy</username><pt><x>139</x><y>388</y></pt><pt><x>161</x><y>393</y></pt><pt><x>164</x><y>402</y></pt><pt><x>168</x><y>415</y></pt><pt><x>117</x><y>426</y></pt><pt><x>110</x><y>422</y></pt><pt><x>103</x><y>414</y></pt><pt><x>104</x><y>404</y></pt><pt><x>108</x><y>398</y></pt><pt><x>117</x><y>393</y></pt><pt><x>128</x><y>387</y></pt></polygon></object><object><name>apron</name><deleted>0</deleted><verified>0</verified><date>11-Jul-2012 19:59:18</date><id>11</id><polygon><username>sandy</username><pt><x>318</x><y>300</y></pt><pt><x>290</x><y>255</y></pt><pt><x>286</x><y>236</y></pt><pt><x>295</x><y>230</y></pt><pt><x>315</x><y>277</y></pt><pt><x>330</x><y>305</y></pt><pt><x>343</x><y>321</y></pt><pt><x>344</x><y>338</y></pt><pt><x>343</x><y>350</y></pt><pt><x>338</x><y>365</y></pt><pt><x>343</x><y>379</y></pt><pt><x>345</x><y>394</y></pt><pt><x>348</x><y>409</y></pt><pt><x>350</x><y>423</y></pt><pt><x>350</x><y>493</y></pt><pt><x>297</x><y>506</y></pt><pt><x>221</x><y>459</y></pt><pt><x>206</x><y>405</y></pt><pt><x>232</x><y>397</y></pt><pt><x>250</x><y>397</y></pt><pt><x>264</x><y>392</y></pt><pt><x>280</x><y>384</y></pt><pt><x>284</x><y>379</y></pt><pt><x>279</x><y>364</y></pt><pt><x>267</x><y>344</y></pt><pt><x>261</x><y>335</y></pt><pt><x>240</x><y>316</y></pt><pt><x>233</x><y>301</y></pt><pt><x>225</x><y>289</y></pt><pt><x>210</x><y>259</y></pt><pt><x>205</x><y>246</y></pt><pt><x>202</x><y>233</y></pt><pt><x>205</x><y>222</y></pt><pt><x>205</x><y>213</y></pt><pt><x>215</x><y>212</y></pt><pt><x>213</x><y>232</y></pt><pt><x>220</x><y>250</y></pt><pt><x>225</x><y>267</y></pt><pt><x>231</x><y>281</y></pt><pt><x>246</x><y>304</y></pt><pt><x>261</x><y>323</y></pt><pt><x>275</x><y>335</y></pt><pt><x>292</x><y>334</y></pt><pt><x>306</x><y>319</y></pt><pt><x>314</x><y>310</y></pt></polygon></object><object><name>apron</name><deleted>0</deleted><verified>0</verified><date>11-Jul-2012 19:59:18</date><id>12</id><polygon><username>sandy</username><pt><x>479</x><y>359</y></pt><pt><x>485</x><y>325</y></pt><pt><x>491</x><y>304</y></pt><pt><x>497</x><y>284</y></pt><pt><x>501</x><y>270</y></pt><pt><x>503</x><y>256</y></pt><pt><x>515</x><y>267</y></pt><pt><x>508</x><y>284</y></pt><pt><x>503</x><y>310</y></pt><pt><x>500</x><y>328</y></pt><pt><x>495</x><y>343</y></pt><pt><x>490</x><y>353</y></pt><pt><x>473</x><y>402</y></pt><pt><x>505</x><y>400</y></pt><pt><x>523</x><y>404</y></pt><pt><x>531</x><y>408</y></pt><pt><x>513</x><y>443</y></pt><pt><x>434</x><y>490</y></pt><pt><x>408</x><y>487</y></pt><pt><x>419</x><y>418</y></pt><pt><x>424</x><y>368</y></pt><pt><x>434</x><y>339</y></pt><pt><x>434</x><y>315</y></pt><pt><x>444</x><y>290</y></pt><pt><x>453</x><y>279</y></pt><pt><x>462</x><y>280</y></pt><pt><x>447</x><y>343</y></pt><pt><x>453</x><y>360</y></pt><pt><x>461</x><y>368</y></pt><pt><x>469</x><y>367</y></pt></polygon></object><object><name>cupboard</name><deleted>0</deleted><verified>0</verified><date>11-Jul-2012 19:59:18</date><id>13</id><polygon><username>sandy</username><pt><x>580</x><y>171</y></pt><pt><x>581</x><y>1</y></pt><pt><x>36</x><y>3</y></pt><pt><x>3</x><y>3</y></pt><pt><x>3</x><y>202</y></pt><pt><x>88</x><y>198</y></pt><pt><x>77</x><y>82</y></pt><pt><x>328</x><y>85</y></pt><pt><x>328</x><y>173</y></pt></polygon></object><object><name>bag</name><deleted>0</deleted><verified>0</verified><date>11-Jul-2012 19:59:18</date><id>14</id><polygon><username>sandy</username><pt><x>87</x><y>597</y></pt><pt><x>113</x><y>547</y></pt><pt><x>123</x><y>522</y></pt><pt><x>128</x><y>501</y></pt><pt><x>129</x><y>478</y></pt><pt><x>109</x><y>452</y></pt><pt><x>99</x><y>436</y></pt><pt><x>78</x><y>424</y></pt><pt><x>48</x><y>422</y></pt><pt><x>33</x><y>422</y></pt><pt><x>20</x><y>424</y></pt><pt><x>11</x><y>428</y></pt><pt><x>5</x><y>434</y></pt><pt><x>0</x><y>594</y></pt></polygon></object><object><name>bag</name><deleted>0</deleted><verified>0</verified><date>11-Jul-2012 19:59:18</date><id>15</id><polygon><username>sandy</username><pt><x>134</x><y>522</y></pt><pt><x>154</x><y>490</y></pt><pt><x>164</x><y>471</y></pt><pt><x>173</x><y>456</y></pt><pt><x>183</x><y>447</y></pt><pt><x>193</x><y>446</y></pt><pt><x>207</x><y>444</y></pt><pt><x>225</x><y>449</y></pt><pt><x>236</x><y>476</y></pt><pt><x>259</x><y>502</y></pt><pt><x>289</x><y>555</y></pt><pt><x>212</x><y>597</y></pt><pt><x>132</x><y>596</y></pt><pt><x>114</x><y>571</y></pt></polygon></object><object><name>basket</name><deleted>0</deleted><verified>0</verified><date>11-Jul-2012 19:59:18</date><id>16</id><polygon><username>sandy</username><pt><x>645</x><y>469</y></pt><pt><x>646</x><y>560</y></pt><pt><x>677</x><y>577</y></pt><pt><x>797</x><y>557</y></pt><pt><x>797</x><y>493</y></pt><pt><x>731</x><y>459</y></pt></polygon></object><object><name>basket</name><deleted>0</deleted><verified>0</verified><date>11-Jul-2012 19:59:18</date><id>17</id><polygon><username>sandy</username><pt><x>626</x><y>367</y></pt><pt><x>668</x><y>383</y></pt><pt><x>700</x><y>374</y></pt><pt><x>690</x><y>319</y></pt><pt><x>655</x><y>306</y></pt><pt><x>624</x><y>308</y></pt><pt><x>620</x><y>318</y></pt></polygon></object><object><name>worksurface</name><deleted>0</deleted><verified>0</verified><date>11-Jul-2012 19:59:18</date><id>18</id><polygon><username>sandy</username><pt><x>582</x><y>353</y></pt><pt><x>630</x><y>351</y></pt><pt><x>605</x><y>318</y></pt><pt><x>336</x><y>331</y></pt><pt><x>336</x><y>369</y></pt></polygon></object><object><name>worksurface</name><deleted>0</deleted><verified>0</verified><date>11-Jul-2012 19:59:18</date><id>19</id><polygon><username>sandy</username><pt><x>634</x><y>483</y></pt><pt><x>260</x><y>501</y></pt><pt><x>274</x><y>600</y></pt><pt><x>656</x><y>570</y></pt></polygon></object><object><name>spoon</name><deleted>0</deleted><verified>0</verified><date>11-Jul-2012 19:59:18</date><id>20</id><polygon><username>sandy</username><pt><x>457</x><y>436</y></pt><pt><x>485</x><y>485</y></pt><pt><x>478</x><y>486</y></pt><pt><x>454</x><y>449</y></pt></polygon></object><object><name>teatowel</name><deleted>0</deleted><verified>0</verified><date>11-Jul-2012 19:59:18</date><id>21</id><polygon><username>sandy</username><pt><x>679</x><y>62</y></pt><pt><x>662</x><y>133</y></pt><pt><x>653</x><y>161</y></pt><pt><x>650</x><y>179</y></pt><pt><x>641</x><y>221</y></pt><pt><x>630</x><y>244</y></pt><pt><x>624</x><y>256</y></pt><pt><x>623</x><y>271</y></pt><pt><x>630</x><y>276</y></pt><pt><x>638</x><y>279</y></pt><pt><x>629</x><y>306</y></pt><pt><x>660</x><y>305</y></pt><pt><x>702</x><y>308</y></pt><pt><x>724</x><y>310</y></pt><pt><x>719</x><y>231</y></pt><pt><x>718</x><y>176</y></pt><pt><x>710</x><y>143</y></pt><pt><x>704</x><y>118</y></pt><pt><x>704</x><y>108</y></pt><pt><x>695</x><y>56</y></pt><pt><x>690</x><y>55</y></pt></polygon></object><object><name>wristwatch</name><deleted>0</deleted><verified>0</verified><date>11-Jul-2012 19:59:18</date><id>22</id><polygon><username>sandy</username><pt><x>368</x><y>428</y></pt><pt><x>387</x><y>429</y></pt><pt><x>387</x><y>439</y></pt><pt><x>375</x><y>438</y></pt><pt><x>354</x><y>433</y></pt><pt><x>350</x><y>426</y></pt></polygon></object><object><name>cupboard</name><deleted>0</deleted><verified>0</verified><date>11-Jul-2012 19:59:18</date><id>23</id><polygon><username>sandy</username><pt><x>640</x><y>30</y></pt><pt><x>638</x><y>1</y></pt><pt><x>579</x><y>3</y></pt><pt><x>579</x><y>30</y></pt></polygon></object><imagesize><nrows>600</nrows><ncols>800</ncols></imagesize></annotation>