<annotation><filename>k_kitchen_kitchen125.jpg</filename><folder>100images</folder><source><sourceImage>The MIT-CSAIL database of objects and scenes</sourceImage><sourceAnnotation>LabelMe Webtool</sourceAnnotation></source><object><name>kettle</name><deleted>0</deleted><verified>0</verified><date>11-Jul-2012 23:44:13</date><id>0</id><polygon><username>sandy</username><pt><x>614</x><y>424</y></pt><pt><x>591</x><y>383</y></pt><pt><x>595</x><y>375</y></pt><pt><x>599</x><y>375</y></pt><pt><x>598</x><y>354</y></pt><pt><x>589</x><y>339</y></pt><pt><x>572</x><y>328</y></pt><pt><x>561</x><y>324</y></pt><pt><x>553</x><y>324</y></pt><pt><x>545</x><y>324</y></pt><pt><x>542</x><y>329</y></pt><pt><x>533</x><y>344</y></pt><pt><x>533</x><y>355</y></pt><pt><x>538</x><y>374</y></pt><pt><x>518</x><y>358</y></pt><pt><x>512</x><y>354</y></pt><pt><x>508</x><y>357</y></pt><pt><x>511</x><y>362</y></pt><pt><x>527</x><y>390</y></pt><pt><x>515</x><y>417</y></pt><pt><x>521</x><y>426</y></pt><pt><x>535</x><y>435</y></pt><pt><x>559</x><y>442</y></pt><pt><x>584</x><y>445</y></pt><pt><x>603</x><y>441</y></pt><pt><x>610</x><y>434</y></pt></polygon></object><object><name>broccoli</name><deleted>0</deleted><verified>0</verified><date>11-Jul-2012 23:44:13</date><id>1</id><polygon><username>sandy</username><pt><x>313</x><y>337</y></pt><pt><x>317</x><y>343</y></pt><pt><x>328</x><y>350</y></pt><pt><x>336</x><y>358</y></pt><pt><x>339</x><y>366</y></pt><pt><x>334</x><y>369</y></pt><pt><x>324</x><y>372</y></pt><pt><x>310</x><y>372</y></pt><pt><x>296</x><y>372</y></pt><pt><x>278</x><y>368</y></pt><pt><x>264</x><y>366</y></pt><pt><x>266</x><y>362</y></pt><pt><x>263</x><y>358</y></pt><pt><x>262</x><y>352</y></pt><pt><x>263</x><y>347</y></pt><pt><x>269</x><y>343</y></pt><pt><x>271</x><y>340</y></pt><pt><x>274</x><y>337</y></pt><pt><x>280</x><y>336</y></pt><pt><x>284</x><y>340</y></pt><pt><x>286</x><y>343</y></pt><pt><x>290</x><y>343</y></pt><pt><x>291</x><y>341</y></pt><pt><x>293</x><y>338</y></pt><pt><x>298</x><y>336</y></pt><pt><x>304</x><y>335</y></pt></polygon></object><object><name>table</name><deleted>0</deleted><verified>0</verified><date>11-Jul-2012 23:44:13</date><id>2</id><polygon><username>sandy</username><pt><x>621</x><y>359</y></pt><pt><x>624</x><y>349</y></pt><pt><x>623</x><y>339</y></pt><pt><x>624</x><y>294</y></pt><pt><x>629</x><y>279</y></pt><pt><x>658</x><y>281</y></pt><pt><x>661</x><y>329</y></pt><pt><x>668</x><y>331</y></pt><pt><x>671</x><y>283</y></pt><pt><x>715</x><y>279</y></pt><pt><x>715</x><y>358</y></pt><pt><x>717</x><y>361</y></pt><pt><x>724</x><y>362</y></pt><pt><x>732</x><y>289</y></pt><pt><x>735</x><y>270</y></pt><pt><x>737</x><y>257</y></pt><pt><x>658</x><y>242</y></pt><pt><x>568</x><y>243</y></pt><pt><x>566</x><y>251</y></pt><pt><x>571</x><y>260</y></pt><pt><x>573</x><y>312</y></pt><pt><x>574</x><y>332</y></pt><pt><x>581</x><y>330</y></pt><pt><x>584</x><y>267</y></pt><pt><x>586</x><y>261</y></pt><pt><x>608</x><y>275</y></pt><pt><x>608</x><y>282</y></pt><pt><x>614</x><y>282</y></pt><pt><x>612</x><y>342</y></pt><pt><x>614</x><y>357</y></pt></polygon></object><object><name>bread</name><deleted>0</deleted><verified>0</verified><date>11-Jul-2012 23:44:13</date><id>3</id><polygon><username>sandy</username><pt><x>380</x><y>549</y></pt><pt><x>395</x><y>553</y></pt><pt><x>401</x><y>561</y></pt><pt><x>402</x><y>570</y></pt><pt><x>400</x><y>582</y></pt><pt><x>395</x><y>591</y></pt><pt><x>389</x><y>597</y></pt><pt><x>388</x><y>599</y></pt><pt><x>365</x><y>596</y></pt><pt><x>364</x><y>574</y></pt><pt><x>362</x><y>566</y></pt><pt><x>362</x><y>560</y></pt><pt><x>367</x><y>555</y></pt><pt><x>373</x><y>552</y></pt></polygon></object><object><name>bread</name><deleted>0</deleted><verified>0</verified><date>11-Jul-2012 23:44:13</date><id>4</id><polygon><username>sandy</username><pt><x>305</x><y>562</y></pt><pt><x>315</x><y>563</y></pt><pt><x>321</x><y>560</y></pt><pt><x>329</x><y>553</y></pt><pt><x>329</x><y>544</y></pt><pt><x>331</x><y>533</y></pt><pt><x>327</x><y>521</y></pt><pt><x>320</x><y>516</y></pt><pt><x>314</x><y>512</y></pt><pt><x>311</x><y>512</y></pt><pt><x>305</x><y>513</y></pt><pt><x>299</x><y>516</y></pt><pt><x>294</x><y>544</y></pt><pt><x>295</x><y>553</y></pt><pt><x>296</x><y>558</y></pt></polygon></object><object><name>bread</name><deleted>0</deleted><verified>0</verified><date>11-Jul-2012 23:44:13</date><id>5</id><polygon><username>sandy</username><pt><x>160</x><y>484</y></pt><pt><x>179</x><y>483</y></pt><pt><x>191</x><y>483</y></pt><pt><x>209</x><y>473</y></pt><pt><x>208</x><y>463</y></pt><pt><x>206</x><y>453</y></pt><pt><x>201</x><y>450</y></pt><pt><x>193</x><y>447</y></pt><pt><x>183</x><y>449</y></pt><pt><x>178</x><y>450</y></pt><pt><x>171</x><y>461</y></pt><pt><x>168</x><y>465</y></pt><pt><x>163</x><y>468</y></pt><pt><x>158</x><y>472</y></pt><pt><x>155</x><y>476</y></pt><pt><x>156</x><y>480</y></pt></polygon></object><object><name>grapes</name><deleted>0</deleted><verified>0</verified><date>11-Jul-2012 23:44:13</date><id>6</id><polygon><username>sandy</username><pt><x>359</x><y>515</y></pt><pt><x>365</x><y>527</y></pt><pt><x>376</x><y>530</y></pt><pt><x>383</x><y>532</y></pt><pt><x>382</x><y>539</y></pt><pt><x>380</x><y>544</y></pt><pt><x>376</x><y>553</y></pt><pt><x>363</x><y>569</y></pt><pt><x>354</x><y>571</y></pt><pt><x>349</x><y>570</y></pt><pt><x>343</x><y>569</y></pt><pt><x>341</x><y>566</y></pt><pt><x>341</x><y>558</y></pt><pt><x>338</x><y>551</y></pt><pt><x>336</x><y>542</y></pt><pt><x>331</x><y>539</y></pt><pt><x>332</x><y>533</y></pt><pt><x>335</x><y>529</y></pt><pt><x>338</x><y>525</y></pt><pt><x>343</x><y>523</y></pt><pt><x>348</x><y>520</y></pt><pt><x>351</x><y>515</y></pt></polygon></object><object><name>grapes</name><deleted>0</deleted><verified>0</verified><date>11-Jul-2012 23:44:13</date><id>7</id><polygon><username>sandy</username><pt><x>154</x><y>460</y></pt><pt><x>160</x><y>458</y></pt><pt><x>165</x><y>457</y></pt><pt><x>174</x><y>454</y></pt><pt><x>178</x><y>453</y></pt><pt><x>177</x><y>457</y></pt><pt><x>170</x><y>461</y></pt><pt><x>165</x><y>465</y></pt><pt><x>161</x><y>466</y></pt><pt><x>157</x><y>465</y></pt><pt><x>152</x><y>465</y></pt></polygon></object><object><name>knife</name><deleted>0</deleted><verified>0</verified><date>11-Jul-2012 23:44:13</date><id>8</id><polygon><username>sandy</username><pt><x>265</x><y>504</y></pt><pt><x>264</x><y>510</y></pt><pt><x>265</x><y>514</y></pt><pt><x>312</x><y>514</y></pt><pt><x>343</x><y>514</y></pt><pt><x>375</x><y>514</y></pt><pt><x>385</x><y>510</y></pt><pt><x>380</x><y>505</y></pt><pt><x>314</x><y>505</y></pt><pt><x>309</x><y>506</y></pt></polygon></object><object><name>knife</name><deleted>0</deleted><verified>0</verified><date>11-Jul-2012 23:44:13</date><id>9</id><polygon><username>sandy</username><pt><x>127</x><y>447</y></pt><pt><x>168</x><y>448</y></pt><pt><x>172</x><y>448</y></pt><pt><x>219</x><y>446</y></pt><pt><x>224</x><y>445</y></pt><pt><x>227</x><y>443</y></pt><pt><x>170</x><y>441</y></pt><pt><x>163</x><y>442</y></pt><pt><x>129</x><y>441</y></pt><pt><x>124</x><y>441</y></pt></polygon></object><object><name>potatoes</name><deleted>0</deleted><verified>0</verified><date>11-Jul-2012 23:44:13</date><id>10</id><polygon><username>sandy</username><pt><x>344</x><y>366</y></pt><pt><x>354</x><y>364</y></pt><pt><x>362</x><y>361</y></pt><pt><x>366</x><y>358</y></pt><pt><x>366</x><y>353</y></pt><pt><x>365</x><y>349</y></pt><pt><x>362</x><y>346</y></pt><pt><x>360</x><y>341</y></pt><pt><x>358</x><y>337</y></pt><pt><x>358</x><y>334</y></pt><pt><x>353</x><y>332</y></pt><pt><x>346</x><y>333</y></pt><pt><x>340</x><y>334</y></pt><pt><x>338</x><y>333</y></pt><pt><x>334</x><y>329</y></pt><pt><x>331</x><y>328</y></pt><pt><x>326</x><y>326</y></pt><pt><x>322</x><y>328</y></pt><pt><x>316</x><y>331</y></pt><pt><x>316</x><y>333</y></pt><pt><x>310</x><y>329</y></pt><pt><x>308</x><y>327</y></pt><pt><x>304</x><y>326</y></pt><pt><x>299</x><y>326</y></pt><pt><x>296</x><y>329</y></pt><pt><x>294</x><y>334</y></pt><pt><x>294</x><y>338</y></pt></polygon></object><object><name>plate</name><deleted>0</deleted><verified>0</verified><date>11-Jul-2012 23:44:13</date><id>11</id><polygon><username>sandy</username><pt><x>394</x><y>527</y></pt><pt><x>420</x><y>542</y></pt><pt><x>428</x><y>553</y></pt><pt><x>432</x><y>562</y></pt><pt><x>433</x><y>572</y></pt><pt><x>430</x><y>582</y></pt><pt><x>425</x><y>592</y></pt><pt><x>418</x><y>598</y></pt><pt><x>415</x><y>597</y></pt><pt><x>265</x><y>599</y></pt><pt><x>244</x><y>575</y></pt><pt><x>239</x><y>567</y></pt><pt><x>239</x><y>559</y></pt><pt><x>240</x><y>551</y></pt><pt><x>243</x><y>544</y></pt><pt><x>247</x><y>539</y></pt><pt><x>253</x><y>534</y></pt><pt><x>275</x><y>526</y></pt><pt><x>294</x><y>512</y></pt><pt><x>304</x><y>509</y></pt><pt><x>316</x><y>507</y></pt><pt><x>324</x><y>507</y></pt><pt><x>343</x><y>507</y></pt><pt><x>363</x><y>512</y></pt><pt><x>379</x><y>519</y></pt></polygon></object><object><name>plate</name><deleted>0</deleted><verified>0</verified><date>11-Jul-2012 23:44:13</date><id>12</id><polygon><username>sandy</username><pt><x>118</x><y>473</y></pt><pt><x>143</x><y>493</y></pt><pt><x>153</x><y>496</y></pt><pt><x>160</x><y>496</y></pt><pt><x>215</x><y>477</y></pt><pt><x>223</x><y>471</y></pt><pt><x>225</x><y>466</y></pt><pt><x>225</x><y>461</y></pt><pt><x>195</x><y>438</y></pt><pt><x>187</x><y>436</y></pt><pt><x>178</x><y>435</y></pt><pt><x>123</x><y>454</y></pt><pt><x>119</x><y>460</y></pt><pt><x>116</x><y>464</y></pt></polygon></object><object><name>crockery</name><deleted>0</deleted><verified>0</verified><date>11-Jul-2012 23:44:13</date><id>13</id><polygon><username>sandy</username><pt><x>586</x><y>256</y></pt><pt><x>606</x><y>255</y></pt><pt><x>614</x><y>257</y></pt><pt><x>616</x><y>259</y></pt><pt><x>627</x><y>259</y></pt><pt><x>636</x><y>261</y></pt><pt><x>639</x><y>262</y></pt><pt><x>652</x><y>264</y></pt><pt><x>669</x><y>264</y></pt><pt><x>692</x><y>264</y></pt><pt><x>697</x><y>261</y></pt><pt><x>700</x><y>259</y></pt><pt><x>706</x><y>260</y></pt><pt><x>711</x><y>261</y></pt><pt><x>720</x><y>262</y></pt><pt><x>721</x><y>259</y></pt><pt><x>719</x><y>254</y></pt><pt><x>721</x><y>252</y></pt><pt><x>721</x><y>249</y></pt><pt><x>712</x><y>247</y></pt><pt><x>708</x><y>246</y></pt><pt><x>702</x><y>247</y></pt><pt><x>692</x><y>245</y></pt><pt><x>690</x><y>244</y></pt><pt><x>681</x><y>243</y></pt><pt><x>676</x><y>244</y></pt><pt><x>672</x><y>245</y></pt><pt><x>670</x><y>244</y></pt><pt><x>671</x><y>243</y></pt><pt><x>669</x><y>240</y></pt><pt><x>664</x><y>238</y></pt><pt><x>660</x><y>237</y></pt><pt><x>655</x><y>237</y></pt><pt><x>655</x><y>242</y></pt><pt><x>636</x><y>239</y></pt><pt><x>637</x><y>238</y></pt><pt><x>633</x><y>236</y></pt><pt><x>622</x><y>234</y></pt><pt><x>620</x><y>236</y></pt><pt><x>619</x><y>239</y></pt><pt><x>611</x><y>240</y></pt><pt><x>605</x><y>238</y></pt><pt><x>601</x><y>239</y></pt><pt><x>597</x><y>239</y></pt><pt><x>593</x><y>239</y></pt><pt><x>592</x><y>242</y></pt><pt><x>593</x><y>244</y></pt><pt><x>585</x><y>244</y></pt><pt><x>582</x><y>245</y></pt><pt><x>576</x><y>246</y></pt><pt><x>574</x><y>248</y></pt><pt><x>572</x><y>249</y></pt><pt><x>574</x><y>251</y></pt><pt><x>577</x><y>253</y></pt></polygon></object><object><name>cooker</name><deleted>0</deleted><verified>0</verified><date>11-Jul-2012 23:44:13</date><id>14</id><polygon><username>sandy</username><pt><x>446</x><y>141</y></pt><pt><x>443</x><y>319</y></pt><pt><x>445</x><y>322</y></pt><pt><x>493</x><y>308</y></pt><pt><x>496</x><y>304</y></pt><pt><x>496</x><y>244</y></pt><pt><x>500</x><y>241</y></pt><pt><x>497</x><y>238</y></pt><pt><x>498</x><y>175</y></pt><pt><x>503</x><y>175</y></pt><pt><x>502</x><y>172</y></pt><pt><x>497</x><y>168</y></pt><pt><x>496</x><y>163</y></pt><pt><x>495</x><y>138</y></pt></polygon></object><object><name>hob</name><deleted>0</deleted><verified>0</verified><date>11-Jul-2012 23:44:13</date><id>15</id><polygon><username>sandy</username><pt><x>357</x><y>387</y></pt><pt><x>699</x><y>529</y></pt><pt><x>766</x><y>437</y></pt><pt><x>458</x><y>347</y></pt></polygon></object><object><name>bread</name><deleted>0</deleted><verified>0</verified><date>11-Jul-2012 23:44:13</date><id>16</id><polygon><username>sandy</username><pt><x>89</x><y>272</y></pt><pt><x>98</x><y>279</y></pt><pt><x>97</x><y>284</y></pt><pt><x>92</x><y>285</y></pt><pt><x>87</x><y>284</y></pt><pt><x>82</x><y>284</y></pt><pt><x>80</x><y>279</y></pt><pt><x>82</x><y>274</y></pt></polygon></object><object><name>worksurface</name><deleted>0</deleted><verified>0</verified><date>11-Jul-2012 23:44:13</date><id>17</id><polygon><username>sandy</username><pt><x>3</x><y>324</y></pt><pt><x>216</x><y>285</y></pt><pt><x>218</x><y>275</y></pt><pt><x>157</x><y>258</y></pt><pt><x>0</x><y>278</y></pt></polygon></object><object><name>worksurface</name><deleted>0</deleted><verified>0</verified><date>11-Jul-2012 23:44:13</date><id>18</id><polygon><username>sandy</username><pt><x>356</x><y>257</y></pt><pt><x>442</x><y>245</y></pt><pt><x>442</x><y>239</y></pt><pt><x>393</x><y>225</y></pt><pt><x>353</x><y>230</y></pt></polygon></object><object><name>worksurface</name><deleted>0</deleted><verified>0</verified><date>11-Jul-2012 23:44:13</date><id>19</id><polygon><username>sandy</username><pt><x>384</x><y>322</y></pt><pt><x>462</x><y>345</y></pt><pt><x>346</x><y>388</y></pt><pt><x>336</x><y>395</y></pt><pt><x>684</x><y>553</y></pt><pt><x>765</x><y>434</y></pt><pt><x>798</x><y>441</y></pt><pt><x>797</x><y>595</y></pt><pt><x>138</x><y>597</y></pt><pt><x>6</x><y>447</y></pt><pt><x>5</x><y>444</y></pt><pt><x>11</x><y>437</y></pt></polygon></object><object><name>glasses</name><deleted>0</deleted><verified>0</verified><date>11-Jul-2012 23:44:13</date><id>20</id><polygon><username>sandy</username><pt><x>148</x><y>271</y></pt><pt><x>155</x><y>270</y></pt><pt><x>157</x><y>269</y></pt><pt><x>154</x><y>266</y></pt><pt><x>154</x><y>251</y></pt><pt><x>156</x><y>246</y></pt><pt><x>158</x><y>241</y></pt><pt><x>160</x><y>238</y></pt><pt><x>161</x><y>234</y></pt><pt><x>160</x><y>230</y></pt><pt><x>159</x><y>228</y></pt><pt><x>149</x><y>227</y></pt><pt><x>146</x><y>224</y></pt><pt><x>134</x><y>224</y></pt><pt><x>132</x><y>228</y></pt><pt><x>128</x><y>228</y></pt><pt><x>126</x><y>225</y></pt><pt><x>111</x><y>225</y></pt><pt><x>109</x><y>230</y></pt><pt><x>110</x><y>235</y></pt><pt><x>111</x><y>239</y></pt><pt><x>114</x><y>241</y></pt><pt><x>116</x><y>245</y></pt><pt><x>116</x><y>248</y></pt><pt><x>116</x><y>264</y></pt><pt><x>113</x><y>268</y></pt><pt><x>110</x><y>268</y></pt><pt><x>110</x><y>271</y></pt><pt><x>111</x><y>272</y></pt><pt><x>116</x><y>271</y></pt><pt><x>120</x><y>271</y></pt><pt><x>124</x><y>269</y></pt><pt><x>125</x><y>268</y></pt><pt><x>130</x><y>269</y></pt><pt><x>131</x><y>271</y></pt><pt><x>135</x><y>272</y></pt><pt><x>139</x><y>272</y></pt><pt><x>144</x><y>271</y></pt></polygon></object><object><name>saucepan</name><deleted>0</deleted><verified>0</verified><date>11-Jul-2012 23:44:13</date><id>21</id><polygon><username>sandy</username><pt><x>468</x><y>365</y></pt><pt><x>487</x><y>364</y></pt><pt><x>495</x><y>361</y></pt><pt><x>500</x><y>357</y></pt><pt><x>504</x><y>344</y></pt><pt><x>503</x><y>338</y></pt><pt><x>493</x><y>329</y></pt><pt><x>468</x><y>325</y></pt><pt><x>444</x><y>324</y></pt><pt><x>432</x><y>326</y></pt><pt><x>426</x><y>329</y></pt><pt><x>421</x><y>332</y></pt><pt><x>420</x><y>337</y></pt><pt><x>422</x><y>342</y></pt><pt><x>428</x><y>354</y></pt><pt><x>431</x><y>359</y></pt><pt><x>436</x><y>362</y></pt><pt><x>447</x><y>363</y></pt><pt><x>457</x><y>364</y></pt></polygon></object><object><name>cheese</name><deleted>0</deleted><verified>0</verified><date>11-Jul-2012 23:44:13</date><id>22</id><polygon><username>sandy</username><pt><x>54</x><y>277</y></pt><pt><x>55</x><y>288</y></pt><pt><x>62</x><y>289</y></pt><pt><x>81</x><y>281</y></pt><pt><x>82</x><y>276</y></pt><pt><x>72</x><y>269</y></pt><pt><x>59</x><y>275</y></pt></polygon></object><object><name>flowers</name><deleted>0</deleted><verified>0</verified><date>11-Jul-2012 23:44:13</date><id>23</id><polygon><username>sandy</username><pt><x>649</x><y>191</y></pt><pt><x>661</x><y>190</y></pt><pt><x>670</x><y>189</y></pt><pt><x>668</x><y>196</y></pt><pt><x>676</x><y>206</y></pt><pt><x>682</x><y>208</y></pt><pt><x>679</x><y>221</y></pt><pt><x>677</x><y>230</y></pt><pt><x>667</x><y>236</y></pt><pt><x>656</x><y>235</y></pt><pt><x>646</x><y>236</y></pt><pt><x>636</x><y>231</y></pt><pt><x>628</x><y>231</y></pt><pt><x>623</x><y>228</y></pt><pt><x>619</x><y>222</y></pt><pt><x>618</x><y>212</y></pt><pt><x>615</x><y>205</y></pt><pt><x>620</x><y>196</y></pt><pt><x>628</x><y>191</y></pt></polygon></object><object><name>flowers</name><deleted>0</deleted><verified>0</verified><date>11-Jul-2012 23:44:13</date><id>24</id><polygon><username>sandy</username><pt><x>692</x><y>194</y></pt><pt><x>712</x><y>192</y></pt><pt><x>722</x><y>188</y></pt><pt><x>731</x><y>186</y></pt><pt><x>740</x><y>187</y></pt><pt><x>745</x><y>192</y></pt><pt><x>743</x><y>207</y></pt><pt><x>744</x><y>221</y></pt><pt><x>744</x><y>231</y></pt><pt><x>738</x><y>237</y></pt><pt><x>730</x><y>239</y></pt><pt><x>654</x><y>232</y></pt><pt><x>646</x><y>216</y></pt><pt><x>652</x><y>197</y></pt><pt><x>658</x><y>192</y></pt><pt><x>667</x><y>191</y></pt></polygon></object><object><name>spoon</name><deleted>0</deleted><verified>0</verified><date>11-Jul-2012 23:44:13</date><id>25</id><polygon><username>sandy</username><pt><x>672</x><y>470</y></pt><pt><x>687</x><y>474</y></pt><pt><x>696</x><y>481</y></pt><pt><x>729</x><y>490</y></pt><pt><x>749</x><y>488</y></pt><pt><x>756</x><y>488</y></pt><pt><x>768</x><y>495</y></pt><pt><x>767</x><y>501</y></pt><pt><x>753</x><y>497</y></pt><pt><x>742</x><y>495</y></pt><pt><x>733</x><y>496</y></pt><pt><x>724</x><y>495</y></pt><pt><x>695</x><y>486</y></pt><pt><x>682</x><y>491</y></pt><pt><x>674</x><y>494</y></pt><pt><x>667</x><y>492</y></pt><pt><x>660</x><y>491</y></pt><pt><x>656</x><y>487</y></pt><pt><x>648</x><y>483</y></pt><pt><x>652</x><y>479</y></pt><pt><x>655</x><y>474</y></pt></polygon></object><object><name>bowl</name><deleted>0</deleted><verified>0</verified><date>11-Jul-2012 23:44:13</date><id>26</id><polygon><username>sandy</username><pt><x>282</x><y>384</y></pt><pt><x>315</x><y>387</y></pt><pt><x>331</x><y>386</y></pt><pt><x>339</x><y>382</y></pt><pt><x>357</x><y>377</y></pt><pt><x>361</x><y>372</y></pt><pt><x>371</x><y>361</y></pt><pt><x>375</x><y>357</y></pt><pt><x>373</x><y>350</y></pt><pt><x>368</x><y>342</y></pt><pt><x>298</x><y>334</y></pt><pt><x>286</x><y>336</y></pt><pt><x>277</x><y>336</y></pt><pt><x>269</x><y>338</y></pt><pt><x>261</x><y>339</y></pt><pt><x>251</x><y>343</y></pt><pt><x>249</x><y>351</y></pt><pt><x>250</x><y>358</y></pt><pt><x>253</x><y>367</y></pt><pt><x>261</x><y>370</y></pt><pt><x>265</x><y>374</y></pt><pt><x>269</x><y>377</y></pt></polygon></object><object><name>worksurface</name><deleted>0</deleted><verified>0</verified><date>11-Jul-2012 23:44:13</date><id>27</id><polygon><username>sandy</username><pt><x>762</x><y>333</y></pt><pt><x>798</x><y>344</y></pt><pt><x>795</x><y>289</y></pt><pt><x>763</x><y>320</y></pt></polygon></object><object><name>fridge</name><deleted>0</deleted><verified>0</verified><date>11-Jul-2012 23:44:13</date><id>28</id><polygon><username>sandy</username><pt><x>228</x><y>97</y></pt><pt><x>354</x><y>106</y></pt><pt><x>356</x><y>332</y></pt><pt><x>223</x><y>369</y></pt></polygon></object><object><name>fridge</name><deleted>0</deleted><verified>0</verified><date>11-Jul-2012 23:44:13</date><id>29</id><polygon><username>sandy</username><pt><x>96</x><y>310</y></pt><pt><x>97</x><y>408</y></pt><pt><x>220</x><y>370</y></pt><pt><x>217</x><y>285</y></pt></polygon></object><object><name>window</name><deleted>0</deleted><verified>0</verified><date>11-Jul-2012 23:44:13</date><id>30</id><polygon><username>sandy</username><pt><x>595</x><y>110</y></pt><pt><x>768</x><y>112</y></pt><pt><x>758</x><y>300</y></pt><pt><x>588</x><y>282</y></pt></polygon></object><object><name>bottle</name><deleted>0</deleted><verified>0</verified><date>11-Jul-2012 23:44:13</date><id>31</id><polygon><username>sandy</username><pt><x>102</x><y>239</y></pt><pt><x>104</x><y>277</y></pt><pt><x>96</x><y>279</y></pt><pt><x>87</x><y>275</y></pt><pt><x>86</x><y>242</y></pt><pt><x>88</x><y>239</y></pt><pt><x>90</x><y>234</y></pt><pt><x>93</x><y>218</y></pt><pt><x>97</x><y>218</y></pt><pt><x>99</x><y>233</y></pt></polygon></object><object><name>pepper</name><deleted>0</deleted><verified>0</verified><date>11-Jul-2012 23:44:13</date><id>32</id><polygon><username>sandy</username><pt><x>340</x><y>323</y></pt><pt><x>343</x><y>305</y></pt><pt><x>342</x><y>298</y></pt><pt><x>345</x><y>295</y></pt><pt><x>344</x><y>289</y></pt><pt><x>340</x><y>288</y></pt><pt><x>336</x><y>288</y></pt><pt><x>330</x><y>289</y></pt><pt><x>325</x><y>293</y></pt><pt><x>323</x><y>297</y></pt><pt><x>326</x><y>303</y></pt><pt><x>329</x><y>308</y></pt><pt><x>326</x><y>328</y></pt><pt><x>346</x><y>339</y></pt></polygon></object><object><name>cupboard</name><deleted>0</deleted><verified>0</verified><date>11-Jul-2012 23:44:13</date><id>33</id><polygon><username>sandy</username><pt><x>187</x><y>174</y></pt><pt><x>190</x><y>5</y></pt><pt><x>153</x><y>0</y></pt><pt><x>0</x><y>1</y></pt><pt><x>2</x><y>183</y></pt></polygon></object><object><name>cupboard</name><deleted>0</deleted><verified>0</verified><date>11-Jul-2012 23:44:13</date><id>34</id><polygon><username>sandy</username><pt><x>2</x><y>356</y></pt><pt><x>97</x><y>338</y></pt><pt><x>96</x><y>490</y></pt><pt><x>2</x><y>514</y></pt></polygon></object><object><name>cupboard</name><deleted>0</deleted><verified>0</verified><date>11-Jul-2012 23:44:13</date><id>35</id><polygon><username>sandy</username><pt><x>360</x><y>281</y></pt><pt><x>444</x><y>266</y></pt><pt><x>442</x><y>334</y></pt><pt><x>359</x><y>344</y></pt></polygon></object><object><name>cupboard</name><deleted>0</deleted><verified>0</verified><date>11-Jul-2012 23:44:13</date><id>36</id><polygon><username>sandy</username><pt><x>359</x><y>31</y></pt><pt><x>358</x><y>95</y></pt><pt><x>430</x><y>103</y></pt><pt><x>433</x><y>42</y></pt></polygon></object><object><name>cupboard</name><deleted>0</deleted><verified>0</verified><date>11-Jul-2012 23:44:13</date><id>37</id><polygon><username>sandy</username><pt><x>498</x><y>53</y></pt><pt><x>495</x><y>138</y></pt><pt><x>446</x><y>139</y></pt><pt><x>448</x><y>44</y></pt></polygon></object><object><name>cupboard</name><deleted>0</deleted><verified>0</verified><date>11-Jul-2012 23:44:13</date><id>38</id><polygon><username>sandy</username><pt><x>785</x><y>45</y></pt><pt><x>784</x><y>191</y></pt><pt><x>797</x><y>195</y></pt><pt><x>799</x><y>42</y></pt></polygon></object><object><name>cupboard</name><deleted>0</deleted><verified>0</verified><date>11-Jul-2012 23:44:13</date><id>39</id><polygon><username>sandy</username><pt><x>766</x><y>371</y></pt><pt><x>764</x><y>433</y></pt><pt><x>799</x><y>440</y></pt><pt><x>799</x><y>379</y></pt></polygon></object><object><name>fishornament</name><deleted>0</deleted><verified>0</verified><date>11-Jul-2012 23:44:13</date><id>40</id><polygon><username>sandy</username><pt><x>385</x><y>193</y></pt><pt><x>402</x><y>204</y></pt><pt><x>403</x><y>217</y></pt><pt><x>397</x><y>224</y></pt><pt><x>385</x><y>228</y></pt><pt><x>376</x><y>230</y></pt><pt><x>361</x><y>223</y></pt><pt><x>355</x><y>220</y></pt><pt><x>355</x><y>214</y></pt><pt><x>358</x><y>208</y></pt><pt><x>361</x><y>200</y></pt><pt><x>365</x><y>196</y></pt><pt><x>368</x><y>192</y></pt><pt><x>374</x><y>190</y></pt></polygon></object><object><name>chair</name><deleted>0</deleted><verified>0</verified><date>11-Jul-2012 23:44:13</date><id>41</id><polygon><username>sandy</username><pt><x>632</x><y>299</y></pt><pt><x>633</x><y>306</y></pt><pt><x>633</x><y>350</y></pt><pt><x>633</x><y>356</y></pt><pt><x>637</x><y>364</y></pt><pt><x>659</x><y>381</y></pt><pt><x>667</x><y>383</y></pt><pt><x>722</x><y>385</y></pt><pt><x>727</x><y>385</y></pt><pt><x>730</x><y>382</y></pt><pt><x>701</x><y>358</y></pt><pt><x>698</x><y>354</y></pt><pt><x>698</x><y>318</y></pt><pt><x>724</x><y>320</y></pt><pt><x>723</x><y>299</y></pt><pt><x>726</x><y>296</y></pt><pt><x>729</x><y>262</y></pt><pt><x>662</x><y>265</y></pt><pt><x>659</x><y>296</y></pt><pt><x>658</x><y>298</y></pt><pt><x>639</x><y>297</y></pt></polygon></object><object><name>chair</name><deleted>0</deleted><verified>0</verified><date>11-Jul-2012 23:44:13</date><id>42</id><polygon><username>sandy</username><pt><x>680</x><y>336</y></pt><pt><x>690</x><y>337</y></pt><pt><x>704</x><y>336</y></pt><pt><x>704</x><y>344</y></pt><pt><x>706</x><y>349</y></pt><pt><x>710</x><y>355</y></pt><pt><x>713</x><y>357</y></pt><pt><x>759</x><y>357</y></pt><pt><x>764</x><y>355</y></pt><pt><x>761</x><y>347</y></pt><pt><x>736</x><y>333</y></pt><pt><x>708</x><y>332</y></pt><pt><x>710</x><y>305</y></pt><pt><x>715</x><y>302</y></pt><pt><x>751</x><y>302</y></pt><pt><x>753</x><y>298</y></pt><pt><x>759</x><y>277</y></pt><pt><x>763</x><y>249</y></pt><pt><x>726</x><y>238</y></pt><pt><x>719</x><y>264</y></pt><pt><x>717</x><y>283</y></pt><pt><x>675</x><y>285</y></pt><pt><x>673</x><y>293</y></pt><pt><x>675</x><y>328</y></pt><pt><x>676</x><y>335</y></pt></polygon></object><object><name>chair</name><deleted>0</deleted><verified>0</verified><date>11-Jul-2012 23:44:13</date><id>43</id><polygon><username>sandy</username><pt><x>581</x><y>227</y></pt><pt><x>619</x><y>228</y></pt><pt><x>626</x><y>232</y></pt><pt><x>629</x><y>267</y></pt><pt><x>645</x><y>281</y></pt><pt><x>647</x><y>285</y></pt><pt><x>646</x><y>320</y></pt><pt><x>643</x><y>325</y></pt><pt><x>641</x><y>324</y></pt><pt><x>620</x><y>311</y></pt><pt><x>599</x><y>311</y></pt><pt><x>598</x><y>323</y></pt><pt><x>594</x><y>326</y></pt><pt><x>592</x><y>323</y></pt><pt><x>578</x><y>312</y></pt><pt><x>581</x><y>308</y></pt><pt><x>594</x><y>308</y></pt><pt><x>593</x><y>282</y></pt><pt><x>578</x><y>267</y></pt><pt><x>576</x><y>233</y></pt></polygon></object><object><name>chair</name><deleted>0</deleted><verified>0</verified><date>11-Jul-2012 23:44:13</date><id>44</id><polygon><username>sandy</username><pt><x>544</x><y>244</y></pt><pt><x>546</x><y>283</y></pt><pt><x>553</x><y>289</y></pt><pt><x>556</x><y>292</y></pt><pt><x>560</x><y>293</y></pt><pt><x>564</x><y>296</y></pt><pt><x>567</x><y>299</y></pt><pt><x>573</x><y>301</y></pt><pt><x>596</x><y>304</y></pt><pt><x>595</x><y>323</y></pt><pt><x>593</x><y>329</y></pt><pt><x>590</x><y>333</y></pt><pt><x>585</x><y>333</y></pt><pt><x>549</x><y>332</y></pt><pt><x>545</x><y>333</y></pt><pt><x>543</x><y>336</y></pt><pt><x>542</x><y>340</y></pt><pt><x>558</x><y>354</y></pt><pt><x>564</x><y>355</y></pt><pt><x>614</x><y>356</y></pt><pt><x>621</x><y>355</y></pt><pt><x>622</x><y>352</y></pt><pt><x>626</x><y>298</y></pt><pt><x>608</x><y>282</y></pt><pt><x>576</x><y>279</y></pt><pt><x>572</x><y>250</y></pt><pt><x>568</x><y>248</y></pt><pt><x>551</x><y>243</y></pt></polygon></object><imagesize><nrows>600</nrows><ncols>800</ncols></imagesize><object><name>coffeepot</name><deleted>0</deleted><verified>0</verified><date>17-Jul-2012 13:47:20</date><id>45</id><polygon><username>sandy</username><pt><x>323</x><y>441</y></pt><pt><x>342</x><y>437</y></pt><pt><x>364</x><y>443</y></pt><pt><x>362</x><y>494</y></pt><pt><x>348</x><y>507</y></pt><pt><x>324</x><y>503</y></pt><pt><x>321</x><y>486</y></pt><pt><x>307</x><y>476</y></pt><pt><x>307</x><y>464</y></pt><pt><x>313</x><y>445</y></pt></polygon></object></annotation>