<annotation><filename>k_kindergarden_PreschoolClassroom1.jpg</filename><folder>100images</folder><source><sourceImage>The MIT-CSAIL database of objects and scenes</sourceImage><sourceAnnotation>LabelMe Webtool</sourceAnnotation></source><object><name>chair</name><deleted>0</deleted><verified>0</verified><date>27-Jun-2012 21:40:17</date><id>0</id><polygon><username>sandy</username><pt><x>426</x><y>298</y></pt><pt><x>436</x><y>294</y></pt><pt><x>436</x><y>287</y></pt><pt><x>426</x><y>284</y></pt><pt><x>428</x><y>258</y></pt><pt><x>438</x><y>254</y></pt><pt><x>439</x><y>248</y></pt><pt><x>436</x><y>245</y></pt><pt><x>430</x><y>244</y></pt><pt><x>426</x><y>244</y></pt><pt><x>419</x><y>248</y></pt><pt><x>413</x><y>248</y></pt><pt><x>408</x><y>247</y></pt><pt><x>400</x><y>245</y></pt><pt><x>396</x><y>242</y></pt><pt><x>394</x><y>186</y></pt><pt><x>392</x><y>176</y></pt><pt><x>390</x><y>174</y></pt><pt><x>386</x><y>178</y></pt><pt><x>386</x><y>184</y></pt><pt><x>386</x><y>185</y></pt><pt><x>380</x><y>185</y></pt><pt><x>373</x><y>181</y></pt><pt><x>366</x><y>178</y></pt><pt><x>362</x><y>176</y></pt><pt><x>352</x><y>180</y></pt><pt><x>341</x><y>179</y></pt><pt><x>335</x><y>182</y></pt><pt><x>330</x><y>187</y></pt><pt><x>326</x><y>191</y></pt><pt><x>324</x><y>188</y></pt><pt><x>322</x><y>181</y></pt><pt><x>319</x><y>179</y></pt><pt><x>316</x><y>182</y></pt><pt><x>317</x><y>191</y></pt><pt><x>318</x><y>199</y></pt><pt><x>346</x><y>294</y></pt><pt><x>346</x><y>301</y></pt><pt><x>348</x><y>305</y></pt><pt><x>344</x><y>332</y></pt><pt><x>338</x><y>326</y></pt><pt><x>334</x><y>326</y></pt><pt><x>331</x><y>332</y></pt><pt><x>337</x><y>338</y></pt><pt><x>347</x><y>346</y></pt><pt><x>354</x><y>350</y></pt><pt><x>362</x><y>352</y></pt><pt><x>371</x><y>352</y></pt><pt><x>382</x><y>349</y></pt><pt><x>388</x><y>347</y></pt><pt><x>390</x><y>343</y></pt><pt><x>388</x><y>341</y></pt><pt><x>385</x><y>334</y></pt><pt><x>402</x><y>337</y></pt><pt><x>413</x><y>342</y></pt><pt><x>421</x><y>342</y></pt><pt><x>434</x><y>343</y></pt><pt><x>442</x><y>341</y></pt><pt><x>448</x><y>336</y></pt><pt><x>449</x><y>332</y></pt><pt><x>443</x><y>328</y></pt><pt><x>436</x><y>330</y></pt><pt><x>433</x><y>322</y></pt><pt><x>428</x><y>310</y></pt></polygon></object><object><name>shelves</name><deleted>0</deleted><verified>0</verified><date>27-Jun-2012 21:40:17</date><id>1</id><polygon><username>sandy</username><pt><x>209</x><y>328</y></pt><pt><x>220</x><y>485</y></pt><pt><x>156</x><y>506</y></pt><pt><x>20</x><y>438</y></pt><pt><x>10</x><y>298</y></pt><pt><x>84</x><y>288</y></pt></polygon></object><object><name>shelves</name><deleted>0</deleted><verified>0</verified><date>27-Jun-2012 21:40:17</date><id>2</id><polygon><username>sandy</username><pt><x>347</x><y>438</y></pt><pt><x>346</x><y>596</y></pt><pt><x>799</x><y>598</y></pt><pt><x>799</x><y>511</y></pt><pt><x>425</x><y>407</y></pt></polygon></object><object><name>rug</name><deleted>0</deleted><verified>0</verified><date>27-Jun-2012 21:40:17</date><id>3</id><polygon><username>sandy</username><pt><x>469</x><y>337</y></pt><pt><x>799</x><y>402</y></pt><pt><x>799</x><y>596</y></pt><pt><x>584</x><y>600</y></pt><pt><x>158</x><y>437</y></pt></polygon></object><object><name>toys</name><deleted>0</deleted><verified>0</verified><date>27-Jun-2012 21:40:17</date><id>4</id><polygon><username>sandy</username><pt><x>389</x><y>472</y></pt><pt><x>410</x><y>479</y></pt><pt><x>415</x><y>474</y></pt><pt><x>763</x><y>593</y></pt><pt><x>370</x><y>598</y></pt><pt><x>364</x><y>557</y></pt><pt><x>361</x><y>522</y></pt><pt><x>384</x><y>491</y></pt></polygon></object><object><name>toys</name><deleted>0</deleted><verified>0</verified><date>27-Jun-2012 21:40:17</date><id>5</id><polygon><username>sandy</username><pt><x>20</x><y>316</y></pt><pt><x>142</x><y>358</y></pt><pt><x>151</x><y>491</y></pt><pt><x>24</x><y>428</y></pt><pt><x>17</x><y>371</y></pt><pt><x>5</x><y>356</y></pt><pt><x>12</x><y>343</y></pt><pt><x>18</x><y>337</y></pt></polygon></object><object><name>picture</name><deleted>0</deleted><verified>0</verified><date>27-Jun-2012 21:40:17</date><id>6</id><polygon><username>sandy</username><pt><x>490</x><y>29</y></pt><pt><x>490</x><y>62</y></pt><pt><x>544</x><y>59</y></pt><pt><x>540</x><y>24</y></pt></polygon></object><object><name>picture</name><deleted>0</deleted><verified>0</verified><date>27-Jun-2012 21:40:17</date><id>7</id><polygon><username>sandy</username><pt><x>611</x><y>22</y></pt><pt><x>610</x><y>55</y></pt><pt><x>544</x><y>59</y></pt><pt><x>547</x><y>25</y></pt></polygon></object><object><name>picture</name><deleted>0</deleted><verified>0</verified><date>27-Jun-2012 21:40:17</date><id>8</id><polygon><username>sandy</username><pt><x>676</x><y>18</y></pt><pt><x>674</x><y>58</y></pt><pt><x>613</x><y>59</y></pt><pt><x>616</x><y>22</y></pt></polygon></object><object><name>picture</name><deleted>0</deleted><verified>0</verified><date>27-Jun-2012 21:40:17</date><id>9</id><polygon><username>sandy</username><pt><x>764</x><y>13</y></pt><pt><x>757</x><y>55</y></pt><pt><x>676</x><y>55</y></pt><pt><x>684</x><y>16</y></pt></polygon></object><object><name>picture</name><deleted>0</deleted><verified>0</verified><date>27-Jun-2012 21:40:17</date><id>10</id><polygon><username>sandy</username><pt><x>773</x><y>12</y></pt><pt><x>767</x><y>53</y></pt><pt><x>798</x><y>53</y></pt><pt><x>799</x><y>6</y></pt></polygon></object><object><name>charts</name><deleted>0</deleted><verified>0</verified><date>27-Jun-2012 21:40:17</date><id>11</id><polygon><username>sandy</username><pt><x>478</x><y>67</y></pt><pt><x>474</x><y>196</y></pt><pt><x>408</x><y>188</y></pt><pt><x>412</x><y>67</y></pt></polygon></object><object><name>trafficlight</name><deleted>0</deleted><verified>0</verified><date>27-Jun-2012 21:40:17</date><id>12</id><polygon><username>sandy</username><pt><x>246</x><y>90</y></pt><pt><x>247</x><y>154</y></pt><pt><x>271</x><y>152</y></pt><pt><x>268</x><y>86</y></pt></polygon></object><object><name>whiteboard</name><deleted>0</deleted><verified>0</verified><date>27-Jun-2012 21:40:17</date><id>13</id><polygon><username>sandy</username><pt><x>256</x><y>254</y></pt><pt><x>275</x><y>322</y></pt><pt><x>162</x><y>346</y></pt><pt><x>144</x><y>277</y></pt></polygon></object><object><name>picture</name><deleted>0</deleted><verified>0</verified><date>27-Jun-2012 21:40:17</date><id>14</id><polygon><username>sandy</username><pt><x>618</x><y>70</y></pt><pt><x>616</x><y>110</y></pt><pt><x>683</x><y>112</y></pt><pt><x>686</x><y>66</y></pt></polygon></object><object><name>window</name><deleted>0</deleted><verified>0</verified><date>27-Jun-2012 21:40:17</date><id>15</id><polygon><username>sandy</username><pt><x>216</x><y>24</y></pt><pt><x>224</x><y>251</y></pt><pt><x>2</x><y>284</y></pt><pt><x>0</x><y>5</y></pt></polygon></object><object><name>tree</name><deleted>0</deleted><verified>0</verified><date>27-Jun-2012 21:40:17</date><id>16</id><polygon><username>sandy</username><pt><x>148</x><y>214</y></pt><pt><x>148</x><y>175</y></pt><pt><x>173</x><y>146</y></pt><pt><x>210</x><y>107</y></pt><pt><x>204</x><y>95</y></pt><pt><x>164</x><y>132</y></pt><pt><x>163</x><y>118</y></pt><pt><x>168</x><y>109</y></pt><pt><x>167</x><y>102</y></pt><pt><x>162</x><y>98</y></pt><pt><x>158</x><y>108</y></pt><pt><x>157</x><y>116</y></pt><pt><x>157</x><y>122</y></pt><pt><x>156</x><y>132</y></pt><pt><x>154</x><y>139</y></pt><pt><x>150</x><y>152</y></pt><pt><x>146</x><y>162</y></pt><pt><x>143</x><y>148</y></pt><pt><x>140</x><y>140</y></pt><pt><x>142</x><y>109</y></pt><pt><x>190</x><y>77</y></pt><pt><x>200</x><y>66</y></pt><pt><x>200</x><y>55</y></pt><pt><x>202</x><y>44</y></pt><pt><x>199</x><y>40</y></pt><pt><x>196</x><y>37</y></pt><pt><x>190</x><y>41</y></pt><pt><x>187</x><y>48</y></pt><pt><x>188</x><y>61</y></pt><pt><x>164</x><y>84</y></pt><pt><x>139</x><y>96</y></pt><pt><x>134</x><y>56</y></pt><pt><x>132</x><y>7</y></pt><pt><x>90</x><y>13</y></pt><pt><x>90</x><y>78</y></pt><pt><x>97</x><y>103</y></pt><pt><x>97</x><y>134</y></pt><pt><x>72</x><y>102</y></pt><pt><x>77</x><y>82</y></pt><pt><x>78</x><y>73</y></pt><pt><x>82</x><y>62</y></pt><pt><x>82</x><y>49</y></pt><pt><x>79</x><y>47</y></pt><pt><x>73</x><y>55</y></pt><pt><x>70</x><y>65</y></pt><pt><x>65</x><y>79</y></pt><pt><x>64</x><y>91</y></pt><pt><x>44</x><y>66</y></pt><pt><x>30</x><y>43</y></pt><pt><x>23</x><y>38</y></pt><pt><x>23</x><y>29</y></pt><pt><x>20</x><y>25</y></pt><pt><x>14</x><y>22</y></pt><pt><x>11</x><y>22</y></pt><pt><x>8</x><y>24</y></pt><pt><x>6</x><y>26</y></pt><pt><x>6</x><y>34</y></pt><pt><x>40</x><y>78</y></pt><pt><x>52</x><y>90</y></pt><pt><x>74</x><y>128</y></pt><pt><x>98</x><y>156</y></pt><pt><x>73</x><y>148</y></pt><pt><x>52</x><y>148</y></pt><pt><x>41</x><y>140</y></pt><pt><x>20</x><y>131</y></pt><pt><x>16</x><y>124</y></pt><pt><x>14</x><y>116</y></pt><pt><x>11</x><y>109</y></pt><pt><x>5</x><y>103</y></pt><pt><x>2</x><y>103</y></pt><pt><x>6</x><y>136</y></pt><pt><x>30</x><y>150</y></pt><pt><x>47</x><y>155</y></pt><pt><x>100</x><y>164</y></pt><pt><x>109</x><y>256</y></pt><pt><x>120</x><y>260</y></pt><pt><x>149</x><y>256</y></pt><pt><x>146</x><y>228</y></pt></polygon></object><object><name>box</name><deleted>0</deleted><verified>0</verified><date>27-Jun-2012 21:40:17</date><id>17</id><polygon><username>sandy</username><pt><x>408</x><y>502</y></pt><pt><x>383</x><y>493</y></pt><pt><x>383</x><y>469</y></pt><pt><x>386</x><y>463</y></pt><pt><x>396</x><y>461</y></pt><pt><x>412</x><y>473</y></pt></polygon></object><object><name>box</name><deleted>0</deleted><verified>0</verified><date>27-Jun-2012 21:40:17</date><id>18</id><polygon><username>sandy</username><pt><x>481</x><y>510</y></pt><pt><x>481</x><y>550</y></pt><pt><x>460</x><y>556</y></pt><pt><x>412</x><y>533</y></pt><pt><x>410</x><y>498</y></pt><pt><x>414</x><y>498</y></pt><pt><x>424</x><y>492</y></pt></polygon></object><object><name>box</name><deleted>0</deleted><verified>0</verified><date>27-Jun-2012 21:40:17</date><id>19</id><polygon><username>sandy</username><pt><x>503</x><y>520</y></pt><pt><x>502</x><y>564</y></pt><pt><x>562</x><y>586</y></pt><pt><x>564</x><y>528</y></pt><pt><x>512</x><y>512</y></pt></polygon></object><object><name>box</name><deleted>0</deleted><verified>0</verified><date>27-Jun-2012 21:40:17</date><id>20</id><polygon><username>sandy</username><pt><x>658</x><y>566</y></pt><pt><x>656</x><y>598</y></pt><pt><x>586</x><y>595</y></pt><pt><x>575</x><y>588</y></pt><pt><x>572</x><y>545</y></pt><pt><x>584</x><y>538</y></pt></polygon></object><object><name>box</name><deleted>0</deleted><verified>0</verified><date>27-Jun-2012 21:40:17</date><id>21</id><polygon><username>sandy</username><pt><x>407</x><y>576</y></pt><pt><x>408</x><y>535</y></pt><pt><x>362</x><y>518</y></pt><pt><x>358</x><y>522</y></pt><pt><x>364</x><y>558</y></pt></polygon></object><object><name>box</name><deleted>0</deleted><verified>0</verified><date>27-Jun-2012 21:40:17</date><id>22</id><polygon><username>sandy</username><pt><x>425</x><y>550</y></pt><pt><x>428</x><y>588</y></pt><pt><x>456</x><y>596</y></pt><pt><x>478</x><y>596</y></pt><pt><x>480</x><y>564</y></pt></polygon></object><object><name>box</name><deleted>0</deleted><verified>0</verified><date>27-Jun-2012 21:40:17</date><id>23</id><polygon><username>sandy</username><pt><x>499</x><y>578</y></pt><pt><x>502</x><y>596</y></pt><pt><x>553</x><y>595</y></pt></polygon></object><object><name>box</name><deleted>0</deleted><verified>0</verified><date>27-Jun-2012 21:40:17</date><id>24</id><polygon><username>sandy</username><pt><x>402</x><y>583</y></pt><pt><x>370</x><y>575</y></pt><pt><x>372</x><y>598</y></pt><pt><x>406</x><y>596</y></pt></polygon></object><object><name>box</name><deleted>0</deleted><verified>0</verified><date>27-Jun-2012 21:40:17</date><id>25</id><polygon><username>sandy</username><pt><x>125</x><y>395</y></pt><pt><x>126</x><y>409</y></pt><pt><x>142</x><y>413</y></pt><pt><x>143</x><y>398</y></pt></polygon></object><object><name>box</name><deleted>0</deleted><verified>0</verified><date>27-Jun-2012 21:40:17</date><id>26</id><polygon><username>sandy</username><pt><x>127</x><y>371</y></pt><pt><x>139</x><y>376</y></pt><pt><x>140</x><y>355</y></pt><pt><x>124</x><y>352</y></pt></polygon></object><object><name>box</name><deleted>0</deleted><verified>0</verified><date>27-Jun-2012 21:40:17</date><id>27</id><polygon><username>sandy</username><pt><x>126</x><y>462</y></pt><pt><x>127</x><y>479</y></pt><pt><x>150</x><y>488</y></pt><pt><x>148</x><y>468</y></pt></polygon></object><object><name>box</name><deleted>0</deleted><verified>0</verified><date>27-Jun-2012 21:40:17</date><id>28</id><polygon><username>sandy</username><pt><x>98</x><y>379</y></pt><pt><x>115</x><y>386</y></pt><pt><x>115</x><y>403</y></pt><pt><x>94</x><y>396</y></pt></polygon></object><object><name>box</name><deleted>0</deleted><verified>0</verified><date>27-Jun-2012 21:40:17</date><id>29</id><polygon><username>sandy</username><pt><x>83</x><y>372</y></pt><pt><x>82</x><y>396</y></pt><pt><x>61</x><y>384</y></pt><pt><x>60</x><y>370</y></pt><pt><x>67</x><y>365</y></pt></polygon></object><object><name>box</name><deleted>0</deleted><verified>0</verified><date>27-Jun-2012 21:40:17</date><id>30</id><polygon><username>sandy</username><pt><x>58</x><y>396</y></pt><pt><x>60</x><y>415</y></pt><pt><x>43</x><y>404</y></pt><pt><x>42</x><y>388</y></pt></polygon></object><object><name>box</name><deleted>0</deleted><verified>0</verified><date>27-Jun-2012 21:40:17</date><id>31</id><polygon><username>sandy</username><pt><x>55</x><y>359</y></pt><pt><x>56</x><y>380</y></pt><pt><x>48</x><y>386</y></pt><pt><x>29</x><y>377</y></pt><pt><x>29</x><y>356</y></pt><pt><x>37</x><y>352</y></pt></polygon></object><object><name>box</name><deleted>0</deleted><verified>0</verified><date>27-Jun-2012 21:40:17</date><id>32</id><polygon><username>sandy</username><pt><x>25</x><y>325</y></pt><pt><x>26</x><y>349</y></pt><pt><x>54</x><y>354</y></pt><pt><x>54</x><y>326</y></pt><pt><x>35</x><y>319</y></pt></polygon></object><object><name>box</name><deleted>0</deleted><verified>0</verified><date>27-Jun-2012 21:40:17</date><id>33</id><polygon><username>sandy</username><pt><x>67</x><y>350</y></pt><pt><x>84</x><y>358</y></pt><pt><x>82</x><y>335</y></pt><pt><x>64</x><y>331</y></pt></polygon></object><object><name>box</name><deleted>0</deleted><verified>0</verified><date>27-Jun-2012 21:40:17</date><id>34</id><polygon><username>sandy</username><pt><x>92</x><y>359</y></pt><pt><x>109</x><y>364</y></pt><pt><x>109</x><y>342</y></pt><pt><x>92</x><y>342</y></pt><pt><x>89</x><y>350</y></pt></polygon></object><object><name>charts</name><deleted>0</deleted><verified>0</verified><date>27-Jun-2012 21:40:17</date><id>35</id><polygon><username>sandy</username><pt><x>661</x><y>126</y></pt><pt><x>647</x><y>337</y></pt><pt><x>589</x><y>330</y></pt><pt><x>534</x><y>313</y></pt><pt><x>545</x><y>130</y></pt></polygon></object><object><name>calander</name><deleted>0</deleted><verified>0</verified><date>27-Jun-2012 21:40:17</date><id>36</id><polygon><username>sandy</username><pt><x>732</x><y>166</y></pt><pt><x>732</x><y>146</y></pt><pt><x>722</x><y>145</y></pt><pt><x>718</x><y>154</y></pt><pt><x>695</x><y>152</y></pt><pt><x>695</x><y>146</y></pt><pt><x>685</x><y>149</y></pt><pt><x>683</x><y>167</y></pt><pt><x>694</x><y>169</y></pt></polygon></object><object><name>-classrules-</name><deleted>1</deleted><verified>0</verified><date>27-Jun-2012 21:40:17</date><id>37</id><polygon><username>sandy</username><pt><x>440</x><y>103</y></pt><pt><x>473</x><y>102</y></pt><pt><x>470</x><y>71</y></pt><pt><x>418</x><y>70</y></pt><pt><x>414</x><y>101</y></pt></polygon></object><object><name>charts</name><deleted>0</deleted><verified>0</verified><date>27-Jun-2012 21:40:17</date><id>38</id><polygon><username>sandy</username><pt><x>344</x><y>113</y></pt><pt><x>347</x><y>198</y></pt><pt><x>274</x><y>203</y></pt><pt><x>272</x><y>108</y></pt></polygon></object><object><name>snowflake</name><deleted>0</deleted><verified>0</verified><date>27-Jun-2012 21:40:17</date><id>39</id><polygon><username>sandy</username><pt><x>131</x><y>187</y></pt><pt><x>143</x><y>193</y></pt><pt><x>146</x><y>204</y></pt><pt><x>145</x><y>215</y></pt><pt><x>138</x><y>218</y></pt><pt><x>131</x><y>221</y></pt><pt><x>125</x><y>216</y></pt><pt><x>119</x><y>206</y></pt><pt><x>118</x><y>197</y></pt></polygon></object><object><name>snowflake</name><deleted>0</deleted><verified>0</verified><date>27-Jun-2012 21:40:17</date><id>40</id><polygon><username>sandy</username><pt><x>115</x><y>138</y></pt><pt><x>119</x><y>148</y></pt><pt><x>125</x><y>168</y></pt><pt><x>120</x><y>170</y></pt><pt><x>113</x><y>170</y></pt><pt><x>106</x><y>167</y></pt><pt><x>100</x><y>162</y></pt><pt><x>97</x><y>155</y></pt><pt><x>97</x><y>149</y></pt><pt><x>102</x><y>142</y></pt></polygon></object><object><name>snowflake</name><deleted>0</deleted><verified>0</verified><date>27-Jun-2012 21:40:17</date><id>41</id><polygon><username>sandy</username><pt><x>124</x><y>90</y></pt><pt><x>131</x><y>90</y></pt><pt><x>137</x><y>92</y></pt><pt><x>139</x><y>101</y></pt><pt><x>143</x><y>108</y></pt><pt><x>142</x><y>115</y></pt><pt><x>138</x><y>121</y></pt><pt><x>133</x><y>121</y></pt><pt><x>126</x><y>121</y></pt><pt><x>121</x><y>116</y></pt><pt><x>118</x><y>112</y></pt><pt><x>115</x><y>106</y></pt><pt><x>114</x><y>95</y></pt></polygon></object><object><name>snowflake</name><deleted>0</deleted><verified>0</verified><date>27-Jun-2012 21:40:17</date><id>42</id><polygon><username>sandy</username><pt><x>122</x><y>43</y></pt><pt><x>130</x><y>52</y></pt><pt><x>134</x><y>60</y></pt><pt><x>134</x><y>70</y></pt><pt><x>130</x><y>76</y></pt><pt><x>126</x><y>78</y></pt><pt><x>120</x><y>78</y></pt><pt><x>115</x><y>77</y></pt><pt><x>110</x><y>72</y></pt><pt><x>107</x><y>66</y></pt><pt><x>104</x><y>58</y></pt><pt><x>107</x><y>49</y></pt><pt><x>112</x><y>43</y></pt></polygon></object><object><name>snowflake</name><deleted>0</deleted><verified>0</verified><date>27-Jun-2012 21:40:17</date><id>43</id><polygon><username>sandy</username><pt><x>37</x><y>91</y></pt><pt><x>43</x><y>100</y></pt><pt><x>42</x><y>109</y></pt><pt><x>37</x><y>116</y></pt><pt><x>26</x><y>120</y></pt><pt><x>23</x><y>121</y></pt><pt><x>18</x><y>120</y></pt><pt><x>12</x><y>114</y></pt><pt><x>10</x><y>109</y></pt><pt><x>8</x><y>97</y></pt><pt><x>12</x><y>90</y></pt><pt><x>18</x><y>85</y></pt><pt><x>23</x><y>83</y></pt></polygon></object><object><name>snowflake</name><deleted>0</deleted><verified>0</verified><date>27-Jun-2012 21:40:17</date><id>44</id><polygon><username>sandy</username><pt><x>196</x><y>92</y></pt><pt><x>199</x><y>97</y></pt><pt><x>203</x><y>106</y></pt><pt><x>200</x><y>112</y></pt><pt><x>198</x><y>118</y></pt><pt><x>191</x><y>119</y></pt><pt><x>186</x><y>119</y></pt><pt><x>184</x><y>118</y></pt><pt><x>181</x><y>112</y></pt><pt><x>180</x><y>106</y></pt><pt><x>182</x><y>98</y></pt></polygon></object><object><name>snowflake</name><deleted>0</deleted><verified>0</verified><date>27-Jun-2012 21:40:17</date><id>45</id><polygon><username>sandy</username><pt><x>181</x><y>47</y></pt><pt><x>187</x><y>60</y></pt><pt><x>187</x><y>66</y></pt><pt><x>185</x><y>73</y></pt><pt><x>182</x><y>77</y></pt><pt><x>176</x><y>79</y></pt><pt><x>172</x><y>79</y></pt><pt><x>169</x><y>76</y></pt><pt><x>164</x><y>72</y></pt><pt><x>162</x><y>65</y></pt><pt><x>162</x><y>56</y></pt><pt><x>167</x><y>50</y></pt><pt><x>172</x><y>47</y></pt></polygon></object><object><name>decoration</name><deleted>0</deleted><verified>0</verified><date>27-Jun-2012 21:40:17</date><id>46</id><polygon><username>sandy</username><pt><x>384</x><y>34</y></pt><pt><x>390</x><y>16</y></pt><pt><x>396</x><y>13</y></pt><pt><x>400</x><y>17</y></pt><pt><x>398</x><y>23</y></pt><pt><x>396</x><y>26</y></pt><pt><x>401</x><y>24</y></pt><pt><x>403</x><y>25</y></pt><pt><x>404</x><y>29</y></pt><pt><x>403</x><y>34</y></pt><pt><x>400</x><y>35</y></pt><pt><x>395</x><y>37</y></pt></polygon></object><object><name>decoration</name><deleted>0</deleted><verified>0</verified><date>27-Jun-2012 21:40:17</date><id>47</id><polygon><username>sandy</username><pt><x>317</x><y>55</y></pt><pt><x>322</x><y>41</y></pt><pt><x>320</x><y>34</y></pt><pt><x>310</x><y>36</y></pt><pt><x>308</x><y>41</y></pt><pt><x>307</x><y>44</y></pt></polygon></object><object><name>decoration</name><deleted>0</deleted><verified>0</verified><date>27-Jun-2012 21:40:17</date><id>48</id><polygon><username>sandy</username><pt><x>288</x><y>31</y></pt><pt><x>306</x><y>26</y></pt><pt><x>310</x><y>22</y></pt><pt><x>311</x><y>16</y></pt><pt><x>306</x><y>11</y></pt><pt><x>304</x><y>11</y></pt><pt><x>301</x><y>11</y></pt><pt><x>300</x><y>6</y></pt><pt><x>296</x><y>5</y></pt><pt><x>293</x><y>5</y></pt><pt><x>289</x><y>6</y></pt><pt><x>286</x><y>7</y></pt><pt><x>286</x><y>13</y></pt></polygon></object><object><name>decoration</name><deleted>0</deleted><verified>0</verified><date>27-Jun-2012 21:40:17</date><id>49</id><polygon><username>sandy</username><pt><x>475</x><y>59</y></pt><pt><x>466</x><y>67</y></pt><pt><x>463</x><y>58</y></pt><pt><x>466</x><y>52</y></pt><pt><x>468</x><y>50</y></pt></polygon></object><object><name>stereo</name><deleted>0</deleted><verified>0</verified><date>27-Jun-2012 21:40:17</date><id>50</id><polygon><username>sandy</username><pt><x>59</x><y>307</y></pt><pt><x>101</x><y>304</y></pt><pt><x>104</x><y>295</y></pt><pt><x>104</x><y>288</y></pt><pt><x>101</x><y>278</y></pt><pt><x>96</x><y>271</y></pt><pt><x>86</x><y>268</y></pt><pt><x>79</x><y>266</y></pt><pt><x>60</x><y>263</y></pt><pt><x>53</x><y>264</y></pt><pt><x>48</x><y>266</y></pt><pt><x>46</x><y>274</y></pt><pt><x>44</x><y>280</y></pt><pt><x>47</x><y>290</y></pt></polygon></object><object><name>calander</name><deleted>0</deleted><verified>0</verified><date>27-Jun-2012 21:40:17</date><id>51</id><polygon><username>sandy</username><pt><x>772</x><y>144</y></pt><pt><x>760</x><y>272</y></pt><pt><x>656</x><y>256</y></pt><pt><x>664</x><y>139</y></pt><pt><x>680</x><y>137</y></pt><pt><x>680</x><y>132</y></pt><pt><x>688</x><y>127</y></pt><pt><x>746</x><y>130</y></pt><pt><x>751</x><y>132</y></pt><pt><x>750</x><y>136</y></pt><pt><x>750</x><y>143</y></pt></polygon></object><imagesize><nrows>600</nrows><ncols>800</ncols></imagesize></annotation>
