<annotation><filename>k_kitchen_kitchen1a.jpg</filename><folder>100images</folder><source><sourceImage>The MIT-CSAIL database of objects and scenes</sourceImage><sourceAnnotation>LabelMe Webtool</sourceAnnotation></source><object><name>corn</name><deleted>0</deleted><verified>0</verified><date>12-Jul-2012 23:06:07</date><id>0</id><polygon><username>sandy</username><pt><x>660</x><y>449</y></pt><pt><x>674</x><y>431</y></pt><pt><x>687</x><y>437</y></pt><pt><x>689</x><y>443</y></pt><pt><x>671</x><y>474</y></pt><pt><x>663</x><y>501</y></pt><pt><x>651</x><y>508</y></pt><pt><x>643</x><y>508</y></pt><pt><x>639</x><y>505</y></pt><pt><x>637</x><y>496</y></pt><pt><x>640</x><y>483</y></pt><pt><x>648</x><y>465</y></pt></polygon></object><object><name>corn</name><deleted>0</deleted><verified>0</verified><date>12-Jul-2012 23:06:07</date><id>1</id><polygon><username>sandy</username><pt><x>637</x><y>438</y></pt><pt><x>649</x><y>440</y></pt><pt><x>646</x><y>467</y></pt><pt><x>639</x><y>498</y></pt><pt><x>634</x><y>501</y></pt><pt><x>623</x><y>501</y></pt><pt><x>617</x><y>498</y></pt><pt><x>616</x><y>490</y></pt><pt><x>627</x><y>456</y></pt><pt><x>633</x><y>445</y></pt></polygon></object><object><name>corn</name><deleted>0</deleted><verified>0</verified><date>12-Jul-2012 23:06:07</date><id>2</id><polygon><username>sandy</username><pt><x>611</x><y>416</y></pt><pt><x>624</x><y>417</y></pt><pt><x>627</x><y>448</y></pt><pt><x>627</x><y>459</y></pt><pt><x>626</x><y>475</y></pt><pt><x>622</x><y>481</y></pt><pt><x>615</x><y>485</y></pt><pt><x>608</x><y>483</y></pt><pt><x>606</x><y>480</y></pt><pt><x>601</x><y>473</y></pt><pt><x>601</x><y>434</y></pt><pt><x>604</x><y>423</y></pt></polygon></object><object><name>corn</name><deleted>0</deleted><verified>0</verified><date>12-Jul-2012 23:06:07</date><id>3</id><polygon><username>sandy</username><pt><x>585</x><y>423</y></pt><pt><x>594</x><y>423</y></pt><pt><x>598</x><y>428</y></pt><pt><x>605</x><y>488</y></pt><pt><x>604</x><y>493</y></pt><pt><x>599</x><y>493</y></pt><pt><x>593</x><y>494</y></pt><pt><x>585</x><y>492</y></pt><pt><x>583</x><y>488</y></pt><pt><x>577</x><y>434</y></pt><pt><x>578</x><y>425</y></pt></polygon></object><object><name>sink</name><deleted>0</deleted><verified>0</verified><date>12-Jul-2012 23:06:07</date><id>4</id><polygon><username>sandy</username><pt><x>271</x><y>445</y></pt><pt><x>395</x><y>404</y></pt><pt><x>390</x><y>359</y></pt><pt><x>319</x><y>351</y></pt><pt><x>216</x><y>375</y></pt><pt><x>267</x><y>393</y></pt></polygon></object><object><name>sink</name><deleted>0</deleted><verified>0</verified><date>12-Jul-2012 23:06:07</date><id>5</id><polygon><username>sandy</username><pt><x>352</x><y>566</y></pt><pt><x>395</x><y>549</y></pt><pt><x>324</x><y>521</y></pt><pt><x>270</x><y>542</y></pt><pt><x>331</x><y>567</y></pt></polygon></object><object><name>pepper</name><deleted>0</deleted><verified>0</verified><date>12-Jul-2012 23:06:07</date><id>6</id><polygon><username>sandy</username><pt><x>248</x><y>522</y></pt><pt><x>257</x><y>528</y></pt><pt><x>257</x><y>556</y></pt><pt><x>254</x><y>564</y></pt><pt><x>249</x><y>569</y></pt><pt><x>239</x><y>575</y></pt><pt><x>233</x><y>578</y></pt><pt><x>226</x><y>573</y></pt><pt><x>222</x><y>573</y></pt><pt><x>216</x><y>571</y></pt><pt><x>212</x><y>569</y></pt><pt><x>210</x><y>563</y></pt><pt><x>211</x><y>535</y></pt><pt><x>215</x><y>530</y></pt><pt><x>220</x><y>527</y></pt><pt><x>223</x><y>525</y></pt><pt><x>225</x><y>521</y></pt><pt><x>223</x><y>518</y></pt><pt><x>220</x><y>517</y></pt><pt><x>215</x><y>516</y></pt><pt><x>211</x><y>518</y></pt><pt><x>211</x><y>516</y></pt><pt><x>214</x><y>512</y></pt><pt><x>218</x><y>511</y></pt><pt><x>225</x><y>516</y></pt><pt><x>230</x><y>518</y></pt><pt><x>235</x><y>521</y></pt><pt><x>238</x><y>523</y></pt></polygon></object><object><name>pepper</name><deleted>0</deleted><verified>0</verified><date>12-Jul-2012 23:06:07</date><id>7</id><polygon><username>sandy</username><pt><x>283</x><y>591</y></pt><pt><x>300</x><y>582</y></pt><pt><x>304</x><y>576</y></pt><pt><x>304</x><y>570</y></pt><pt><x>302</x><y>563</y></pt><pt><x>302</x><y>560</y></pt><pt><x>306</x><y>556</y></pt><pt><x>304</x><y>550</y></pt><pt><x>297</x><y>542</y></pt><pt><x>291</x><y>537</y></pt><pt><x>276</x><y>540</y></pt><pt><x>263</x><y>544</y></pt><pt><x>259</x><y>544</y></pt><pt><x>254</x><y>548</y></pt><pt><x>252</x><y>552</y></pt><pt><x>251</x><y>558</y></pt><pt><x>256</x><y>563</y></pt><pt><x>256</x><y>566</y></pt><pt><x>252</x><y>567</y></pt><pt><x>250</x><y>571</y></pt><pt><x>251</x><y>578</y></pt><pt><x>251</x><y>584</y></pt><pt><x>251</x><y>589</y></pt><pt><x>256</x><y>589</y></pt><pt><x>257</x><y>585</y></pt><pt><x>255</x><y>581</y></pt><pt><x>256</x><y>577</y></pt><pt><x>256</x><y>574</y></pt><pt><x>259</x><y>577</y></pt><pt><x>261</x><y>583</y></pt><pt><x>263</x><y>588</y></pt><pt><x>267</x><y>590</y></pt><pt><x>273</x><y>591</y></pt><pt><x>279</x><y>589</y></pt></polygon></object><object><name>wine</name><deleted>0</deleted><verified>0</verified><date>12-Jul-2012 23:06:07</date><id>8</id><polygon><username>sandy</username><pt><x>447</x><y>395</y></pt><pt><x>453</x><y>417</y></pt><pt><x>454</x><y>432</y></pt><pt><x>457</x><y>484</y></pt><pt><x>456</x><y>488</y></pt><pt><x>446</x><y>491</y></pt><pt><x>435</x><y>492</y></pt><pt><x>430</x><y>491</y></pt><pt><x>427</x><y>486</y></pt><pt><x>425</x><y>484</y></pt><pt><x>425</x><y>422</y></pt><pt><x>433</x><y>392</y></pt><pt><x>433</x><y>362</y></pt><pt><x>439</x><y>362</y></pt><pt><x>443</x><y>365</y></pt><pt><x>443</x><y>385</y></pt></polygon></object><object><name>lobster</name><deleted>0</deleted><verified>0</verified><date>12-Jul-2012 23:06:07</date><id>9</id><polygon><username>sandy</username><pt><x>594</x><y>506</y></pt><pt><x>602</x><y>511</y></pt><pt><x>606</x><y>528</y></pt><pt><x>609</x><y>529</y></pt><pt><x>611</x><y>525</y></pt><pt><x>611</x><y>522</y></pt><pt><x>616</x><y>521</y></pt><pt><x>620</x><y>525</y></pt><pt><x>625</x><y>529</y></pt><pt><x>627</x><y>533</y></pt><pt><x>630</x><y>538</y></pt><pt><x>634</x><y>543</y></pt><pt><x>635</x><y>548</y></pt><pt><x>633</x><y>553</y></pt><pt><x>631</x><y>557</y></pt><pt><x>627</x><y>564</y></pt><pt><x>624</x><y>568</y></pt><pt><x>626</x><y>578</y></pt><pt><x>625</x><y>583</y></pt><pt><x>616</x><y>582</y></pt><pt><x>606</x><y>578</y></pt><pt><x>588</x><y>571</y></pt><pt><x>581</x><y>563</y></pt><pt><x>574</x><y>556</y></pt><pt><x>568</x><y>551</y></pt><pt><x>568</x><y>546</y></pt><pt><x>568</x><y>541</y></pt><pt><x>568</x><y>537</y></pt><pt><x>568</x><y>533</y></pt><pt><x>568</x><y>529</y></pt><pt><x>568</x><y>524</y></pt><pt><x>569</x><y>520</y></pt><pt><x>575</x><y>520</y></pt><pt><x>576</x><y>522</y></pt><pt><x>578</x><y>515</y></pt><pt><x>579</x><y>510</y></pt><pt><x>583</x><y>507</y></pt></polygon></object><object><name>lobster</name><deleted>0</deleted><verified>0</verified><date>12-Jul-2012 23:06:07</date><id>10</id><polygon><username>sandy</username><pt><x>541</x><y>528</y></pt><pt><x>563</x><y>540</y></pt><pt><x>565</x><y>548</y></pt><pt><x>551</x><y>571</y></pt><pt><x>545</x><y>573</y></pt><pt><x>536</x><y>571</y></pt><pt><x>531</x><y>568</y></pt><pt><x>532</x><y>563</y></pt><pt><x>533</x><y>558</y></pt><pt><x>534</x><y>555</y></pt><pt><x>531</x><y>553</y></pt><pt><x>525</x><y>551</y></pt><pt><x>517</x><y>548</y></pt><pt><x>508</x><y>544</y></pt><pt><x>505</x><y>544</y></pt><pt><x>509</x><y>554</y></pt><pt><x>513</x><y>563</y></pt><pt><x>515</x><y>568</y></pt><pt><x>511</x><y>573</y></pt><pt><x>503</x><y>574</y></pt><pt><x>494</x><y>573</y></pt><pt><x>491</x><y>571</y></pt><pt><x>486</x><y>565</y></pt><pt><x>483</x><y>557</y></pt><pt><x>481</x><y>532</y></pt><pt><x>488</x><y>529</y></pt><pt><x>492</x><y>521</y></pt><pt><x>498</x><y>519</y></pt><pt><x>505</x><y>523</y></pt><pt><x>508</x><y>525</y></pt><pt><x>507</x><y>520</y></pt><pt><x>508</x><y>515</y></pt><pt><x>511</x><y>510</y></pt><pt><x>513</x><y>508</y></pt><pt><x>518</x><y>505</y></pt><pt><x>521</x><y>503</y></pt><pt><x>526</x><y>503</y></pt><pt><x>529</x><y>506</y></pt><pt><x>533</x><y>511</y></pt><pt><x>535</x><y>518</y></pt><pt><x>536</x><y>523</y></pt></polygon></object><object><name>window</name><deleted>0</deleted><verified>0</verified><date>12-Jul-2012 23:06:07</date><id>11</id><polygon><username>sandy</username><pt><x>329</x><y>332</y></pt><pt><x>326</x><y>131</y></pt><pt><x>112</x><y>102</y></pt><pt><x>83</x><y>288</y></pt><pt><x>89</x><y>374</y></pt><pt><x>140</x><y>353</y></pt><pt><x>271</x><y>337</y></pt></polygon></object><object><name>table</name><deleted>0</deleted><verified>0</verified><date>12-Jul-2012 23:06:07</date><id>12</id><polygon><username>sandy</username><pt><x>92</x><y>597</y></pt><pt><x>100</x><y>592</y></pt><pt><x>104</x><y>586</y></pt><pt><x>121</x><y>582</y></pt><pt><x>123</x><y>578</y></pt><pt><x>587</x><y>376</y></pt><pt><x>633</x><y>381</y></pt><pt><x>683</x><y>380</y></pt><pt><x>727</x><y>383</y></pt><pt><x>749</x><y>386</y></pt><pt><x>765</x><y>392</y></pt><pt><x>798</x><y>396</y></pt><pt><x>799</x><y>464</y></pt><pt><x>702</x><y>597</y></pt></polygon></object><object><name>tap</name><deleted>0</deleted><verified>0</verified><date>12-Jul-2012 23:06:07</date><id>13</id><polygon><username>sandy</username><pt><x>244</x><y>347</y></pt><pt><x>265</x><y>344</y></pt><pt><x>265</x><y>347</y></pt><pt><x>263</x><y>349</y></pt><pt><x>263</x><y>352</y></pt><pt><x>266</x><y>353</y></pt><pt><x>271</x><y>351</y></pt><pt><x>274</x><y>352</y></pt><pt><x>274</x><y>348</y></pt><pt><x>272</x><y>346</y></pt><pt><x>270</x><y>343</y></pt><pt><x>271</x><y>340</y></pt><pt><x>271</x><y>336</y></pt><pt><x>270</x><y>332</y></pt><pt><x>271</x><y>327</y></pt><pt><x>274</x><y>327</y></pt><pt><x>274</x><y>324</y></pt><pt><x>271</x><y>324</y></pt><pt><x>270</x><y>323</y></pt><pt><x>266</x><y>324</y></pt><pt><x>263</x><y>324</y></pt><pt><x>262</x><y>324</y></pt><pt><x>258</x><y>328</y></pt><pt><x>260</x><y>329</y></pt><pt><x>265</x><y>329</y></pt><pt><x>265</x><y>333</y></pt><pt><x>263</x><y>336</y></pt><pt><x>255</x><y>337</y></pt><pt><x>256</x><y>321</y></pt><pt><x>276</x><y>321</y></pt><pt><x>279</x><y>319</y></pt><pt><x>282</x><y>319</y></pt><pt><x>282</x><y>324</y></pt><pt><x>283</x><y>329</y></pt><pt><x>284</x><y>332</y></pt><pt><x>288</x><y>331</y></pt><pt><x>289</x><y>329</y></pt><pt><x>288</x><y>324</y></pt><pt><x>287</x><y>318</y></pt><pt><x>284</x><y>316</y></pt><pt><x>282</x><y>314</y></pt><pt><x>279</x><y>313</y></pt><pt><x>276</x><y>314</y></pt><pt><x>256</x><y>314</y></pt><pt><x>253</x><y>309</y></pt><pt><x>250</x><y>308</y></pt><pt><x>247</x><y>309</y></pt><pt><x>247</x><y>312</y></pt><pt><x>246</x><y>316</y></pt><pt><x>250</x><y>319</y></pt><pt><x>250</x><y>339</y></pt><pt><x>242</x><y>341</y></pt><pt><x>240</x><y>334</y></pt><pt><x>244</x><y>333</y></pt><pt><x>243</x><y>329</y></pt><pt><x>238</x><y>328</y></pt><pt><x>235</x><y>330</y></pt><pt><x>231</x><y>332</y></pt><pt><x>228</x><y>333</y></pt><pt><x>233</x><y>334</y></pt><pt><x>235</x><y>341</y></pt><pt><x>232</x><y>344</y></pt><pt><x>233</x><y>348</y></pt><pt><x>235</x><y>350</y></pt><pt><x>234</x><y>355</y></pt><pt><x>233</x><y>359</y></pt><pt><x>238</x><y>358</y></pt><pt><x>241</x><y>357</y></pt><pt><x>240</x><y>352</y></pt></polygon></object><object><name>tap</name><deleted>0</deleted><verified>0</verified><date>12-Jul-2012 23:06:07</date><id>14</id><polygon><username>sandy</username><pt><x>401</x><y>426</y></pt><pt><x>433</x><y>431</y></pt><pt><x>436</x><y>434</y></pt><pt><x>434</x><y>440</y></pt><pt><x>430</x><y>442</y></pt><pt><x>419</x><y>440</y></pt><pt><x>425</x><y>504</y></pt><pt><x>428</x><y>510</y></pt><pt><x>427</x><y>516</y></pt><pt><x>433</x><y>511</y></pt><pt><x>433</x><y>505</y></pt><pt><x>432</x><y>486</y></pt><pt><x>430</x><y>480</y></pt><pt><x>430</x><y>475</y></pt><pt><x>431</x><y>471</y></pt><pt><x>436</x><y>470</y></pt><pt><x>442</x><y>472</y></pt><pt><x>445</x><y>474</y></pt><pt><x>444</x><y>479</y></pt><pt><x>444</x><y>487</y></pt><pt><x>442</x><y>494</y></pt><pt><x>443</x><y>506</y></pt><pt><x>446</x><y>512</y></pt><pt><x>449</x><y>516</y></pt><pt><x>446</x><y>521</y></pt><pt><x>446</x><y>523</y></pt><pt><x>430</x><y>535</y></pt><pt><x>429</x><y>550</y></pt><pt><x>433</x><y>554</y></pt><pt><x>424</x><y>558</y></pt><pt><x>417</x><y>558</y></pt><pt><x>411</x><y>559</y></pt><pt><x>410</x><y>556</y></pt><pt><x>408</x><y>553</y></pt><pt><x>409</x><y>550</y></pt><pt><x>410</x><y>545</y></pt><pt><x>401</x><y>550</y></pt><pt><x>395</x><y>550</y></pt><pt><x>391</x><y>547</y></pt><pt><x>388</x><y>543</y></pt><pt><x>387</x><y>538</y></pt><pt><x>389</x><y>534</y></pt><pt><x>391</x><y>530</y></pt><pt><x>392</x><y>526</y></pt><pt><x>394</x><y>509</y></pt><pt><x>393</x><y>500</y></pt><pt><x>391</x><y>495</y></pt><pt><x>391</x><y>491</y></pt><pt><x>392</x><y>489</y></pt><pt><x>394</x><y>487</y></pt><pt><x>398</x><y>486</y></pt><pt><x>402</x><y>488</y></pt><pt><x>404</x><y>492</y></pt><pt><x>404</x><y>497</y></pt><pt><x>404</x><y>505</y></pt><pt><x>405</x><y>525</y></pt><pt><x>414</x><y>519</y></pt><pt><x>412</x><y>512</y></pt><pt><x>413</x><y>507</y></pt><pt><x>411</x><y>438</y></pt><pt><x>399</x><y>433</y></pt><pt><x>392</x><y>430</y></pt><pt><x>384</x><y>423</y></pt><pt><x>377</x><y>413</y></pt><pt><x>369</x><y>407</y></pt><pt><x>361</x><y>404</y></pt><pt><x>354</x><y>404</y></pt><pt><x>347</x><y>408</y></pt><pt><x>345</x><y>415</y></pt><pt><x>344</x><y>421</y></pt><pt><x>343</x><y>428</y></pt><pt><x>343</x><y>434</y></pt><pt><x>341</x><y>439</y></pt><pt><x>333</x><y>438</y></pt><pt><x>330</x><y>430</y></pt><pt><x>333</x><y>418</y></pt><pt><x>338</x><y>406</y></pt><pt><x>347</x><y>400</y></pt><pt><x>360</x><y>396</y></pt><pt><x>370</x><y>398</y></pt><pt><x>383</x><y>403</y></pt><pt><x>390</x><y>413</y></pt><pt><x>396</x><y>420</y></pt></polygon></object><object><name>pizza</name><deleted>0</deleted><verified>0</verified><date>12-Jul-2012 23:06:07</date><id>15</id><polygon><username>sandy</username><pt><x>532</x><y>418</y></pt><pt><x>555</x><y>419</y></pt><pt><x>565</x><y>420</y></pt><pt><x>573</x><y>425</y></pt><pt><x>579</x><y>428</y></pt><pt><x>577</x><y>436</y></pt><pt><x>571</x><y>448</y></pt><pt><x>565</x><y>451</y></pt><pt><x>548</x><y>450</y></pt><pt><x>526</x><y>450</y></pt><pt><x>504</x><y>448</y></pt><pt><x>492</x><y>446</y></pt><pt><x>481</x><y>447</y></pt><pt><x>469</x><y>448</y></pt><pt><x>463</x><y>449</y></pt><pt><x>457</x><y>447</y></pt><pt><x>452</x><y>445</y></pt><pt><x>445</x><y>441</y></pt><pt><x>449</x><y>428</y></pt><pt><x>457</x><y>425</y></pt><pt><x>468</x><y>420</y></pt><pt><x>480</x><y>419</y></pt><pt><x>493</x><y>420</y></pt><pt><x>510</x><y>420</y></pt><pt><x>525</x><y>419</y></pt></polygon></object><object><name>worksurface</name><deleted>0</deleted><verified>0</verified><date>12-Jul-2012 23:06:07</date><id>16</id><polygon><username>sandy</username><pt><x>3</x><y>459</y></pt><pt><x>273</x><y>391</y></pt><pt><x>274</x><y>384</y></pt><pt><x>221</x><y>374</y></pt><pt><x>319</x><y>351</y></pt><pt><x>390</x><y>361</y></pt><pt><x>497</x><y>332</y></pt><pt><x>578</x><y>339</y></pt><pt><x>580</x><y>332</y></pt><pt><x>613</x><y>317</y></pt><pt><x>592</x><y>316</y></pt><pt><x>583</x><y>323</y></pt><pt><x>516</x><y>320</y></pt><pt><x>515</x><y>312</y></pt><pt><x>458</x><y>308</y></pt><pt><x>346</x><y>332</y></pt><pt><x>334</x><y>328</y></pt><pt><x>245</x><y>338</y></pt><pt><x>141</x><y>355</y></pt><pt><x>80</x><y>385</y></pt><pt><x>2</x><y>399</y></pt></polygon></object><object><name>worksurface</name><deleted>0</deleted><verified>0</verified><date>12-Jul-2012 23:06:07</date><id>17</id><polygon><username>sandy</username><pt><x>756</x><y>349</y></pt><pt><x>800</x><y>352</y></pt><pt><x>799</x><y>327</y></pt><pt><x>781</x><y>326</y></pt><pt><x>755</x><y>342</y></pt></polygon></object><object><name>bread</name><deleted>0</deleted><verified>0</verified><date>12-Jul-2012 23:06:07</date><id>18</id><polygon><username>sandy</username><pt><x>58</x><y>411</y></pt><pt><x>99</x><y>407</y></pt><pt><x>104</x><y>405</y></pt><pt><x>103</x><y>399</y></pt><pt><x>150</x><y>393</y></pt><pt><x>140</x><y>387</y></pt><pt><x>114</x><y>384</y></pt><pt><x>65</x><y>389</y></pt><pt><x>32</x><y>394</y></pt><pt><x>2</x><y>399</y></pt><pt><x>0</x><y>409</y></pt><pt><x>12</x><y>412</y></pt><pt><x>39</x><y>410</y></pt></polygon></object><object><name>glass</name><deleted>0</deleted><verified>0</verified><date>12-Jul-2012 23:06:07</date><id>19</id><polygon><username>sandy</username><pt><x>492</x><y>463</y></pt><pt><x>499</x><y>460</y></pt><pt><x>504</x><y>424</y></pt><pt><x>496</x><y>420</y></pt><pt><x>487</x><y>420</y></pt><pt><x>479</x><y>421</y></pt><pt><x>470</x><y>423</y></pt><pt><x>464</x><y>424</y></pt><pt><x>472</x><y>459</y></pt><pt><x>479</x><y>461</y></pt><pt><x>482</x><y>463</y></pt><pt><x>482</x><y>470</y></pt><pt><x>481</x><y>474</y></pt><pt><x>482</x><y>479</y></pt><pt><x>483</x><y>486</y></pt><pt><x>483</x><y>491</y></pt><pt><x>482</x><y>492</y></pt><pt><x>475</x><y>494</y></pt><pt><x>469</x><y>495</y></pt><pt><x>466</x><y>497</y></pt><pt><x>473</x><y>501</y></pt><pt><x>483</x><y>504</y></pt><pt><x>491</x><y>504</y></pt><pt><x>497</x><y>502</y></pt><pt><x>503</x><y>500</y></pt><pt><x>503</x><y>497</y></pt><pt><x>497</x><y>493</y></pt><pt><x>492</x><y>490</y></pt><pt><x>491</x><y>487</y></pt><pt><x>491</x><y>479</y></pt><pt><x>490</x><y>470</y></pt></polygon></object><object><name>glass</name><deleted>0</deleted><verified>0</verified><date>12-Jul-2012 23:06:07</date><id>20</id><polygon><username>sandy</username><pt><x>441</x><y>431</y></pt><pt><x>454</x><y>427</y></pt><pt><x>464</x><y>427</y></pt><pt><x>471</x><y>428</y></pt><pt><x>476</x><y>428</y></pt><pt><x>478</x><y>431</y></pt><pt><x>476</x><y>440</y></pt><pt><x>473</x><y>471</y></pt><pt><x>466</x><y>473</y></pt><pt><x>464</x><y>482</y></pt><pt><x>465</x><y>487</y></pt><pt><x>465</x><y>497</y></pt><pt><x>466</x><y>504</y></pt><pt><x>474</x><y>506</y></pt><pt><x>479</x><y>511</y></pt><pt><x>477</x><y>516</y></pt><pt><x>469</x><y>518</y></pt><pt><x>460</x><y>518</y></pt><pt><x>452</x><y>519</y></pt><pt><x>447</x><y>518</y></pt><pt><x>444</x><y>516</y></pt><pt><x>444</x><y>511</y></pt><pt><x>447</x><y>509</y></pt><pt><x>455</x><y>508</y></pt><pt><x>454</x><y>490</y></pt><pt><x>452</x><y>477</y></pt><pt><x>446</x><y>472</y></pt><pt><x>438</x><y>441</y></pt><pt><x>437</x><y>435</y></pt></polygon></object><object><name>rooster</name><deleted>0</deleted><verified>0</verified><date>12-Jul-2012 23:06:07</date><id>21</id><polygon><username>sandy</username><pt><x>317</x><y>272</y></pt><pt><x>319</x><y>281</y></pt><pt><x>322</x><y>288</y></pt><pt><x>324</x><y>292</y></pt><pt><x>327</x><y>271</y></pt><pt><x>323</x><y>264</y></pt><pt><x>317</x><y>261</y></pt><pt><x>315</x><y>258</y></pt><pt><x>310</x><y>261</y></pt><pt><x>306</x><y>265</y></pt><pt><x>303</x><y>272</y></pt><pt><x>299</x><y>277</y></pt><pt><x>296</x><y>280</y></pt><pt><x>294</x><y>278</y></pt><pt><x>292</x><y>275</y></pt><pt><x>289</x><y>271</y></pt><pt><x>288</x><y>267</y></pt><pt><x>289</x><y>265</y></pt><pt><x>290</x><y>260</y></pt><pt><x>289</x><y>253</y></pt><pt><x>288</x><y>250</y></pt><pt><x>283</x><y>253</y></pt><pt><x>281</x><y>258</y></pt><pt><x>279</x><y>265</y></pt><pt><x>278</x><y>274</y></pt><pt><x>276</x><y>279</y></pt><pt><x>274</x><y>285</y></pt><pt><x>273</x><y>291</y></pt><pt><x>275</x><y>297</y></pt><pt><x>278</x><y>302</y></pt><pt><x>282</x><y>304</y></pt><pt><x>283</x><y>308</y></pt><pt><x>283</x><y>313</y></pt><pt><x>282</x><y>319</y></pt><pt><x>283</x><y>322</y></pt><pt><x>291</x><y>322</y></pt><pt><x>301</x><y>324</y></pt><pt><x>306</x><y>323</y></pt><pt><x>307</x><y>319</y></pt><pt><x>306</x><y>314</y></pt><pt><x>307</x><y>307</y></pt><pt><x>309</x><y>298</y></pt><pt><x>311</x><y>289</y></pt><pt><x>312</x><y>282</y></pt></polygon></object><object><name>basket</name><deleted>0</deleted><verified>0</verified><date>12-Jul-2012 23:06:07</date><id>22</id><polygon><username>sandy</username><pt><x>688</x><y>523</y></pt><pt><x>697</x><y>501</y></pt><pt><x>691</x><y>470</y></pt><pt><x>693</x><y>459</y></pt><pt><x>701</x><y>450</y></pt><pt><x>706</x><y>445</y></pt><pt><x>706</x><y>437</y></pt><pt><x>707</x><y>434</y></pt><pt><x>701</x><y>436</y></pt><pt><x>696</x><y>438</y></pt><pt><x>600</x><y>432</y></pt><pt><x>573</x><y>450</y></pt><pt><x>573</x><y>494</y></pt><pt><x>568</x><y>504</y></pt><pt><x>568</x><y>509</y></pt><pt><x>568</x><y>513</y></pt><pt><x>666</x><y>524</y></pt><pt><x>681</x><y>524</y></pt></polygon></object><object><name>bottle</name><deleted>0</deleted><verified>0</verified><date>12-Jul-2012 23:06:07</date><id>23</id><polygon><username>sandy</username><pt><x>444</x><y>296</y></pt><pt><x>450</x><y>307</y></pt><pt><x>454</x><y>314</y></pt><pt><x>454</x><y>320</y></pt><pt><x>451</x><y>326</y></pt><pt><x>445</x><y>328</y></pt><pt><x>435</x><y>328</y></pt><pt><x>432</x><y>330</y></pt><pt><x>426</x><y>332</y></pt><pt><x>420</x><y>331</y></pt><pt><x>415</x><y>331</y></pt><pt><x>404</x><y>331</y></pt><pt><x>397</x><y>332</y></pt><pt><x>395</x><y>331</y></pt><pt><x>395</x><y>314</y></pt><pt><x>397</x><y>306</y></pt><pt><x>396</x><y>300</y></pt><pt><x>396</x><y>293</y></pt><pt><x>397</x><y>289</y></pt><pt><x>399</x><y>265</y></pt><pt><x>403</x><y>267</y></pt><pt><x>402</x><y>287</y></pt><pt><x>405</x><y>293</y></pt><pt><x>405</x><y>302</y></pt><pt><x>406</x><y>310</y></pt><pt><x>406</x><y>317</y></pt><pt><x>411</x><y>319</y></pt><pt><x>413</x><y>315</y></pt><pt><x>412</x><y>287</y></pt><pt><x>415</x><y>285</y></pt><pt><x>416</x><y>280</y></pt><pt><x>416</x><y>267</y></pt><pt><x>420</x><y>269</y></pt><pt><x>420</x><y>282</y></pt><pt><x>425</x><y>287</y></pt><pt><x>425</x><y>303</y></pt><pt><x>426</x><y>308</y></pt><pt><x>427</x><y>311</y></pt><pt><x>428</x><y>307</y></pt><pt><x>430</x><y>303</y></pt><pt><x>435</x><y>297</y></pt><pt><x>436</x><y>289</y></pt><pt><x>435</x><y>285</y></pt><pt><x>442</x><y>285</y></pt><pt><x>445</x><y>287</y></pt></polygon></object><object><name>bottle</name><deleted>0</deleted><verified>0</verified><date>12-Jul-2012 23:06:07</date><id>24</id><polygon><username>sandy</username><pt><x>56</x><y>336</y></pt><pt><x>50</x><y>327</y></pt><pt><x>47</x><y>308</y></pt><pt><x>44</x><y>306</y></pt><pt><x>41</x><y>307</y></pt><pt><x>37</x><y>309</y></pt><pt><x>39</x><y>329</y></pt><pt><x>34</x><y>336</y></pt><pt><x>31</x><y>342</y></pt><pt><x>40</x><y>383</y></pt><pt><x>40</x><y>391</y></pt><pt><x>58</x><y>390</y></pt><pt><x>57</x><y>384</y></pt><pt><x>56</x><y>347</y></pt></polygon></object><object><name>bottle</name><deleted>0</deleted><verified>0</verified><date>12-Jul-2012 23:06:07</date><id>25</id><polygon><username>sandy</username><pt><x>207</x><y>363</y></pt><pt><x>219</x><y>364</y></pt><pt><x>219</x><y>360</y></pt><pt><x>217</x><y>338</y></pt><pt><x>213</x><y>333</y></pt><pt><x>213</x><y>328</y></pt><pt><x>216</x><y>329</y></pt><pt><x>215</x><y>325</y></pt><pt><x>206</x><y>326</y></pt><pt><x>205</x><y>330</y></pt><pt><x>204</x><y>334</y></pt><pt><x>199</x><y>340</y></pt><pt><x>202</x><y>354</y></pt><pt><x>202</x><y>362</y></pt><pt><x>203</x><y>366</y></pt></polygon></object><object><name>curtains</name><deleted>0</deleted><verified>0</verified><date>12-Jul-2012 23:06:07</date><id>26</id><polygon><username>sandy</username><pt><x>338</x><y>116</y></pt><pt><x>344</x><y>159</y></pt><pt><x>343</x><y>168</y></pt><pt><x>333</x><y>169</y></pt><pt><x>320</x><y>170</y></pt><pt><x>306</x><y>171</y></pt><pt><x>296</x><y>165</y></pt><pt><x>286</x><y>160</y></pt><pt><x>275</x><y>163</y></pt><pt><x>261</x><y>169</y></pt><pt><x>239</x><y>167</y></pt><pt><x>215</x><y>168</y></pt><pt><x>196</x><y>161</y></pt><pt><x>186</x><y>160</y></pt><pt><x>174</x><y>166</y></pt><pt><x>154</x><y>169</y></pt><pt><x>139</x><y>164</y></pt><pt><x>125</x><y>159</y></pt><pt><x>116</x><y>135</y></pt><pt><x>113</x><y>92</y></pt><pt><x>137</x><y>101</y></pt><pt><x>229</x><y>111</y></pt><pt><x>239</x><y>114</y></pt><pt><x>326</x><y>115</y></pt></polygon></object><object><name>drawers</name><deleted>0</deleted><verified>0</verified><date>12-Jul-2012 23:06:07</date><id>27</id><polygon><username>sandy</username><pt><x>126</x><y>475</y></pt><pt><x>124</x><y>437</y></pt><pt><x>0</x><y>469</y></pt><pt><x>0</x><y>513</y></pt></polygon></object><object><name>drawers</name><deleted>0</deleted><verified>0</verified><date>12-Jul-2012 23:06:07</date><id>28</id><polygon><username>sandy</username><pt><x>443</x><y>354</y></pt><pt><x>442</x><y>376</y></pt><pt><x>396</x><y>390</y></pt><pt><x>395</x><y>366</y></pt></polygon></object><object><name>drawers</name><deleted>0</deleted><verified>0</verified><date>12-Jul-2012 23:06:07</date><id>29</id><polygon><username>sandy</username><pt><x>492</x><y>340</y></pt><pt><x>491</x><y>361</y></pt><pt><x>450</x><y>372</y></pt><pt><x>452</x><y>352</y></pt></polygon></object><object><name>drawers</name><deleted>0</deleted><verified>0</verified><date>12-Jul-2012 23:06:07</date><id>30</id><polygon><username>sandy</username><pt><x>501</x><y>340</y></pt><pt><x>501</x><y>361</y></pt><pt><x>579</x><y>368</y></pt><pt><x>581</x><y>344</y></pt></polygon></object><object><name>drawers</name><deleted>0</deleted><verified>0</verified><date>12-Jul-2012 23:06:07</date><id>31</id><polygon><username>sandy</username><pt><x>768</x><y>359</y></pt><pt><x>765</x><y>383</y></pt><pt><x>799</x><y>387</y></pt><pt><x>799</x><y>362</y></pt></polygon></object><object><name>salad</name><deleted>0</deleted><verified>0</verified><date>12-Jul-2012 23:06:07</date><id>32</id><polygon><username>sandy</username><pt><x>342</x><y>503</y></pt><pt><x>351</x><y>499</y></pt><pt><x>361</x><y>499</y></pt><pt><x>366</x><y>507</y></pt><pt><x>368</x><y>514</y></pt><pt><x>373</x><y>518</y></pt><pt><x>382</x><y>517</y></pt><pt><x>391</x><y>518</y></pt><pt><x>393</x><y>526</y></pt><pt><x>393</x><y>546</y></pt><pt><x>392</x><y>554</y></pt><pt><x>386</x><y>561</y></pt><pt><x>391</x><y>565</y></pt><pt><x>382</x><y>571</y></pt><pt><x>371</x><y>572</y></pt><pt><x>365</x><y>573</y></pt><pt><x>357</x><y>568</y></pt><pt><x>315</x><y>567</y></pt><pt><x>306</x><y>563</y></pt><pt><x>258</x><y>548</y></pt><pt><x>257</x><y>537</y></pt><pt><x>269</x><y>533</y></pt><pt><x>273</x><y>529</y></pt><pt><x>272</x><y>520</y></pt><pt><x>273</x><y>510</y></pt><pt><x>277</x><y>503</y></pt><pt><x>284</x><y>501</y></pt><pt><x>294</x><y>511</y></pt><pt><x>299</x><y>514</y></pt><pt><x>304</x><y>512</y></pt><pt><x>307</x><y>505</y></pt><pt><x>309</x><y>498</y></pt><pt><x>313</x><y>492</y></pt><pt><x>317</x><y>487</y></pt><pt><x>322</x><y>483</y></pt><pt><x>327</x><y>487</y></pt><pt><x>331</x><y>485</y></pt><pt><x>337</x><y>487</y></pt></polygon></object><object><name>salad</name><deleted>0</deleted><verified>0</verified><date>12-Jul-2012 23:06:07</date><id>33</id><polygon><username>sandy</username><pt><x>459</x><y>524</y></pt><pt><x>465</x><y>530</y></pt><pt><x>463</x><y>538</y></pt><pt><x>458</x><y>541</y></pt><pt><x>454</x><y>543</y></pt><pt><x>454</x><y>549</y></pt><pt><x>456</x><y>558</y></pt><pt><x>460</x><y>563</y></pt><pt><x>469</x><y>562</y></pt><pt><x>475</x><y>560</y></pt><pt><x>482</x><y>566</y></pt><pt><x>489</x><y>569</y></pt><pt><x>494</x><y>573</y></pt><pt><x>496</x><y>580</y></pt><pt><x>503</x><y>589</y></pt><pt><x>507</x><y>593</y></pt><pt><x>514</x><y>590</y></pt><pt><x>514</x><y>587</y></pt><pt><x>512</x><y>582</y></pt><pt><x>517</x><y>577</y></pt><pt><x>522</x><y>583</y></pt><pt><x>526</x><y>589</y></pt><pt><x>531</x><y>593</y></pt><pt><x>538</x><y>595</y></pt><pt><x>548</x><y>595</y></pt><pt><x>553</x><y>593</y></pt><pt><x>548</x><y>588</y></pt><pt><x>545</x><y>582</y></pt><pt><x>547</x><y>573</y></pt><pt><x>584</x><y>575</y></pt><pt><x>591</x><y>581</y></pt><pt><x>597</x><y>585</y></pt><pt><x>613</x><y>583</y></pt><pt><x>635</x><y>577</y></pt><pt><x>649</x><y>573</y></pt><pt><x>652</x><y>560</y></pt><pt><x>643</x><y>558</y></pt><pt><x>640</x><y>559</y></pt><pt><x>645</x><y>547</y></pt><pt><x>642</x><y>539</y></pt><pt><x>638</x><y>534</y></pt><pt><x>572</x><y>528</y></pt><pt><x>556</x><y>529</y></pt><pt><x>496</x><y>528</y></pt><pt><x>481</x><y>529</y></pt><pt><x>476</x><y>528</y></pt><pt><x>473</x><y>522</y></pt><pt><x>472</x><y>516</y></pt><pt><x>470</x><y>514</y></pt><pt><x>466</x><y>513</y></pt><pt><x>462</x><y>513</y></pt></polygon></object><object><name>food</name><deleted>0</deleted><verified>0</verified><date>12-Jul-2012 23:06:07</date><id>34</id><polygon><username>sandy</username><pt><x>157</x><y>315</y></pt><pt><x>163</x><y>315</y></pt><pt><x>167</x><y>318</y></pt><pt><x>168</x><y>321</y></pt><pt><x>174</x><y>322</y></pt><pt><x>179</x><y>323</y></pt><pt><x>182</x><y>327</y></pt><pt><x>180</x><y>330</y></pt><pt><x>170</x><y>332</y></pt><pt><x>163</x><y>332</y></pt><pt><x>157</x><y>332</y></pt><pt><x>154</x><y>329</y></pt><pt><x>148</x><y>327</y></pt><pt><x>141</x><y>321</y></pt><pt><x>145</x><y>315</y></pt><pt><x>148</x><y>313</y></pt><pt><x>153</x><y>312</y></pt></polygon></object><object><name>plant</name><deleted>0</deleted><verified>0</verified><date>12-Jul-2012 23:06:07</date><id>35</id><polygon><username>sandy</username><pt><x>234</x><y>307</y></pt><pt><x>239</x><y>301</y></pt><pt><x>243</x><y>300</y></pt><pt><x>243</x><y>288</y></pt><pt><x>241</x><y>283</y></pt><pt><x>237</x><y>278</y></pt><pt><x>234</x><y>273</y></pt><pt><x>227</x><y>272</y></pt><pt><x>223</x><y>255</y></pt><pt><x>222</x><y>250</y></pt><pt><x>217</x><y>247</y></pt><pt><x>216</x><y>243</y></pt><pt><x>219</x><y>234</y></pt><pt><x>220</x><y>229</y></pt><pt><x>225</x><y>223</y></pt><pt><x>233</x><y>217</y></pt><pt><x>241</x><y>207</y></pt><pt><x>245</x><y>201</y></pt><pt><x>243</x><y>196</y></pt><pt><x>238</x><y>190</y></pt><pt><x>236</x><y>186</y></pt><pt><x>227</x><y>183</y></pt><pt><x>218</x><y>179</y></pt><pt><x>211</x><y>179</y></pt><pt><x>201</x><y>182</y></pt><pt><x>195</x><y>181</y></pt><pt><x>188</x><y>183</y></pt><pt><x>188</x><y>207</y></pt><pt><x>190</x><y>212</y></pt><pt><x>190</x><y>218</y></pt><pt><x>195</x><y>223</y></pt><pt><x>199</x><y>234</y></pt><pt><x>204</x><y>239</y></pt><pt><x>206</x><y>246</y></pt><pt><x>200</x><y>251</y></pt><pt><x>198</x><y>256</y></pt><pt><x>195</x><y>260</y></pt><pt><x>193</x><y>270</y></pt><pt><x>192</x><y>277</y></pt><pt><x>190</x><y>279</y></pt><pt><x>186</x><y>281</y></pt><pt><x>183</x><y>283</y></pt><pt><x>182</x><y>287</y></pt><pt><x>182</x><y>293</y></pt><pt><x>182</x><y>300</y></pt><pt><x>186</x><y>302</y></pt><pt><x>190</x><y>305</y></pt><pt><x>196</x><y>315</y></pt><pt><x>199</x><y>345</y></pt><pt><x>197</x><y>352</y></pt><pt><x>232</x><y>349</y></pt><pt><x>230</x><y>342</y></pt><pt><x>230</x><y>311</y></pt></polygon></object><object><name>cupboard</name><deleted>0</deleted><verified>0</verified><date>12-Jul-2012 23:06:07</date><id>36</id><polygon><username>sandy</username><pt><x>356</x><y>52</y></pt><pt><x>363</x><y>253</y></pt><pt><x>403</x><y>259</y></pt><pt><x>453</x><y>249</y></pt><pt><x>449</x><y>57</y></pt><pt><x>405</x><y>45</y></pt></polygon></object><object><name>cupboard</name><deleted>0</deleted><verified>0</verified><date>12-Jul-2012 23:06:07</date><id>37</id><polygon><username>sandy</username><pt><x>526</x><y>57</y></pt><pt><x>568</x><y>57</y></pt><pt><x>573</x><y>293</y></pt><pt><x>531</x><y>291</y></pt></polygon></object><object><name>cupboards</name><deleted>0</deleted><verified>0</verified><date>12-Jul-2012 23:06:07</date><id>38</id><polygon><username>sandy</username><pt><x>3</x><y>524</y></pt><pt><x>129</x><y>486</y></pt><pt><x>133</x><y>483</y></pt><pt><x>135</x><y>429</y></pt><pt><x>262</x><y>396</y></pt><pt><x>266</x><y>452</y></pt><pt><x>395</x><y>411</y></pt><pt><x>397</x><y>400</y></pt><pt><x>498</x><y>367</y></pt><pt><x>584</x><y>374</y></pt><pt><x>582</x><y>380</y></pt><pt><x>124</x><y>580</y></pt><pt><x>105</x><y>583</y></pt><pt><x>96</x><y>597</y></pt><pt><x>0</x><y>598</y></pt></polygon></object><object><name>cooker</name><deleted>0</deleted><verified>0</verified><date>12-Jul-2012 23:06:07</date><id>39</id><polygon><username>sandy</username><pt><x>702</x><y>315</y></pt><pt><x>786</x><y>323</y></pt><pt><x>757</x><y>347</y></pt><pt><x>751</x><y>388</y></pt><pt><x>583</x><y>375</y></pt><pt><x>586</x><y>330</y></pt><pt><x>619</x><y>313</y></pt></polygon></object><object><name>kettle</name><deleted>0</deleted><verified>0</verified><date>12-Jul-2012 23:06:07</date><id>40</id><polygon><username>sandy</username><pt><x>653</x><y>298</y></pt><pt><x>646</x><y>295</y></pt><pt><x>647</x><y>291</y></pt><pt><x>650</x><y>289</y></pt><pt><x>646</x><y>275</y></pt><pt><x>631</x><y>275</y></pt><pt><x>628</x><y>278</y></pt><pt><x>625</x><y>288</y></pt><pt><x>628</x><y>295</y></pt><pt><x>624</x><y>297</y></pt><pt><x>614</x><y>290</y></pt><pt><x>612</x><y>288</y></pt><pt><x>611</x><y>289</y></pt><pt><x>620</x><y>299</y></pt><pt><x>620</x><y>304</y></pt><pt><x>621</x><y>315</y></pt><pt><x>634</x><y>318</y></pt><pt><x>649</x><y>319</y></pt><pt><x>654</x><y>316</y></pt><pt><x>653</x><y>305</y></pt></polygon></object><imagesize><nrows>600</nrows><ncols>800</ncols></imagesize></annotation>