<annotation><filename>k_kitchen_discussing.jpg</filename><folder>100images</folder><source><sourceImage>The MIT-CSAIL database of objects and scenes</sourceImage><sourceAnnotation>LabelMe Webtool</sourceAnnotation></source><object><name>man</name><deleted>0</deleted><verified>0</verified><date>11-Jul-2012 17:33:33</date><id>0</id><polygon><username>sandy</username><pt><x>752</x><y>53</y></pt><pt><x>751</x><y>73</y></pt><pt><x>749</x><y>87</y></pt><pt><x>743</x><y>98</y></pt><pt><x>732</x><y>109</y></pt><pt><x>736</x><y>122</y></pt><pt><x>749</x><y>128</y></pt><pt><x>761</x><y>144</y></pt><pt><x>784</x><y>164</y></pt><pt><x>792</x><y>175</y></pt><pt><x>798</x><y>194</y></pt><pt><x>797</x><y>310</y></pt><pt><x>794</x><y>341</y></pt><pt><x>783</x><y>362</y></pt><pt><x>767</x><y>384</y></pt><pt><x>763</x><y>403</y></pt><pt><x>760</x><y>417</y></pt><pt><x>753</x><y>423</y></pt><pt><x>744</x><y>421</y></pt><pt><x>734</x><y>420</y></pt><pt><x>722</x><y>419</y></pt><pt><x>713</x><y>445</y></pt><pt><x>608</x><y>405</y></pt><pt><x>610</x><y>355</y></pt><pt><x>605</x><y>345</y></pt><pt><x>601</x><y>339</y></pt><pt><x>606</x><y>323</y></pt><pt><x>611</x><y>284</y></pt><pt><x>615</x><y>248</y></pt><pt><x>622</x><y>217</y></pt><pt><x>628</x><y>193</y></pt><pt><x>617</x><y>197</y></pt><pt><x>602</x><y>211</y></pt><pt><x>591</x><y>218</y></pt><pt><x>577</x><y>226</y></pt><pt><x>540</x><y>235</y></pt><pt><x>535</x><y>246</y></pt><pt><x>529</x><y>260</y></pt><pt><x>517</x><y>265</y></pt><pt><x>512</x><y>267</y></pt><pt><x>509</x><y>260</y></pt><pt><x>501</x><y>257</y></pt><pt><x>495</x><y>267</y></pt><pt><x>491</x><y>265</y></pt><pt><x>489</x><y>261</y></pt><pt><x>495</x><y>252</y></pt><pt><x>501</x><y>246</y></pt><pt><x>498</x><y>239</y></pt><pt><x>501</x><y>230</y></pt><pt><x>517</x><y>221</y></pt><pt><x>548</x><y>200</y></pt><pt><x>572</x><y>177</y></pt><pt><x>594</x><y>167</y></pt><pt><x>620</x><y>134</y></pt><pt><x>653</x><y>116</y></pt><pt><x>651</x><y>109</y></pt><pt><x>659</x><y>96</y></pt><pt><x>661</x><y>88</y></pt><pt><x>661</x><y>78</y></pt><pt><x>669</x><y>58</y></pt><pt><x>677</x><y>48</y></pt><pt><x>698</x><y>36</y></pt><pt><x>716</x><y>33</y></pt><pt><x>733</x><y>39</y></pt><pt><x>741</x><y>45</y></pt></polygon></object><object><name>woman</name><deleted>0</deleted><verified>0</verified><date>11-Jul-2012 17:33:33</date><id>1</id><polygon><username>sandy</username><pt><x>437</x><y>381</y></pt><pt><x>438</x><y>367</y></pt><pt><x>434</x><y>361</y></pt><pt><x>432</x><y>352</y></pt><pt><x>421</x><y>326</y></pt><pt><x>414</x><y>305</y></pt><pt><x>405</x><y>288</y></pt><pt><x>396</x><y>278</y></pt><pt><x>386</x><y>272</y></pt><pt><x>389</x><y>262</y></pt><pt><x>386</x><y>244</y></pt><pt><x>384</x><y>223</y></pt><pt><x>373</x><y>201</y></pt><pt><x>365</x><y>188</y></pt><pt><x>348</x><y>178</y></pt><pt><x>333</x><y>179</y></pt><pt><x>319</x><y>184</y></pt><pt><x>305</x><y>197</y></pt><pt><x>297</x><y>214</y></pt><pt><x>294</x><y>229</y></pt><pt><x>296</x><y>240</y></pt><pt><x>285</x><y>251</y></pt><pt><x>279</x><y>270</y></pt><pt><x>261</x><y>287</y></pt><pt><x>253</x><y>310</y></pt><pt><x>244</x><y>336</y></pt><pt><x>235</x><y>358</y></pt><pt><x>242</x><y>370</y></pt><pt><x>240</x><y>420</y></pt><pt><x>349</x><y>425</y></pt><pt><x>378</x><y>423</y></pt><pt><x>389</x><y>412</y></pt><pt><x>409</x><y>411</y></pt><pt><x>428</x><y>405</y></pt><pt><x>439</x><y>402</y></pt><pt><x>440</x><y>397</y></pt></polygon></object><object><name>woman</name><deleted>0</deleted><verified>0</verified><date>11-Jul-2012 17:33:33</date><id>2</id><polygon><username>sandy</username><pt><x>204</x><y>394</y></pt><pt><x>196</x><y>391</y></pt><pt><x>194</x><y>387</y></pt><pt><x>185</x><y>391</y></pt><pt><x>171</x><y>372</y></pt><pt><x>152</x><y>350</y></pt><pt><x>137</x><y>335</y></pt><pt><x>142</x><y>328</y></pt><pt><x>144</x><y>321</y></pt><pt><x>133</x><y>299</y></pt><pt><x>144</x><y>290</y></pt><pt><x>140</x><y>287</y></pt><pt><x>132</x><y>282</y></pt><pt><x>121</x><y>280</y></pt><pt><x>120</x><y>273</y></pt><pt><x>115</x><y>257</y></pt><pt><x>107</x><y>247</y></pt><pt><x>94</x><y>239</y></pt><pt><x>83</x><y>230</y></pt><pt><x>70</x><y>225</y></pt><pt><x>54</x><y>226</y></pt><pt><x>33</x><y>231</y></pt><pt><x>18</x><y>240</y></pt><pt><x>5</x><y>250</y></pt><pt><x>0</x><y>252</y></pt><pt><x>0</x><y>557</y></pt><pt><x>47</x><y>553</y></pt><pt><x>84</x><y>553</y></pt><pt><x>127</x><y>558</y></pt><pt><x>146</x><y>551</y></pt><pt><x>170</x><y>543</y></pt><pt><x>195</x><y>522</y></pt><pt><x>227</x><y>480</y></pt><pt><x>236</x><y>470</y></pt><pt><x>243</x><y>479</y></pt><pt><x>255</x><y>481</y></pt><pt><x>252</x><y>471</y></pt><pt><x>264</x><y>476</y></pt><pt><x>267</x><y>481</y></pt><pt><x>286</x><y>475</y></pt><pt><x>269</x><y>454</y></pt><pt><x>253</x><y>446</y></pt><pt><x>239</x><y>434</y></pt><pt><x>230</x><y>433</y></pt><pt><x>218</x><y>438</y></pt><pt><x>198</x><y>454</y></pt><pt><x>183</x><y>473</y></pt><pt><x>183</x><y>441</y></pt><pt><x>209</x><y>432</y></pt><pt><x>228</x><y>420</y></pt><pt><x>238</x><y>413</y></pt><pt><x>247</x><y>404</y></pt><pt><x>270</x><y>399</y></pt><pt><x>287</x><y>400</y></pt><pt><x>288</x><y>353</y></pt><pt><x>265</x><y>357</y></pt><pt><x>246</x><y>367</y></pt><pt><x>226</x><y>380</y></pt><pt><x>217</x><y>387</y></pt></polygon></object><object><name>bowl</name><deleted>0</deleted><verified>0</verified><date>11-Jul-2012 17:33:33</date><id>3</id><polygon><username>sandy</username><pt><x>262</x><y>599</y></pt><pt><x>276</x><y>583</y></pt><pt><x>281</x><y>566</y></pt><pt><x>282</x><y>551</y></pt><pt><x>278</x><y>540</y></pt><pt><x>269</x><y>533</y></pt><pt><x>250</x><y>527</y></pt><pt><x>235</x><y>523</y></pt><pt><x>221</x><y>524</y></pt><pt><x>205</x><y>526</y></pt><pt><x>187</x><y>533</y></pt><pt><x>179</x><y>541</y></pt><pt><x>171</x><y>549</y></pt><pt><x>169</x><y>558</y></pt><pt><x>170</x><y>571</y></pt><pt><x>177</x><y>583</y></pt><pt><x>184</x><y>594</y></pt><pt><x>187</x><y>598</y></pt></polygon></object><object><name>box</name><deleted>0</deleted><verified>0</verified><date>11-Jul-2012 17:33:33</date><id>4</id><polygon><username>sandy</username><pt><x>487</x><y>491</y></pt><pt><x>483</x><y>517</y></pt><pt><x>440</x><y>530</y></pt><pt><x>384</x><y>485</y></pt><pt><x>387</x><y>449</y></pt><pt><x>426</x><y>440</y></pt></polygon></object><object><name>box</name><deleted>0</deleted><verified>0</verified><date>11-Jul-2012 17:33:33</date><id>5</id><polygon><username>sandy</username><pt><x>612</x><y>495</y></pt><pt><x>609</x><y>526</y></pt><pt><x>569</x><y>539</y></pt><pt><x>489</x><y>481</y></pt><pt><x>496</x><y>455</y></pt><pt><x>488</x><y>449</y></pt><pt><x>523</x><y>439</y></pt><pt><x>536</x><y>445</y></pt></polygon></object><object><name>saucepan</name><deleted>0</deleted><verified>0</verified><date>11-Jul-2012 17:33:33</date><id>6</id><polygon><username>sandy</username><pt><x>121</x><y>240</y></pt><pt><x>120</x><y>192</y></pt><pt><x>109</x><y>187</y></pt><pt><x>91</x><y>185</y></pt><pt><x>75</x><y>186</y></pt><pt><x>60</x><y>191</y></pt><pt><x>66</x><y>244</y></pt><pt><x>82</x><y>246</y></pt><pt><x>96</x><y>245</y></pt><pt><x>108</x><y>245</y></pt></polygon></object><object><name>peppergrinder</name><deleted>0</deleted><verified>0</verified><date>11-Jul-2012 17:33:33</date><id>7</id><polygon><username>sandy</username><pt><x>508</x><y>387</y></pt><pt><x>510</x><y>365</y></pt><pt><x>509</x><y>346</y></pt><pt><x>507</x><y>328</y></pt><pt><x>513</x><y>311</y></pt><pt><x>515</x><y>299</y></pt><pt><x>519</x><y>291</y></pt><pt><x>519</x><y>287</y></pt><pt><x>516</x><y>284</y></pt><pt><x>512</x><y>280</y></pt><pt><x>512</x><y>273</y></pt><pt><x>508</x><y>276</y></pt><pt><x>506</x><y>281</y></pt><pt><x>498</x><y>279</y></pt><pt><x>493</x><y>284</y></pt><pt><x>496</x><y>288</y></pt><pt><x>496</x><y>299</y></pt><pt><x>498</x><y>312</y></pt><pt><x>495</x><y>332</y></pt><pt><x>493</x><y>347</y></pt><pt><x>488</x><y>356</y></pt><pt><x>485</x><y>383</y></pt><pt><x>484</x><y>387</y></pt><pt><x>493</x><y>389</y></pt></polygon></object><object><name>wok</name><deleted>0</deleted><verified>0</verified><date>11-Jul-2012 17:33:33</date><id>8</id><polygon><username>sandy</username><pt><x>386</x><y>442</y></pt><pt><x>378</x><y>425</y></pt><pt><x>357</x><y>413</y></pt><pt><x>332</x><y>411</y></pt><pt><x>313</x><y>406</y></pt><pt><x>282</x><y>406</y></pt><pt><x>264</x><y>406</y></pt><pt><x>244</x><y>412</y></pt><pt><x>221</x><y>419</y></pt><pt><x>209</x><y>428</y></pt><pt><x>209</x><y>440</y></pt><pt><x>217</x><y>472</y></pt><pt><x>219</x><y>488</y></pt><pt><x>184</x><y>499</y></pt><pt><x>180</x><y>505</y></pt><pt><x>172</x><y>508</y></pt><pt><x>175</x><y>516</y></pt><pt><x>180</x><y>524</y></pt><pt><x>192</x><y>524</y></pt><pt><x>200</x><y>516</y></pt><pt><x>239</x><y>499</y></pt><pt><x>254</x><y>506</y></pt><pt><x>282</x><y>509</y></pt><pt><x>309</x><y>512</y></pt><pt><x>338</x><y>510</y></pt><pt><x>356</x><y>502</y></pt><pt><x>369</x><y>490</y></pt><pt><x>377</x><y>472</y></pt><pt><x>386</x><y>457</y></pt></polygon></object><object><name>cooker</name><deleted>0</deleted><verified>0</verified><date>11-Jul-2012 17:33:33</date><id>9</id><polygon><username>sandy</username><pt><x>209</x><y>236</y></pt><pt><x>216</x><y>400</y></pt><pt><x>125</x><y>424</y></pt><pt><x>107</x><y>424</y></pt><pt><x>88</x><y>262</y></pt><pt><x>31</x><y>223</y></pt><pt><x>34</x><y>218</y></pt><pt><x>141</x><y>204</y></pt></polygon></object><object><name>hob</name><deleted>0</deleted><verified>0</verified><date>11-Jul-2012 17:33:33</date><id>10</id><polygon><username>sandy</username><pt><x>154</x><y>253</y></pt><pt><x>208</x><y>246</y></pt><pt><x>212</x><y>239</y></pt><pt><x>145</x><y>204</y></pt><pt><x>29</x><y>223</y></pt><pt><x>90</x><y>265</y></pt></polygon></object><imagesize><nrows>600</nrows><ncols>800</ncols></imagesize><object><name>cupboard</name><deleted>0</deleted><verified>0</verified><date>11-Jul-2012 19:01:15</date><id>11</id><polygon><username>sandy</username><pt><x>374</x><y>76</y></pt><pt><x>796</x><y>112</y></pt><pt><x>797</x><y>0</y></pt><pt><x>374</x><y>1</y></pt></polygon></object><object><name>cupboard</name><deleted>0</deleted><verified>0</verified><date>11-Jul-2012 19:01:15</date><id>12</id><polygon><username>sandy</username><pt><x>248</x><y>71</y></pt><pt><x>309</x><y>78</y></pt><pt><x>310</x><y>0</y></pt><pt><x>2</x><y>0</y></pt><pt><x>2</x><y>70</y></pt></polygon></object><object><name>cupboard</name><deleted>0</deleted><verified>0</verified><date>11-Jul-2012 19:01:15</date><id>13</id><polygon><username>sandy</username><pt><x>457</x><y>254</y></pt><pt><x>796</x><y>347</y></pt><pt><x>798</x><y>484</y></pt><pt><x>377</x><y>380</y></pt><pt><x>378</x><y>229</y></pt></polygon></object><object><name>cupboard</name><deleted>0</deleted><verified>0</verified><date>11-Jul-2012 19:01:15</date><id>14</id><polygon><username>sandy</username><pt><x>250</x><y>234</y></pt><pt><x>305</x><y>228</y></pt><pt><x>310</x><y>305</y></pt><pt><x>213</x><y>328</y></pt><pt><x>209</x><y>240</y></pt></polygon></object><object><name>window</name><deleted>0</deleted><verified>0</verified><date>11-Jul-2012 19:01:15</date><id>15</id><polygon><username>sandy</username><pt><x>344</x><y>5</y></pt><pt><x>339</x><y>157</y></pt><pt><x>252</x><y>163</y></pt><pt><x>257</x><y>2</y></pt></polygon></object><object><name>grater</name><deleted>0</deleted><verified>0</verified><date>11-Jul-2012 19:01:15</date><id>16</id><polygon><username>sandy</username><pt><x>240</x><y>171</y></pt><pt><x>244</x><y>218</y></pt><pt><x>222</x><y>218</y></pt><pt><x>223</x><y>170</y></pt><pt><x>228</x><y>170</y></pt><pt><x>229</x><y>161</y></pt><pt><x>234</x><y>161</y></pt></polygon></object><object><name>sink</name><deleted>0</deleted><verified>0</verified><date>11-Jul-2012 19:01:15</date><id>17</id><polygon><username>sandy</username><pt><x>426</x><y>228</y></pt><pt><x>619</x><y>281</y></pt><pt><x>642</x><y>252</y></pt><pt><x>497</x><y>217</y></pt></polygon></object><object><name>pasta</name><deleted>0</deleted><verified>0</verified><date>11-Jul-2012 19:39:48</date><id>18</id><polygon><username>sandy</username><pt><x>469</x><y>577</y></pt><pt><x>486</x><y>590</y></pt><pt><x>459</x><y>596</y></pt><pt><x>584</x><y>597</y></pt><pt><x>610</x><y>590</y></pt><pt><x>577</x><y>561</y></pt><pt><x>569</x><y>556</y></pt><pt><x>566</x><y>544</y></pt><pt><x>559</x><y>546</y></pt><pt><x>532</x><y>556</y></pt><pt><x>527</x><y>552</y></pt><pt><x>520</x><y>557</y></pt><pt><x>512</x><y>555</y></pt><pt><x>471</x><y>566</y></pt></polygon></object><object><name>pasta</name><deleted>0</deleted><verified>0</verified><date>11-Jul-2012 19:39:48</date><id>19</id><polygon><username>sandy</username><pt><x>473</x><y>442</y></pt><pt><x>473</x><y>434</y></pt><pt><x>471</x><y>427</y></pt><pt><x>433</x><y>412</y></pt><pt><x>432</x><y>421</y></pt><pt><x>431</x><y>436</y></pt></polygon></object><object><name>bakingtray</name><deleted>0</deleted><verified>0</verified><date>11-Jul-2012 19:39:48</date><id>20</id><polygon><username>sandy</username><pt><x>434</x><y>580</y></pt><pt><x>434</x><y>596</y></pt><pt><x>615</x><y>597</y></pt><pt><x>635</x><y>582</y></pt><pt><x>560</x><y>526</y></pt><pt><x>433</x><y>554</y></pt><pt><x>429</x><y>561</y></pt><pt><x>429</x><y>571</y></pt></polygon></object><object><name>bakingtray</name><deleted>0</deleted><verified>0</verified><date>11-Jul-2012 19:39:48</date><id>21</id><polygon><username>sandy</username><pt><x>412</x><y>526</y></pt><pt><x>507</x><y>511</y></pt><pt><x>538</x><y>506</y></pt><pt><x>655</x><y>599</y></pt><pt><x>414</x><y>596</y></pt><pt><x>370</x><y>541</y></pt><pt><x>377</x><y>536</y></pt></polygon></object><object><name>choppingboard</name><deleted>0</deleted><verified>0</verified><date>11-Jul-2012 19:39:48</date><id>22</id><polygon><username>sandy</username><pt><x>461</x><y>380</y></pt><pt><x>530</x><y>408</y></pt><pt><x>532</x><y>423</y></pt><pt><x>463</x><y>467</y></pt><pt><x>384</x><y>441</y></pt><pt><x>370</x><y>417</y></pt><pt><x>441</x><y>387</y></pt></polygon></object><object><name>worksurface</name><deleted>0</deleted><verified>0</verified><date>11-Jul-2012 19:39:48</date><id>23</id><polygon><username>sandy</username><pt><x>369</x><y>190</y></pt><pt><x>796</x><y>284</y></pt><pt><x>800</x><y>350</y></pt><pt><x>348</x><y>217</y></pt><pt><x>208</x><y>241</y></pt><pt><x>146</x><y>210</y></pt></polygon></object><object><name>ovenglove</name><deleted>0</deleted><verified>0</verified><date>11-Jul-2012 19:39:48</date><id>24</id><polygon><username>sandy</username><pt><x>152</x><y>56</y></pt><pt><x>143</x><y>38</y></pt><pt><x>118</x><y>40</y></pt><pt><x>100</x><y>35</y></pt><pt><x>89</x><y>30</y></pt><pt><x>83</x><y>30</y></pt><pt><x>73</x><y>30</y></pt><pt><x>85</x><y>43</y></pt><pt><x>78</x><y>43</y></pt><pt><x>75</x><y>50</y></pt><pt><x>88</x><y>59</y></pt><pt><x>108</x><y>60</y></pt><pt><x>137</x><y>59</y></pt></polygon></object><object><name>sweets</name><deleted>0</deleted><verified>0</verified><date>11-Jul-2012 19:39:48</date><id>25</id><polygon><username>sandy</username><pt><x>48</x><y>570</y></pt><pt><x>69</x><y>596</y></pt><pt><x>164</x><y>600</y></pt><pt><x>98</x><y>551</y></pt></polygon></object><object><name>table</name><deleted>0</deleted><verified>0</verified><date>17-Jul-2012 13:34:28</date><id>26</id><polygon><username>sandy</username><pt><x>776</x><y>594</y></pt><pt><x>797</x><y>567</y></pt><pt><x>796</x><y>479</y></pt><pt><x>513</x><y>371</y></pt><pt><x>6</x><y>576</y></pt><pt><x>2</x><y>598</y></pt></polygon></object><object><name>batter</name><deleted>0</deleted><verified>0</verified><date>17-Jul-2012 13:34:28</date><id>27</id><polygon><username>sandy</username><pt><x>259</x><y>437</y></pt><pt><x>325</x><y>430</y></pt><pt><x>359</x><y>467</y></pt><pt><x>346</x><y>486</y></pt><pt><x>285</x><y>484</y></pt><pt><x>281</x><y>468</y></pt></polygon></object><object><name>jar</name><deleted>0</deleted><verified>0</verified><date>17-Jul-2012 13:34:28</date><id>28</id><polygon><username>sandy</username><pt><x>227</x><y>38</y></pt><pt><x>228</x><y>66</y></pt><pt><x>240</x><y>67</y></pt><pt><x>240</x><y>38</y></pt></polygon></object><object><name>woodenspoon</name><deleted>0</deleted><verified>0</verified><date>17-Jul-2012 13:34:28</date><id>29</id><polygon><username>sandy</username><pt><x>121</x><y>164</y></pt><pt><x>130</x><y>164</y></pt><pt><x>119</x><y>193</y></pt><pt><x>112</x><y>191</y></pt></polygon></object></annotation>