<annotation><filename>k_kitchen_cake.jpg</filename><folder>100images</folder><source><sourceImage>The MIT-CSAIL database of objects and scenes</sourceImage><sourceAnnotation>LabelMe Webtool</sourceAnnotation></source><object><name>man</name><deleted>0</deleted><verified>0</verified><date>27-Jun-2012 22:00:26</date><id>0</id><polygon><username>sandy</username><pt><x>379</x><y>262</y></pt><pt><x>396</x><y>252</y></pt><pt><x>391</x><y>136</y></pt><pt><x>380</x><y>115</y></pt><pt><x>370</x><y>104</y></pt><pt><x>360</x><y>97</y></pt><pt><x>352</x><y>92</y></pt><pt><x>380</x><y>58</y></pt><pt><x>391</x><y>44</y></pt><pt><x>401</x><y>32</y></pt><pt><x>408</x><y>28</y></pt><pt><x>414</x><y>18</y></pt><pt><x>416</x><y>13</y></pt><pt><x>416</x><y>2</y></pt><pt><x>248</x><y>0</y></pt><pt><x>247</x><y>16</y></pt><pt><x>250</x><y>23</y></pt><pt><x>254</x><y>30</y></pt><pt><x>253</x><y>35</y></pt><pt><x>245</x><y>40</y></pt><pt><x>228</x><y>36</y></pt><pt><x>206</x><y>42</y></pt><pt><x>161</x><y>49</y></pt><pt><x>133</x><y>56</y></pt><pt><x>114</x><y>68</y></pt><pt><x>98</x><y>83</y></pt><pt><x>77</x><y>127</y></pt><pt><x>68</x><y>154</y></pt><pt><x>61</x><y>186</y></pt><pt><x>49</x><y>210</y></pt><pt><x>43</x><y>235</y></pt><pt><x>34</x><y>266</y></pt><pt><x>30</x><y>292</y></pt><pt><x>32</x><y>307</y></pt><pt><x>34</x><y>319</y></pt><pt><x>40</x><y>324</y></pt><pt><x>47</x><y>326</y></pt><pt><x>56</x><y>329</y></pt><pt><x>73</x><y>343</y></pt><pt><x>85</x><y>348</y></pt><pt><x>78</x><y>364</y></pt><pt><x>70</x><y>366</y></pt><pt><x>62</x><y>368</y></pt><pt><x>59</x><y>372</y></pt><pt><x>55</x><y>373</y></pt><pt><x>54</x><y>383</y></pt><pt><x>56</x><y>388</y></pt><pt><x>64</x><y>391</y></pt><pt><x>48</x><y>403</y></pt><pt><x>32</x><y>415</y></pt><pt><x>30</x><y>420</y></pt><pt><x>259</x><y>401</y></pt><pt><x>276</x><y>403</y></pt><pt><x>289</x><y>409</y></pt><pt><x>299</x><y>414</y></pt><pt><x>305</x><y>419</y></pt><pt><x>311</x><y>418</y></pt><pt><x>319</x><y>416</y></pt><pt><x>322</x><y>412</y></pt><pt><x>320</x><y>407</y></pt><pt><x>318</x><y>400</y></pt><pt><x>314</x><y>395</y></pt><pt><x>320</x><y>385</y></pt><pt><x>320</x><y>378</y></pt><pt><x>319</x><y>371</y></pt><pt><x>314</x><y>362</y></pt><pt><x>311</x><y>354</y></pt><pt><x>308</x><y>326</y></pt><pt><x>308</x><y>311</y></pt><pt><x>308</x><y>305</y></pt><pt><x>314</x><y>322</y></pt><pt><x>318</x><y>329</y></pt><pt><x>325</x><y>336</y></pt><pt><x>331</x><y>343</y></pt><pt><x>336</x><y>348</y></pt><pt><x>343</x><y>350</y></pt><pt><x>350</x><y>354</y></pt><pt><x>361</x><y>354</y></pt><pt><x>380</x><y>354</y></pt><pt><x>385</x><y>348</y></pt><pt><x>391</x><y>340</y></pt><pt><x>391</x><y>328</y></pt><pt><x>388</x><y>316</y></pt><pt><x>386</x><y>306</y></pt><pt><x>383</x><y>292</y></pt><pt><x>379</x><y>287</y></pt><pt><x>376</x><y>277</y></pt><pt><x>373</x><y>276</y></pt></polygon></object><object><name>fridge</name><deleted>0</deleted><verified>0</verified><date>27-Jun-2012 22:00:26</date><id>1</id><polygon><username>sandy</username><pt><x>798</x><y>30</y></pt><pt><x>720</x><y>382</y></pt><pt><x>521</x><y>389</y></pt><pt><x>508</x><y>377</y></pt><pt><x>503</x><y>368</y></pt><pt><x>564</x><y>1</y></pt><pt><x>798</x><y>0</y></pt></polygon></object><object><name>food</name><deleted>0</deleted><verified>0</verified><date>27-Jun-2012 22:00:26</date><id>2</id><polygon><username>sandy</username><pt><x>362</x><y>416</y></pt><pt><x>367</x><y>428</y></pt><pt><x>370</x><y>440</y></pt><pt><x>371</x><y>448</y></pt><pt><x>384</x><y>444</y></pt><pt><x>385</x><y>445</y></pt><pt><x>389</x><y>450</y></pt><pt><x>364</x><y>463</y></pt><pt><x>337</x><y>463</y></pt><pt><x>306</x><y>462</y></pt><pt><x>282</x><y>455</y></pt><pt><x>271</x><y>448</y></pt><pt><x>265</x><y>444</y></pt><pt><x>262</x><y>438</y></pt><pt><x>268</x><y>433</y></pt><pt><x>269</x><y>430</y></pt><pt><x>269</x><y>420</y></pt><pt><x>271</x><y>412</y></pt><pt><x>274</x><y>407</y></pt><pt><x>318</x><y>407</y></pt><pt><x>328</x><y>412</y></pt><pt><x>344</x><y>409</y></pt><pt><x>354</x><y>407</y></pt></polygon></object><object><name>pepper</name><deleted>0</deleted><verified>0</verified><date>27-Jun-2012 22:00:26</date><id>3</id><polygon><username>sandy</username><pt><x>401</x><y>431</y></pt><pt><x>427</x><y>419</y></pt><pt><x>439</x><y>406</y></pt><pt><x>442</x><y>395</y></pt><pt><x>446</x><y>389</y></pt><pt><x>451</x><y>383</y></pt><pt><x>450</x><y>377</y></pt><pt><x>445</x><y>377</y></pt><pt><x>438</x><y>378</y></pt><pt><x>420</x><y>386</y></pt><pt><x>398</x><y>395</y></pt><pt><x>374</x><y>398</y></pt><pt><x>361</x><y>401</y></pt><pt><x>354</x><y>406</y></pt></polygon></object><object><name>pepper</name><deleted>0</deleted><verified>0</verified><date>27-Jun-2012 22:00:26</date><id>4</id><polygon><username>sandy</username><pt><x>383</x><y>358</y></pt><pt><x>366</x><y>281</y></pt><pt><x>361</x><y>276</y></pt><pt><x>356</x><y>272</y></pt><pt><x>350</x><y>272</y></pt><pt><x>346</x><y>274</y></pt><pt><x>341</x><y>275</y></pt><pt><x>336</x><y>281</y></pt><pt><x>335</x><y>288</y></pt><pt><x>338</x><y>316</y></pt><pt><x>353</x><y>352</y></pt><pt><x>368</x><y>382</y></pt><pt><x>376</x><y>398</y></pt><pt><x>390</x><y>398</y></pt><pt><x>384</x><y>385</y></pt><pt><x>382</x><y>371</y></pt></polygon></object><object><name>pepper</name><deleted>0</deleted><verified>0</verified><date>27-Jun-2012 22:00:26</date><id>5</id><polygon><username>sandy</username><pt><x>66</x><y>475</y></pt><pt><x>70</x><y>457</y></pt><pt><x>68</x><y>438</y></pt><pt><x>66</x><y>433</y></pt><pt><x>58</x><y>426</y></pt><pt><x>52</x><y>424</y></pt><pt><x>47</x><y>426</y></pt><pt><x>42</x><y>428</y></pt><pt><x>40</x><y>433</y></pt><pt><x>41</x><y>439</y></pt><pt><x>42</x><y>444</y></pt><pt><x>24</x><y>460</y></pt><pt><x>11</x><y>468</y></pt></polygon></object><object><name>pepper</name><deleted>0</deleted><verified>0</verified><date>27-Jun-2012 22:00:26</date><id>6</id><polygon><username>sandy</username><pt><x>36</x><y>398</y></pt><pt><x>52</x><y>413</y></pt><pt><x>53</x><y>421</y></pt><pt><x>41</x><y>433</y></pt><pt><x>24</x><y>444</y></pt><pt><x>18</x><y>452</y></pt><pt><x>12</x><y>460</y></pt><pt><x>8</x><y>469</y></pt><pt><x>2</x><y>470</y></pt><pt><x>2</x><y>425</y></pt><pt><x>25</x><y>403</y></pt></polygon></object><object><name>bowl</name><deleted>0</deleted><verified>0</verified><date>27-Jun-2012 22:00:26</date><id>7</id><polygon><username>sandy</username><pt><x>250</x><y>428</y></pt><pt><x>254</x><y>451</y></pt><pt><x>260</x><y>467</y></pt><pt><x>268</x><y>479</y></pt><pt><x>300</x><y>497</y></pt><pt><x>322</x><y>505</y></pt><pt><x>343</x><y>508</y></pt><pt><x>367</x><y>491</y></pt><pt><x>385</x><y>467</y></pt><pt><x>391</x><y>456</y></pt><pt><x>396</x><y>443</y></pt><pt><x>397</x><y>434</y></pt><pt><x>394</x><y>425</y></pt><pt><x>386</x><y>416</y></pt><pt><x>367</x><y>404</y></pt><pt><x>344</x><y>397</y></pt><pt><x>319</x><y>392</y></pt><pt><x>288</x><y>394</y></pt><pt><x>272</x><y>401</y></pt><pt><x>265</x><y>406</y></pt><pt><x>258</x><y>408</y></pt><pt><x>254</x><y>416</y></pt></polygon></object><object><name>magnets</name><deleted>0</deleted><verified>0</verified><date>27-Jun-2012 22:00:26</date><id>8</id><polygon><username>sandy</username><pt><x>671</x><y>114</y></pt><pt><x>671</x><y>126</y></pt><pt><x>671</x><y>131</y></pt><pt><x>697</x><y>132</y></pt><pt><x>727</x><y>132</y></pt><pt><x>750</x><y>142</y></pt><pt><x>698</x><y>144</y></pt><pt><x>653</x><y>151</y></pt><pt><x>622</x><y>146</y></pt><pt><x>584</x><y>150</y></pt><pt><x>578</x><y>152</y></pt><pt><x>574</x><y>157</y></pt><pt><x>575</x><y>164</y></pt><pt><x>581</x><y>168</y></pt><pt><x>587</x><y>170</y></pt><pt><x>616</x><y>164</y></pt><pt><x>655</x><y>168</y></pt><pt><x>682</x><y>168</y></pt><pt><x>718</x><y>163</y></pt><pt><x>751</x><y>163</y></pt><pt><x>768</x><y>163</y></pt><pt><x>778</x><y>133</y></pt><pt><x>752</x><y>124</y></pt><pt><x>720</x><y>112</y></pt><pt><x>700</x><y>113</y></pt></polygon></object><object><name>magnets</name><deleted>0</deleted><verified>0</verified><date>27-Jun-2012 22:00:26</date><id>9</id><polygon><username>sandy</username><pt><x>629</x><y>233</y></pt><pt><x>630</x><y>253</y></pt><pt><x>665</x><y>250</y></pt><pt><x>684</x><y>256</y></pt><pt><x>703</x><y>260</y></pt><pt><x>718</x><y>257</y></pt><pt><x>719</x><y>248</y></pt><pt><x>715</x><y>242</y></pt><pt><x>709</x><y>244</y></pt><pt><x>700</x><y>240</y></pt><pt><x>690</x><y>236</y></pt><pt><x>679</x><y>236</y></pt><pt><x>676</x><y>233</y></pt><pt><x>653</x><y>230</y></pt></polygon></object><object><name>magnets</name><deleted>0</deleted><verified>0</verified><date>27-Jun-2012 22:00:26</date><id>10</id><polygon><username>sandy</username><pt><x>708</x><y>79</y></pt><pt><x>701</x><y>97</y></pt><pt><x>700</x><y>103</y></pt><pt><x>684</x><y>113</y></pt><pt><x>643</x><y>140</y></pt><pt><x>617</x><y>127</y></pt><pt><x>598</x><y>120</y></pt><pt><x>587</x><y>116</y></pt><pt><x>587</x><y>108</y></pt><pt><x>596</x><y>94</y></pt><pt><x>606</x><y>85</y></pt><pt><x>634</x><y>68</y></pt><pt><x>646</x><y>66</y></pt><pt><x>670</x><y>71</y></pt><pt><x>691</x><y>71</y></pt></polygon></object><object><name>magnets</name><deleted>0</deleted><verified>0</verified><date>27-Jun-2012 22:00:26</date><id>11</id><polygon><username>sandy</username><pt><x>738</x><y>56</y></pt><pt><x>751</x><y>67</y></pt><pt><x>752</x><y>104</y></pt><pt><x>738</x><y>106</y></pt><pt><x>734</x><y>101</y></pt><pt><x>740</x><y>97</y></pt><pt><x>744</x><y>76</y></pt><pt><x>730</x><y>65</y></pt><pt><x>726</x><y>58</y></pt></polygon></object><object><name>magnets</name><deleted>0</deleted><verified>0</verified><date>27-Jun-2012 22:00:26</date><id>12</id><polygon><username>sandy</username><pt><x>593</x><y>194</y></pt><pt><x>593</x><y>220</y></pt><pt><x>580</x><y>221</y></pt><pt><x>574</x><y>194</y></pt></polygon></object><object><name>magnets</name><deleted>0</deleted><verified>0</verified><date>27-Jun-2012 22:00:26</date><id>13</id><polygon><username>sandy</username><pt><x>686</x><y>176</y></pt><pt><x>689</x><y>202</y></pt><pt><x>703</x><y>194</y></pt><pt><x>701</x><y>168</y></pt></polygon></object><object><name>magnets</name><deleted>0</deleted><verified>0</verified><date>27-Jun-2012 22:00:26</date><id>14</id><polygon><username>sandy</username><pt><x>731</x><y>168</y></pt><pt><x>737</x><y>197</y></pt><pt><x>738</x><y>211</y></pt><pt><x>715</x><y>215</y></pt><pt><x>712</x><y>197</y></pt><pt><x>716</x><y>179</y></pt><pt><x>722</x><y>164</y></pt></polygon></object><object><name>magnets</name><deleted>0</deleted><verified>0</verified><date>27-Jun-2012 22:00:26</date><id>15</id><polygon><username>sandy</username><pt><x>738</x><y>241</y></pt><pt><x>755</x><y>224</y></pt><pt><x>743</x><y>211</y></pt><pt><x>727</x><y>232</y></pt></polygon></object><object><name>magnets</name><deleted>0</deleted><verified>0</verified><date>27-Jun-2012 22:00:26</date><id>16</id><polygon><username>sandy</username><pt><x>643</x><y>262</y></pt><pt><x>656</x><y>269</y></pt><pt><x>652</x><y>276</y></pt><pt><x>638</x><y>271</y></pt></polygon></object><object><name>magnets</name><deleted>0</deleted><verified>0</verified><date>27-Jun-2012 22:00:26</date><id>17</id><polygon><username>sandy</username><pt><x>710</x><y>294</y></pt><pt><x>706</x><y>316</y></pt><pt><x>695</x><y>318</y></pt><pt><x>694</x><y>306</y></pt><pt><x>677</x><y>299</y></pt><pt><x>676</x><y>288</y></pt><pt><x>690</x><y>284</y></pt><pt><x>698</x><y>282</y></pt></polygon></object><object><name>magnets</name><deleted>0</deleted><verified>0</verified><date>27-Jun-2012 22:00:26</date><id>18</id><polygon><username>sandy</username><pt><x>592</x><y>290</y></pt><pt><x>607</x><y>299</y></pt><pt><x>590</x><y>328</y></pt><pt><x>578</x><y>313</y></pt></polygon></object><object><name>cheese</name><deleted>0</deleted><verified>0</verified><date>27-Jun-2012 22:00:26</date><id>19</id><polygon><username>sandy</username><pt><x>340</x><y>548</y></pt><pt><x>353</x><y>562</y></pt><pt><x>361</x><y>571</y></pt><pt><x>362</x><y>587</y></pt><pt><x>359</x><y>599</y></pt><pt><x>253</x><y>599</y></pt><pt><x>211</x><y>588</y></pt><pt><x>212</x><y>557</y></pt><pt><x>250</x><y>536</y></pt><pt><x>283</x><y>530</y></pt><pt><x>307</x><y>538</y></pt><pt><x>323</x><y>544</y></pt></polygon></object><object><name>book</name><deleted>0</deleted><verified>0</verified><date>27-Jun-2012 22:00:26</date><id>20</id><polygon><username>sandy</username><pt><x>396</x><y>476</y></pt><pt><x>539</x><y>596</y></pt><pt><x>685</x><y>596</y></pt><pt><x>760</x><y>574</y></pt><pt><x>790</x><y>571</y></pt><pt><x>799</x><y>418</y></pt><pt><x>761</x><y>403</y></pt><pt><x>688</x><y>397</y></pt><pt><x>650</x><y>396</y></pt><pt><x>632</x><y>397</y></pt><pt><x>613</x><y>408</y></pt><pt><x>606</x><y>412</y></pt><pt><x>604</x><y>412</y></pt><pt><x>587</x><y>406</y></pt><pt><x>569</x><y>403</y></pt><pt><x>553</x><y>406</y></pt><pt><x>538</x><y>410</y></pt><pt><x>427</x><y>462</y></pt><pt><x>414</x><y>470</y></pt></polygon></object><object><name>plate</name><deleted>0</deleted><verified>0</verified><date>27-Jun-2012 22:00:26</date><id>21</id><polygon><username>sandy</username><pt><x>415</x><y>373</y></pt><pt><x>428</x><y>383</y></pt><pt><x>438</x><y>392</y></pt><pt><x>444</x><y>403</y></pt><pt><x>445</x><y>415</y></pt><pt><x>440</x><y>427</y></pt><pt><x>428</x><y>437</y></pt><pt><x>404</x><y>449</y></pt><pt><x>388</x><y>454</y></pt><pt><x>328</x><y>455</y></pt><pt><x>283</x><y>445</y></pt><pt><x>265</x><y>438</y></pt><pt><x>252</x><y>428</y></pt><pt><x>245</x><y>421</y></pt><pt><x>239</x><y>412</y></pt><pt><x>235</x><y>404</y></pt><pt><x>234</x><y>395</y></pt><pt><x>262</x><y>365</y></pt><pt><x>295</x><y>352</y></pt><pt><x>314</x><y>348</y></pt><pt><x>336</x><y>349</y></pt><pt><x>360</x><y>355</y></pt><pt><x>382</x><y>360</y></pt><pt><x>397</x><y>366</y></pt></polygon></object><object><name>worksurface</name><deleted>0</deleted><verified>0</verified><date>27-Jun-2012 22:00:26</date><id>22</id><polygon><username>sandy</username><pt><x>2</x><y>128</y></pt><pt><x>533</x><y>136</y></pt><pt><x>535</x><y>125</y></pt><pt><x>473</x><y>95</y></pt><pt><x>2</x><y>85</y></pt></polygon></object><object><name>drawer</name><deleted>0</deleted><verified>0</verified><date>27-Jun-2012 22:00:26</date><id>23</id><polygon><username>sandy</username><pt><x>544</x><y>205</y></pt><pt><x>553</x><y>140</y></pt><pt><x>392</x><y>139</y></pt><pt><x>391</x><y>211</y></pt></polygon></object><object><name>drawer</name><deleted>0</deleted><verified>0</verified><date>27-Jun-2012 22:00:26</date><id>24</id><polygon><username>sandy</username><pt><x>510</x><y>257</y></pt><pt><x>518</x><y>204</y></pt><pt><x>385</x><y>205</y></pt><pt><x>382</x><y>259</y></pt></polygon></object><object><name>drawer</name><deleted>0</deleted><verified>0</verified><date>27-Jun-2012 22:00:26</date><id>25</id><polygon><username>sandy</username><pt><x>502</x><y>316</y></pt><pt><x>512</x><y>259</y></pt><pt><x>382</x><y>258</y></pt><pt><x>382</x><y>322</y></pt></polygon></object><object><name>drawer</name><deleted>0</deleted><verified>0</verified><date>27-Jun-2012 22:00:26</date><id>26</id><polygon><username>sandy</username><pt><x>473</x><y>384</y></pt><pt><x>509</x><y>380</y></pt><pt><x>517</x><y>323</y></pt><pt><x>482</x><y>324</y></pt></polygon></object><object><name>table</name><deleted>0</deleted><verified>0</verified><date>27-Jun-2012 22:00:26</date><id>27</id><polygon><username>sandy</username><pt><x>792</x><y>378</y></pt><pt><x>486</x><y>388</y></pt><pt><x>203</x><y>408</y></pt><pt><x>4</x><y>421</y></pt><pt><x>4</x><y>598</y></pt><pt><x>799</x><y>599</y></pt><pt><x>799</x><y>391</y></pt></polygon></object><object><name>food</name><deleted>0</deleted><verified>0</verified><date>27-Jun-2012 22:00:26</date><id>28</id><polygon><username>sandy</username><pt><x>145</x><y>500</y></pt><pt><x>209</x><y>500</y></pt><pt><x>239</x><y>521</y></pt><pt><x>254</x><y>533</y></pt><pt><x>196</x><y>594</y></pt><pt><x>77</x><y>569</y></pt><pt><x>77</x><y>553</y></pt><pt><x>78</x><y>547</y></pt><pt><x>79</x><y>544</y></pt><pt><x>112</x><y>518</y></pt><pt><x>127</x><y>511</y></pt></polygon></object><object><name>food</name><deleted>0</deleted><verified>0</verified><date>27-Jun-2012 22:00:26</date><id>29</id><polygon><username>sandy</username><pt><x>64</x><y>570</y></pt><pt><x>89</x><y>568</y></pt><pt><x>103</x><y>574</y></pt><pt><x>109</x><y>578</y></pt><pt><x>114</x><y>584</y></pt><pt><x>114</x><y>598</y></pt><pt><x>25</x><y>595</y></pt><pt><x>30</x><y>587</y></pt><pt><x>35</x><y>578</y></pt><pt><x>42</x><y>574</y></pt><pt><x>52</x><y>572</y></pt></polygon></object><object><name>food</name><deleted>0</deleted><verified>0</verified><date>27-Jun-2012 22:00:26</date><id>30</id><polygon><username>sandy</username><pt><x>80</x><y>497</y></pt><pt><x>82</x><y>575</y></pt><pt><x>84</x><y>592</y></pt><pt><x>2</x><y>594</y></pt><pt><x>4</x><y>473</y></pt><pt><x>19</x><y>469</y></pt><pt><x>40</x><y>467</y></pt><pt><x>59</x><y>473</y></pt><pt><x>71</x><y>479</y></pt><pt><x>77</x><y>485</y></pt></polygon></object><imagesize><nrows>600</nrows><ncols>800</ncols></imagesize></annotation>