<annotation><filename>k_kitchen_cooking_2.jpg</filename><folder>100images</folder><source><sourceImage>The MIT-CSAIL database of objects and scenes</sourceImage><sourceAnnotation>LabelMe Webtool</sourceAnnotation></source><object><name>saucepan</name><deleted>0</deleted><verified>0</verified><date>27-Jun-2012 22:57:51</date><id>0</id><polygon><username>sandy</username><pt><x>350</x><y>362</y></pt><pt><x>355</x><y>391</y></pt><pt><x>376</x><y>397</y></pt><pt><x>413</x><y>397</y></pt><pt><x>433</x><y>392</y></pt><pt><x>440</x><y>388</y></pt><pt><x>442</x><y>360</y></pt><pt><x>449</x><y>350</y></pt><pt><x>440</x><y>346</y></pt><pt><x>432</x><y>337</y></pt><pt><x>421</x><y>332</y></pt><pt><x>409</x><y>330</y></pt><pt><x>404</x><y>329</y></pt><pt><x>407</x><y>324</y></pt><pt><x>401</x><y>323</y></pt><pt><x>394</x><y>323</y></pt><pt><x>386</x><y>325</y></pt><pt><x>384</x><y>330</y></pt><pt><x>373</x><y>330</y></pt><pt><x>359</x><y>338</y></pt><pt><x>352</x><y>342</y></pt><pt><x>347</x><y>349</y></pt><pt><x>344</x><y>352</y></pt></polygon></object><object><name>saucepan</name><deleted>0</deleted><verified>0</verified><date>27-Jun-2012 22:57:51</date><id>1</id><polygon><username>sandy</username><pt><x>670</x><y>413</y></pt><pt><x>673</x><y>378</y></pt><pt><x>659</x><y>371</y></pt><pt><x>648</x><y>367</y></pt><pt><x>637</x><y>368</y></pt><pt><x>629</x><y>420</y></pt><pt><x>646</x><y>420</y></pt></polygon></object><object><name>woman</name><deleted>0</deleted><verified>0</verified><date>27-Jun-2012 22:57:51</date><id>2</id><polygon><username>sandy</username><pt><x>630</x><y>451</y></pt><pt><x>632</x><y>421</y></pt><pt><x>637</x><y>380</y></pt><pt><x>641</x><y>361</y></pt><pt><x>660</x><y>356</y></pt><pt><x>667</x><y>353</y></pt><pt><x>703</x><y>352</y></pt><pt><x>715</x><y>344</y></pt><pt><x>721</x><y>337</y></pt><pt><x>724</x><y>329</y></pt><pt><x>716</x><y>320</y></pt><pt><x>712</x><y>317</y></pt><pt><x>673</x><y>312</y></pt><pt><x>654</x><y>302</y></pt><pt><x>634</x><y>298</y></pt><pt><x>612</x><y>299</y></pt><pt><x>592</x><y>299</y></pt><pt><x>587</x><y>286</y></pt><pt><x>582</x><y>277</y></pt><pt><x>583</x><y>270</y></pt><pt><x>583</x><y>252</y></pt><pt><x>586</x><y>241</y></pt><pt><x>592</x><y>222</y></pt><pt><x>589</x><y>216</y></pt><pt><x>571</x><y>198</y></pt><pt><x>558</x><y>187</y></pt><pt><x>547</x><y>185</y></pt><pt><x>532</x><y>186</y></pt><pt><x>518</x><y>190</y></pt><pt><x>505</x><y>200</y></pt><pt><x>499</x><y>206</y></pt><pt><x>496</x><y>216</y></pt><pt><x>494</x><y>233</y></pt><pt><x>494</x><y>251</y></pt><pt><x>500</x><y>259</y></pt><pt><x>502</x><y>272</y></pt><pt><x>500</x><y>288</y></pt><pt><x>498</x><y>302</y></pt><pt><x>499</x><y>316</y></pt><pt><x>482</x><y>323</y></pt><pt><x>470</x><y>334</y></pt><pt><x>463</x><y>341</y></pt><pt><x>462</x><y>374</y></pt><pt><x>462</x><y>414</y></pt><pt><x>466</x><y>444</y></pt><pt><x>466</x><y>456</y></pt><pt><x>479</x><y>466</y></pt><pt><x>492</x><y>452</y></pt><pt><x>504</x><y>439</y></pt><pt><x>497</x><y>479</y></pt><pt><x>490</x><y>514</y></pt><pt><x>485</x><y>545</y></pt><pt><x>482</x><y>570</y></pt><pt><x>486</x><y>595</y></pt><pt><x>488</x><y>598</y></pt><pt><x>646</x><y>599</y></pt><pt><x>644</x><y>542</y></pt><pt><x>636</x><y>509</y></pt><pt><x>634</x><y>494</y></pt><pt><x>634</x><y>476</y></pt><pt><x>630</x><y>461</y></pt></polygon></object><object><name>woman</name><deleted>0</deleted><verified>0</verified><date>27-Jun-2012 22:57:51</date><id>3</id><polygon><username>sandy</username><pt><x>347</x><y>439</y></pt><pt><x>344</x><y>413</y></pt><pt><x>334</x><y>398</y></pt><pt><x>325</x><y>383</y></pt><pt><x>328</x><y>377</y></pt><pt><x>335</x><y>376</y></pt><pt><x>334</x><y>352</y></pt><pt><x>336</x><y>336</y></pt><pt><x>335</x><y>302</y></pt><pt><x>335</x><y>283</y></pt><pt><x>334</x><y>235</y></pt><pt><x>328</x><y>217</y></pt><pt><x>307</x><y>210</y></pt><pt><x>286</x><y>200</y></pt><pt><x>274</x><y>196</y></pt><pt><x>268</x><y>190</y></pt><pt><x>268</x><y>176</y></pt><pt><x>272</x><y>167</y></pt><pt><x>278</x><y>158</y></pt><pt><x>281</x><y>148</y></pt><pt><x>278</x><y>137</y></pt><pt><x>263</x><y>114</y></pt><pt><x>247</x><y>96</y></pt><pt><x>238</x><y>89</y></pt><pt><x>236</x><y>89</y></pt><pt><x>226</x><y>92</y></pt><pt><x>218</x><y>84</y></pt><pt><x>206</x><y>89</y></pt><pt><x>196</x><y>101</y></pt><pt><x>188</x><y>112</y></pt><pt><x>182</x><y>128</y></pt><pt><x>174</x><y>140</y></pt><pt><x>175</x><y>152</y></pt><pt><x>180</x><y>167</y></pt><pt><x>185</x><y>180</y></pt><pt><x>191</x><y>192</y></pt><pt><x>197</x><y>206</y></pt><pt><x>178</x><y>221</y></pt><pt><x>157</x><y>229</y></pt><pt><x>151</x><y>240</y></pt><pt><x>143</x><y>274</y></pt><pt><x>144</x><y>311</y></pt><pt><x>148</x><y>338</y></pt><pt><x>149</x><y>353</y></pt><pt><x>155</x><y>364</y></pt><pt><x>160</x><y>373</y></pt><pt><x>168</x><y>380</y></pt><pt><x>175</x><y>382</y></pt><pt><x>185</x><y>382</y></pt><pt><x>185</x><y>395</y></pt><pt><x>174</x><y>406</y></pt><pt><x>167</x><y>414</y></pt><pt><x>164</x><y>425</y></pt><pt><x>163</x><y>440</y></pt><pt><x>164</x><y>450</y></pt><pt><x>168</x><y>458</y></pt><pt><x>169</x><y>498</y></pt><pt><x>176</x><y>538</y></pt><pt><x>184</x><y>564</y></pt><pt><x>190</x><y>584</y></pt><pt><x>192</x><y>599</y></pt><pt><x>265</x><y>598</y></pt><pt><x>265</x><y>577</y></pt><pt><x>264</x><y>568</y></pt><pt><x>264</x><y>556</y></pt><pt><x>264</x><y>541</y></pt><pt><x>265</x><y>530</y></pt><pt><x>274</x><y>568</y></pt><pt><x>276</x><y>587</y></pt><pt><x>280</x><y>599</y></pt><pt><x>347</x><y>595</y></pt><pt><x>347</x><y>577</y></pt><pt><x>353</x><y>536</y></pt><pt><x>349</x><y>493</y></pt><pt><x>348</x><y>466</y></pt><pt><x>346</x><y>454</y></pt></polygon></object><object><name>stereo</name><deleted>0</deleted><verified>0</verified><date>27-Jun-2012 22:57:51</date><id>4</id><polygon><username>sandy</username><pt><x>116</x><y>428</y></pt><pt><x>126</x><y>419</y></pt><pt><x>131</x><y>408</y></pt><pt><x>131</x><y>398</y></pt><pt><x>125</x><y>388</y></pt><pt><x>120</x><y>382</y></pt><pt><x>112</x><y>374</y></pt><pt><x>103</x><y>372</y></pt><pt><x>53</x><y>370</y></pt><pt><x>48</x><y>365</y></pt><pt><x>16</x><y>367</y></pt><pt><x>8</x><y>374</y></pt><pt><x>2</x><y>373</y></pt><pt><x>4</x><y>420</y></pt><pt><x>12</x><y>419</y></pt><pt><x>20</x><y>424</y></pt><pt><x>30</x><y>425</y></pt><pt><x>37</x><y>425</y></pt><pt><x>50</x><y>420</y></pt><pt><x>58</x><y>419</y></pt><pt><x>68</x><y>422</y></pt><pt><x>76</x><y>427</y></pt><pt><x>83</x><y>433</y></pt><pt><x>92</x><y>434</y></pt><pt><x>101</x><y>434</y></pt></polygon></object><object><name>cooker</name><deleted>0</deleted><verified>0</verified><date>27-Jun-2012 22:57:51</date><id>5</id><polygon><username>sandy</username><pt><x>343</x><y>301</y></pt><pt><x>344</x><y>371</y></pt><pt><x>329</x><y>456</y></pt><pt><x>337</x><y>596</y></pt><pt><x>685</x><y>595</y></pt><pt><x>698</x><y>436</y></pt><pt><x>653</x><y>377</y></pt><pt><x>648</x><y>292</y></pt><pt><x>350</x><y>290</y></pt></polygon></object><object><name>flowers</name><deleted>0</deleted><verified>0</verified><date>27-Jun-2012 22:57:51</date><id>6</id><polygon><username>sandy</username><pt><x>370</x><y>212</y></pt><pt><x>400</x><y>214</y></pt><pt><x>421</x><y>217</y></pt><pt><x>437</x><y>223</y></pt><pt><x>451</x><y>230</y></pt><pt><x>460</x><y>240</y></pt><pt><x>474</x><y>253</y></pt><pt><x>482</x><y>265</y></pt><pt><x>485</x><y>274</y></pt><pt><x>487</x><y>290</y></pt><pt><x>491</x><y>301</y></pt><pt><x>498</x><y>300</y></pt><pt><x>581</x><y>203</y></pt><pt><x>595</x><y>196</y></pt><pt><x>614</x><y>191</y></pt><pt><x>632</x><y>187</y></pt><pt><x>642</x><y>185</y></pt><pt><x>644</x><y>178</y></pt><pt><x>640</x><y>170</y></pt><pt><x>629</x><y>169</y></pt><pt><x>617</x><y>170</y></pt><pt><x>602</x><y>172</y></pt><pt><x>588</x><y>178</y></pt><pt><x>574</x><y>185</y></pt><pt><x>566</x><y>193</y></pt><pt><x>563</x><y>187</y></pt><pt><x>570</x><y>176</y></pt><pt><x>577</x><y>169</y></pt><pt><x>583</x><y>164</y></pt><pt><x>582</x><y>156</y></pt><pt><x>577</x><y>152</y></pt><pt><x>570</x><y>154</y></pt><pt><x>563</x><y>160</y></pt><pt><x>553</x><y>169</y></pt><pt><x>545</x><y>182</y></pt><pt><x>534</x><y>185</y></pt><pt><x>533</x><y>175</y></pt><pt><x>536</x><y>164</y></pt><pt><x>539</x><y>146</y></pt><pt><x>539</x><y>124</y></pt><pt><x>540</x><y>109</y></pt><pt><x>539</x><y>96</y></pt><pt><x>532</x><y>94</y></pt><pt><x>528</x><y>97</y></pt><pt><x>524</x><y>109</y></pt><pt><x>522</x><y>128</y></pt><pt><x>514</x><y>130</y></pt><pt><x>498</x><y>137</y></pt><pt><x>492</x><y>138</y></pt><pt><x>485</x><y>149</y></pt><pt><x>482</x><y>157</y></pt><pt><x>476</x><y>154</y></pt><pt><x>474</x><y>146</y></pt><pt><x>475</x><y>137</y></pt><pt><x>475</x><y>138</y></pt><pt><x>461</x><y>140</y></pt><pt><x>456</x><y>144</y></pt><pt><x>452</x><y>151</y></pt><pt><x>445</x><y>161</y></pt><pt><x>450</x><y>166</y></pt><pt><x>458</x><y>180</y></pt><pt><x>462</x><y>196</y></pt><pt><x>469</x><y>210</y></pt><pt><x>480</x><y>228</y></pt><pt><x>484</x><y>239</y></pt><pt><x>468</x><y>228</y></pt><pt><x>454</x><y>211</y></pt><pt><x>442</x><y>205</y></pt><pt><x>418</x><y>199</y></pt><pt><x>398</x><y>199</y></pt><pt><x>388</x><y>198</y></pt><pt><x>378</x><y>202</y></pt><pt><x>359</x><y>203</y></pt><pt><x>359</x><y>214</y></pt></polygon></object><object><name>hob</name><deleted>0</deleted><verified>0</verified><date>27-Jun-2012 22:57:51</date><id>7</id><polygon><username>sandy</username><pt><x>353</x><y>427</y></pt><pt><x>358</x><y>376</y></pt><pt><x>432</x><y>374</y></pt><pt><x>430</x><y>430</y></pt></polygon></object><object><name>hob</name><deleted>0</deleted><verified>0</verified><date>27-Jun-2012 22:57:51</date><id>8</id><polygon><username>sandy</username><pt><x>677</x><y>427</y></pt><pt><x>649</x><y>384</y></pt><pt><x>454</x><y>388</y></pt><pt><x>457</x><y>427</y></pt></polygon></object><object><name>lamp</name><deleted>0</deleted><verified>0</verified><date>27-Jun-2012 22:57:51</date><id>9</id><polygon><username>sandy</username><pt><x>757</x><y>216</y></pt><pt><x>756</x><y>288</y></pt><pt><x>778</x><y>295</y></pt><pt><x>797</x><y>300</y></pt><pt><x>794</x><y>343</y></pt><pt><x>792</x><y>362</y></pt><pt><x>790</x><y>373</y></pt><pt><x>788</x><y>376</y></pt><pt><x>787</x><y>401</y></pt><pt><x>798</x><y>404</y></pt><pt><x>799</x><y>206</y></pt><pt><x>781</x><y>203</y></pt><pt><x>770</x><y>208</y></pt></polygon></object><object><name>spoon</name><deleted>0</deleted><verified>0</verified><date>27-Jun-2012 22:57:51</date><id>10</id><polygon><username>sandy</username><pt><x>688</x><y>374</y></pt><pt><x>724</x><y>358</y></pt><pt><x>721</x><y>353</y></pt><pt><x>644</x><y>386</y></pt><pt><x>650</x><y>390</y></pt></polygon></object><object><name>cupboard</name><deleted>0</deleted><verified>0</verified><date>27-Jun-2012 22:57:51</date><id>11</id><polygon><username>sandy</username><pt><x>2</x><y>221</y></pt><pt><x>282</x><y>212</y></pt><pt><x>300</x><y>205</y></pt><pt><x>296</x><y>1</y></pt><pt><x>4</x><y>2</y></pt><pt><x>0</x><y>2</y></pt></polygon></object><object><name>cupboard</name><deleted>0</deleted><verified>0</verified><date>27-Jun-2012 22:57:51</date><id>12</id><polygon><username>sandy</username><pt><x>11</x><y>517</y></pt><pt><x>23</x><y>598</y></pt><pt><x>143</x><y>594</y></pt><pt><x>134</x><y>516</y></pt></polygon></object><object><name>cupboard</name><deleted>0</deleted><verified>0</verified><date>27-Jun-2012 22:57:51</date><id>13</id><polygon><username>sandy</username><pt><x>161</x><y>524</y></pt><pt><x>163</x><y>598</y></pt><pt><x>289</x><y>596</y></pt><pt><x>287</x><y>528</y></pt></polygon></object><object><name>cupboard</name><deleted>0</deleted><verified>0</verified><date>27-Jun-2012 22:57:51</date><id>14</id><polygon><username>sandy</username><pt><x>709</x><y>518</y></pt><pt><x>702</x><y>598</y></pt><pt><x>799</x><y>598</y></pt><pt><x>798</x><y>514</y></pt></polygon></object><object><name>drawer</name><deleted>0</deleted><verified>0</verified><date>27-Jun-2012 22:57:51</date><id>15</id><polygon><username>sandy</username><pt><x>713</x><y>463</y></pt><pt><x>710</x><y>508</y></pt><pt><x>799</x><y>506</y></pt><pt><x>799</x><y>460</y></pt></polygon></object><object><name>drawer</name><deleted>0</deleted><verified>0</verified><date>27-Jun-2012 22:57:51</date><id>16</id><polygon><username>sandy</username><pt><x>130</x><y>468</y></pt><pt><x>136</x><y>512</y></pt><pt><x>10</x><y>506</y></pt><pt><x>5</x><y>462</y></pt></polygon></object><object><name>drawer</name><deleted>0</deleted><verified>0</verified><date>27-Jun-2012 22:57:51</date><id>17</id><polygon><username>sandy</username><pt><x>154</x><y>464</y></pt><pt><x>155</x><y>511</y></pt><pt><x>179</x><y>508</y></pt><pt><x>173</x><y>462</y></pt></polygon></object><object><name>oil</name><deleted>0</deleted><verified>0</verified><date>27-Jun-2012 22:57:51</date><id>18</id><polygon><username>sandy</username><pt><x>692</x><y>304</y></pt><pt><x>694</x><y>275</y></pt><pt><x>682</x><y>274</y></pt><pt><x>678</x><y>306</y></pt><pt><x>670</x><y>310</y></pt><pt><x>667</x><y>388</y></pt><pt><x>695</x><y>392</y></pt><pt><x>701</x><y>314</y></pt></polygon></object><object><name>bottle</name><deleted>0</deleted><verified>0</verified><date>27-Jun-2012 22:57:51</date><id>19</id><polygon><username>sandy</username><pt><x>774</x><y>330</y></pt><pt><x>774</x><y>374</y></pt><pt><x>755</x><y>373</y></pt><pt><x>760</x><y>337</y></pt><pt><x>761</x><y>323</y></pt><pt><x>768</x><y>319</y></pt></polygon></object><object><name>bottle</name><deleted>0</deleted><verified>0</verified><date>27-Jun-2012 22:57:51</date><id>20</id><polygon><username>sandy</username><pt><x>751</x><y>305</y></pt><pt><x>752</x><y>330</y></pt><pt><x>737</x><y>328</y></pt><pt><x>739</x><y>298</y></pt><pt><x>749</x><y>295</y></pt></polygon></object><object><name>bottle</name><deleted>0</deleted><verified>0</verified><date>27-Jun-2012 22:57:51</date><id>21</id><polygon><username>sandy</username><pt><x>736</x><y>342</y></pt><pt><x>734</x><y>323</y></pt><pt><x>728</x><y>317</y></pt><pt><x>731</x><y>308</y></pt><pt><x>721</x><y>307</y></pt><pt><x>719</x><y>317</y></pt><pt><x>715</x><y>318</y></pt><pt><x>715</x><y>343</y></pt></polygon></object><object><name>worksurface</name><deleted>0</deleted><verified>0</verified><date>27-Jun-2012 22:57:51</date><id>22</id><polygon><username>sandy</username><pt><x>702</x><y>457</y></pt><pt><x>660</x><y>380</y></pt><pt><x>660</x><y>366</y></pt><pt><x>796</x><y>367</y></pt><pt><x>799</x><y>456</y></pt></polygon></object><object><name>worksurface</name><deleted>0</deleted><verified>0</verified><date>27-Jun-2012 22:57:51</date><id>23</id><polygon><username>sandy</username><pt><x>2</x><y>455</y></pt><pt><x>340</x><y>457</y></pt><pt><x>352</x><y>370</y></pt><pt><x>1</x><y>361</y></pt></polygon></object><imagesize><nrows>600</nrows><ncols>800</ncols></imagesize></annotation>