<annotation><filename>k_kitchen_kitchen006.jpg</filename><folder>100images</folder><source><sourceImage>The MIT-CSAIL database of objects and scenes</sourceImage><sourceAnnotation>LabelMe Webtool</sourceAnnotation></source><object><name>wok</name><deleted>0</deleted><verified>0</verified><date>11-Jul-2012 20:06:10</date><id>0</id><polygon><username>sandy</username><pt><x>670</x><y>295</y></pt><pt><x>693</x><y>306</y></pt><pt><x>703</x><y>313</y></pt><pt><x>690</x><y>320</y></pt><pt><x>678</x><y>331</y></pt><pt><x>664</x><y>340</y></pt><pt><x>653</x><y>341</y></pt><pt><x>630</x><y>345</y></pt><pt><x>619</x><y>343</y></pt><pt><x>609</x><y>340</y></pt><pt><x>597</x><y>335</y></pt><pt><x>591</x><y>330</y></pt><pt><x>581</x><y>324</y></pt><pt><x>579</x><y>320</y></pt><pt><x>574</x><y>315</y></pt><pt><x>570</x><y>311</y></pt><pt><x>569</x><y>305</y></pt><pt><x>571</x><y>301</y></pt><pt><x>579</x><y>300</y></pt><pt><x>592</x><y>299</y></pt><pt><x>605</x><y>295</y></pt><pt><x>618</x><y>294</y></pt><pt><x>633</x><y>292</y></pt><pt><x>658</x><y>294</y></pt></polygon></object><object><name>cooker</name><deleted>0</deleted><verified>0</verified><date>11-Jul-2012 20:06:10</date><id>1</id><polygon><username>sandy</username><pt><x>190</x><y>151</y></pt><pt><x>191</x><y>255</y></pt><pt><x>309</x><y>246</y></pt><pt><x>303</x><y>146</y></pt></polygon></object><object><name>cooker</name><deleted>0</deleted><verified>0</verified><date>11-Jul-2012 20:06:10</date><id>2</id><polygon><username>sandy</username><pt><x>193</x><y>280</y></pt><pt><x>309</x><y>267</y></pt><pt><x>310</x><y>365</y></pt><pt><x>196</x><y>375</y></pt></polygon></object><object><name>breakfastbar</name><deleted>0</deleted><verified>0</verified><date>11-Jul-2012 20:06:10</date><id>3</id><polygon><username>sandy</username><pt><x>360</x><y>513</y></pt><pt><x>364</x><y>493</y></pt><pt><x>333</x><y>453</y></pt><pt><x>303</x><y>424</y></pt><pt><x>277</x><y>404</y></pt><pt><x>222</x><y>372</y></pt><pt><x>188</x><y>353</y></pt><pt><x>178</x><y>348</y></pt><pt><x>109</x><y>323</y></pt><pt><x>75</x><y>313</y></pt><pt><x>0</x><y>324</y></pt><pt><x>0</x><y>350</y></pt><pt><x>24</x><y>362</y></pt><pt><x>56</x><y>379</y></pt><pt><x>97</x><y>413</y></pt><pt><x>119</x><y>436</y></pt><pt><x>144</x><y>474</y></pt><pt><x>159</x><y>508</y></pt><pt><x>171</x><y>532</y></pt><pt><x>181</x><y>537</y></pt></polygon></object><object><name>wine</name><deleted>0</deleted><verified>0</verified><date>11-Jul-2012 20:06:10</date><id>4</id><polygon><username>sandy</username><pt><x>255</x><y>335</y></pt><pt><x>262</x><y>360</y></pt><pt><x>266</x><y>374</y></pt><pt><x>264</x><y>384</y></pt><pt><x>259</x><y>395</y></pt><pt><x>223</x><y>393</y></pt><pt><x>218</x><y>388</y></pt><pt><x>218</x><y>377</y></pt><pt><x>221</x><y>364</y></pt><pt><x>225</x><y>349</y></pt><pt><x>232</x><y>335</y></pt><pt><x>233</x><y>324</y></pt><pt><x>238</x><y>313</y></pt><pt><x>236</x><y>304</y></pt><pt><x>242</x><y>300</y></pt><pt><x>247</x><y>299</y></pt><pt><x>247</x><y>309</y></pt><pt><x>246</x><y>318</y></pt></polygon></object><object><name>worksurface</name><deleted>0</deleted><verified>0</verified><date>11-Jul-2012 20:06:10</date><id>5</id><polygon><username>sandy</username><pt><x>328</x><y>282</y></pt><pt><x>404</x><y>272</y></pt><pt><x>797</x><y>355</y></pt><pt><x>798</x><y>409</y></pt><pt><x>762</x><y>421</y></pt><pt><x>336</x><y>294</y></pt><pt><x>329</x><y>294</y></pt></polygon></object><object><name>worksurface</name><deleted>0</deleted><verified>0</verified><date>11-Jul-2012 20:06:10</date><id>6</id><polygon><username>sandy</username><pt><x>0</x><y>369</y></pt><pt><x>26</x><y>364</y></pt><pt><x>64</x><y>360</y></pt><pt><x>245</x><y>547</y></pt><pt><x>249</x><y>594</y></pt><pt><x>252</x><y>596</y></pt><pt><x>0</x><y>596</y></pt></polygon></object><object><name>glasses</name><deleted>0</deleted><verified>0</verified><date>11-Jul-2012 20:06:10</date><id>7</id><polygon><username>sandy</username><pt><x>195</x><y>400</y></pt><pt><x>207</x><y>392</y></pt><pt><x>211</x><y>382</y></pt><pt><x>211</x><y>372</y></pt><pt><x>203</x><y>365</y></pt><pt><x>198</x><y>364</y></pt><pt><x>191</x><y>367</y></pt><pt><x>179</x><y>368</y></pt><pt><x>177</x><y>362</y></pt><pt><x>166</x><y>362</y></pt><pt><x>157</x><y>360</y></pt><pt><x>147</x><y>363</y></pt><pt><x>148</x><y>382</y></pt><pt><x>152</x><y>394</y></pt><pt><x>161</x><y>395</y></pt><pt><x>162</x><y>412</y></pt><pt><x>156</x><y>417</y></pt><pt><x>156</x><y>424</y></pt><pt><x>162</x><y>424</y></pt><pt><x>169</x><y>424</y></pt><pt><x>174</x><y>424</y></pt><pt><x>176</x><y>429</y></pt><pt><x>182</x><y>432</y></pt><pt><x>190</x><y>432</y></pt><pt><x>198</x><y>432</y></pt><pt><x>206</x><y>431</y></pt><pt><x>210</x><y>426</y></pt><pt><x>203</x><y>423</y></pt><pt><x>195</x><y>421</y></pt><pt><x>193</x><y>417</y></pt></polygon></object><object><name>sink</name><deleted>0</deleted><verified>0</verified><date>11-Jul-2012 20:06:10</date><id>8</id><polygon><username>sandy</username><pt><x>398</x><y>300</y></pt><pt><x>462</x><y>320</y></pt><pt><x>555</x><y>304</y></pt><pt><x>482</x><y>285</y></pt></polygon></object><object><name>sink</name><deleted>0</deleted><verified>0</verified><date>11-Jul-2012 20:06:10</date><id>9</id><polygon><username>sandy</username><pt><x>15</x><y>421</y></pt><pt><x>44</x><y>456</y></pt><pt><x>65</x><y>457</y></pt><pt><x>78</x><y>459</y></pt><pt><x>85</x><y>464</y></pt><pt><x>84</x><y>472</y></pt><pt><x>77</x><y>481</y></pt><pt><x>64</x><y>486</y></pt><pt><x>49</x><y>492</y></pt><pt><x>31</x><y>500</y></pt><pt><x>13</x><y>503</y></pt><pt><x>2</x><y>505</y></pt><pt><x>0</x><y>427</y></pt></polygon></object><object><name>hob</name><deleted>0</deleted><verified>0</verified><date>11-Jul-2012 20:06:10</date><id>10</id><polygon><username>sandy</username><pt><x>521</x><y>394</y></pt><pt><x>625</x><y>429</y></pt><pt><x>625</x><y>370</y></pt><pt><x>748</x><y>345</y></pt><pt><x>634</x><y>319</y></pt><pt><x>516</x><y>338</y></pt></polygon></object><imagesize><nrows>600</nrows><ncols>800</ncols></imagesize><object><name>vegetables</name><deleted>1</deleted><verified>0</verified><date>11-Jul-2012 20:17:59</date><id>11</id><polygon><username>sandy</username><pt><x>453</x><y>352</y></pt><pt><x>460</x><y>353</y></pt><pt><x>466</x><y>351</y></pt><pt><x>470</x><y>350</y></pt><pt><x>471</x><y>347</y></pt><pt><x>474</x><y>343</y></pt><pt><x>464</x><y>345</y></pt><pt><x>474</x><y>337</y></pt><pt><x>471</x><y>335</y></pt><pt><x>470</x><y>334</y></pt><pt><x>466</x><y>334</y></pt><pt><x>464</x><y>333</y></pt><pt><x>460</x><y>336</y></pt><pt><x>459</x><y>340</y></pt><pt><x>455</x><y>342</y></pt><pt><x>451</x><y>339</y></pt><pt><x>454</x><y>337</y></pt><pt><x>456</x><y>336</y></pt><pt><x>456</x><y>332</y></pt><pt><x>456</x><y>329</y></pt><pt><x>454</x><y>328</y></pt><pt><x>450</x><y>327</y></pt><pt><x>446</x><y>326</y></pt><pt><x>441</x><y>327</y></pt><pt><x>440</x><y>328</y></pt><pt><x>437</x><y>331</y></pt><pt><x>436</x><y>335</y></pt><pt><x>437</x><y>338</y></pt><pt><x>440</x><y>342</y></pt><pt><x>440</x><y>344</y></pt><pt><x>436</x><y>346</y></pt><pt><x>433</x><y>350</y></pt><pt><x>432</x><y>352</y></pt><pt><x>436</x><y>352</y></pt><pt><x>440</x><y>352</y></pt><pt><x>444</x><y>352</y></pt></polygon></object><object><name>vegetables</name><deleted>1</deleted><verified>0</verified><date>11-Jul-2012 20:17:59</date><id>12</id><polygon><username>sandy</username><pt><x>517</x><y>323</y></pt><pt><x>522</x><y>326</y></pt><pt><x>528</x><y>326</y></pt><pt><x>528</x><y>323</y></pt><pt><x>527</x><y>321</y></pt><pt><x>527</x><y>317</y></pt><pt><x>521</x><y>314</y></pt><pt><x>521</x><y>313</y></pt><pt><x>518</x><y>309</y></pt><pt><x>514</x><y>306</y></pt><pt><x>511</x><y>305</y></pt><pt><x>508</x><y>304</y></pt><pt><x>504</x><y>306</y></pt><pt><x>501</x><y>307</y></pt><pt><x>500</x><y>311</y></pt><pt><x>502</x><y>315</y></pt><pt><x>499</x><y>316</y></pt><pt><x>496</x><y>318</y></pt><pt><x>494</x><y>321</y></pt><pt><x>495</x><y>326</y></pt><pt><x>498</x><y>328</y></pt><pt><x>505</x><y>328</y></pt><pt><x>509</x><y>328</y></pt><pt><x>512</x><y>327</y></pt></polygon></object><object><name>tomato</name><deleted>0</deleted><verified>0</verified><date>11-Jul-2012 20:17:59</date><id>13</id><polygon><username>sandy</username><pt><x>485</x><y>326</y></pt><pt><x>488</x><y>322</y></pt><pt><x>489</x><y>319</y></pt><pt><x>489</x><y>316</y></pt><pt><x>486</x><y>314</y></pt><pt><x>485</x><y>313</y></pt><pt><x>483</x><y>312</y></pt><pt><x>480</x><y>313</y></pt><pt><x>478</x><y>313</y></pt><pt><x>475</x><y>314</y></pt><pt><x>475</x><y>318</y></pt><pt><x>476</x><y>321</y></pt><pt><x>478</x><y>323</y></pt></polygon></object><object><name>oil</name><deleted>0</deleted><verified>0</verified><date>11-Jul-2012 20:17:59</date><id>14</id><polygon><username>sandy</username><pt><x>11</x><y>333</y></pt><pt><x>24</x><y>332</y></pt><pt><x>18</x><y>249</y></pt><pt><x>17</x><y>244</y></pt><pt><x>15</x><y>243</y></pt><pt><x>12</x><y>243</y></pt><pt><x>13</x><y>249</y></pt></polygon></object><object><name>oil</name><deleted>0</deleted><verified>0</verified><date>11-Jul-2012 20:17:59</date><id>15</id><polygon><username>sandy</username><pt><x>31</x><y>249</y></pt><pt><x>32</x><y>244</y></pt><pt><x>32</x><y>242</y></pt><pt><x>27</x><y>242</y></pt><pt><x>27</x><y>244</y></pt><pt><x>28</x><y>252</y></pt><pt><x>26</x><y>332</y></pt><pt><x>39</x><y>332</y></pt></polygon></object><object><name>bottle</name><deleted>0</deleted><verified>0</verified><date>11-Jul-2012 20:17:59</date><id>16</id><polygon><username>sandy</username><pt><x>67</x><y>323</y></pt><pt><x>68</x><y>313</y></pt><pt><x>66</x><y>307</y></pt><pt><x>65</x><y>301</y></pt><pt><x>63</x><y>297</y></pt><pt><x>63</x><y>292</y></pt><pt><x>64</x><y>290</y></pt><pt><x>67</x><y>289</y></pt><pt><x>68</x><y>285</y></pt><pt><x>67</x><y>282</y></pt><pt><x>63</x><y>279</y></pt><pt><x>58</x><y>276</y></pt><pt><x>48</x><y>277</y></pt><pt><x>43</x><y>277</y></pt><pt><x>38</x><y>277</y></pt><pt><x>34</x><y>279</y></pt><pt><x>32</x><y>281</y></pt><pt><x>30</x><y>286</y></pt><pt><x>32</x><y>288</y></pt><pt><x>34</x><y>291</y></pt><pt><x>36</x><y>292</y></pt><pt><x>35</x><y>298</y></pt><pt><x>33</x><y>301</y></pt><pt><x>32</x><y>306</y></pt><pt><x>31</x><y>309</y></pt><pt><x>30</x><y>317</y></pt><pt><x>31</x><y>323</y></pt><pt><x>34</x><y>329</y></pt><pt><x>33</x><y>333</y></pt><pt><x>32</x><y>337</y></pt><pt><x>32</x><y>342</y></pt><pt><x>35</x><y>347</y></pt><pt><x>43</x><y>346</y></pt><pt><x>51</x><y>346</y></pt><pt><x>58</x><y>346</y></pt><pt><x>67</x><y>346</y></pt><pt><x>71</x><y>345</y></pt><pt><x>71</x><y>341</y></pt><pt><x>69</x><y>338</y></pt><pt><x>67</x><y>334</y></pt><pt><x>67</x><y>331</y></pt></polygon></object><object><name>book</name><deleted>0</deleted><verified>0</verified><date>11-Jul-2012 20:23:10</date><id>17</id><polygon><username>sandy</username><pt><x>134</x><y>369</y></pt><pt><x>186</x><y>353</y></pt><pt><x>185</x><y>333</y></pt><pt><x>182</x><y>323</y></pt><pt><x>95</x><y>321</y></pt><pt><x>89</x><y>331</y></pt><pt><x>59</x><y>341</y></pt><pt><x>60</x><y>346</y></pt><pt><x>45</x><y>355</y></pt><pt><x>45</x><y>362</y></pt></polygon></object><object><name>choppingboard</name><deleted>0</deleted><verified>0</verified><date>11-Jul-2012 20:23:10</date><id>18</id><polygon><username>sandy</username><pt><x>434</x><y>375</y></pt><pt><x>518</x><y>363</y></pt><pt><x>516</x><y>354</y></pt><pt><x>464</x><y>335</y></pt><pt><x>388</x><y>345</y></pt><pt><x>387</x><y>355</y></pt></polygon></object><object><name>window</name><deleted>0</deleted><verified>0</verified><date>11-Jul-2012 20:23:10</date><id>19</id><polygon><username>sandy</username><pt><x>131</x><y>207</y></pt><pt><x>129</x><y>1</y></pt><pt><x>2</x><y>1</y></pt><pt><x>0</x><y>212</y></pt></polygon></object><object><name>exhaust</name><deleted>0</deleted><verified>0</verified><date>11-Jul-2012 20:23:10</date><id>20</id><polygon><username>sandy</username><pt><x>503</x><y>156</y></pt><pt><x>662</x><y>157</y></pt><pt><x>724</x><y>157</y></pt><pt><x>721</x><y>33</y></pt><pt><x>572</x><y>45</y></pt><pt><x>572</x><y>55</y></pt><pt><x>502</x><y>128</y></pt></polygon></object><object><name>tap</name><deleted>0</deleted><verified>0</verified><date>11-Jul-2012 20:34:34</date><id>21</id><polygon><username>sandy</username><pt><x>490</x><y>256</y></pt><pt><x>510</x><y>263</y></pt><pt><x>514</x><y>269</y></pt><pt><x>515</x><y>284</y></pt><pt><x>521</x><y>285</y></pt><pt><x>525</x><y>270</y></pt><pt><x>528</x><y>272</y></pt><pt><x>525</x><y>286</y></pt><pt><x>526</x><y>291</y></pt><pt><x>520</x><y>297</y></pt><pt><x>520</x><y>300</y></pt><pt><x>507</x><y>299</y></pt><pt><x>507</x><y>283</y></pt><pt><x>498</x><y>265</y></pt><pt><x>492</x><y>264</y></pt><pt><x>489</x><y>268</y></pt><pt><x>486</x><y>268</y></pt><pt><x>482</x><y>268</y></pt><pt><x>481</x><y>266</y></pt><pt><x>480</x><y>256</y></pt></polygon></object><object><name>knife</name><deleted>0</deleted><verified>0</verified><date>11-Jul-2012 20:34:34</date><id>22</id><polygon><username>sandy</username><pt><x>426</x><y>345</y></pt><pt><x>442</x><y>345</y></pt><pt><x>441</x><y>343</y></pt><pt><x>398</x><y>341</y></pt><pt><x>399</x><y>345</y></pt></polygon></object><object><name>tap</name><deleted>0</deleted><verified>0</verified><date>11-Jul-2012 20:34:34</date><id>23</id><polygon><username>sandy</username><pt><x>56</x><y>444</y></pt><pt><x>67</x><y>445</y></pt><pt><x>74</x><y>443</y></pt><pt><x>76</x><y>432</y></pt><pt><x>73</x><y>411</y></pt><pt><x>71</x><y>396</y></pt><pt><x>71</x><y>389</y></pt><pt><x>55</x><y>390</y></pt><pt><x>27</x><y>389</y></pt><pt><x>26</x><y>392</y></pt><pt><x>54</x><y>394</y></pt><pt><x>53</x><y>403</y></pt><pt><x>53</x><y>407</y></pt><pt><x>51</x><y>411</y></pt><pt><x>47</x><y>413</y></pt><pt><x>42</x><y>413</y></pt><pt><x>13</x><y>407</y></pt><pt><x>2</x><y>402</y></pt><pt><x>2</x><y>425</y></pt><pt><x>5</x><y>424</y></pt><pt><x>7</x><y>418</y></pt><pt><x>38</x><y>425</y></pt><pt><x>46</x><y>428</y></pt><pt><x>50</x><y>433</y></pt><pt><x>51</x><y>435</y></pt><pt><x>52</x><y>438</y></pt><pt><x>51</x><y>441</y></pt></polygon></object><object><name>drawer</name><deleted>1</deleted><verified>0</verified><date>11-Jul-2012 20:34:34</date><id>24</id><polygon><username>sandy</username><pt><x>641</x><y>425</y></pt><pt><x>738</x><y>458</y></pt><pt><x>742</x><y>416</y></pt><pt><x>641</x><y>389</y></pt></polygon></object><object><name>cupboard</name><deleted>0</deleted><verified>0</verified><date>11-Jul-2012 20:34:34</date><id>25</id><polygon><username>sandy</username><pt><x>796</x><y>15</y></pt><pt><x>719</x><y>27</y></pt><pt><x>722</x><y>239</y></pt><pt><x>798</x><y>244</y></pt></polygon></object><object><name>cupboard</name><deleted>0</deleted><verified>0</verified><date>11-Jul-2012 20:34:34</date><id>26</id><polygon><username>sandy</username><pt><x>609</x><y>216</y></pt><pt><x>543</x><y>220</y></pt><pt><x>370</x><y>201</y></pt><pt><x>326</x><y>204</y></pt><pt><x>324</x><y>66</y></pt><pt><x>367</x><y>66</y></pt><pt><x>543</x><y>48</y></pt><pt><x>602</x><y>47</y></pt></polygon></object><object><name>cupboard</name><deleted>0</deleted><verified>0</verified><date>11-Jul-2012 20:34:34</date><id>27</id><polygon><username>sandy</username><pt><x>178</x><y>140</y></pt><pt><x>314</x><y>135</y></pt><pt><x>313</x><y>2</y></pt><pt><x>176</x><y>2</y></pt></polygon></object><object><name>cupboard</name><deleted>0</deleted><verified>0</verified><date>11-Jul-2012 20:34:34</date><id>28</id><polygon><username>sandy</username><pt><x>391</x><y>463</y></pt><pt><x>654</x><y>597</y></pt><pt><x>797</x><y>597</y></pt><pt><x>797</x><y>446</y></pt><pt><x>735</x><y>454</y></pt><pt><x>642</x><y>431</y></pt><pt><x>640</x><y>447</y></pt><pt><x>516</x><y>399</y></pt><pt><x>518</x><y>387</y></pt><pt><x>455</x><y>372</y></pt><pt><x>455</x><y>335</y></pt><pt><x>390</x><y>313</y></pt></polygon></object><object><name>cupboard</name><deleted>0</deleted><verified>0</verified><date>11-Jul-2012 20:34:34</date><id>29</id><polygon><username>sandy</username><pt><x>152</x><y>222</y></pt><pt><x>154</x><y>324</y></pt><pt><x>2</x><y>324</y></pt><pt><x>2</x><y>230</y></pt></polygon></object><object><name>vase</name><deleted>0</deleted><verified>0</verified><date>11-Jul-2012 20:34:34</date><id>30</id><polygon><username>sandy</username><pt><x>79</x><y>176</y></pt><pt><x>88</x><y>185</y></pt><pt><x>90</x><y>196</y></pt><pt><x>86</x><y>203</y></pt><pt><x>84</x><y>210</y></pt><pt><x>84</x><y>212</y></pt><pt><x>51</x><y>214</y></pt><pt><x>48</x><y>206</y></pt><pt><x>45</x><y>203</y></pt><pt><x>44</x><y>200</y></pt><pt><x>42</x><y>195</y></pt><pt><x>43</x><y>189</y></pt><pt><x>47</x><y>180</y></pt><pt><x>56</x><y>178</y></pt><pt><x>59</x><y>172</y></pt></polygon></object><object><name>vase</name><deleted>0</deleted><verified>0</verified><date>11-Jul-2012 20:34:34</date><id>31</id><polygon><username>sandy</username><pt><x>25</x><y>195</y></pt><pt><x>43</x><y>195</y></pt><pt><x>48</x><y>200</y></pt><pt><x>47</x><y>205</y></pt><pt><x>47</x><y>211</y></pt><pt><x>43</x><y>213</y></pt><pt><x>43</x><y>216</y></pt><pt><x>31</x><y>217</y></pt><pt><x>27</x><y>214</y></pt><pt><x>23</x><y>210</y></pt></polygon></object><object><name>cupboard</name><deleted>0</deleted><verified>0</verified><date>11-Jul-2012 20:34:34</date><id>32</id><polygon><username>sandy</username><pt><x>319</x><y>374</y></pt><pt><x>321</x><y>432</y></pt><pt><x>271</x><y>440</y></pt><pt><x>263</x><y>383</y></pt></polygon></object><object><name>dishwasher</name><deleted>1</deleted><verified>0</verified><date>11-Jul-2012 20:34:34</date><id>33</id><polygon><username>sandy</username><pt><x>344</x><y>448</y></pt><pt><x>391</x><y>472</y></pt><pt><x>389</x><y>313</y></pt><pt><x>332</x><y>291</y></pt><pt><x>337</x><y>423</y></pt><pt><x>343</x><y>428</y></pt></polygon></object><object><name>coffeemachine</name><deleted>1</deleted><verified>0</verified><date>11-Jul-2012 20:34:34</date><id>34</id><polygon><username>sandy</username><pt><x>421</x><y>222</y></pt><pt><x>425</x><y>230</y></pt><pt><x>428</x><y>279</y></pt><pt><x>407</x><y>285</y></pt><pt><x>400</x><y>284</y></pt><pt><x>373</x><y>281</y></pt><pt><x>374</x><y>274</y></pt><pt><x>388</x><y>268</y></pt><pt><x>389</x><y>257</y></pt><pt><x>378</x><y>259</y></pt><pt><x>371</x><y>256</y></pt><pt><x>373</x><y>253</y></pt><pt><x>377</x><y>222</y></pt><pt><x>388</x><y>216</y></pt><pt><x>407</x><y>218</y></pt></polygon></object><object><name>vegetable</name><deleted>0</deleted><verified>0</verified><date>17-Jul-2012 13:43:02</date><id>35</id><polygon><username>sandy</username><pt><x>494</x><y>322</y></pt><pt><x>505</x><y>305</y></pt><pt><x>516</x><y>308</y></pt><pt><x>516</x><y>322</y></pt><pt><x>512</x><y>330</y></pt><pt><x>502</x><y>329</y></pt></polygon></object><object><name>tomato</name><deleted>0</deleted><verified>0</verified><date>17-Jul-2012 13:43:02</date><id>36</id><polygon><username>sandy</username><pt><x>522</x><y>316</y></pt><pt><x>529</x><y>321</y></pt><pt><x>525</x><y>329</y></pt><pt><x>517</x><y>327</y></pt><pt><x>514</x><y>317</y></pt></polygon></object><object><name>vegetable</name><deleted>0</deleted><verified>0</verified><date>17-Jul-2012 13:43:02</date><id>37</id><polygon><username>sandy</username><pt><x>439</x><y>328</y></pt><pt><x>446</x><y>326</y></pt><pt><x>456</x><y>331</y></pt><pt><x>452</x><y>338</y></pt><pt><x>463</x><y>345</y></pt><pt><x>471</x><y>348</y></pt><pt><x>466</x><y>352</y></pt><pt><x>457</x><y>354</y></pt><pt><x>449</x><y>352</y></pt><pt><x>439</x><y>352</y></pt><pt><x>432</x><y>351</y></pt><pt><x>442</x><y>345</y></pt><pt><x>439</x><y>337</y></pt></polygon></object><object><name>tomato</name><deleted>0</deleted><verified>0</verified><date>17-Jul-2012 13:43:02</date><id>38</id><polygon><username>sandy</username><pt><x>460</x><y>341</y></pt><pt><x>462</x><y>334</y></pt><pt><x>470</x><y>335</y></pt><pt><x>477</x><y>341</y></pt><pt><x>471</x><y>346</y></pt><pt><x>462</x><y>346</y></pt></polygon></object><object><name>drawers</name><deleted>0</deleted><verified>0</verified><date>17-Jul-2012 13:43:02</date><id>39</id><polygon><username>sandy</username><pt><x>639</x><y>388</y></pt><pt><x>643</x><y>426</y></pt><pt><x>743</x><y>456</y></pt><pt><x>743</x><y>412</y></pt></polygon></object><object><name>drawers</name><deleted>0</deleted><verified>0</verified><date>17-Jul-2012 13:43:02</date><id>40</id><polygon><username>sandy</username><pt><x>643</x><y>430</y></pt><pt><x>643</x><y>508</y></pt><pt><x>744</x><y>552</y></pt><pt><x>741</x><y>456</y></pt></polygon></object><object><name>drawers</name><deleted>0</deleted><verified>0</verified><date>17-Jul-2012 13:43:02</date><id>41</id><polygon><username>sandy</username><pt><x>644</x><y>511</y></pt><pt><x>646</x><y>591</y></pt><pt><x>666</x><y>599</y></pt><pt><x>743</x><y>595</y></pt><pt><x>744</x><y>554</y></pt></polygon></object><object><name>drawers</name><deleted>0</deleted><verified>0</verified><date>17-Jul-2012 13:43:02</date><id>42</id><polygon><username>sandy</username><pt><x>518</x><y>459</y></pt><pt><x>517</x><y>526</y></pt><pt><x>458</x><y>498</y></pt><pt><x>459</x><y>429</y></pt></polygon></object><object><name>drawers</name><deleted>0</deleted><verified>0</verified><date>17-Jul-2012 13:43:02</date><id>43</id><polygon><username>sandy</username><pt><x>459</x><y>426</y></pt><pt><x>520</x><y>454</y></pt><pt><x>516</x><y>380</y></pt><pt><x>454</x><y>363</y></pt></polygon></object></annotation>
