<annotation><filename>k_kitchen_kitchen014.jpg</filename><folder>100images</folder><source><sourceImage>The MIT-CSAIL database of objects and scenes</sourceImage><sourceAnnotation>LabelMe Webtool</sourceAnnotation></source><object><name>worksurface</name><deleted>0</deleted><verified>0</verified><date>11-Jul-2012 20:40:45</date><id>0</id><polygon><username>sandy</username><pt><x>218</x><y>355</y></pt><pt><x>277</x><y>343</y></pt><pt><x>277</x><y>330</y></pt><pt><x>215</x><y>323</y></pt></polygon></object><object><name>worksurface</name><deleted>0</deleted><verified>0</verified><date>11-Jul-2012 20:40:45</date><id>1</id><polygon><username>sandy</username><pt><x>432</x><y>303</y></pt><pt><x>663</x><y>316</y></pt><pt><x>663</x><y>291</y></pt><pt><x>419</x><y>279</y></pt><pt><x>292</x><y>299</y></pt><pt><x>377</x><y>310</y></pt><pt><x>378</x><y>314</y></pt></polygon></object><imagesize><nrows>600</nrows><ncols>800</ncols></imagesize><object><name>worksurface</name><deleted>0</deleted><verified>0</verified><date>11-Jul-2012 21:49:40</date><id>2</id><polygon><username>sandy</username><pt><x>127</x><y>427</y></pt><pt><x>282</x><y>374</y></pt><pt><x>207</x><y>362</y></pt><pt><x>58</x><y>398</y></pt><pt><x>56</x><y>405</y></pt></polygon></object><object><name>kettle</name><deleted>0</deleted><verified>0</verified><date>11-Jul-2012 21:49:40</date><id>3</id><polygon><username>sandy</username><pt><x>289</x><y>303</y></pt><pt><x>297</x><y>303</y></pt><pt><x>301</x><y>302</y></pt><pt><x>303</x><y>300</y></pt><pt><x>305</x><y>296</y></pt><pt><x>305</x><y>294</y></pt><pt><x>305</x><y>291</y></pt><pt><x>305</x><y>290</y></pt><pt><x>303</x><y>287</y></pt><pt><x>301</x><y>286</y></pt><pt><x>300</x><y>285</y></pt><pt><x>300</x><y>285</y></pt><pt><x>300</x><y>283</y></pt><pt><x>301</x><y>281</y></pt><pt><x>302</x><y>278</y></pt><pt><x>304</x><y>275</y></pt><pt><x>303</x><y>274</y></pt><pt><x>303</x><y>273</y></pt><pt><x>301</x><y>270</y></pt><pt><x>300</x><y>269</y></pt><pt><x>298</x><y>268</y></pt><pt><x>285</x><y>268</y></pt><pt><x>284</x><y>268</y></pt><pt><x>282</x><y>268</y></pt><pt><x>280</x><y>269</y></pt><pt><x>279</x><y>271</y></pt><pt><x>279</x><y>273</y></pt><pt><x>280</x><y>276</y></pt><pt><x>281</x><y>280</y></pt><pt><x>282</x><y>284</y></pt><pt><x>282</x><y>286</y></pt><pt><x>282</x><y>287</y></pt><pt><x>279</x><y>288</y></pt><pt><x>277</x><y>289</y></pt><pt><x>275</x><y>287</y></pt><pt><x>274</x><y>286</y></pt><pt><x>273</x><y>288</y></pt><pt><x>275</x><y>290</y></pt><pt><x>276</x><y>291</y></pt><pt><x>277</x><y>294</y></pt><pt><x>277</x><y>295</y></pt><pt><x>277</x><y>298</y></pt><pt><x>279</x><y>300</y></pt><pt><x>282</x><y>301</y></pt></polygon></object><object><name>window</name><deleted>0</deleted><verified>0</verified><date>11-Jul-2012 21:49:40</date><id>4</id><polygon><username>sandy</username><pt><x>474</x><y>129</y></pt><pt><x>478</x><y>241</y></pt><pt><x>664</x><y>246</y></pt><pt><x>660</x><y>110</y></pt></polygon></object><object><name>sink</name><deleted>0</deleted><verified>0</verified><date>11-Jul-2012 21:49:40</date><id>5</id><polygon><username>sandy</username><pt><x>515</x><y>291</y></pt><pt><x>613</x><y>298</y></pt><pt><x>620</x><y>292</y></pt><pt><x>532</x><y>287</y></pt></polygon></object><object><name>oven</name><deleted>0</deleted><verified>0</verified><date>11-Jul-2012 21:49:40</date><id>6</id><polygon><username>sandy</username><pt><x>276</x><y>536</y></pt><pt><x>381</x><y>472</y></pt><pt><x>381</x><y>463</y></pt><pt><x>379</x><y>434</y></pt><pt><x>386</x><y>431</y></pt><pt><x>385</x><y>423</y></pt><pt><x>381</x><y>419</y></pt><pt><x>380</x><y>335</y></pt><pt><x>383</x><y>335</y></pt><pt><x>385</x><y>328</y></pt><pt><x>381</x><y>326</y></pt><pt><x>378</x><y>324</y></pt><pt><x>376</x><y>312</y></pt><pt><x>374</x><y>309</y></pt><pt><x>282</x><y>297</y></pt><pt><x>212</x><y>310</y></pt><pt><x>213</x><y>322</y></pt><pt><x>271</x><y>331</y></pt><pt><x>274</x><y>537</y></pt></polygon></object><object><name>rug</name><deleted>0</deleted><verified>0</verified><date>11-Jul-2012 21:49:40</date><id>7</id><polygon><username>sandy</username><pt><x>399</x><y>483</y></pt><pt><x>451</x><y>445</y></pt><pt><x>644</x><y>486</y></pt><pt><x>624</x><y>533</y></pt></polygon></object><object><name>hob</name><deleted>0</deleted><verified>0</verified><date>11-Jul-2012 21:49:40</date><id>8</id><polygon><username>sandy</username><pt><x>282</x><y>329</y></pt><pt><x>373</x><y>310</y></pt><pt><x>283</x><y>295</y></pt><pt><x>207</x><y>316</y></pt></polygon></object><object><name>flowers</name><deleted>0</deleted><verified>0</verified><date>11-Jul-2012 21:49:40</date><id>9</id><polygon><username>sandy</username><pt><x>693</x><y>264</y></pt><pt><x>689</x><y>284</y></pt><pt><x>686</x><y>292</y></pt><pt><x>686</x><y>301</y></pt><pt><x>686</x><y>307</y></pt><pt><x>679</x><y>317</y></pt><pt><x>672</x><y>325</y></pt><pt><x>676</x><y>331</y></pt><pt><x>679</x><y>339</y></pt><pt><x>682</x><y>346</y></pt><pt><x>691</x><y>353</y></pt><pt><x>692</x><y>364</y></pt><pt><x>701</x><y>365</y></pt><pt><x>714</x><y>360</y></pt><pt><x>726</x><y>361</y></pt><pt><x>728</x><y>368</y></pt><pt><x>736</x><y>370</y></pt><pt><x>743</x><y>373</y></pt><pt><x>746</x><y>379</y></pt><pt><x>756</x><y>384</y></pt><pt><x>769</x><y>388</y></pt><pt><x>783</x><y>388</y></pt><pt><x>795</x><y>381</y></pt><pt><x>795</x><y>371</y></pt><pt><x>799</x><y>366</y></pt><pt><x>796</x><y>248</y></pt><pt><x>794</x><y>243</y></pt><pt><x>789</x><y>241</y></pt><pt><x>781</x><y>242</y></pt><pt><x>780</x><y>251</y></pt><pt><x>782</x><y>260</y></pt><pt><x>781</x><y>273</y></pt><pt><x>781</x><y>284</y></pt><pt><x>778</x><y>292</y></pt><pt><x>772</x><y>283</y></pt><pt><x>772</x><y>274</y></pt><pt><x>773</x><y>260</y></pt><pt><x>770</x><y>255</y></pt><pt><x>727</x><y>261</y></pt><pt><x>727</x><y>249</y></pt><pt><x>718</x><y>249</y></pt><pt><x>717</x><y>249</y></pt><pt><x>717</x><y>257</y></pt><pt><x>713</x><y>262</y></pt><pt><x>697</x><y>256</y></pt></polygon></object><object><name>flowers</name><deleted>0</deleted><verified>0</verified><date>11-Jul-2012 21:49:40</date><id>10</id><polygon><username>sandy</username><pt><x>743</x><y>395</y></pt><pt><x>739</x><y>418</y></pt><pt><x>735</x><y>429</y></pt><pt><x>732</x><y>446</y></pt><pt><x>730</x><y>480</y></pt><pt><x>690</x><y>475</y></pt><pt><x>695</x><y>458</y></pt><pt><x>701</x><y>449</y></pt><pt><x>705</x><y>442</y></pt><pt><x>703</x><y>433</y></pt><pt><x>704</x><y>425</y></pt><pt><x>713</x><y>422</y></pt><pt><x>727</x><y>389</y></pt><pt><x>729</x><y>382</y></pt><pt><x>736</x><y>382</y></pt></polygon></object><object><name>flowers</name><deleted>0</deleted><verified>0</verified><date>11-Jul-2012 21:49:40</date><id>11</id><polygon><username>sandy</username><pt><x>771</x><y>394</y></pt><pt><x>762</x><y>437</y></pt><pt><x>758</x><y>465</y></pt><pt><x>755</x><y>484</y></pt><pt><x>794</x><y>491</y></pt><pt><x>798</x><y>492</y></pt><pt><x>798</x><y>452</y></pt><pt><x>789</x><y>434</y></pt><pt><x>784</x><y>421</y></pt><pt><x>787</x><y>410</y></pt><pt><x>787</x><y>399</y></pt><pt><x>785</x><y>391</y></pt><pt><x>784</x><y>387</y></pt></polygon></object><object><name>heart</name><deleted>0</deleted><verified>0</verified><date>11-Jul-2012 21:59:33</date><id>12</id><polygon><username>sandy</username><pt><x>591</x><y>102</y></pt><pt><x>598</x><y>96</y></pt><pt><x>601</x><y>90</y></pt><pt><x>602</x><y>84</y></pt><pt><x>602</x><y>81</y></pt><pt><x>599</x><y>78</y></pt><pt><x>595</x><y>77</y></pt><pt><x>591</x><y>81</y></pt><pt><x>584</x><y>79</y></pt><pt><x>579</x><y>80</y></pt><pt><x>577</x><y>84</y></pt><pt><x>578</x><y>89</y></pt><pt><x>581</x><y>94</y></pt><pt><x>584</x><y>98</y></pt></polygon></object><object><name>rockinghorse</name><deleted>0</deleted><verified>0</verified><date>11-Jul-2012 21:59:33</date><id>13</id><polygon><username>sandy</username><pt><x>529</x><y>97</y></pt><pt><x>528</x><y>90</y></pt><pt><x>532</x><y>90</y></pt><pt><x>527</x><y>85</y></pt><pt><x>525</x><y>86</y></pt><pt><x>523</x><y>93</y></pt><pt><x>522</x><y>95</y></pt><pt><x>514</x><y>96</y></pt><pt><x>511</x><y>95</y></pt><pt><x>509</x><y>94</y></pt><pt><x>507</x><y>96</y></pt><pt><x>506</x><y>98</y></pt><pt><x>505</x><y>102</y></pt><pt><x>505</x><y>106</y></pt><pt><x>511</x><y>109</y></pt><pt><x>520</x><y>110</y></pt><pt><x>529</x><y>108</y></pt><pt><x>534</x><y>105</y></pt><pt><x>537</x><y>103</y></pt><pt><x>537</x><y>100</y></pt><pt><x>535</x><y>100</y></pt></polygon></object><object><name>lamp</name><deleted>0</deleted><verified>0</verified><date>11-Jul-2012 21:59:33</date><id>14</id><polygon><username>sandy</username><pt><x>567</x><y>175</y></pt><pt><x>589</x><y>175</y></pt><pt><x>590</x><y>143</y></pt><pt><x>579</x><y>124</y></pt><pt><x>575</x><y>125</y></pt><pt><x>563</x><y>143</y></pt></polygon></object><object><name>basket</name><deleted>0</deleted><verified>0</verified><date>11-Jul-2012 21:59:33</date><id>15</id><polygon><username>sandy</username><pt><x>684</x><y>112</y></pt><pt><x>799</x><y>104</y></pt><pt><x>797</x><y>69</y></pt><pt><x>785</x><y>64</y></pt><pt><x>783</x><y>59</y></pt><pt><x>780</x><y>55</y></pt><pt><x>773</x><y>53</y></pt><pt><x>758</x><y>49</y></pt><pt><x>723</x><y>48</y></pt><pt><x>711</x><y>51</y></pt><pt><x>704</x><y>53</y></pt><pt><x>697</x><y>58</y></pt><pt><x>690</x><y>72</y></pt><pt><x>683</x><y>87</y></pt><pt><x>683</x><y>96</y></pt><pt><x>684</x><y>104</y></pt></polygon></object><object><name>bowl</name><deleted>0</deleted><verified>0</verified><date>11-Jul-2012 21:59:33</date><id>16</id><polygon><username>sandy</username><pt><x>359</x><y>297</y></pt><pt><x>371</x><y>274</y></pt><pt><x>373</x><y>271</y></pt><pt><x>365</x><y>269</y></pt><pt><x>356</x><y>269</y></pt><pt><x>339</x><y>269</y></pt><pt><x>326</x><y>269</y></pt><pt><x>319</x><y>271</y></pt><pt><x>315</x><y>273</y></pt><pt><x>315</x><y>276</y></pt><pt><x>318</x><y>277</y></pt><pt><x>328</x><y>297</y></pt><pt><x>334</x><y>298</y></pt><pt><x>349</x><y>298</y></pt></polygon></object><object><name>bowl</name><deleted>0</deleted><verified>0</verified><date>11-Jul-2012 21:59:33</date><id>17</id><polygon><username>sandy</username><pt><x>376</x><y>276</y></pt><pt><x>379</x><y>287</y></pt><pt><x>388</x><y>287</y></pt><pt><x>393</x><y>287</y></pt><pt><x>399</x><y>287</y></pt><pt><x>400</x><y>284</y></pt><pt><x>401</x><y>273</y></pt><pt><x>395</x><y>271</y></pt><pt><x>390</x><y>272</y></pt><pt><x>383</x><y>272</y></pt></polygon></object><object><name>bowl</name><deleted>0</deleted><verified>0</verified><date>11-Jul-2012 21:59:33</date><id>18</id><polygon><username>sandy</username><pt><x>427</x><y>289</y></pt><pt><x>436</x><y>289</y></pt><pt><x>446</x><y>289</y></pt><pt><x>450</x><y>288</y></pt><pt><x>452</x><y>277</y></pt><pt><x>451</x><y>275</y></pt><pt><x>443</x><y>274</y></pt><pt><x>435</x><y>274</y></pt><pt><x>430</x><y>275</y></pt><pt><x>426</x><y>275</y></pt><pt><x>424</x><y>278</y></pt></polygon></object><object><name>curtains</name><deleted>0</deleted><verified>0</verified><date>11-Jul-2012 21:59:33</date><id>19</id><polygon><username>sandy</username><pt><x>527</x><y>129</y></pt><pt><x>530</x><y>245</y></pt><pt><x>465</x><y>243</y></pt><pt><x>475</x><y>129</y></pt></polygon></object><object><name>curtains</name><deleted>0</deleted><verified>0</verified><date>11-Jul-2012 21:59:33</date><id>20</id><polygon><username>sandy</username><pt><x>654</x><y>116</y></pt><pt><x>656</x><y>243</y></pt><pt><x>680</x><y>242</y></pt><pt><x>684</x><y>115</y></pt></polygon></object><object><name>drawers</name><deleted>0</deleted><verified>0</verified><date>11-Jul-2012 21:59:33</date><id>21</id><polygon><username>sandy</username><pt><x>489</x><y>308</y></pt><pt><x>487</x><y>327</y></pt><pt><x>440</x><y>324</y></pt><pt><x>440</x><y>305</y></pt></polygon></object><object><name>drawers</name><deleted>0</deleted><verified>0</verified><date>11-Jul-2012 21:59:33</date><id>22</id><polygon><username>sandy</username><pt><x>268</x><y>350</y></pt><pt><x>269</x><y>375</y></pt><pt><x>224</x><y>386</y></pt><pt><x>221</x><y>360</y></pt></polygon></object><object><name>tap</name><deleted>0</deleted><verified>0</verified><date>11-Jul-2012 21:59:33</date><id>23</id><polygon><username>sandy</username><pt><x>607</x><y>265</y></pt><pt><x>607</x><y>289</y></pt><pt><x>599</x><y>289</y></pt><pt><x>598</x><y>285</y></pt><pt><x>586</x><y>275</y></pt><pt><x>586</x><y>271</y></pt><pt><x>596</x><y>274</y></pt><pt><x>597</x><y>270</y></pt><pt><x>595</x><y>265</y></pt><pt><x>598</x><y>263</y></pt><pt><x>602</x><y>264</y></pt></polygon></object><object><name>jug</name><deleted>0</deleted><verified>0</verified><date>11-Jul-2012 21:59:33</date><id>24</id><polygon><username>sandy</username><pt><x>415</x><y>241</y></pt><pt><x>419</x><y>248</y></pt><pt><x>421</x><y>253</y></pt><pt><x>421</x><y>260</y></pt><pt><x>420</x><y>264</y></pt><pt><x>419</x><y>269</y></pt><pt><x>416</x><y>275</y></pt><pt><x>415</x><y>279</y></pt><pt><x>414</x><y>282</y></pt><pt><x>409</x><y>282</y></pt><pt><x>402</x><y>282</y></pt><pt><x>399</x><y>281</y></pt><pt><x>390</x><y>270</y></pt><pt><x>388</x><y>266</y></pt><pt><x>386</x><y>262</y></pt><pt><x>386</x><y>256</y></pt><pt><x>387</x><y>253</y></pt><pt><x>389</x><y>249</y></pt><pt><x>391</x><y>245</y></pt><pt><x>393</x><y>243</y></pt><pt><x>392</x><y>241</y></pt><pt><x>391</x><y>239</y></pt><pt><x>392</x><y>236</y></pt><pt><x>393</x><y>235</y></pt><pt><x>396</x><y>232</y></pt><pt><x>398</x><y>232</y></pt><pt><x>414</x><y>232</y></pt></polygon></object><object><name>microwave</name><deleted>0</deleted><verified>0</verified><date>11-Jul-2012 21:59:33</date><id>25</id><polygon><username>sandy</username><pt><x>219</x><y>149</y></pt><pt><x>219</x><y>213</y></pt><pt><x>327</x><y>209</y></pt><pt><x>325</x><y>161</y></pt></polygon></object><object><name>woodenspoon</name><deleted>0</deleted><verified>0</verified><date>11-Jul-2012 21:59:33</date><id>26</id><polygon><username>sandy</username><pt><x>436</x><y>239</y></pt><pt><x>441</x><y>239</y></pt><pt><x>444</x><y>242</y></pt><pt><x>447</x><y>243</y></pt><pt><x>450</x><y>249</y></pt><pt><x>458</x><y>248</y></pt><pt><x>453</x><y>238</y></pt><pt><x>454</x><y>232</y></pt><pt><x>452</x><y>231</y></pt><pt><x>451</x><y>230</y></pt><pt><x>448</x><y>231</y></pt><pt><x>447</x><y>233</y></pt><pt><x>444</x><y>231</y></pt><pt><x>442</x><y>229</y></pt><pt><x>442</x><y>227</y></pt><pt><x>439</x><y>225</y></pt><pt><x>437</x><y>226</y></pt><pt><x>435</x><y>227</y></pt><pt><x>433</x><y>228</y></pt><pt><x>433</x><y>231</y></pt><pt><x>434</x><y>234</y></pt></polygon></object><object><name>cupboard</name><deleted>0</deleted><verified>0</verified><date>11-Jul-2012 21:59:33</date><id>27</id><polygon><username>sandy</username><pt><x>280</x><y>223</y></pt><pt><x>321</x><y>224</y></pt><pt><x>434</x><y>220</y></pt><pt><x>432</x><y>89</y></pt><pt><x>323</x><y>54</y></pt><pt><x>215</x><y>13</y></pt><pt><x>215</x><y>2</y></pt><pt><x>2</x><y>2</y></pt><pt><x>4</x><y>595</y></pt><pt><x>158</x><y>597</y></pt><pt><x>225</x><y>553</y></pt><pt><x>215</x><y>130</y></pt><pt><x>288</x><y>143</y></pt></polygon></object><object><name>cupboard</name><deleted>0</deleted><verified>0</verified><date>11-Jul-2012 21:59:33</date><id>28</id><polygon><username>sandy</username><pt><x>244</x><y>536</y></pt><pt><x>274</x><y>522</y></pt><pt><x>271</x><y>375</y></pt><pt><x>221</x><y>389</y></pt><pt><x>223</x><y>547</y></pt></polygon></object><object><name>cupboard</name><deleted>0</deleted><verified>0</verified><date>11-Jul-2012 21:59:33</date><id>29</id><polygon><username>sandy</username><pt><x>439</x><y>330</y></pt><pt><x>435</x><y>424</y></pt><pt><x>663</x><y>460</y></pt><pt><x>658</x><y>344</y></pt></polygon></object><object><name>vase</name><deleted>0</deleted><verified>0</verified><date>17-Jul-2012 13:44:22</date><id>30</id><polygon><username>sandy</username><pt><x>737</x><y>446</y></pt><pt><x>752</x><y>449</y></pt><pt><x>764</x><y>490</y></pt><pt><x>778</x><y>545</y></pt><pt><x>746</x><y>549</y></pt><pt><x>716</x><y>543</y></pt><pt><x>711</x><y>527</y></pt><pt><x>716</x><y>501</y></pt><pt><x>731</x><y>476</y></pt></polygon></object><object><name>bread</name><deleted>0</deleted><verified>0</verified><date>30-Jul-2012 08:59:48</date><id>31</id><polygon><username>anonymous</username><pt><x>104</x><y>380</y></pt><pt><x>121</x><y>365</y></pt><pt><x>144</x><y>364</y></pt><pt><x>156</x><y>366</y></pt><pt><x>166</x><y>372</y></pt><pt><x>162</x><y>390</y></pt><pt><x>133</x><y>403</y></pt><pt><x>115</x><y>404</y></pt><pt><x>105</x><y>399</y></pt><pt><x>103</x><y>399</y></pt></polygon></object><object><name>bread</name><deleted>0</deleted><verified>0</verified><date>30-Jul-2012 08:59:48</date><id>32</id><polygon><username>anonymous</username><pt><x>142</x><y>409</y></pt><pt><x>159</x><y>410</y></pt><pt><x>168</x><y>408</y></pt><pt><x>174</x><y>399</y></pt><pt><x>170</x><y>393</y></pt><pt><x>161</x><y>396</y></pt><pt><x>148</x><y>395</y></pt><pt><x>145</x><y>393</y></pt><pt><x>143</x><y>399</y></pt></polygon></object><object><name>bread</name><deleted>0</deleted><verified>0</verified><date>30-Jul-2012 08:59:48</date><id>33</id><polygon><username>anonymous</username><pt><x>172</x><y>389</y></pt><pt><x>185</x><y>387</y></pt><pt><x>189</x><y>385</y></pt><pt><x>196</x><y>386</y></pt><pt><x>210</x><y>384</y></pt><pt><x>218</x><y>379</y></pt><pt><x>220</x><y>371</y></pt><pt><x>209</x><y>366</y></pt><pt><x>200</x><y>366</y></pt><pt><x>190</x><y>366</y></pt><pt><x>179</x><y>366</y></pt><pt><x>170</x><y>371</y></pt><pt><x>167</x><y>376</y></pt><pt><x>167</x><y>384</y></pt></polygon></object></annotation>
