<annotation><filename>k_kitchen_kitchen15.jpg</filename><folder>100images</folder><source><sourceImage>The MIT-CSAIL database of objects and scenes</sourceImage><sourceAnnotation>LabelMe Webtool</sourceAnnotation></source><object><name>chair</name><deleted>0</deleted><verified>0</verified><date>12-Jul-2012 22:44:02</date><id>0</id><polygon><username>sandy</username><pt><x>311</x><y>524</y></pt><pt><x>330</x><y>525</y></pt><pt><x>337</x><y>551</y></pt><pt><x>337</x><y>596</y></pt><pt><x>123</x><y>599</y></pt><pt><x>124</x><y>462</y></pt><pt><x>128</x><y>458</y></pt><pt><x>139</x><y>458</y></pt><pt><x>146</x><y>462</y></pt><pt><x>147</x><y>472</y></pt><pt><x>163</x><y>468</y></pt><pt><x>274</x><y>471</y></pt><pt><x>290</x><y>478</y></pt><pt><x>294</x><y>467</y></pt><pt><x>299</x><y>462</y></pt><pt><x>305</x><y>462</y></pt><pt><x>309</x><y>466</y></pt><pt><x>311</x><y>472</y></pt><pt><x>312</x><y>473</y></pt></polygon></object><object><name>cooker</name><deleted>0</deleted><verified>0</verified><date>12-Jul-2012 22:44:02</date><id>1</id><polygon><username>sandy</username><pt><x>581</x><y>499</y></pt><pt><x>586</x><y>321</y></pt><pt><x>642</x><y>302</y></pt><pt><x>650</x><y>302</y></pt><pt><x>652</x><y>275</y></pt><pt><x>517</x><y>261</y></pt><pt><x>514</x><y>280</y></pt><pt><x>456</x><y>289</y></pt><pt><x>437</x><y>293</y></pt><pt><x>438</x><y>301</y></pt><pt><x>441</x><y>306</y></pt><pt><x>442</x><y>325</y></pt><pt><x>447</x><y>330</y></pt><pt><x>444</x><y>339</y></pt><pt><x>447</x><y>341</y></pt><pt><x>447</x><y>438</y></pt></polygon></object><object><name>chandelier</name><deleted>0</deleted><verified>0</verified><date>12-Jul-2012 22:44:02</date><id>2</id><polygon><username>sandy</username><pt><x>270</x><y>82</y></pt><pt><x>261</x><y>49</y></pt><pt><x>249</x><y>46</y></pt><pt><x>240</x><y>48</y></pt><pt><x>231</x><y>65</y></pt><pt><x>217</x><y>28</y></pt><pt><x>207</x><y>27</y></pt><pt><x>191</x><y>28</y></pt><pt><x>186</x><y>54</y></pt><pt><x>182</x><y>54</y></pt><pt><x>170</x><y>76</y></pt><pt><x>158</x><y>64</y></pt><pt><x>144</x><y>50</y></pt><pt><x>131</x><y>36</y></pt><pt><x>125</x><y>25</y></pt><pt><x>120</x><y>12</y></pt><pt><x>116</x><y>2</y></pt><pt><x>103</x><y>1</y></pt><pt><x>97</x><y>15</y></pt><pt><x>94</x><y>17</y></pt><pt><x>90</x><y>29</y></pt><pt><x>80</x><y>39</y></pt><pt><x>66</x><y>52</y></pt><pt><x>51</x><y>65</y></pt><pt><x>44</x><y>75</y></pt><pt><x>33</x><y>53</y></pt><pt><x>17</x><y>13</y></pt><pt><x>6</x><y>10</y></pt><pt><x>2</x><y>9</y></pt><pt><x>2</x><y>9</y></pt><pt><x>2</x><y>168</y></pt><pt><x>11</x><y>166</y></pt><pt><x>12</x><y>164</y></pt><pt><x>17</x><y>166</y></pt><pt><x>28</x><y>167</y></pt><pt><x>34</x><y>170</y></pt><pt><x>42</x><y>171</y></pt><pt><x>48</x><y>169</y></pt><pt><x>53</x><y>167</y></pt><pt><x>55</x><y>165</y></pt><pt><x>68</x><y>166</y></pt><pt><x>77</x><y>166</y></pt><pt><x>83</x><y>165</y></pt><pt><x>90</x><y>161</y></pt><pt><x>96</x><y>158</y></pt><pt><x>97</x><y>156</y></pt><pt><x>98</x><y>159</y></pt><pt><x>99</x><y>163</y></pt><pt><x>101</x><y>169</y></pt><pt><x>105</x><y>173</y></pt><pt><x>109</x><y>174</y></pt><pt><x>115</x><y>173</y></pt><pt><x>118</x><y>171</y></pt><pt><x>120</x><y>169</y></pt><pt><x>123</x><y>165</y></pt><pt><x>123</x><y>162</y></pt><pt><x>121</x><y>160</y></pt><pt><x>121</x><y>157</y></pt><pt><x>117</x><y>157</y></pt><pt><x>117</x><y>154</y></pt><pt><x>118</x><y>151</y></pt><pt><x>118</x><y>151</y></pt><pt><x>122</x><y>157</y></pt><pt><x>130</x><y>161</y></pt><pt><x>141</x><y>166</y></pt><pt><x>152</x><y>168</y></pt><pt><x>161</x><y>167</y></pt><pt><x>164</x><y>167</y></pt><pt><x>170</x><y>171</y></pt><pt><x>175</x><y>173</y></pt><pt><x>181</x><y>170</y></pt><pt><x>185</x><y>168</y></pt><pt><x>192</x><y>167</y></pt><pt><x>198</x><y>167</y></pt><pt><x>201</x><y>168</y></pt><pt><x>206</x><y>170</y></pt><pt><x>215</x><y>170</y></pt><pt><x>228</x><y>169</y></pt><pt><x>237</x><y>167</y></pt><pt><x>242</x><y>167</y></pt><pt><x>248</x><y>164</y></pt><pt><x>252</x><y>160</y></pt><pt><x>255</x><y>146</y></pt><pt><x>255</x><y>130</y></pt><pt><x>265</x><y>128</y></pt><pt><x>266</x><y>125</y></pt><pt><x>256</x><y>124</y></pt><pt><x>257</x><y>119</y></pt><pt><x>255</x><y>85</y></pt><pt><x>261</x><y>85</y></pt></polygon></object><object><name>peaches</name><deleted>0</deleted><verified>0</verified><date>12-Jul-2012 22:44:02</date><id>3</id><polygon><username>sandy</username><pt><x>116</x><y>361</y></pt><pt><x>123</x><y>360</y></pt><pt><x>130</x><y>361</y></pt><pt><x>134</x><y>372</y></pt><pt><x>132</x><y>377</y></pt><pt><x>125</x><y>383</y></pt><pt><x>118</x><y>383</y></pt><pt><x>113</x><y>381</y></pt><pt><x>111</x><y>378</y></pt><pt><x>110</x><y>372</y></pt><pt><x>112</x><y>366</y></pt></polygon></object><object><name>peaches</name><deleted>0</deleted><verified>0</verified><date>12-Jul-2012 22:44:02</date><id>4</id><polygon><username>sandy</username><pt><x>103</x><y>377</y></pt><pt><x>105</x><y>371</y></pt><pt><x>99</x><y>360</y></pt><pt><x>91</x><y>360</y></pt><pt><x>84</x><y>362</y></pt><pt><x>80</x><y>367</y></pt><pt><x>79</x><y>371</y></pt><pt><x>77</x><y>374</y></pt><pt><x>75</x><y>378</y></pt><pt><x>73</x><y>381</y></pt><pt><x>74</x><y>387</y></pt><pt><x>77</x><y>391</y></pt><pt><x>82</x><y>393</y></pt><pt><x>90</x><y>392</y></pt><pt><x>96</x><y>390</y></pt><pt><x>100</x><y>388</y></pt><pt><x>101</x><y>381</y></pt></polygon></object><object><name>table</name><deleted>0</deleted><verified>0</verified><date>12-Jul-2012 22:44:02</date><id>5</id><polygon><username>sandy</username><pt><x>398</x><y>526</y></pt><pt><x>409</x><y>516</y></pt><pt><x>405</x><y>502</y></pt><pt><x>409</x><y>491</y></pt><pt><x>409</x><y>477</y></pt><pt><x>415</x><y>461</y></pt><pt><x>420</x><y>453</y></pt><pt><x>430</x><y>450</y></pt><pt><x>441</x><y>450</y></pt><pt><x>452</x><y>450</y></pt><pt><x>458</x><y>448</y></pt><pt><x>464</x><y>409</y></pt><pt><x>475</x><y>409</y></pt><pt><x>475</x><y>395</y></pt><pt><x>303</x><y>330</y></pt><pt><x>0</x><y>375</y></pt><pt><x>0</x><y>598</y></pt><pt><x>399</x><y>595</y></pt><pt><x>400</x><y>547</y></pt></polygon></object><object><name>worksurface</name><deleted>0</deleted><verified>0</verified><date>12-Jul-2012 22:44:02</date><id>6</id><polygon><username>sandy</username><pt><x>382</x><y>430</y></pt><pt><x>476</x><y>404</y></pt><pt><x>478</x><y>398</y></pt><pt><x>304</x><y>329</y></pt><pt><x>0</x><y>375</y></pt><pt><x>2</x><y>524</y></pt></polygon></object><object><name>worksurface</name><deleted>0</deleted><verified>0</verified><date>12-Jul-2012 22:44:02</date><id>7</id><polygon><username>sandy</username><pt><x>17</x><y>315</y></pt><pt><x>17</x><y>312</y></pt><pt><x>12</x><y>300</y></pt><pt><x>153</x><y>288</y></pt><pt><x>178</x><y>301</y></pt><pt><x>380</x><y>280</y></pt><pt><x>438</x><y>293</y></pt><pt><x>510</x><y>281</y></pt><pt><x>392</x><y>261</y></pt><pt><x>2</x><y>292</y></pt><pt><x>0</x><y>317</y></pt></polygon></object><object><name>worksurface</name><deleted>0</deleted><verified>0</verified><date>12-Jul-2012 22:44:02</date><id>8</id><polygon><username>sandy</username><pt><x>721</x><y>356</y></pt><pt><x>795</x><y>336</y></pt><pt><x>795</x><y>330</y></pt><pt><x>660</x><y>306</y></pt><pt><x>579</x><y>322</y></pt><pt><x>578</x><y>328</y></pt></polygon></object><object><name>kettle</name><deleted>0</deleted><verified>0</verified><date>12-Jul-2012 22:44:02</date><id>9</id><polygon><username>sandy</username><pt><x>556</x><y>298</y></pt><pt><x>574</x><y>298</y></pt><pt><x>585</x><y>298</y></pt><pt><x>583</x><y>284</y></pt><pt><x>583</x><y>278</y></pt><pt><x>581</x><y>269</y></pt><pt><x>572</x><y>261</y></pt><pt><x>564</x><y>258</y></pt><pt><x>559</x><y>259</y></pt><pt><x>554</x><y>266</y></pt><pt><x>553</x><y>273</y></pt><pt><x>548</x><y>269</y></pt><pt><x>545</x><y>269</y></pt><pt><x>543</x><y>273</y></pt><pt><x>546</x><y>278</y></pt><pt><x>546</x><y>281</y></pt><pt><x>544</x><y>286</y></pt><pt><x>544</x><y>292</y></pt><pt><x>545</x><y>297</y></pt><pt><x>549</x><y>299</y></pt></polygon></object><object><name>sink</name><deleted>0</deleted><verified>0</verified><date>12-Jul-2012 22:44:02</date><id>10</id><polygon><username>sandy</username><pt><x>15</x><y>360</y></pt><pt><x>178</x><y>339</y></pt><pt><x>178</x><y>301</y></pt><pt><x>156</x><y>288</y></pt><pt><x>11</x><y>301</y></pt><pt><x>11</x><y>318</y></pt></polygon></object><object><name>hob</name><deleted>0</deleted><verified>0</verified><date>12-Jul-2012 22:44:02</date><id>11</id><polygon><username>sandy</username><pt><x>517</x><y>304</y></pt><pt><x>584</x><y>320</y></pt><pt><x>636</x><y>306</y></pt><pt><x>634</x><y>301</y></pt><pt><x>515</x><y>280</y></pt><pt><x>453</x><y>289</y></pt><pt><x>454</x><y>293</y></pt></polygon></object><object><name>bowl</name><deleted>0</deleted><verified>0</verified><date>12-Jul-2012 22:44:02</date><id>12</id><polygon><username>sandy</username><pt><x>656</x><y>326</y></pt><pt><x>679</x><y>327</y></pt><pt><x>695</x><y>329</y></pt><pt><x>718</x><y>319</y></pt><pt><x>719</x><y>314</y></pt><pt><x>718</x><y>310</y></pt><pt><x>714</x><y>307</y></pt><pt><x>708</x><y>309</y></pt><pt><x>689</x><y>305</y></pt><pt><x>664</x><y>303</y></pt><pt><x>637</x><y>304</y></pt><pt><x>636</x><y>303</y></pt><pt><x>634</x><y>303</y></pt><pt><x>630</x><y>303</y></pt><pt><x>626</x><y>306</y></pt><pt><x>630</x><y>311</y></pt><pt><x>634</x><y>317</y></pt><pt><x>643</x><y>321</y></pt></polygon></object><object><name>mug</name><deleted>0</deleted><verified>0</verified><date>12-Jul-2012 22:44:02</date><id>13</id><polygon><username>sandy</username><pt><x>321</x><y>396</y></pt><pt><x>332</x><y>399</y></pt><pt><x>341</x><y>400</y></pt><pt><x>347</x><y>397</y></pt><pt><x>349</x><y>392</y></pt><pt><x>354</x><y>385</y></pt><pt><x>359</x><y>382</y></pt><pt><x>360</x><y>377</y></pt><pt><x>359</x><y>373</y></pt><pt><x>358</x><y>369</y></pt><pt><x>356</x><y>367</y></pt><pt><x>352</x><y>365</y></pt><pt><x>351</x><y>365</y></pt><pt><x>349</x><y>360</y></pt><pt><x>342</x><y>357</y></pt><pt><x>333</x><y>355</y></pt><pt><x>322</x><y>359</y></pt><pt><x>317</x><y>361</y></pt><pt><x>318</x><y>365</y></pt><pt><x>320</x><y>371</y></pt><pt><x>321</x><y>388</y></pt></polygon></object><object><name>mug</name><deleted>0</deleted><verified>0</verified><date>12-Jul-2012 22:44:02</date><id>14</id><polygon><username>sandy</username><pt><x>430</x><y>256</y></pt><pt><x>436</x><y>258</y></pt><pt><x>436</x><y>261</y></pt><pt><x>434</x><y>268</y></pt><pt><x>431</x><y>270</y></pt><pt><x>428</x><y>273</y></pt><pt><x>413</x><y>271</y></pt><pt><x>412</x><y>251</y></pt><pt><x>419</x><y>251</y></pt><pt><x>424</x><y>251</y></pt></polygon></object><object><name>plant</name><deleted>0</deleted><verified>0</verified><date>12-Jul-2012 22:44:02</date><id>15</id><polygon><username>sandy</username><pt><x>340</x><y>243</y></pt><pt><x>340</x><y>236</y></pt><pt><x>340</x><y>228</y></pt><pt><x>340</x><y>224</y></pt><pt><x>337</x><y>213</y></pt><pt><x>335</x><y>200</y></pt><pt><x>334</x><y>195</y></pt><pt><x>324</x><y>185</y></pt><pt><x>322</x><y>185</y></pt><pt><x>315</x><y>193</y></pt><pt><x>311</x><y>201</y></pt><pt><x>311</x><y>209</y></pt><pt><x>312</x><y>219</y></pt><pt><x>309</x><y>218</y></pt><pt><x>307</x><y>216</y></pt><pt><x>303</x><y>219</y></pt><pt><x>301</x><y>225</y></pt><pt><x>302</x><y>231</y></pt><pt><x>304</x><y>236</y></pt><pt><x>305</x><y>242</y></pt><pt><x>310</x><y>271</y></pt><pt><x>310</x><y>275</y></pt><pt><x>321</x><y>276</y></pt><pt><x>330</x><y>277</y></pt><pt><x>331</x><y>273</y></pt><pt><x>333</x><y>270</y></pt><pt><x>336</x><y>251</y></pt><pt><x>338</x><y>248</y></pt></polygon></object><object><name>plant</name><deleted>0</deleted><verified>0</verified><date>12-Jul-2012 22:44:02</date><id>16</id><polygon><username>sandy</username><pt><x>736</x><y>297</y></pt><pt><x>739</x><y>290</y></pt><pt><x>743</x><y>286</y></pt><pt><x>747</x><y>286</y></pt><pt><x>747</x><y>290</y></pt><pt><x>748</x><y>294</y></pt><pt><x>750</x><y>299</y></pt><pt><x>754</x><y>296</y></pt><pt><x>754</x><y>293</y></pt><pt><x>753</x><y>290</y></pt><pt><x>756</x><y>292</y></pt><pt><x>761</x><y>294</y></pt><pt><x>769</x><y>294</y></pt><pt><x>768</x><y>292</y></pt><pt><x>764</x><y>288</y></pt><pt><x>759</x><y>283</y></pt><pt><x>755</x><y>275</y></pt><pt><x>753</x><y>270</y></pt><pt><x>750</x><y>265</y></pt><pt><x>746</x><y>262</y></pt><pt><x>741</x><y>257</y></pt><pt><x>737</x><y>256</y></pt><pt><x>730</x><y>258</y></pt><pt><x>723</x><y>257</y></pt><pt><x>714</x><y>258</y></pt><pt><x>709</x><y>257</y></pt><pt><x>703</x><y>261</y></pt><pt><x>700</x><y>265</y></pt><pt><x>697</x><y>270</y></pt><pt><x>694</x><y>278</y></pt><pt><x>693</x><y>287</y></pt><pt><x>694</x><y>290</y></pt><pt><x>702</x><y>288</y></pt><pt><x>707</x><y>289</y></pt><pt><x>711</x><y>293</y></pt><pt><x>713</x><y>298</y></pt><pt><x>709</x><y>300</y></pt><pt><x>707</x><y>304</y></pt><pt><x>715</x><y>323</y></pt><pt><x>735</x><y>325</y></pt><pt><x>737</x><y>305</y></pt></polygon></object><object><name>plant</name><deleted>0</deleted><verified>0</verified><date>12-Jul-2012 22:44:02</date><id>17</id><polygon><username>sandy</username><pt><x>305</x><y>353</y></pt><pt><x>313</x><y>349</y></pt><pt><x>317</x><y>341</y></pt><pt><x>312</x><y>332</y></pt><pt><x>310</x><y>325</y></pt><pt><x>314</x><y>323</y></pt><pt><x>314</x><y>318</y></pt><pt><x>314</x><y>314</y></pt><pt><x>304</x><y>316</y></pt><pt><x>299</x><y>319</y></pt><pt><x>295</x><y>316</y></pt><pt><x>294</x><y>314</y></pt><pt><x>284</x><y>313</y></pt><pt><x>273</x><y>314</y></pt><pt><x>268</x><y>313</y></pt><pt><x>264</x><y>321</y></pt><pt><x>246</x><y>321</y></pt><pt><x>239</x><y>324</y></pt><pt><x>212</x><y>325</y></pt><pt><x>199</x><y>321</y></pt><pt><x>188</x><y>322</y></pt><pt><x>177</x><y>321</y></pt><pt><x>172</x><y>321</y></pt><pt><x>166</x><y>321</y></pt><pt><x>162</x><y>320</y></pt><pt><x>152</x><y>323</y></pt><pt><x>146</x><y>327</y></pt><pt><x>144</x><y>332</y></pt><pt><x>147</x><y>332</y></pt><pt><x>148</x><y>342</y></pt><pt><x>154</x><y>349</y></pt><pt><x>157</x><y>353</y></pt><pt><x>301</x><y>360</y></pt></polygon></object><object><name>magazine</name><deleted>0</deleted><verified>0</verified><date>12-Jul-2012 22:44:02</date><id>18</id><polygon><username>sandy</username><pt><x>190</x><y>440</y></pt><pt><x>273</x><y>442</y></pt><pt><x>288</x><y>402</y></pt><pt><x>226</x><y>399</y></pt><pt><x>223</x><y>397</y></pt><pt><x>214</x><y>394</y></pt><pt><x>208</x><y>391</y></pt><pt><x>201</x><y>392</y></pt><pt><x>190</x><y>396</y></pt><pt><x>173</x><y>400</y></pt><pt><x>154</x><y>400</y></pt><pt><x>121</x><y>438</y></pt><pt><x>158</x><y>438</y></pt><pt><x>177</x><y>438</y></pt></polygon></object><object><name>window</name><deleted>0</deleted><verified>0</verified><date>12-Jul-2012 22:44:02</date><id>19</id><polygon><username>sandy</username><pt><x>2</x><y>239</y></pt><pt><x>199</x><y>234</y></pt><pt><x>195</x><y>89</y></pt><pt><x>3</x><y>75</y></pt></polygon></object><object><name>spoon</name><deleted>0</deleted><verified>0</verified><date>12-Jul-2012 22:44:02</date><id>20</id><polygon><username>sandy</username><pt><x>303</x><y>396</y></pt><pt><x>307</x><y>399</y></pt><pt><x>313</x><y>398</y></pt><pt><x>334</x><y>412</y></pt><pt><x>339</x><y>408</y></pt><pt><x>315</x><y>396</y></pt><pt><x>314</x><y>393</y></pt><pt><x>309</x><y>390</y></pt><pt><x>307</x><y>388</y></pt><pt><x>304</x><y>386</y></pt><pt><x>303</x><y>387</y></pt><pt><x>300</x><y>387</y></pt><pt><x>298</x><y>388</y></pt><pt><x>299</x><y>391</y></pt></polygon></object><object><name>basket</name><deleted>0</deleted><verified>0</verified><date>12-Jul-2012 22:44:02</date><id>21</id><polygon><username>sandy</username><pt><x>155</x><y>385</y></pt><pt><x>295</x><y>387</y></pt><pt><x>305</x><y>352</y></pt><pt><x>152</x><y>347</y></pt><pt><x>144</x><y>356</y></pt></polygon></object><object><name>fruitbowl</name><deleted>0</deleted><verified>0</verified><date>12-Jul-2012 22:44:02</date><id>22</id><polygon><username>sandy</username><pt><x>367</x><y>269</y></pt><pt><x>363</x><y>271</y></pt><pt><x>363</x><y>274</y></pt><pt><x>374</x><y>277</y></pt><pt><x>385</x><y>276</y></pt><pt><x>389</x><y>275</y></pt><pt><x>388</x><y>271</y></pt><pt><x>387</x><y>269</y></pt><pt><x>386</x><y>266</y></pt><pt><x>386</x><y>264</y></pt><pt><x>393</x><y>259</y></pt><pt><x>399</x><y>255</y></pt><pt><x>401</x><y>250</y></pt><pt><x>400</x><y>244</y></pt><pt><x>355</x><y>242</y></pt><pt><x>352</x><y>243</y></pt><pt><x>349</x><y>246</y></pt><pt><x>350</x><y>251</y></pt><pt><x>354</x><y>257</y></pt><pt><x>356</x><y>260</y></pt><pt><x>359</x><y>263</y></pt><pt><x>362</x><y>263</y></pt><pt><x>363</x><y>263</y></pt><pt><x>365</x><y>265</y></pt></polygon></object><object><name>food</name><deleted>0</deleted><verified>0</verified><date>12-Jul-2012 22:44:02</date><id>23</id><polygon><username>sandy</username><pt><x>376</x><y>234</y></pt><pt><x>384</x><y>236</y></pt><pt><x>387</x><y>238</y></pt><pt><x>392</x><y>239</y></pt><pt><x>397</x><y>241</y></pt><pt><x>395</x><y>243</y></pt><pt><x>389</x><y>245</y></pt><pt><x>378</x><y>245</y></pt><pt><x>369</x><y>244</y></pt><pt><x>361</x><y>245</y></pt><pt><x>356</x><y>244</y></pt><pt><x>355</x><y>241</y></pt><pt><x>355</x><y>238</y></pt><pt><x>360</x><y>237</y></pt><pt><x>364</x><y>236</y></pt><pt><x>367</x><y>235</y></pt></polygon></object><object><name>drawers</name><deleted>0</deleted><verified>0</verified><date>12-Jul-2012 22:44:02</date><id>24</id><polygon><username>sandy</username><pt><x>337</x><y>293</y></pt><pt><x>337</x><y>312</y></pt><pt><x>290</x><y>316</y></pt><pt><x>290</x><y>295</y></pt></polygon></object><object><name>drawers</name><deleted>0</deleted><verified>0</verified><date>12-Jul-2012 22:44:02</date><id>25</id><polygon><username>sandy</username><pt><x>411</x><y>293</y></pt><pt><x>411</x><y>314</y></pt><pt><x>443</x><y>321</y></pt><pt><x>443</x><y>301</y></pt></polygon></object><object><name>drawers</name><deleted>0</deleted><verified>0</verified><date>12-Jul-2012 22:44:02</date><id>26</id><polygon><username>sandy</username><pt><x>709</x><y>363</y></pt><pt><x>708</x><y>394</y></pt><pt><x>588</x><y>360</y></pt><pt><x>591</x><y>337</y></pt></polygon></object><object><name>drawers</name><deleted>0</deleted><verified>0</verified><date>12-Jul-2012 22:44:02</date><id>27</id><polygon><username>sandy</username><pt><x>709</x><y>406</y></pt><pt><x>708</x><y>470</y></pt><pt><x>588</x><y>427</y></pt><pt><x>591</x><y>372</y></pt></polygon></object><object><name>drawers</name><deleted>0</deleted><verified>0</verified><date>12-Jul-2012 22:44:02</date><id>28</id><polygon><username>sandy</username><pt><x>709</x><y>478</y></pt><pt><x>707</x><y>540</y></pt><pt><x>589</x><y>487</y></pt><pt><x>589</x><y>433</y></pt></polygon></object><object><name>teapot</name><deleted>0</deleted><verified>0</verified><date>12-Jul-2012 22:44:02</date><id>29</id><polygon><username>sandy</username><pt><x>390</x><y>144</y></pt><pt><x>403</x><y>143</y></pt><pt><x>407</x><y>139</y></pt><pt><x>411</x><y>137</y></pt><pt><x>413</x><y>135</y></pt><pt><x>414</x><y>131</y></pt><pt><x>414</x><y>127</y></pt><pt><x>414</x><y>125</y></pt><pt><x>415</x><y>122</y></pt><pt><x>414</x><y>119</y></pt><pt><x>412</x><y>118</y></pt><pt><x>410</x><y>119</y></pt><pt><x>409</x><y>120</y></pt><pt><x>407</x><y>124</y></pt><pt><x>407</x><y>127</y></pt><pt><x>405</x><y>129</y></pt><pt><x>403</x><y>127</y></pt><pt><x>401</x><y>123</y></pt><pt><x>400</x><y>121</y></pt><pt><x>399</x><y>121</y></pt><pt><x>399</x><y>119</y></pt><pt><x>398</x><y>117</y></pt><pt><x>397</x><y>115</y></pt><pt><x>393</x><y>115</y></pt><pt><x>393</x><y>118</y></pt><pt><x>393</x><y>120</y></pt><pt><x>391</x><y>123</y></pt><pt><x>389</x><y>126</y></pt><pt><x>387</x><y>125</y></pt><pt><x>383</x><y>126</y></pt><pt><x>379</x><y>126</y></pt><pt><x>377</x><y>128</y></pt><pt><x>378</x><y>134</y></pt><pt><x>379</x><y>138</y></pt><pt><x>381</x><y>140</y></pt><pt><x>384</x><y>142</y></pt></polygon></object><object><name>cupboard</name><deleted>0</deleted><verified>0</verified><date>12-Jul-2012 22:44:02</date><id>30</id><polygon><username>sandy</username><pt><x>624</x><y>52</y></pt><pt><x>623</x><y>228</y></pt><pt><x>755</x><y>238</y></pt><pt><x>789</x><y>236</y></pt><pt><x>793</x><y>27</y></pt><pt><x>757</x><y>20</y></pt></polygon></object><object><name>cupboard</name><deleted>0</deleted><verified>0</verified><date>12-Jul-2012 22:44:02</date><id>31</id><polygon><username>sandy</username><pt><x>519</x><y>221</y></pt><pt><x>486</x><y>223</y></pt><pt><x>423</x><y>220</y></pt><pt><x>422</x><y>88</y></pt><pt><x>484</x><y>78</y></pt><pt><x>515</x><y>79</y></pt></polygon></object><object><name>cupboard</name><deleted>0</deleted><verified>0</verified><date>12-Jul-2012 22:44:02</date><id>32</id><polygon><username>sandy</username><pt><x>349</x><y>289</y></pt><pt><x>380</x><y>287</y></pt><pt><x>404</x><y>293</y></pt><pt><x>407</x><y>292</y></pt><pt><x>405</x><y>317</y></pt><pt><x>444</x><y>329</y></pt><pt><x>446</x><y>328</y></pt><pt><x>447</x><y>385</y></pt><pt><x>288</x><y>353</y></pt><pt><x>293</x><y>320</y></pt><pt><x>345</x><y>314</y></pt><pt><x>344</x><y>292</y></pt></polygon></object><object><name>cupboard</name><deleted>0</deleted><verified>0</verified><date>12-Jul-2012 22:44:02</date><id>33</id><polygon><username>sandy</username><pt><x>232</x><y>220</y></pt><pt><x>344</x><y>216</y></pt><pt><x>343</x><y>85</y></pt><pt><x>233</x><y>77</y></pt><pt><x>215</x><y>81</y></pt><pt><x>213</x><y>218</y></pt></polygon></object><object><name>cooker</name><deleted>0</deleted><verified>0</verified><date>12-Jul-2012 22:44:02</date><id>34</id><polygon><username>sandy</username><pt><x>558</x><y>64</y></pt><pt><x>627</x><y>52</y></pt><pt><x>623</x><y>150</y></pt><pt><x>519</x><y>155</y></pt><pt><x>451</x><y>152</y></pt><pt><x>452</x><y>137</y></pt><pt><x>487</x><y>76</y></pt></polygon></object><object><name>dishwasher</name><deleted>0</deleted><verified>0</verified><date>12-Jul-2012 22:44:02</date><id>35</id><polygon><username>sandy</username><pt><x>286</x><y>306</y></pt><pt><x>284</x><y>289</y></pt><pt><x>189</x><y>300</y></pt><pt><x>189</x><y>329</y></pt><pt><x>288</x><y>321</y></pt></polygon></object><imagesize><nrows>600</nrows><ncols>800</ncols></imagesize></annotation>