<annotation><filename>k_kitchen_kitchen061.jpg</filename><folder>100images</folder><source><sourceImage>The MIT-CSAIL database of objects and scenes</sourceImage><sourceAnnotation>LabelMe Webtool</sourceAnnotation></source><object><name>bread</name><deleted>0</deleted><verified>0</verified><date>11-Jul-2012 23:08:47</date><id>0</id><polygon><username>sandy</username><pt><x>400</x><y>404</y></pt><pt><x>455</x><y>405</y></pt><pt><x>496</x><y>405</y></pt><pt><x>509</x><y>411</y></pt><pt><x>515</x><y>416</y></pt><pt><x>518</x><y>423</y></pt><pt><x>514</x><y>428</y></pt><pt><x>510</x><y>432</y></pt><pt><x>500</x><y>432</y></pt><pt><x>464</x><y>435</y></pt><pt><x>410</x><y>432</y></pt><pt><x>381</x><y>430</y></pt><pt><x>341</x><y>425</y></pt><pt><x>336</x><y>422</y></pt><pt><x>334</x><y>417</y></pt><pt><x>335</x><y>412</y></pt><pt><x>338</x><y>406</y></pt><pt><x>343</x><y>402</y></pt><pt><x>349</x><y>400</y></pt><pt><x>372</x><y>402</y></pt><pt><x>390</x><y>404</y></pt></polygon></object><object><name>bread</name><deleted>0</deleted><verified>0</verified><date>11-Jul-2012 23:08:47</date><id>1</id><polygon><username>sandy</username><pt><x>264</x><y>388</y></pt><pt><x>272</x><y>381</y></pt><pt><x>277</x><y>377</y></pt><pt><x>285</x><y>375</y></pt><pt><x>294</x><y>375</y></pt><pt><x>301</x><y>378</y></pt><pt><x>315</x><y>387</y></pt><pt><x>321</x><y>394</y></pt><pt><x>325</x><y>401</y></pt><pt><x>329</x><y>408</y></pt><pt><x>319</x><y>412</y></pt><pt><x>223</x><y>437</y></pt><pt><x>218</x><y>435</y></pt><pt><x>215</x><y>432</y></pt><pt><x>213</x><y>425</y></pt><pt><x>211</x><y>422</y></pt><pt><x>204</x><y>419</y></pt><pt><x>197</x><y>415</y></pt><pt><x>196</x><y>410</y></pt><pt><x>195</x><y>402</y></pt><pt><x>204</x><y>399</y></pt><pt><x>209</x><y>398</y></pt><pt><x>249</x><y>395</y></pt><pt><x>255</x><y>392</y></pt></polygon></object><object><name>winebottle</name><deleted>0</deleted><verified>0</verified><date>11-Jul-2012 23:08:47</date><id>2</id><polygon><username>sandy</username><pt><x>178</x><y>381</y></pt><pt><x>180</x><y>325</y></pt><pt><x>177</x><y>321</y></pt><pt><x>175</x><y>318</y></pt><pt><x>172</x><y>313</y></pt><pt><x>172</x><y>294</y></pt><pt><x>163</x><y>292</y></pt><pt><x>163</x><y>288</y></pt><pt><x>153</x><y>288</y></pt><pt><x>156</x><y>305</y></pt><pt><x>156</x><y>309</y></pt><pt><x>152</x><y>312</y></pt><pt><x>150</x><y>317</y></pt><pt><x>149</x><y>323</y></pt><pt><x>150</x><y>379</y></pt><pt><x>158</x><y>384</y></pt><pt><x>163</x><y>389</y></pt><pt><x>175</x><y>387</y></pt></polygon></object><object><name>winebottle</name><deleted>0</deleted><verified>0</verified><date>11-Jul-2012 23:08:47</date><id>3</id><polygon><username>sandy</username><pt><x>203</x><y>332</y></pt><pt><x>196</x><y>308</y></pt><pt><x>195</x><y>292</y></pt><pt><x>190</x><y>291</y></pt><pt><x>188</x><y>292</y></pt><pt><x>188</x><y>307</y></pt><pt><x>183</x><y>337</y></pt><pt><x>183</x><y>379</y></pt><pt><x>192</x><y>383</y></pt><pt><x>202</x><y>384</y></pt><pt><x>203</x><y>383</y></pt></polygon></object><object><name>cheese</name><deleted>0</deleted><verified>0</verified><date>11-Jul-2012 23:08:47</date><id>4</id><polygon><username>sandy</username><pt><x>349</x><y>452</y></pt><pt><x>382</x><y>447</y></pt><pt><x>393</x><y>451</y></pt><pt><x>399</x><y>458</y></pt><pt><x>402</x><y>466</y></pt><pt><x>405</x><y>474</y></pt><pt><x>404</x><y>480</y></pt><pt><x>398</x><y>480</y></pt><pt><x>342</x><y>478</y></pt><pt><x>341</x><y>472</y></pt><pt><x>339</x><y>466</y></pt><pt><x>340</x><y>461</y></pt></polygon></object><object><name>cheese</name><deleted>0</deleted><verified>0</verified><date>11-Jul-2012 23:08:47</date><id>5</id><polygon><username>sandy</username><pt><x>248</x><y>447</y></pt><pt><x>243</x><y>442</y></pt><pt><x>241</x><y>440</y></pt><pt><x>246</x><y>420</y></pt><pt><x>271</x><y>422</y></pt><pt><x>289</x><y>436</y></pt><pt><x>288</x><y>453</y></pt><pt><x>279</x><y>458</y></pt><pt><x>261</x><y>472</y></pt><pt><x>229</x><y>468</y></pt><pt><x>230</x><y>453</y></pt></polygon></object><object><name>worksurface</name><deleted>0</deleted><verified>0</verified><date>11-Jul-2012 23:08:47</date><id>6</id><polygon><username>sandy</username><pt><x>29</x><y>354</y></pt><pt><x>33</x><y>378</y></pt><pt><x>39</x><y>398</y></pt><pt><x>50</x><y>421</y></pt><pt><x>94</x><y>459</y></pt><pt><x>156</x><y>503</y></pt><pt><x>220</x><y>544</y></pt><pt><x>255</x><y>560</y></pt><pt><x>296</x><y>598</y></pt><pt><x>317</x><y>599</y></pt><pt><x>325</x><y>598</y></pt><pt><x>742</x><y>459</y></pt><pt><x>740</x><y>445</y></pt><pt><x>559</x><y>397</y></pt><pt><x>516</x><y>381</y></pt><pt><x>509</x><y>382</y></pt><pt><x>495</x><y>380</y></pt><pt><x>488</x><y>379</y></pt><pt><x>399</x><y>398</y></pt><pt><x>314</x><y>368</y></pt><pt><x>379</x><y>358</y></pt><pt><x>379</x><y>349</y></pt><pt><x>371</x><y>347</y></pt><pt><x>351</x><y>340</y></pt><pt><x>341</x><y>340</y></pt><pt><x>279</x><y>323</y></pt><pt><x>44</x><y>349</y></pt></polygon></object><object><name>worksurface</name><deleted>0</deleted><verified>0</verified><date>11-Jul-2012 23:08:47</date><id>7</id><polygon><username>sandy</username><pt><x>97</x><y>320</y></pt><pt><x>284</x><y>307</y></pt><pt><x>418</x><y>308</y></pt><pt><x>799</x><y>370</y></pt><pt><x>798</x><y>334</y></pt><pt><x>445</x><y>286</y></pt><pt><x>290</x><y>287</y></pt><pt><x>77</x><y>303</y></pt><pt><x>73</x><y>304</y></pt><pt><x>73</x><y>311</y></pt></polygon></object><object><name>quiche</name><deleted>0</deleted><verified>0</verified><date>11-Jul-2012 23:08:47</date><id>8</id><polygon><username>sandy</username><pt><x>576</x><y>436</y></pt><pt><x>570</x><y>447</y></pt><pt><x>562</x><y>459</y></pt><pt><x>541</x><y>461</y></pt><pt><x>515</x><y>463</y></pt><pt><x>502</x><y>458</y></pt><pt><x>495</x><y>454</y></pt><pt><x>488</x><y>445</y></pt><pt><x>482</x><y>431</y></pt><pt><x>504</x><y>428</y></pt><pt><x>520</x><y>424</y></pt><pt><x>538</x><y>426</y></pt><pt><x>557</x><y>426</y></pt></polygon></object><object><name>table</name><deleted>0</deleted><verified>0</verified><date>11-Jul-2012 23:08:47</date><id>9</id><polygon><username>sandy</username><pt><x>735</x><y>582</y></pt><pt><x>734</x><y>464</y></pt><pt><x>740</x><y>462</y></pt><pt><x>742</x><y>442</y></pt><pt><x>564</x><y>397</y></pt><pt><x>489</x><y>378</y></pt><pt><x>398</x><y>397</y></pt><pt><x>321</x><y>369</y></pt><pt><x>376</x><y>358</y></pt><pt><x>380</x><y>351</y></pt><pt><x>347</x><y>339</y></pt><pt><x>281</x><y>322</y></pt><pt><x>31</x><y>353</y></pt><pt><x>36</x><y>392</y></pt><pt><x>37</x><y>394</y></pt><pt><x>41</x><y>558</y></pt><pt><x>42</x><y>563</y></pt><pt><x>169</x><y>544</y></pt><pt><x>184</x><y>561</y></pt><pt><x>197</x><y>570</y></pt><pt><x>208</x><y>579</y></pt><pt><x>213</x><y>584</y></pt><pt><x>227</x><y>592</y></pt><pt><x>232</x><y>598</y></pt><pt><x>735</x><y>599</y></pt><pt><x>737</x><y>590</y></pt></polygon></object><object><name>window</name><deleted>0</deleted><verified>0</verified><date>11-Jul-2012 23:08:47</date><id>10</id><polygon><username>sandy</username><pt><x>538</x><y>40</y></pt><pt><x>539</x><y>262</y></pt><pt><x>783</x><y>283</y></pt><pt><x>781</x><y>1</y></pt><pt><x>674</x><y>2</y></pt><pt><x>662</x><y>0</y></pt></polygon></object><object><name>window</name><deleted>0</deleted><verified>0</verified><date>11-Jul-2012 23:08:47</date><id>11</id><polygon><username>sandy</username><pt><x>219</x><y>64</y></pt><pt><x>219</x><y>261</y></pt><pt><x>65</x><y>262</y></pt><pt><x>60</x><y>51</y></pt><pt><x>62</x><y>51</y></pt></polygon></object><object><name>glass</name><deleted>0</deleted><verified>0</verified><date>11-Jul-2012 23:08:47</date><id>12</id><polygon><username>sandy</username><pt><x>139</x><y>383</y></pt><pt><x>139</x><y>378</y></pt><pt><x>134</x><y>376</y></pt><pt><x>133</x><y>363</y></pt><pt><x>141</x><y>339</y></pt><pt><x>142</x><y>332</y></pt><pt><x>141</x><y>328</y></pt><pt><x>133</x><y>327</y></pt><pt><x>127</x><y>326</y></pt><pt><x>121</x><y>328</y></pt><pt><x>115</x><y>331</y></pt><pt><x>115</x><y>334</y></pt><pt><x>109</x><y>335</y></pt><pt><x>107</x><y>332</y></pt><pt><x>100</x><y>328</y></pt><pt><x>90</x><y>328</y></pt><pt><x>86</x><y>331</y></pt><pt><x>82</x><y>332</y></pt><pt><x>82</x><y>340</y></pt><pt><x>86</x><y>361</y></pt><pt><x>91</x><y>363</y></pt><pt><x>92</x><y>375</y></pt><pt><x>87</x><y>377</y></pt><pt><x>87</x><y>381</y></pt><pt><x>87</x><y>386</y></pt><pt><x>94</x><y>386</y></pt><pt><x>104</x><y>388</y></pt><pt><x>115</x><y>394</y></pt><pt><x>120</x><y>393</y></pt><pt><x>124</x><y>391</y></pt><pt><x>128</x><y>387</y></pt><pt><x>130</x><y>386</y></pt></polygon></object><object><name>sink</name><deleted>0</deleted><verified>0</verified><date>11-Jul-2012 23:08:47</date><id>13</id><polygon><username>sandy</username><pt><x>388</x><y>356</y></pt><pt><x>471</x><y>382</y></pt><pt><x>401</x><y>400</y></pt><pt><x>324</x><y>367</y></pt></polygon></object><object><name>sink</name><deleted>0</deleted><verified>0</verified><date>11-Jul-2012 23:08:47</date><id>14</id><polygon><username>sandy</username><pt><x>135</x><y>307</y></pt><pt><x>125</x><y>300</y></pt><pt><x>89</x><y>304</y></pt><pt><x>97</x><y>313</y></pt></polygon></object><object><name>grapes</name><deleted>0</deleted><verified>0</verified><date>11-Jul-2012 23:08:47</date><id>15</id><polygon><username>sandy</username><pt><x>309</x><y>427</y></pt><pt><x>317</x><y>420</y></pt><pt><x>325</x><y>415</y></pt><pt><x>334</x><y>411</y></pt><pt><x>343</x><y>418</y></pt><pt><x>370</x><y>429</y></pt><pt><x>371</x><y>443</y></pt><pt><x>370</x><y>452</y></pt><pt><x>340</x><y>472</y></pt><pt><x>332</x><y>473</y></pt><pt><x>323</x><y>476</y></pt><pt><x>318</x><y>476</y></pt><pt><x>311</x><y>473</y></pt><pt><x>301</x><y>471</y></pt><pt><x>296</x><y>468</y></pt><pt><x>286</x><y>466</y></pt><pt><x>280</x><y>461</y></pt><pt><x>279</x><y>458</y></pt><pt><x>280</x><y>454</y></pt><pt><x>295</x><y>439</y></pt><pt><x>298</x><y>434</y></pt></polygon></object><object><name>painting</name><deleted>0</deleted><verified>0</verified><date>11-Jul-2012 23:08:47</date><id>16</id><polygon><username>sandy</username><pt><x>313</x><y>56</y></pt><pt><x>312</x><y>138</y></pt><pt><x>407</x><y>135</y></pt><pt><x>409</x><y>50</y></pt></polygon></object><object><name>cooker</name><deleted>0</deleted><verified>0</verified><date>11-Jul-2012 23:08:47</date><id>17</id><polygon><username>sandy</username><pt><x>418</x><y>297</y></pt><pt><x>425</x><y>285</y></pt><pt><x>309</x><y>283</y></pt><pt><x>294</x><y>294</y></pt></polygon></object><object><name>biscuits</name><deleted>0</deleted><verified>0</verified><date>11-Jul-2012 23:08:47</date><id>18</id><polygon><username>sandy</username><pt><x>434</x><y>356</y></pt><pt><x>444</x><y>359</y></pt><pt><x>451</x><y>361</y></pt><pt><x>460</x><y>365</y></pt><pt><x>465</x><y>374</y></pt><pt><x>463</x><y>378</y></pt><pt><x>456</x><y>381</y></pt><pt><x>448</x><y>383</y></pt><pt><x>434</x><y>386</y></pt><pt><x>424</x><y>385</y></pt><pt><x>414</x><y>384</y></pt><pt><x>410</x><y>383</y></pt><pt><x>404</x><y>380</y></pt><pt><x>401</x><y>378</y></pt><pt><x>401</x><y>375</y></pt><pt><x>401</x><y>371</y></pt><pt><x>405</x><y>367</y></pt><pt><x>409</x><y>363</y></pt><pt><x>414</x><y>361</y></pt><pt><x>418</x><y>361</y></pt><pt><x>420</x><y>357</y></pt><pt><x>426</x><y>357</y></pt></polygon></object><object><name>biscuits</name><deleted>0</deleted><verified>0</verified><date>11-Jul-2012 23:08:47</date><id>19</id><polygon><username>sandy</username><pt><x>189</x><y>410</y></pt><pt><x>194</x><y>415</y></pt><pt><x>199</x><y>420</y></pt><pt><x>195</x><y>423</y></pt><pt><x>189</x><y>427</y></pt><pt><x>175</x><y>432</y></pt><pt><x>166</x><y>436</y></pt><pt><x>159</x><y>436</y></pt><pt><x>141</x><y>435</y></pt><pt><x>130</x><y>434</y></pt><pt><x>124</x><y>433</y></pt><pt><x>117</x><y>432</y></pt><pt><x>116</x><y>428</y></pt><pt><x>118</x><y>423</y></pt><pt><x>123</x><y>419</y></pt><pt><x>129</x><y>413</y></pt><pt><x>137</x><y>408</y></pt><pt><x>140</x><y>406</y></pt><pt><x>145</x><y>406</y></pt><pt><x>151</x><y>407</y></pt><pt><x>155</x><y>408</y></pt><pt><x>159</x><y>408</y></pt><pt><x>178</x><y>405</y></pt><pt><x>183</x><y>405</y></pt></polygon></object><object><name>chair</name><deleted>0</deleted><verified>0</verified><date>11-Jul-2012 23:08:47</date><id>20</id><polygon><username>sandy</username><pt><x>84</x><y>587</y></pt><pt><x>95</x><y>575</y></pt><pt><x>114</x><y>561</y></pt><pt><x>122</x><y>549</y></pt><pt><x>124</x><y>541</y></pt><pt><x>122</x><y>520</y></pt><pt><x>113</x><y>508</y></pt><pt><x>103</x><y>503</y></pt><pt><x>84</x><y>500</y></pt><pt><x>65</x><y>502</y></pt><pt><x>43</x><y>504</y></pt><pt><x>40</x><y>499</y></pt><pt><x>39</x><y>489</y></pt><pt><x>40</x><y>480</y></pt><pt><x>44</x><y>474</y></pt><pt><x>54</x><y>469</y></pt><pt><x>64</x><y>467</y></pt><pt><x>69</x><y>460</y></pt><pt><x>69</x><y>458</y></pt><pt><x>71</x><y>453</y></pt><pt><x>72</x><y>446</y></pt><pt><x>70</x><y>442</y></pt><pt><x>59</x><y>428</y></pt><pt><x>66</x><y>422</y></pt><pt><x>76</x><y>417</y></pt><pt><x>91</x><y>409</y></pt><pt><x>97</x><y>406</y></pt><pt><x>95</x><y>403</y></pt><pt><x>43</x><y>410</y></pt><pt><x>21</x><y>413</y></pt><pt><x>28</x><y>384</y></pt><pt><x>36</x><y>381</y></pt><pt><x>38</x><y>377</y></pt><pt><x>28</x><y>375</y></pt><pt><x>27</x><y>375</y></pt><pt><x>35</x><y>369</y></pt><pt><x>42</x><y>361</y></pt><pt><x>57</x><y>357</y></pt><pt><x>62</x><y>356</y></pt><pt><x>64</x><y>352</y></pt><pt><x>2</x><y>359</y></pt><pt><x>3</x><y>597</y></pt><pt><x>78</x><y>596</y></pt></polygon></object><object><name>flowers</name><deleted>0</deleted><verified>0</verified><date>11-Jul-2012 23:08:47</date><id>21</id><polygon><username>sandy</username><pt><x>509</x><y>257</y></pt><pt><x>518</x><y>272</y></pt><pt><x>526</x><y>273</y></pt><pt><x>527</x><y>263</y></pt><pt><x>535</x><y>255</y></pt><pt><x>537</x><y>248</y></pt><pt><x>538</x><y>240</y></pt><pt><x>545</x><y>237</y></pt><pt><x>546</x><y>232</y></pt><pt><x>540</x><y>229</y></pt><pt><x>534</x><y>226</y></pt><pt><x>532</x><y>221</y></pt><pt><x>540</x><y>221</y></pt><pt><x>541</x><y>215</y></pt><pt><x>535</x><y>212</y></pt><pt><x>525</x><y>213</y></pt><pt><x>519</x><y>216</y></pt><pt><x>512</x><y>211</y></pt><pt><x>505</x><y>210</y></pt><pt><x>507</x><y>220</y></pt><pt><x>501</x><y>217</y></pt><pt><x>502</x><y>208</y></pt><pt><x>484</x><y>204</y></pt><pt><x>476</x><y>208</y></pt><pt><x>464</x><y>219</y></pt><pt><x>461</x><y>224</y></pt><pt><x>467</x><y>232</y></pt><pt><x>461</x><y>238</y></pt><pt><x>458</x><y>245</y></pt><pt><x>456</x><y>254</y></pt><pt><x>455</x><y>259</y></pt><pt><x>465</x><y>252</y></pt><pt><x>472</x><y>250</y></pt><pt><x>473</x><y>252</y></pt><pt><x>470</x><y>261</y></pt><pt><x>472</x><y>265</y></pt><pt><x>481</x><y>257</y></pt><pt><x>484</x><y>257</y></pt><pt><x>485</x><y>282</y></pt><pt><x>488</x><y>292</y></pt><pt><x>493</x><y>294</y></pt><pt><x>497</x><y>294</y></pt><pt><x>500</x><y>291</y></pt><pt><x>502</x><y>282</y></pt><pt><x>501</x><y>272</y></pt><pt><x>503</x><y>262</y></pt></polygon></object><object><name>flowers</name><deleted>0</deleted><verified>0</verified><date>11-Jul-2012 23:08:47</date><id>22</id><polygon><username>sandy</username><pt><x>633</x><y>294</y></pt><pt><x>675</x><y>292</y></pt><pt><x>672</x><y>277</y></pt><pt><x>671</x><y>265</y></pt><pt><x>673</x><y>259</y></pt><pt><x>660</x><y>256</y></pt><pt><x>657</x><y>253</y></pt><pt><x>644</x><y>252</y></pt><pt><x>632</x><y>254</y></pt><pt><x>624</x><y>255</y></pt><pt><x>618</x><y>262</y></pt><pt><x>614</x><y>272</y></pt><pt><x>616</x><y>283</y></pt><pt><x>619</x><y>293</y></pt></polygon></object><object><name>flowers</name><deleted>0</deleted><verified>0</verified><date>11-Jul-2012 23:08:47</date><id>23</id><polygon><username>sandy</username><pt><x>175</x><y>277</y></pt><pt><x>206</x><y>278</y></pt><pt><x>210</x><y>270</y></pt><pt><x>217</x><y>264</y></pt><pt><x>214</x><y>260</y></pt><pt><x>207</x><y>258</y></pt><pt><x>201</x><y>256</y></pt><pt><x>193</x><y>257</y></pt><pt><x>189</x><y>256</y></pt><pt><x>181</x><y>256</y></pt><pt><x>174</x><y>259</y></pt><pt><x>164</x><y>264</y></pt><pt><x>164</x><y>276</y></pt></polygon></object><object><name>kettle</name><deleted>0</deleted><verified>0</verified><date>11-Jul-2012 23:08:47</date><id>24</id><polygon><username>sandy</username><pt><x>411</x><y>274</y></pt><pt><x>412</x><y>267</y></pt><pt><x>409</x><y>261</y></pt><pt><x>406</x><y>260</y></pt><pt><x>403</x><y>258</y></pt><pt><x>400</x><y>258</y></pt><pt><x>396</x><y>260</y></pt><pt><x>391</x><y>265</y></pt><pt><x>388</x><y>267</y></pt><pt><x>385</x><y>269</y></pt><pt><x>386</x><y>272</y></pt><pt><x>391</x><y>278</y></pt><pt><x>388</x><y>281</y></pt><pt><x>387</x><y>287</y></pt><pt><x>389</x><y>289</y></pt><pt><x>392</x><y>290</y></pt><pt><x>397</x><y>290</y></pt><pt><x>401</x><y>291</y></pt><pt><x>411</x><y>290</y></pt><pt><x>416</x><y>287</y></pt><pt><x>415</x><y>285</y></pt><pt><x>413</x><y>278</y></pt></polygon></object><object><name>fruit</name><deleted>0</deleted><verified>0</verified><date>11-Jul-2012 23:08:47</date><id>25</id><polygon><username>sandy</username><pt><x>390</x><y>408</y></pt><pt><x>394</x><y>416</y></pt><pt><x>396</x><y>421</y></pt><pt><x>395</x><y>430</y></pt><pt><x>393</x><y>437</y></pt><pt><x>391</x><y>442</y></pt><pt><x>384</x><y>443</y></pt><pt><x>377</x><y>442</y></pt><pt><x>368</x><y>441</y></pt><pt><x>363</x><y>438</y></pt><pt><x>356</x><y>430</y></pt><pt><x>353</x><y>423</y></pt><pt><x>354</x><y>417</y></pt><pt><x>358</x><y>411</y></pt><pt><x>365</x><y>403</y></pt><pt><x>375</x><y>404</y></pt><pt><x>382</x><y>405</y></pt></polygon></object><object><name>leaves</name><deleted>0</deleted><verified>0</verified><date>11-Jul-2012 23:08:47</date><id>26</id><polygon><username>sandy</username><pt><x>364</x><y>500</y></pt><pt><x>375</x><y>495</y></pt><pt><x>379</x><y>492</y></pt><pt><x>384</x><y>491</y></pt><pt><x>391</x><y>490</y></pt><pt><x>398</x><y>489</y></pt><pt><x>403</x><y>486</y></pt><pt><x>407</x><y>482</y></pt><pt><x>415</x><y>476</y></pt><pt><x>422</x><y>474</y></pt><pt><x>433</x><y>471</y></pt><pt><x>437</x><y>468</y></pt><pt><x>436</x><y>463</y></pt><pt><x>437</x><y>458</y></pt><pt><x>440</x><y>454</y></pt><pt><x>441</x><y>448</y></pt><pt><x>440</x><y>445</y></pt><pt><x>437</x><y>442</y></pt><pt><x>433</x><y>440</y></pt><pt><x>426</x><y>441</y></pt><pt><x>415</x><y>444</y></pt><pt><x>406</x><y>445</y></pt><pt><x>402</x><y>443</y></pt><pt><x>354</x><y>418</y></pt><pt><x>313</x><y>411</y></pt><pt><x>297</x><y>408</y></pt><pt><x>286</x><y>408</y></pt><pt><x>279</x><y>409</y></pt><pt><x>257</x><y>413</y></pt><pt><x>237</x><y>419</y></pt><pt><x>236</x><y>427</y></pt><pt><x>223</x><y>434</y></pt><pt><x>220</x><y>442</y></pt><pt><x>217</x><y>450</y></pt><pt><x>206</x><y>457</y></pt><pt><x>199</x><y>461</y></pt><pt><x>197</x><y>458</y></pt><pt><x>192</x><y>468</y></pt><pt><x>204</x><y>467</y></pt><pt><x>209</x><y>468</y></pt><pt><x>214</x><y>472</y></pt><pt><x>220</x><y>476</y></pt><pt><x>234</x><y>478</y></pt><pt><x>242</x><y>475</y></pt><pt><x>245</x><y>477</y></pt><pt><x>246</x><y>483</y></pt><pt><x>249</x><y>487</y></pt><pt><x>253</x><y>490</y></pt><pt><x>268</x><y>485</y></pt><pt><x>275</x><y>482</y></pt><pt><x>296</x><y>489</y></pt><pt><x>311</x><y>490</y></pt><pt><x>318</x><y>492</y></pt><pt><x>324</x><y>490</y></pt><pt><x>329</x><y>486</y></pt><pt><x>341</x><y>487</y></pt><pt><x>342</x><y>489</y></pt><pt><x>340</x><y>494</y></pt><pt><x>342</x><y>501</y></pt><pt><x>343</x><y>505</y></pt><pt><x>349</x><y>507</y></pt><pt><x>354</x><y>504</y></pt></polygon></object><object><name>fruit</name><deleted>0</deleted><verified>0</verified><date>11-Jul-2012 23:08:47</date><id>27</id><polygon><username>sandy</username><pt><x>333</x><y>400</y></pt><pt><x>339</x><y>405</y></pt><pt><x>345</x><y>403</y></pt><pt><x>350</x><y>409</y></pt><pt><x>351</x><y>422</y></pt><pt><x>352</x><y>428</y></pt><pt><x>317</x><y>424</y></pt><pt><x>314</x><y>420</y></pt><pt><x>314</x><y>415</y></pt><pt><x>316</x><y>411</y></pt><pt><x>317</x><y>410</y></pt><pt><x>318</x><y>406</y></pt><pt><x>321</x><y>405</y></pt><pt><x>326</x><y>406</y></pt><pt><x>328</x><y>406</y></pt></polygon></object><object><name>cookerhood</name><deleted>0</deleted><verified>0</verified><date>11-Jul-2012 23:08:47</date><id>28</id><polygon><username>sandy</username><pt><x>269</x><y>197</y></pt><pt><x>460</x><y>195</y></pt><pt><x>480</x><y>195</y></pt><pt><x>480</x><y>167</y></pt><pt><x>453</x><y>53</y></pt><pt><x>455</x><y>48</y></pt><pt><x>455</x><y>46</y></pt><pt><x>430</x><y>44</y></pt><pt><x>294</x><y>51</y></pt><pt><x>279</x><y>56</y></pt><pt><x>264</x><y>118</y></pt><pt><x>250</x><y>165</y></pt><pt><x>250</x><y>200</y></pt></polygon></object><object><name>tap</name><deleted>0</deleted><verified>0</verified><date>11-Jul-2012 23:08:47</date><id>29</id><polygon><username>sandy</username><pt><x>339</x><y>388</y></pt><pt><x>346</x><y>388</y></pt><pt><x>346</x><y>386</y></pt><pt><x>345</x><y>383</y></pt><pt><x>344</x><y>381</y></pt><pt><x>341</x><y>376</y></pt><pt><x>342</x><y>370</y></pt><pt><x>344</x><y>367</y></pt><pt><x>346</x><y>366</y></pt><pt><x>349</x><y>368</y></pt><pt><x>349</x><y>365</y></pt><pt><x>347</x><y>363</y></pt><pt><x>344</x><y>363</y></pt><pt><x>339</x><y>361</y></pt><pt><x>336</x><y>361</y></pt><pt><x>335</x><y>363</y></pt><pt><x>330</x><y>363</y></pt><pt><x>329</x><y>365</y></pt><pt><x>335</x><y>366</y></pt><pt><x>339</x><y>368</y></pt><pt><x>336</x><y>381</y></pt><pt><x>332</x><y>384</y></pt><pt><x>328</x><y>380</y></pt><pt><x>325</x><y>376</y></pt><pt><x>324</x><y>373</y></pt><pt><x>323</x><y>334</y></pt><pt><x>325</x><y>327</y></pt><pt><x>329</x><y>327</y></pt><pt><x>359</x><y>323</y></pt><pt><x>366</x><y>320</y></pt><pt><x>369</x><y>320</y></pt><pt><x>369</x><y>323</y></pt><pt><x>366</x><y>326</y></pt><pt><x>367</x><y>331</y></pt><pt><x>369</x><y>335</y></pt><pt><x>373</x><y>336</y></pt><pt><x>375</x><y>333</y></pt><pt><x>376</x><y>331</y></pt><pt><x>376</x><y>328</y></pt><pt><x>375</x><y>325</y></pt><pt><x>373</x><y>320</y></pt><pt><x>372</x><y>317</y></pt><pt><x>370</x><y>315</y></pt><pt><x>366</x><y>315</y></pt><pt><x>360</x><y>318</y></pt><pt><x>327</x><y>323</y></pt><pt><x>325</x><y>320</y></pt><pt><x>323</x><y>316</y></pt><pt><x>322</x><y>314</y></pt><pt><x>320</x><y>313</y></pt><pt><x>316</x><y>318</y></pt><pt><x>315</x><y>321</y></pt><pt><x>313</x><y>325</y></pt><pt><x>312</x><y>326</y></pt><pt><x>314</x><y>330</y></pt><pt><x>317</x><y>329</y></pt><pt><x>318</x><y>366</y></pt><pt><x>315</x><y>370</y></pt><pt><x>315</x><y>374</y></pt><pt><x>315</x><y>376</y></pt><pt><x>312</x><y>377</y></pt><pt><x>311</x><y>374</y></pt><pt><x>310</x><y>370</y></pt><pt><x>308</x><y>369</y></pt><pt><x>304</x><y>367</y></pt><pt><x>305</x><y>356</y></pt><pt><x>310</x><y>356</y></pt><pt><x>312</x><y>355</y></pt><pt><x>312</x><y>352</y></pt><pt><x>307</x><y>353</y></pt><pt><x>305</x><y>350</y></pt><pt><x>302</x><y>350</y></pt><pt><x>301</x><y>352</y></pt><pt><x>296</x><y>352</y></pt><pt><x>295</x><y>356</y></pt><pt><x>300</x><y>356</y></pt><pt><x>300</x><y>367</y></pt><pt><x>297</x><y>369</y></pt><pt><x>296</x><y>372</y></pt><pt><x>297</x><y>375</y></pt><pt><x>301</x><y>376</y></pt><pt><x>304</x><y>376</y></pt><pt><x>308</x><y>375</y></pt><pt><x>312</x><y>378</y></pt><pt><x>312</x><y>380</y></pt><pt><x>314</x><y>381</y></pt><pt><x>317</x><y>382</y></pt><pt><x>320</x><y>382</y></pt><pt><x>322</x><y>382</y></pt><pt><x>324</x><y>381</y></pt><pt><x>325</x><y>381</y></pt><pt><x>331</x><y>386</y></pt><pt><x>335</x><y>387</y></pt></polygon></object><object><name>tap</name><deleted>0</deleted><verified>0</verified><date>11-Jul-2012 23:08:47</date><id>30</id><polygon><username>sandy</username><pt><x>107</x><y>295</y></pt><pt><x>115</x><y>294</y></pt><pt><x>116</x><y>289</y></pt><pt><x>114</x><y>287</y></pt><pt><x>114</x><y>277</y></pt><pt><x>112</x><y>275</y></pt><pt><x>108</x><y>278</y></pt><pt><x>109</x><y>281</y></pt><pt><x>109</x><y>287</y></pt><pt><x>110</x><y>290</y></pt><pt><x>106</x><y>290</y></pt><pt><x>103</x><y>266</y></pt><pt><x>107</x><y>266</y></pt><pt><x>110</x><y>261</y></pt><pt><x>113</x><y>259</y></pt><pt><x>116</x><y>260</y></pt><pt><x>118</x><y>263</y></pt><pt><x>120</x><y>267</y></pt><pt><x>121</x><y>270</y></pt><pt><x>123</x><y>270</y></pt><pt><x>124</x><y>269</y></pt><pt><x>123</x><y>267</y></pt><pt><x>122</x><y>264</y></pt><pt><x>121</x><y>259</y></pt><pt><x>119</x><y>257</y></pt><pt><x>117</x><y>256</y></pt><pt><x>114</x><y>256</y></pt><pt><x>111</x><y>257</y></pt><pt><x>108</x><y>258</y></pt><pt><x>106</x><y>260</y></pt><pt><x>104</x><y>263</y></pt><pt><x>101</x><y>264</y></pt><pt><x>99</x><y>263</y></pt><pt><x>98</x><y>264</y></pt><pt><x>98</x><y>266</y></pt><pt><x>100</x><y>268</y></pt><pt><x>101</x><y>289</y></pt><pt><x>97</x><y>290</y></pt><pt><x>95</x><y>282</y></pt><pt><x>96</x><y>279</y></pt><pt><x>95</x><y>277</y></pt><pt><x>93</x><y>277</y></pt><pt><x>92</x><y>278</y></pt><pt><x>91</x><y>280</y></pt><pt><x>92</x><y>283</y></pt><pt><x>92</x><y>295</y></pt><pt><x>100</x><y>295</y></pt><pt><x>101</x><y>301</y></pt><pt><x>107</x><y>301</y></pt></polygon></object><object><name>platters</name><deleted>0</deleted><verified>0</verified><date>11-Jul-2012 23:08:47</date><id>31</id><polygon><username>sandy</username><pt><x>438</x><y>484</y></pt><pt><x>452</x><y>476</y></pt><pt><x>456</x><y>467</y></pt><pt><x>446</x><y>455</y></pt><pt><x>227</x><y>435</y></pt><pt><x>220</x><y>438</y></pt><pt><x>206</x><y>444</y></pt><pt><x>201</x><y>445</y></pt><pt><x>198</x><y>452</y></pt><pt><x>199</x><y>457</y></pt><pt><x>206</x><y>464</y></pt><pt><x>213</x><y>469</y></pt><pt><x>219</x><y>475</y></pt><pt><x>225</x><y>479</y></pt><pt><x>243</x><y>481</y></pt><pt><x>328</x><y>496</y></pt><pt><x>377</x><y>497</y></pt><pt><x>396</x><y>496</y></pt><pt><x>414</x><y>491</y></pt><pt><x>425</x><y>488</y></pt></polygon></object><object><name>spoon</name><deleted>0</deleted><verified>0</verified><date>11-Jul-2012 23:08:47</date><id>32</id><polygon><username>sandy</username><pt><x>505</x><y>485</y></pt><pt><x>476</x><y>463</y></pt><pt><x>475</x><y>459</y></pt><pt><x>464</x><y>450</y></pt><pt><x>458</x><y>446</y></pt><pt><x>456</x><y>444</y></pt><pt><x>452</x><y>443</y></pt><pt><x>446</x><y>442</y></pt><pt><x>443</x><y>445</y></pt><pt><x>442</x><y>450</y></pt><pt><x>446</x><y>460</y></pt><pt><x>451</x><y>465</y></pt><pt><x>455</x><y>469</y></pt><pt><x>462</x><y>470</y></pt><pt><x>470</x><y>470</y></pt><pt><x>473</x><y>468</y></pt><pt><x>494</x><y>481</y></pt><pt><x>496</x><y>488</y></pt><pt><x>498</x><y>490</y></pt></polygon></object><object><name>cupboard</name><deleted>0</deleted><verified>0</verified><date>11-Jul-2012 23:08:47</date><id>33</id><polygon><username>sandy</username><pt><x>5</x><y>53</y></pt><pt><x>67</x><y>60</y></pt><pt><x>69</x><y>320</y></pt><pt><x>71</x><y>324</y></pt><pt><x>71</x><y>440</y></pt><pt><x>5</x><y>447</y></pt></polygon></object><object><name>cupboard</name><deleted>0</deleted><verified>0</verified><date>11-Jul-2012 23:08:47</date><id>34</id><polygon><username>sandy</username><pt><x>798</x><y>569</y></pt><pt><x>798</x><y>371</y></pt><pt><x>415</x><y>311</y></pt><pt><x>416</x><y>367</y></pt><pt><x>734</x><y>545</y></pt></polygon></object><imagesize><nrows>600</nrows><ncols>800</ncols></imagesize></annotation>