<annotation><filename>k_kindergarden_DSC05012.jpg</filename><folder>100images</folder><source><sourceImage>The MIT-CSAIL database of objects and scenes</sourceImage><sourceAnnotation>LabelMe Webtool</sourceAnnotation></source><object><name>window</name><deleted>0</deleted><verified>0</verified><date>27-Jun-2012 20:04:55</date><id>0</id><polygon><username>sandy</username><pt><x>166</x><y>88</y></pt><pt><x>162</x><y>271</y></pt><pt><x>15</x><y>277</y></pt><pt><x>12</x><y>74</y></pt></polygon></object><object><name>window</name><deleted>0</deleted><verified>0</verified><date>27-Jun-2012 20:04:55</date><id>1</id><polygon><username>sandy</username><pt><x>381</x><y>111</y></pt><pt><x>383</x><y>183</y></pt><pt><x>463</x><y>187</y></pt><pt><x>462</x><y>117</y></pt></polygon></object><object><name>picture</name><deleted>0</deleted><verified>0</verified><date>27-Jun-2012 20:04:55</date><id>2</id><polygon><username>sandy</username><pt><x>225</x><y>84</y></pt><pt><x>225</x><y>200</y></pt><pt><x>223</x><y>203</y></pt><pt><x>343</x><y>203</y></pt><pt><x>343</x><y>93</y></pt><pt><x>299</x><y>91</y></pt><pt><x>294</x><y>83</y></pt><pt><x>291</x><y>81</y></pt><pt><x>287</x><y>82</y></pt><pt><x>282</x><y>84</y></pt><pt><x>277</x><y>90</y></pt></polygon></object><object><name>picture</name><deleted>0</deleted><verified>0</verified><date>27-Jun-2012 20:04:55</date><id>3</id><polygon><username>sandy</username><pt><x>495</x><y>105</y></pt><pt><x>493</x><y>197</y></pt><pt><x>608</x><y>202</y></pt><pt><x>609</x><y>100</y></pt></polygon></object><object><name>picture</name><deleted>0</deleted><verified>0</verified><date>27-Jun-2012 20:04:55</date><id>4</id><polygon><username>sandy</username><pt><x>652</x><y>98</y></pt><pt><x>649</x><y>206</y></pt><pt><x>796</x><y>211</y></pt><pt><x>797</x><y>88</y></pt></polygon></object><object><name>playhouse</name><deleted>0</deleted><verified>0</verified><date>27-Jun-2012 20:04:55</date><id>5</id><polygon><username>sandy</username><pt><x>422</x><y>324</y></pt><pt><x>483</x><y>315</y></pt><pt><x>483</x><y>235</y></pt><pt><x>487</x><y>234</y></pt><pt><x>457</x><y>179</y></pt><pt><x>388</x><y>178</y></pt><pt><x>350</x><y>229</y></pt><pt><x>357</x><y>237</y></pt><pt><x>360</x><y>316</y></pt></polygon></object><object><name>playarea</name><deleted>0</deleted><verified>0</verified><date>27-Jun-2012 20:04:55</date><id>6</id><polygon><username>sandy</username><pt><x>186</x><y>230</y></pt><pt><x>187</x><y>358</y></pt><pt><x>454</x><y>419</y></pt><pt><x>553</x><y>380</y></pt><pt><x>556</x><y>280</y></pt><pt><x>546</x><y>282</y></pt><pt><x>485</x><y>235</y></pt><pt><x>487</x><y>229</y></pt><pt><x>398</x><y>225</y></pt><pt><x>386</x><y>225</y></pt><pt><x>316</x><y>229</y></pt><pt><x>312</x><y>222</y></pt><pt><x>303</x><y>225</y></pt><pt><x>298</x><y>231</y></pt><pt><x>256</x><y>230</y></pt><pt><x>254</x><y>226</y></pt><pt><x>246</x><y>226</y></pt><pt><x>240</x><y>230</y></pt><pt><x>195</x><y>230</y></pt></polygon></object><object><name>giraffe</name><deleted>0</deleted><verified>0</verified><date>27-Jun-2012 20:04:55</date><id>7</id><polygon><username>sandy</username><pt><x>574</x><y>328</y></pt><pt><x>575</x><y>309</y></pt><pt><x>584</x><y>302</y></pt><pt><x>583</x><y>294</y></pt><pt><x>568</x><y>296</y></pt><pt><x>558</x><y>297</y></pt><pt><x>557</x><y>304</y></pt><pt><x>567</x><y>304</y></pt><pt><x>566</x><y>319</y></pt><pt><x>556</x><y>329</y></pt><pt><x>549</x><y>333</y></pt><pt><x>544</x><y>340</y></pt><pt><x>544</x><y>348</y></pt><pt><x>551</x><y>350</y></pt><pt><x>563</x><y>336</y></pt><pt><x>565</x><y>347</y></pt><pt><x>574</x><y>349</y></pt></polygon></object><object><name>shelves</name><deleted>0</deleted><verified>0</verified><date>27-Jun-2012 20:04:55</date><id>8</id><polygon><username>sandy</username><pt><x>194</x><y>290</y></pt><pt><x>193</x><y>370</y></pt><pt><x>11</x><y>391</y></pt><pt><x>8</x><y>380</y></pt><pt><x>3</x><y>297</y></pt><pt><x>167</x><y>285</y></pt></polygon></object><object><name>shelves</name><deleted>0</deleted><verified>0</verified><date>27-Jun-2012 20:04:55</date><id>9</id><polygon><username>sandy</username><pt><x>623</x><y>312</y></pt><pt><x>624</x><y>318</y></pt><pt><x>668</x><y>323</y></pt><pt><x>679</x><y>321</y></pt><pt><x>702</x><y>314</y></pt><pt><x>701</x><y>311</y></pt><pt><x>651</x><y>307</y></pt></polygon></object><object><name>table</name><deleted>0</deleted><verified>0</verified><date>27-Jun-2012 20:04:55</date><id>10</id><polygon><username>sandy</username><pt><x>103</x><y>328</y></pt><pt><x>107</x><y>421</y></pt><pt><x>88</x><y>419</y></pt><pt><x>77</x><y>395</y></pt><pt><x>70</x><y>386</y></pt><pt><x>52</x><y>371</y></pt><pt><x>34</x><y>360</y></pt><pt><x>12</x><y>355</y></pt><pt><x>2</x><y>361</y></pt><pt><x>2</x><y>312</y></pt><pt><x>2</x><y>310</y></pt><pt><x>19</x><y>305</y></pt></polygon></object><object><name>car</name><deleted>0</deleted><verified>0</verified><date>27-Jun-2012 20:04:55</date><id>11</id><polygon><username>sandy</username><pt><x>120</x><y>228</y></pt><pt><x>143</x><y>228</y></pt><pt><x>142</x><y>213</y></pt><pt><x>124</x><y>212</y></pt></polygon></object><object><name>desk</name><deleted>0</deleted><verified>0</verified><date>27-Jun-2012 20:04:55</date><id>12</id><polygon><username>sandy</username><pt><x>135</x><y>432</y></pt><pt><x>134</x><y>442</y></pt><pt><x>134</x><y>456</y></pt><pt><x>143</x><y>473</y></pt><pt><x>164</x><y>495</y></pt><pt><x>221</x><y>524</y></pt><pt><x>294</x><y>546</y></pt><pt><x>364</x><y>558</y></pt><pt><x>450</x><y>567</y></pt><pt><x>521</x><y>571</y></pt><pt><x>543</x><y>572</y></pt><pt><x>628</x><y>599</y></pt><pt><x>2</x><y>595</y></pt><pt><x>3</x><y>422</y></pt><pt><x>59</x><y>405</y></pt><pt><x>73</x><y>408</y></pt><pt><x>125</x><y>428</y></pt></polygon></object><object><name>stairs</name><deleted>0</deleted><verified>0</verified><date>27-Jun-2012 20:04:55</date><id>13</id><polygon><username>sandy</username><pt><x>449</x><y>335</y></pt><pt><x>447</x><y>349</y></pt><pt><x>480</x><y>356</y></pt><pt><x>479</x><y>373</y></pt><pt><x>502</x><y>380</y></pt><pt><x>501</x><y>403</y></pt><pt><x>456</x><y>417</y></pt><pt><x>438</x><y>414</y></pt><pt><x>425</x><y>409</y></pt><pt><x>426</x><y>387</y></pt><pt><x>422</x><y>365</y></pt><pt><x>402</x><y>340</y></pt><pt><x>442</x><y>329</y></pt></polygon></object><object><name>carpark</name><deleted>0</deleted><verified>0</verified><date>27-Jun-2012 20:04:55</date><id>14</id><polygon><username>sandy</username><pt><x>77</x><y>223</y></pt><pt><x>145</x><y>217</y></pt><pt><x>143</x><y>265</y></pt><pt><x>18</x><y>277</y></pt><pt><x>17</x><y>228</y></pt></polygon></object><object><name>tree</name><deleted>0</deleted><verified>0</verified><date>27-Jun-2012 20:04:55</date><id>15</id><polygon><username>sandy</username><pt><x>88</x><y>186</y></pt><pt><x>82</x><y>145</y></pt><pt><x>78</x><y>118</y></pt><pt><x>78</x><y>98</y></pt><pt><x>78</x><y>83</y></pt><pt><x>69</x><y>78</y></pt><pt><x>70</x><y>90</y></pt><pt><x>60</x><y>88</y></pt><pt><x>56</x><y>91</y></pt><pt><x>57</x><y>96</y></pt><pt><x>68</x><y>98</y></pt><pt><x>70</x><y>101</y></pt><pt><x>73</x><y>155</y></pt><pt><x>74</x><y>187</y></pt><pt><x>75</x><y>191</y></pt></polygon></object><object><name>tree</name><deleted>0</deleted><verified>0</verified><date>27-Jun-2012 20:04:55</date><id>16</id><polygon><username>sandy</username><pt><x>127</x><y>93</y></pt><pt><x>118</x><y>101</y></pt><pt><x>109</x><y>111</y></pt><pt><x>110</x><y>119</y></pt><pt><x>105</x><y>126</y></pt><pt><x>102</x><y>132</y></pt><pt><x>102</x><y>143</y></pt><pt><x>100</x><y>153</y></pt><pt><x>103</x><y>166</y></pt><pt><x>107</x><y>177</y></pt><pt><x>111</x><y>185</y></pt><pt><x>122</x><y>181</y></pt><pt><x>127</x><y>192</y></pt><pt><x>136</x><y>195</y></pt><pt><x>140</x><y>180</y></pt><pt><x>144</x><y>180</y></pt><pt><x>144</x><y>93</y></pt><pt><x>142</x><y>87</y></pt></polygon></object><object><name>tree</name><deleted>0</deleted><verified>0</verified><date>27-Jun-2012 20:04:55</date><id>17</id><polygon><username>sandy</username><pt><x>446</x><y>116</y></pt><pt><x>445</x><y>178</y></pt><pt><x>447</x><y>179</y></pt><pt><x>388</x><y>179</y></pt><pt><x>383</x><y>111</y></pt></polygon></object><object><name>mirror</name><deleted>0</deleted><verified>0</verified><date>27-Jun-2012 20:04:55</date><id>18</id><polygon><username>sandy</username><pt><x>657</x><y>219</y></pt><pt><x>658</x><y>234</y></pt><pt><x>652</x><y>244</y></pt><pt><x>643</x><y>255</y></pt><pt><x>635</x><y>260</y></pt><pt><x>628</x><y>259</y></pt><pt><x>620</x><y>261</y></pt><pt><x>610</x><y>256</y></pt><pt><x>602</x><y>250</y></pt><pt><x>598</x><y>242</y></pt><pt><x>595</x><y>233</y></pt><pt><x>595</x><y>219</y></pt><pt><x>598</x><y>206</y></pt><pt><x>607</x><y>200</y></pt><pt><x>611</x><y>195</y></pt><pt><x>624</x><y>193</y></pt><pt><x>633</x><y>194</y></pt><pt><x>640</x><y>196</y></pt><pt><x>647</x><y>202</y></pt><pt><x>652</x><y>209</y></pt></polygon></object><object><name>shelves</name><deleted>0</deleted><verified>0</verified><date>27-Jun-2012 20:04:55</date><id>19</id><polygon><username>sandy</username><pt><x>567</x><y>269</y></pt><pt><x>567</x><y>322</y></pt><pt><x>541</x><y>321</y></pt><pt><x>488</x><y>309</y></pt><pt><x>487</x><y>265</y></pt><pt><x>498</x><y>261</y></pt></polygon></object><object><name>railings</name><deleted>0</deleted><verified>0</verified><date>27-Jun-2012 20:04:55</date><id>20</id><polygon><username>sandy</username><pt><x>364</x><y>331</y></pt><pt><x>439</x><y>341</y></pt><pt><x>438</x><y>309</y></pt><pt><x>441</x><y>304</y></pt><pt><x>438</x><y>294</y></pt><pt><x>434</x><y>289</y></pt><pt><x>426</x><y>294</y></pt><pt><x>366</x><y>243</y></pt><pt><x>364</x><y>236</y></pt><pt><x>356</x><y>235</y></pt><pt><x>353</x><y>227</y></pt><pt><x>316</x><y>229</y></pt><pt><x>312</x><y>223</y></pt><pt><x>303</x><y>227</y></pt><pt><x>298</x><y>231</y></pt><pt><x>256</x><y>231</y></pt><pt><x>253</x><y>228</y></pt><pt><x>245</x><y>229</y></pt><pt><x>242</x><y>233</y></pt><pt><x>188</x><y>230</y></pt><pt><x>189</x><y>302</y></pt></polygon></object><object><name>railings</name><deleted>0</deleted><verified>0</verified><date>27-Jun-2012 20:04:55</date><id>21</id><polygon><username>sandy</username><pt><x>420</x><y>240</y></pt><pt><x>419</x><y>323</y></pt><pt><x>432</x><y>331</y></pt><pt><x>498</x><y>338</y></pt><pt><x>502</x><y>295</y></pt><pt><x>502</x><y>285</y></pt><pt><x>492</x><y>286</y></pt><pt><x>489</x><y>289</y></pt><pt><x>431</x><y>239</y></pt><pt><x>429</x><y>233</y></pt><pt><x>423</x><y>230</y></pt><pt><x>419</x><y>230</y></pt></polygon></object><object><name>railings</name><deleted>0</deleted><verified>0</verified><date>27-Jun-2012 20:04:55</date><id>22</id><polygon><username>sandy</username><pt><x>519</x><y>326</y></pt><pt><x>553</x><y>332</y></pt><pt><x>556</x><y>284</y></pt><pt><x>543</x><y>282</y></pt><pt><x>490</x><y>238</y></pt><pt><x>488</x><y>234</y></pt><pt><x>481</x><y>234</y></pt><pt><x>485</x><y>318</y></pt><pt><x>491</x><y>319</y></pt></polygon></object><object><name>rug</name><deleted>0</deleted><verified>0</verified><date>27-Jun-2012 20:04:55</date><id>23</id><polygon><username>sandy</username><pt><x>252</x><y>438</y></pt><pt><x>282</x><y>454</y></pt><pt><x>301</x><y>473</y></pt><pt><x>309</x><y>495</y></pt><pt><x>302</x><y>512</y></pt><pt><x>293</x><y>524</y></pt><pt><x>282</x><y>536</y></pt><pt><x>277</x><y>542</y></pt><pt><x>219</x><y>523</y></pt><pt><x>163</x><y>497</y></pt><pt><x>104</x><y>416</y></pt><pt><x>145</x><y>415</y></pt><pt><x>181</x><y>422</y></pt><pt><x>214</x><y>428</y></pt><pt><x>231</x><y>432</y></pt></polygon></object><object><name>sun</name><deleted>0</deleted><verified>0</verified><date>27-Jun-2012 20:04:55</date><id>24</id><polygon><username>sandy</username><pt><x>576</x><y>126</y></pt><pt><x>565</x><y>134</y></pt><pt><x>564</x><y>150</y></pt><pt><x>557</x><y>159</y></pt><pt><x>549</x><y>163</y></pt><pt><x>542</x><y>164</y></pt><pt><x>536</x><y>160</y></pt><pt><x>530</x><y>155</y></pt><pt><x>525</x><y>146</y></pt><pt><x>525</x><y>140</y></pt><pt><x>526</x><y>135</y></pt><pt><x>525</x><y>129</y></pt><pt><x>522</x><y>129</y></pt><pt><x>518</x><y>125</y></pt><pt><x>523</x><y>120</y></pt><pt><x>526</x><y>116</y></pt><pt><x>531</x><y>118</y></pt><pt><x>534</x><y>121</y></pt><pt><x>539</x><y>120</y></pt><pt><x>546</x><y>118</y></pt><pt><x>549</x><y>117</y></pt><pt><x>556</x><y>119</y></pt><pt><x>560</x><y>125</y></pt><pt><x>564</x><y>121</y></pt><pt><x>564</x><y>117</y></pt><pt><x>571</x><y>117</y></pt></polygon></object><object><name>zebra</name><deleted>0</deleted><verified>0</verified><date>27-Jun-2012 20:04:55</date><id>25</id><polygon><username>sandy</username><pt><x>600</x><y>323</y></pt><pt><x>598</x><y>337</y></pt><pt><x>603</x><y>339</y></pt><pt><x>606</x><y>353</y></pt><pt><x>603</x><y>358</y></pt><pt><x>598</x><y>360</y></pt><pt><x>591</x><y>360</y></pt><pt><x>582</x><y>358</y></pt><pt><x>581</x><y>352</y></pt><pt><x>584</x><y>344</y></pt><pt><x>586</x><y>336</y></pt><pt><x>591</x><y>332</y></pt><pt><x>586</x><y>327</y></pt><pt><x>585</x><y>322</y></pt><pt><x>588</x><y>319</y></pt><pt><x>592</x><y>315</y></pt></polygon></object><imagesize><nrows>600</nrows><ncols>800</ncols></imagesize><object><name>drawers</name><deleted>0</deleted><verified>0</verified><date>17-Jul-2012 13:26:41</date><id>26</id><polygon><username>alasdair</username><pt><x>503</x><y>354</y></pt><pt><x>499</x><y>464</y></pt><pt><x>751</x><y>529</y></pt><pt><x>799</x><y>509</y></pt><pt><x>795</x><y>368</y></pt><pt><x>569</x><y>334</y></pt></polygon></object><object><name>balls</name><deleted>0</deleted><verified>0</verified><date>17-Jul-2012 13:26:41</date><id>27</id><polygon><username>alasdair</username><pt><x>634</x><y>334</y></pt><pt><x>630</x><y>357</y></pt><pt><x>638</x><y>367</y></pt><pt><x>659</x><y>368</y></pt><pt><x>673</x><y>349</y></pt><pt><x>657</x><y>333</y></pt></polygon></object></annotation>