<annotation><filename>k_kitchen_kitchen143.jpg</filename><folder>100images</folder><source><sourceImage>The MIT-CSAIL database of objects and scenes</sourceImage><sourceAnnotation>LabelMe Webtool</sourceAnnotation></source><object><name>sink</name><deleted>0</deleted><verified>0</verified><date>12-Jul-2012 21:18:43</date><id>0</id><polygon><username>sandy</username><pt><x>52</x><y>499</y></pt><pt><x>412</x><y>568</y></pt><pt><x>591</x><y>485</y></pt><pt><x>585</x><y>478</y></pt><pt><x>267</x><y>429</y></pt><pt><x>257</x><y>430</y></pt><pt><x>60</x><y>489</y></pt></polygon></object><imagesize><nrows>600</nrows><ncols>800</ncols></imagesize><object><name>bread</name><deleted>0</deleted><verified>0</verified><date>12-Jul-2012 21:43:19</date><id>1</id><polygon><username>sandy</username><pt><x>464</x><y>268</y></pt><pt><x>484</x><y>272</y></pt><pt><x>496</x><y>279</y></pt><pt><x>502</x><y>281</y></pt><pt><x>493</x><y>286</y></pt><pt><x>475</x><y>288</y></pt><pt><x>446</x><y>292</y></pt><pt><x>422</x><y>293</y></pt><pt><x>401</x><y>293</y></pt><pt><x>388</x><y>290</y></pt><pt><x>385</x><y>289</y></pt><pt><x>387</x><y>285</y></pt><pt><x>390</x><y>281</y></pt><pt><x>396</x><y>275</y></pt><pt><x>403</x><y>272</y></pt><pt><x>408</x><y>271</y></pt><pt><x>414</x><y>271</y></pt><pt><x>420</x><y>271</y></pt><pt><x>427</x><y>271</y></pt><pt><x>439</x><y>270</y></pt><pt><x>448</x><y>269</y></pt></polygon></object><object><name>bread</name><deleted>0</deleted><verified>0</verified><date>12-Jul-2012 21:43:19</date><id>2</id><polygon><username>sandy</username><pt><x>688</x><y>367</y></pt><pt><x>708</x><y>370</y></pt><pt><x>726</x><y>368</y></pt><pt><x>740</x><y>368</y></pt><pt><x>748</x><y>364</y></pt><pt><x>750</x><y>362</y></pt><pt><x>743</x><y>342</y></pt><pt><x>743</x><y>339</y></pt><pt><x>740</x><y>338</y></pt><pt><x>738</x><y>338</y></pt><pt><x>734</x><y>338</y></pt><pt><x>733</x><y>342</y></pt><pt><x>732</x><y>345</y></pt><pt><x>735</x><y>356</y></pt><pt><x>731</x><y>358</y></pt><pt><x>727</x><y>356</y></pt><pt><x>725</x><y>356</y></pt><pt><x>722</x><y>355</y></pt><pt><x>717</x><y>356</y></pt><pt><x>715</x><y>356</y></pt><pt><x>716</x><y>352</y></pt><pt><x>715</x><y>351</y></pt><pt><x>714</x><y>348</y></pt><pt><x>710</x><y>348</y></pt><pt><x>705</x><y>351</y></pt><pt><x>700</x><y>356</y></pt><pt><x>691</x><y>355</y></pt><pt><x>688</x><y>358</y></pt></polygon></object><object><name>bread</name><deleted>0</deleted><verified>0</verified><date>12-Jul-2012 21:43:19</date><id>3</id><polygon><username>sandy</username><pt><x>547</x><y>289</y></pt><pt><x>558</x><y>292</y></pt><pt><x>562</x><y>291</y></pt><pt><x>570</x><y>290</y></pt><pt><x>581</x><y>291</y></pt><pt><x>590</x><y>291</y></pt><pt><x>597</x><y>289</y></pt><pt><x>601</x><y>286</y></pt><pt><x>601</x><y>281</y></pt><pt><x>599</x><y>275</y></pt><pt><x>594</x><y>270</y></pt><pt><x>589</x><y>267</y></pt><pt><x>586</x><y>265</y></pt><pt><x>576</x><y>262</y></pt><pt><x>557</x><y>267</y></pt><pt><x>547</x><y>281</y></pt><pt><x>530</x><y>273</y></pt><pt><x>525</x><y>276</y></pt><pt><x>522</x><y>278</y></pt><pt><x>521</x><y>284</y></pt><pt><x>523</x><y>291</y></pt><pt><x>528</x><y>293</y></pt><pt><x>534</x><y>292</y></pt></polygon></object><object><name>bread</name><deleted>0</deleted><verified>0</verified><date>12-Jul-2012 21:43:19</date><id>4</id><polygon><username>sandy</username><pt><x>608</x><y>248</y></pt><pt><x>614</x><y>244</y></pt><pt><x>618</x><y>242</y></pt><pt><x>625</x><y>242</y></pt><pt><x>626</x><y>247</y></pt><pt><x>626</x><y>255</y></pt><pt><x>621</x><y>259</y></pt><pt><x>614</x><y>267</y></pt><pt><x>609</x><y>266</y></pt><pt><x>602</x><y>263</y></pt><pt><x>596</x><y>265</y></pt><pt><x>588</x><y>264</y></pt><pt><x>581</x><y>262</y></pt><pt><x>575</x><y>257</y></pt><pt><x>580</x><y>253</y></pt><pt><x>584</x><y>249</y></pt><pt><x>585</x><y>245</y></pt><pt><x>589</x><y>243</y></pt><pt><x>591</x><y>239</y></pt><pt><x>594</x><y>237</y></pt><pt><x>597</x><y>238</y></pt><pt><x>601</x><y>241</y></pt></polygon></object><object><name>brush</name><deleted>0</deleted><verified>0</verified><date>12-Jul-2012 21:43:19</date><id>5</id><polygon><username>sandy</username><pt><x>348</x><y>465</y></pt><pt><x>373</x><y>495</y></pt><pt><x>359</x><y>497</y></pt><pt><x>354</x><y>492</y></pt><pt><x>344</x><y>500</y></pt><pt><x>326</x><y>482</y></pt><pt><x>311</x><y>461</y></pt><pt><x>324</x><y>456</y></pt><pt><x>321</x><y>452</y></pt><pt><x>331</x><y>448</y></pt><pt><x>339</x><y>455</y></pt></polygon></object><object><name>table</name><deleted>0</deleted><verified>0</verified><date>12-Jul-2012 21:43:19</date><id>6</id><polygon><username>sandy</username><pt><x>370</x><y>337</y></pt><pt><x>490</x><y>350</y></pt><pt><x>490</x><y>359</y></pt><pt><x>489</x><y>365</y></pt><pt><x>493</x><y>371</y></pt><pt><x>497</x><y>372</y></pt><pt><x>499</x><y>380</y></pt><pt><x>497</x><y>383</y></pt><pt><x>499</x><y>389</y></pt><pt><x>498</x><y>456</y></pt><pt><x>512</x><y>458</y></pt><pt><x>512</x><y>391</y></pt><pt><x>522</x><y>391</y></pt><pt><x>519</x><y>347</y></pt><pt><x>626</x><y>317</y></pt><pt><x>627</x><y>336</y></pt><pt><x>634</x><y>341</y></pt><pt><x>637</x><y>315</y></pt><pt><x>642</x><y>315</y></pt><pt><x>643</x><y>417</y></pt><pt><x>642</x><y>425</y></pt><pt><x>643</x><y>427</y></pt><pt><x>643</x><y>469</y></pt><pt><x>657</x><y>465</y></pt><pt><x>653</x><y>429</y></pt><pt><x>660</x><y>425</y></pt><pt><x>656</x><y>418</y></pt><pt><x>657</x><y>311</y></pt><pt><x>745</x><y>282</y></pt><pt><x>745</x><y>290</y></pt><pt><x>747</x><y>294</y></pt><pt><x>749</x><y>298</y></pt><pt><x>747</x><y>302</y></pt><pt><x>748</x><y>303</y></pt><pt><x>749</x><y>308</y></pt><pt><x>747</x><y>375</y></pt><pt><x>746</x><y>401</y></pt><pt><x>757</x><y>408</y></pt><pt><x>760</x><y>399</y></pt><pt><x>758</x><y>378</y></pt><pt><x>758</x><y>369</y></pt><pt><x>755</x><y>305</y></pt><pt><x>758</x><y>296</y></pt><pt><x>760</x><y>291</y></pt><pt><x>762</x><y>283</y></pt><pt><x>764</x><y>263</y></pt><pt><x>774</x><y>259</y></pt><pt><x>774</x><y>253</y></pt><pt><x>642</x><y>247</y></pt><pt><x>330</x><y>307</y></pt><pt><x>325</x><y>309</y></pt><pt><x>327</x><y>317</y></pt><pt><x>341</x><y>319</y></pt><pt><x>342</x><y>347</y></pt><pt><x>345</x><y>350</y></pt><pt><x>345</x><y>356</y></pt><pt><x>351</x><y>366</y></pt><pt><x>352</x><y>371</y></pt><pt><x>350</x><y>438</y></pt><pt><x>362</x><y>437</y></pt><pt><x>361</x><y>375</y></pt><pt><x>364</x><y>369</y></pt><pt><x>362</x><y>366</y></pt><pt><x>361</x><y>361</y></pt><pt><x>363</x><y>358</y></pt><pt><x>366</x><y>355</y></pt><pt><x>369</x><y>352</y></pt></polygon></object><object><name>worksurface</name><deleted>0</deleted><verified>0</verified><date>12-Jul-2012 21:43:19</date><id>7</id><polygon><username>sandy</username><pt><x>2</x><y>324</y></pt><pt><x>165</x><y>294</y></pt><pt><x>178</x><y>297</y></pt><pt><x>542</x><y>233</y></pt><pt><x>544</x><y>225</y></pt><pt><x>461</x><y>220</y></pt><pt><x>3</x><y>286</y></pt><pt><x>0</x><y>286</y></pt></polygon></object><object><name>worksurface</name><deleted>0</deleted><verified>0</verified><date>12-Jul-2012 21:43:19</date><id>8</id><polygon><username>sandy</username><pt><x>69</x><y>399</y></pt><pt><x>798</x><y>500</y></pt><pt><x>798</x><y>599</y></pt><pt><x>138</x><y>597</y></pt><pt><x>2</x><y>568</y></pt><pt><x>2</x><y>415</y></pt></polygon></object><object><name>tap</name><deleted>0</deleted><verified>0</verified><date>12-Jul-2012 21:43:19</date><id>9</id><polygon><username>sandy</username><pt><x>230</x><y>503</y></pt><pt><x>228</x><y>483</y></pt><pt><x>226</x><y>479</y></pt><pt><x>226</x><y>438</y></pt><pt><x>228</x><y>424</y></pt><pt><x>233</x><y>410</y></pt><pt><x>240</x><y>390</y></pt><pt><x>251</x><y>376</y></pt><pt><x>258</x><y>374</y></pt><pt><x>286</x><y>364</y></pt><pt><x>285</x><y>372</y></pt><pt><x>298</x><y>370</y></pt><pt><x>300</x><y>349</y></pt><pt><x>286</x><y>349</y></pt><pt><x>285</x><y>352</y></pt><pt><x>286</x><y>354</y></pt><pt><x>253</x><y>364</y></pt><pt><x>242</x><y>373</y></pt><pt><x>231</x><y>387</y></pt><pt><x>223</x><y>410</y></pt><pt><x>218</x><y>440</y></pt><pt><x>218</x><y>479</y></pt><pt><x>213</x><y>482</y></pt><pt><x>211</x><y>504</y></pt><pt><x>206</x><y>508</y></pt><pt><x>204</x><y>511</y></pt><pt><x>205</x><y>513</y></pt><pt><x>210</x><y>515</y></pt><pt><x>218</x><y>515</y></pt><pt><x>225</x><y>515</y></pt><pt><x>230</x><y>513</y></pt><pt><x>234</x><y>511</y></pt><pt><x>236</x><y>508</y></pt></polygon></object><object><name>tap</name><deleted>0</deleted><verified>0</verified><date>12-Jul-2012 21:43:19</date><id>10</id><polygon><username>sandy</username><pt><x>275</x><y>474</y></pt><pt><x>300</x><y>473</y></pt><pt><x>302</x><y>477</y></pt><pt><x>301</x><y>483</y></pt><pt><x>299</x><y>486</y></pt><pt><x>297</x><y>486</y></pt><pt><x>274</x><y>480</y></pt><pt><x>270</x><y>486</y></pt><pt><x>274</x><y>491</y></pt><pt><x>276</x><y>495</y></pt><pt><x>277</x><y>500</y></pt><pt><x>276</x><y>510</y></pt><pt><x>281</x><y>515</y></pt><pt><x>279</x><y>518</y></pt><pt><x>270</x><y>521</y></pt><pt><x>259</x><y>521</y></pt><pt><x>253</x><y>521</y></pt><pt><x>249</x><y>520</y></pt><pt><x>246</x><y>518</y></pt><pt><x>247</x><y>515</y></pt><pt><x>251</x><y>513</y></pt><pt><x>254</x><y>509</y></pt><pt><x>251</x><y>506</y></pt><pt><x>251</x><y>503</y></pt><pt><x>250</x><y>498</y></pt><pt><x>253</x><y>495</y></pt><pt><x>256</x><y>492</y></pt><pt><x>258</x><y>488</y></pt><pt><x>258</x><y>483</y></pt><pt><x>256</x><y>481</y></pt><pt><x>256</x><y>476</y></pt><pt><x>258</x><y>473</y></pt><pt><x>261</x><y>470</y></pt><pt><x>268</x><y>469</y></pt></polygon></object><object><name>tap</name><deleted>0</deleted><verified>0</verified><date>12-Jul-2012 21:43:19</date><id>11</id><polygon><username>sandy</username><pt><x>185</x><y>467</y></pt><pt><x>187</x><y>463</y></pt><pt><x>186</x><y>458</y></pt><pt><x>185</x><y>456</y></pt><pt><x>178</x><y>453</y></pt><pt><x>174</x><y>455</y></pt><pt><x>173</x><y>457</y></pt><pt><x>163</x><y>453</y></pt><pt><x>159</x><y>455</y></pt><pt><x>159</x><y>461</y></pt><pt><x>161</x><y>463</y></pt><pt><x>168</x><y>464</y></pt><pt><x>173</x><y>467</y></pt><pt><x>172</x><y>471</y></pt><pt><x>170</x><y>477</y></pt><pt><x>168</x><y>480</y></pt><pt><x>167</x><y>485</y></pt><pt><x>166</x><y>490</y></pt><pt><x>168</x><y>493</y></pt><pt><x>166</x><y>495</y></pt><pt><x>163</x><y>495</y></pt><pt><x>162</x><y>499</y></pt><pt><x>163</x><y>503</y></pt><pt><x>165</x><y>505</y></pt><pt><x>173</x><y>505</y></pt><pt><x>183</x><y>506</y></pt><pt><x>190</x><y>504</y></pt><pt><x>193</x><y>502</y></pt><pt><x>194</x><y>499</y></pt><pt><x>191</x><y>496</y></pt><pt><x>186</x><y>493</y></pt><pt><x>190</x><y>490</y></pt><pt><x>191</x><y>486</y></pt><pt><x>191</x><y>483</y></pt><pt><x>191</x><y>478</y></pt><pt><x>188</x><y>475</y></pt><pt><x>186</x><y>473</y></pt></polygon></object><object><name>window</name><deleted>0</deleted><verified>0</verified><date>12-Jul-2012 21:43:19</date><id>12</id><polygon><username>sandy</username><pt><x>639</x><y>1</y></pt><pt><x>643</x><y>345</y></pt><pt><x>798</x><y>363</y></pt><pt><x>799</x><y>3</y></pt></polygon></object><object><name>winebottle</name><deleted>0</deleted><verified>0</verified><date>12-Jul-2012 21:43:19</date><id>13</id><polygon><username>sandy</username><pt><x>527</x><y>216</y></pt><pt><x>528</x><y>192</y></pt><pt><x>535</x><y>194</y></pt><pt><x>537</x><y>216</y></pt><pt><x>543</x><y>223</y></pt><pt><x>543</x><y>284</y></pt><pt><x>518</x><y>283</y></pt><pt><x>518</x><y>224</y></pt><pt><x>521</x><y>222</y></pt></polygon></object><object><name>winebottle</name><deleted>0</deleted><verified>0</verified><date>12-Jul-2012 21:43:19</date><id>14</id><polygon><username>sandy</username><pt><x>553</x><y>210</y></pt><pt><x>561</x><y>233</y></pt><pt><x>561</x><y>269</y></pt><pt><x>543</x><y>268</y></pt><pt><x>540</x><y>222</y></pt><pt><x>542</x><y>210</y></pt><pt><x>545</x><y>208</y></pt><pt><x>546</x><y>191</y></pt><pt><x>552</x><y>192</y></pt></polygon></object><object><name>picture</name><deleted>0</deleted><verified>0</verified><date>12-Jul-2012 21:43:19</date><id>15</id><polygon><username>sandy</username><pt><x>225</x><y>7</y></pt><pt><x>236</x><y>90</y></pt><pt><x>276</x><y>90</y></pt><pt><x>267</x><y>8</y></pt></polygon></object><object><name>picture</name><deleted>0</deleted><verified>0</verified><date>12-Jul-2012 21:43:19</date><id>16</id><polygon><username>sandy</username><pt><x>296</x><y>3</y></pt><pt><x>296</x><y>77</y></pt><pt><x>359</x><y>78</y></pt><pt><x>361</x><y>8</y></pt></polygon></object><object><name>picture</name><deleted>0</deleted><verified>0</verified><date>12-Jul-2012 21:43:19</date><id>17</id><polygon><username>sandy</username><pt><x>283</x><y>45</y></pt><pt><x>289</x><y>91</y></pt><pt><x>335</x><y>91</y></pt><pt><x>327</x><y>46</y></pt></polygon></object><object><name>chair</name><deleted>0</deleted><verified>0</verified><date>12-Jul-2012 21:43:19</date><id>18</id><polygon><username>sandy</username><pt><x>664</x><y>195</y></pt><pt><x>686</x><y>193</y></pt><pt><x>711</x><y>192</y></pt><pt><x>733</x><y>192</y></pt><pt><x>735</x><y>192</y></pt><pt><x>738</x><y>214</y></pt><pt><x>738</x><y>233</y></pt><pt><x>770</x><y>236</y></pt><pt><x>786</x><y>238</y></pt><pt><x>793</x><y>240</y></pt><pt><x>791</x><y>242</y></pt><pt><x>787</x><y>243</y></pt><pt><x>784</x><y>276</y></pt><pt><x>785</x><y>347</y></pt><pt><x>786</x><y>384</y></pt><pt><x>763</x><y>390</y></pt><pt><x>668</x><y>386</y></pt><pt><x>662</x><y>216</y></pt><pt><x>658</x><y>199</y></pt><pt><x>655</x><y>196</y></pt><pt><x>657</x><y>192</y></pt><pt><x>658</x><y>192</y></pt></polygon></object><object><name>bowl</name><deleted>0</deleted><verified>0</verified><date>12-Jul-2012 22:14:52</date><id>19</id><polygon><username>sandy</username><pt><x>674</x><y>264</y></pt><pt><x>706</x><y>220</y></pt><pt><x>704</x><y>216</y></pt><pt><x>692</x><y>213</y></pt><pt><x>666</x><y>213</y></pt><pt><x>639</x><y>212</y></pt><pt><x>614</x><y>213</y></pt><pt><x>606</x><y>215</y></pt><pt><x>602</x><y>216</y></pt><pt><x>599</x><y>218</y></pt><pt><x>599</x><y>221</y></pt><pt><x>627</x><y>259</y></pt><pt><x>658</x><y>264</y></pt><pt><x>664</x><y>265</y></pt></polygon></object><object><name>glass</name><deleted>0</deleted><verified>0</verified><date>12-Jul-2012 22:14:52</date><id>20</id><polygon><username>sandy</username><pt><x>576</x><y>282</y></pt><pt><x>580</x><y>274</y></pt><pt><x>583</x><y>262</y></pt><pt><x>583</x><y>245</y></pt><pt><x>569</x><y>246</y></pt><pt><x>558</x><y>246</y></pt><pt><x>558</x><y>267</y></pt><pt><x>561</x><y>274</y></pt><pt><x>565</x><y>279</y></pt><pt><x>566</x><y>282</y></pt><pt><x>565</x><y>286</y></pt><pt><x>566</x><y>289</y></pt><pt><x>568</x><y>292</y></pt><pt><x>563</x><y>293</y></pt><pt><x>561</x><y>295</y></pt><pt><x>560</x><y>298</y></pt><pt><x>566</x><y>298</y></pt><pt><x>577</x><y>299</y></pt><pt><x>581</x><y>297</y></pt><pt><x>582</x><y>294</y></pt><pt><x>577</x><y>292</y></pt><pt><x>574</x><y>291</y></pt><pt><x>574</x><y>288</y></pt></polygon></object><object><name>glass</name><deleted>0</deleted><verified>0</verified><date>12-Jul-2012 22:14:52</date><id>21</id><polygon><username>sandy</username><pt><x>616</x><y>503</y></pt><pt><x>618</x><y>473</y></pt><pt><x>624</x><y>470</y></pt><pt><x>634</x><y>469</y></pt><pt><x>642</x><y>470</y></pt><pt><x>648</x><y>471</y></pt><pt><x>653</x><y>472</y></pt><pt><x>658</x><y>474</y></pt><pt><x>662</x><y>477</y></pt><pt><x>659</x><y>514</y></pt><pt><x>659</x><y>528</y></pt><pt><x>629</x><y>532</y></pt><pt><x>617</x><y>531</y></pt><pt><x>612</x><y>526</y></pt><pt><x>611</x><y>511</y></pt></polygon></object><object><name>glass</name><deleted>0</deleted><verified>0</verified><date>12-Jul-2012 22:14:52</date><id>22</id><polygon><username>sandy</username><pt><x>667</x><y>438</y></pt><pt><x>679</x><y>440</y></pt><pt><x>685</x><y>443</y></pt><pt><x>689</x><y>475</y></pt><pt><x>694</x><y>479</y></pt><pt><x>695</x><y>494</y></pt><pt><x>643</x><y>493</y></pt><pt><x>644</x><y>469</y></pt><pt><x>647</x><y>468</y></pt><pt><x>648</x><y>445</y></pt><pt><x>651</x><y>442</y></pt><pt><x>654</x><y>440</y></pt><pt><x>658</x><y>438</y></pt></polygon></object><object><name>cup</name><deleted>0</deleted><verified>0</verified><date>12-Jul-2012 22:14:52</date><id>23</id><polygon><username>sandy</username><pt><x>657</x><y>559</y></pt><pt><x>675</x><y>561</y></pt><pt><x>687</x><y>561</y></pt><pt><x>696</x><y>558</y></pt><pt><x>702</x><y>556</y></pt><pt><x>701</x><y>532</y></pt><pt><x>699</x><y>516</y></pt><pt><x>697</x><y>503</y></pt><pt><x>696</x><y>494</y></pt><pt><x>692</x><y>489</y></pt><pt><x>691</x><y>485</y></pt><pt><x>686</x><y>485</y></pt><pt><x>680</x><y>482</y></pt><pt><x>669</x><y>485</y></pt><pt><x>659</x><y>485</y></pt><pt><x>654</x><y>486</y></pt><pt><x>653</x><y>504</y></pt><pt><x>647</x><y>509</y></pt><pt><x>637</x><y>518</y></pt><pt><x>630</x><y>525</y></pt><pt><x>626</x><y>534</y></pt><pt><x>627</x><y>541</y></pt><pt><x>633</x><y>545</y></pt><pt><x>639</x><y>547</y></pt><pt><x>643</x><y>544</y></pt><pt><x>648</x><y>544</y></pt><pt><x>648</x><y>555</y></pt><pt><x>650</x><y>557</y></pt><pt><x>653</x><y>557</y></pt></polygon></object><object><name>cup</name><deleted>0</deleted><verified>0</verified><date>12-Jul-2012 22:14:52</date><id>24</id><polygon><username>sandy</username><pt><x>721</x><y>394</y></pt><pt><x>748</x><y>391</y></pt><pt><x>756</x><y>404</y></pt><pt><x>759</x><y>413</y></pt><pt><x>766</x><y>445</y></pt><pt><x>765</x><y>452</y></pt><pt><x>760</x><y>457</y></pt><pt><x>755</x><y>461</y></pt><pt><x>750</x><y>461</y></pt><pt><x>723</x><y>460</y></pt><pt><x>714</x><y>412</y></pt><pt><x>715</x><y>404</y></pt><pt><x>717</x><y>398</y></pt></polygon></object><object><name>cup</name><deleted>0</deleted><verified>0</verified><date>12-Jul-2012 22:14:52</date><id>25</id><polygon><username>sandy</username><pt><x>705</x><y>421</y></pt><pt><x>713</x><y>411</y></pt><pt><x>718</x><y>410</y></pt><pt><x>749</x><y>424</y></pt><pt><x>749</x><y>440</y></pt><pt><x>744</x><y>472</y></pt><pt><x>736</x><y>487</y></pt><pt><x>732</x><y>493</y></pt><pt><x>718</x><y>490</y></pt><pt><x>706</x><y>486</y></pt><pt><x>694</x><y>479</y></pt><pt><x>688</x><y>476</y></pt><pt><x>683</x><y>472</y></pt><pt><x>688</x><y>457</y></pt><pt><x>682</x><y>459</y></pt><pt><x>675</x><y>457</y></pt><pt><x>672</x><y>454</y></pt><pt><x>670</x><y>451</y></pt><pt><x>670</x><y>445</y></pt><pt><x>672</x><y>439</y></pt><pt><x>674</x><y>435</y></pt><pt><x>699</x><y>426</y></pt></polygon></object><object><name>basket</name><deleted>0</deleted><verified>0</verified><date>12-Jul-2012 22:14:52</date><id>26</id><polygon><username>sandy</username><pt><x>431</x><y>416</y></pt><pt><x>438</x><y>452</y></pt><pt><x>560</x><y>465</y></pt><pt><x>564</x><y>419</y></pt><pt><x>567</x><y>411</y></pt><pt><x>565</x><y>400</y></pt><pt><x>564</x><y>392</y></pt><pt><x>561</x><y>384</y></pt><pt><x>556</x><y>381</y></pt><pt><x>551</x><y>378</y></pt><pt><x>545</x><y>381</y></pt><pt><x>541</x><y>391</y></pt><pt><x>525</x><y>389</y></pt><pt><x>497</x><y>392</y></pt><pt><x>468</x><y>395</y></pt><pt><x>453</x><y>402</y></pt><pt><x>445</x><y>400</y></pt><pt><x>442</x><y>395</y></pt><pt><x>437</x><y>393</y></pt><pt><x>433</x><y>397</y></pt><pt><x>432</x><y>404</y></pt></polygon></object><object><name>basket</name><deleted>0</deleted><verified>0</verified><date>12-Jul-2012 22:14:52</date><id>27</id><polygon><username>sandy</username><pt><x>554</x><y>350</y></pt><pt><x>567</x><y>329</y></pt><pt><x>613</x><y>325</y></pt><pt><x>674</x><y>374</y></pt><pt><x>676</x><y>392</y></pt><pt><x>677</x><y>413</y></pt><pt><x>674</x><y>426</y></pt><pt><x>668</x><y>449</y></pt><pt><x>617</x><y>472</y></pt><pt><x>545</x><y>395</y></pt><pt><x>551</x><y>369</y></pt></polygon></object><object><name>basket</name><deleted>0</deleted><verified>0</verified><date>12-Jul-2012 22:14:52</date><id>28</id><polygon><username>sandy</username><pt><x>754</x><y>383</y></pt><pt><x>757</x><y>368</y></pt><pt><x>756</x><y>359</y></pt><pt><x>728</x><y>353</y></pt><pt><x>690</x><y>350</y></pt><pt><x>673</x><y>351</y></pt><pt><x>662</x><y>351</y></pt><pt><x>677</x><y>416</y></pt><pt><x>696</x><y>419</y></pt><pt><x>720</x><y>421</y></pt><pt><x>750</x><y>415</y></pt></polygon></object><object><name>basket</name><deleted>0</deleted><verified>0</verified><date>12-Jul-2012 22:14:52</date><id>29</id><polygon><username>sandy</username><pt><x>46</x><y>255</y></pt><pt><x>58</x><y>271</y></pt><pt><x>58</x><y>286</y></pt><pt><x>52</x><y>294</y></pt><pt><x>41</x><y>300</y></pt><pt><x>33</x><y>303</y></pt><pt><x>2</x><y>305</y></pt><pt><x>2</x><y>252</y></pt><pt><x>23</x><y>251</y></pt><pt><x>35</x><y>251</y></pt></polygon></object><object><name>jam</name><deleted>0</deleted><verified>0</verified><date>12-Jul-2012 22:14:52</date><id>30</id><polygon><username>sandy</username><pt><x>659</x><y>254</y></pt><pt><x>657</x><y>278</y></pt><pt><x>633</x><y>278</y></pt><pt><x>635</x><y>252</y></pt><pt><x>645</x><y>250</y></pt><pt><x>652</x><y>251</y></pt></polygon></object><object><name>pot</name><deleted>0</deleted><verified>0</verified><date>12-Jul-2012 22:14:52</date><id>31</id><polygon><username>sandy</username><pt><x>264</x><y>205</y></pt><pt><x>283</x><y>201</y></pt><pt><x>283</x><y>198</y></pt><pt><x>284</x><y>196</y></pt><pt><x>288</x><y>195</y></pt><pt><x>293</x><y>196</y></pt><pt><x>296</x><y>200</y></pt><pt><x>297</x><y>202</y></pt><pt><x>313</x><y>204</y></pt><pt><x>316</x><y>208</y></pt><pt><x>317</x><y>210</y></pt><pt><x>321</x><y>211</y></pt><pt><x>322</x><y>214</y></pt><pt><x>318</x><y>216</y></pt><pt><x>316</x><y>219</y></pt><pt><x>314</x><y>223</y></pt><pt><x>314</x><y>231</y></pt><pt><x>263</x><y>230</y></pt><pt><x>262</x><y>221</y></pt><pt><x>256</x><y>220</y></pt><pt><x>252</x><y>218</y></pt><pt><x>254</x><y>216</y></pt><pt><x>260</x><y>216</y></pt><pt><x>264</x><y>216</y></pt></polygon></object><object><name>sponge</name><deleted>0</deleted><verified>0</verified><date>12-Jul-2012 22:14:52</date><id>32</id><polygon><username>sandy</username><pt><x>409</x><y>554</y></pt><pt><x>418</x><y>558</y></pt><pt><x>425</x><y>561</y></pt><pt><x>428</x><y>567</y></pt><pt><x>430</x><y>573</y></pt><pt><x>427</x><y>580</y></pt><pt><x>421</x><y>584</y></pt><pt><x>409</x><y>587</y></pt><pt><x>399</x><y>589</y></pt><pt><x>384</x><y>592</y></pt><pt><x>377</x><y>589</y></pt><pt><x>371</x><y>586</y></pt><pt><x>367</x><y>581</y></pt><pt><x>367</x><y>576</y></pt><pt><x>369</x><y>568</y></pt><pt><x>374</x><y>564</y></pt><pt><x>382</x><y>559</y></pt><pt><x>389</x><y>554</y></pt><pt><x>400</x><y>553</y></pt></polygon></object><object><name>fryingpan</name><deleted>0</deleted><verified>0</verified><date>12-Jul-2012 22:14:52</date><id>33</id><polygon><username>sandy</username><pt><x>324</x><y>231</y></pt><pt><x>325</x><y>249</y></pt><pt><x>304</x><y>253</y></pt><pt><x>275</x><y>252</y></pt><pt><x>264</x><y>251</y></pt><pt><x>259</x><y>251</y></pt><pt><x>257</x><y>248</y></pt><pt><x>255</x><y>245</y></pt><pt><x>257</x><y>240</y></pt><pt><x>249</x><y>224</y></pt><pt><x>206</x><y>206</y></pt><pt><x>209</x><y>204</y></pt><pt><x>253</x><y>218</y></pt><pt><x>261</x><y>228</y></pt><pt><x>273</x><y>230</y></pt><pt><x>284</x><y>230</y></pt><pt><x>293</x><y>228</y></pt><pt><x>304</x><y>228</y></pt><pt><x>314</x><y>229</y></pt></polygon></object><object><name>fryingpan</name><deleted>0</deleted><verified>0</verified><date>12-Jul-2012 22:14:52</date><id>34</id><polygon><username>sandy</username><pt><x>120</x><y>214</y></pt><pt><x>132</x><y>216</y></pt><pt><x>142</x><y>220</y></pt><pt><x>152</x><y>228</y></pt><pt><x>155</x><y>241</y></pt><pt><x>151</x><y>258</y></pt><pt><x>140</x><y>266</y></pt><pt><x>131</x><y>273</y></pt><pt><x>125</x><y>273</y></pt><pt><x>109</x><y>265</y></pt><pt><x>104</x><y>259</y></pt><pt><x>101</x><y>253</y></pt><pt><x>99</x><y>243</y></pt><pt><x>100</x><y>232</y></pt><pt><x>102</x><y>226</y></pt><pt><x>107</x><y>222</y></pt><pt><x>113</x><y>217</y></pt><pt><x>106</x><y>196</y></pt><pt><x>102</x><y>185</y></pt><pt><x>102</x><y>180</y></pt><pt><x>102</x><y>177</y></pt><pt><x>106</x><y>175</y></pt><pt><x>109</x><y>178</y></pt><pt><x>109</x><y>183</y></pt></polygon></object><object><name>hob</name><deleted>0</deleted><verified>0</verified><date>12-Jul-2012 22:14:52</date><id>35</id><polygon><username>sandy</username><pt><x>246</x><y>273</y></pt><pt><x>382</x><y>249</y></pt><pt><x>352</x><y>243</y></pt><pt><x>346</x><y>241</y></pt><pt><x>340</x><y>239</y></pt><pt><x>331</x><y>241</y></pt><pt><x>319</x><y>238</y></pt><pt><x>162</x><y>258</y></pt><pt><x>155</x><y>264</y></pt></polygon></object><object><name>bottle</name><deleted>0</deleted><verified>0</verified><date>12-Jul-2012 22:14:52</date><id>36</id><polygon><username>sandy</username><pt><x>375</x><y>34</y></pt><pt><x>377</x><y>52</y></pt><pt><x>379</x><y>58</y></pt><pt><x>382</x><y>90</y></pt><pt><x>365</x><y>90</y></pt><pt><x>364</x><y>56</y></pt><pt><x>368</x><y>53</y></pt><pt><x>367</x><y>36</y></pt><pt><x>369</x><y>32</y></pt></polygon></object><object><name>bottle</name><deleted>0</deleted><verified>0</verified><date>12-Jul-2012 22:14:52</date><id>37</id><polygon><username>sandy</username><pt><x>147</x><y>71</y></pt><pt><x>147</x><y>90</y></pt><pt><x>134</x><y>92</y></pt><pt><x>128</x><y>91</y></pt><pt><x>129</x><y>70</y></pt><pt><x>133</x><y>64</y></pt><pt><x>135</x><y>60</y></pt><pt><x>139</x><y>59</y></pt><pt><x>142</x><y>63</y></pt></polygon></object><object><name>bottle</name><deleted>0</deleted><verified>0</verified><date>12-Jul-2012 22:14:52</date><id>38</id><polygon><username>sandy</username><pt><x>53</x><y>235</y></pt><pt><x>57</x><y>242</y></pt><pt><x>58</x><y>260</y></pt><pt><x>33</x><y>257</y></pt><pt><x>33</x><y>242</y></pt><pt><x>36</x><y>238</y></pt><pt><x>38</x><y>216</y></pt><pt><x>41</x><y>210</y></pt><pt><x>44</x><y>210</y></pt><pt><x>47</x><y>212</y></pt><pt><x>48</x><y>220</y></pt></polygon></object><object><name>bottle</name><deleted>0</deleted><verified>0</verified><date>12-Jul-2012 22:14:52</date><id>39</id><polygon><username>sandy</username><pt><x>19</x><y>212</y></pt><pt><x>24</x><y>215</y></pt><pt><x>30</x><y>241</y></pt><pt><x>34</x><y>246</y></pt><pt><x>34</x><y>267</y></pt><pt><x>14</x><y>268</y></pt><pt><x>11</x><y>243</y></pt><pt><x>14</x><y>241</y></pt></polygon></object><object><name>oven</name><deleted>0</deleted><verified>0</verified><date>12-Jul-2012 22:14:52</date><id>40</id><polygon><username>sandy</username><pt><x>556</x><y>89</y></pt><pt><x>563</x><y>273</y></pt><pt><x>622</x><y>264</y></pt><pt><x>621</x><y>89</y></pt></polygon></object><object><name>plant</name><deleted>0</deleted><verified>0</verified><date>12-Jul-2012 22:14:52</date><id>41</id><polygon><username>sandy</username><pt><x>90</x><y>277</y></pt><pt><x>98</x><y>276</y></pt><pt><x>105</x><y>257</y></pt><pt><x>107</x><y>256</y></pt><pt><x>109</x><y>262</y></pt><pt><x>113</x><y>263</y></pt><pt><x>118</x><y>261</y></pt><pt><x>120</x><y>257</y></pt><pt><x>119</x><y>252</y></pt><pt><x>119</x><y>246</y></pt><pt><x>115</x><y>243</y></pt><pt><x>110</x><y>240</y></pt><pt><x>108</x><y>236</y></pt><pt><x>110</x><y>231</y></pt><pt><x>110</x><y>225</y></pt><pt><x>107</x><y>219</y></pt><pt><x>102</x><y>213</y></pt><pt><x>99</x><y>206</y></pt><pt><x>92</x><y>206</y></pt><pt><x>85</x><y>208</y></pt><pt><x>81</x><y>210</y></pt><pt><x>79</x><y>205</y></pt><pt><x>82</x><y>201</y></pt><pt><x>76</x><y>201</y></pt><pt><x>70</x><y>205</y></pt><pt><x>62</x><y>198</y></pt><pt><x>64</x><y>196</y></pt><pt><x>64</x><y>194</y></pt><pt><x>59</x><y>192</y></pt><pt><x>55</x><y>196</y></pt><pt><x>51</x><y>202</y></pt><pt><x>52</x><y>214</y></pt><pt><x>56</x><y>224</y></pt><pt><x>59</x><y>239</y></pt><pt><x>59</x><y>245</y></pt><pt><x>62</x><y>249</y></pt><pt><x>70</x><y>252</y></pt><pt><x>77</x><y>253</y></pt><pt><x>80</x><y>277</y></pt></polygon></object><object><name>plant</name><deleted>0</deleted><verified>0</verified><date>12-Jul-2012 22:14:52</date><id>42</id><polygon><username>sandy</username><pt><x>364</x><y>223</y></pt><pt><x>369</x><y>227</y></pt><pt><x>375</x><y>226</y></pt><pt><x>381</x><y>221</y></pt><pt><x>384</x><y>216</y></pt><pt><x>382</x><y>211</y></pt><pt><x>374</x><y>208</y></pt><pt><x>369</x><y>207</y></pt><pt><x>365</x><y>202</y></pt><pt><x>356</x><y>198</y></pt><pt><x>348</x><y>195</y></pt><pt><x>337</x><y>195</y></pt><pt><x>327</x><y>195</y></pt><pt><x>317</x><y>199</y></pt><pt><x>319</x><y>207</y></pt><pt><x>326</x><y>215</y></pt><pt><x>329</x><y>221</y></pt><pt><x>329</x><y>239</y></pt><pt><x>337</x><y>243</y></pt><pt><x>344</x><y>243</y></pt><pt><x>352</x><y>243</y></pt><pt><x>360</x><y>243</y></pt><pt><x>365</x><y>242</y></pt></polygon></object><object><name>eggs</name><deleted>0</deleted><verified>0</verified><date>12-Jul-2012 22:14:52</date><id>43</id><polygon><username>sandy</username><pt><x>44</x><y>273</y></pt><pt><x>51</x><y>273</y></pt><pt><x>54</x><y>278</y></pt><pt><x>56</x><y>283</y></pt><pt><x>51</x><y>290</y></pt><pt><x>48</x><y>295</y></pt><pt><x>40</x><y>298</y></pt><pt><x>31</x><y>299</y></pt><pt><x>21</x><y>300</y></pt><pt><x>13</x><y>300</y></pt><pt><x>9</x><y>299</y></pt><pt><x>4</x><y>297</y></pt><pt><x>2</x><y>295</y></pt><pt><x>2</x><y>287</y></pt><pt><x>2</x><y>281</y></pt><pt><x>4</x><y>274</y></pt><pt><x>8</x><y>272</y></pt><pt><x>13</x><y>272</y></pt><pt><x>16</x><y>272</y></pt><pt><x>18</x><y>269</y></pt><pt><x>22</x><y>270</y></pt><pt><x>27</x><y>271</y></pt><pt><x>34</x><y>274</y></pt></polygon></object><object><name>potatoes</name><deleted>0</deleted><verified>0</verified><date>12-Jul-2012 22:14:52</date><id>44</id><polygon><username>sandy</username><pt><x>485</x><y>405</y></pt><pt><x>495</x><y>412</y></pt><pt><x>500</x><y>410</y></pt><pt><x>507</x><y>407</y></pt><pt><x>509</x><y>401</y></pt><pt><x>511</x><y>395</y></pt><pt><x>515</x><y>394</y></pt><pt><x>519</x><y>399</y></pt><pt><x>523</x><y>404</y></pt><pt><x>527</x><y>410</y></pt><pt><x>531</x><y>413</y></pt><pt><x>536</x><y>415</y></pt><pt><x>542</x><y>411</y></pt><pt><x>544</x><y>409</y></pt><pt><x>551</x><y>409</y></pt><pt><x>551</x><y>419</y></pt><pt><x>541</x><y>424</y></pt><pt><x>528</x><y>427</y></pt><pt><x>518</x><y>427</y></pt><pt><x>492</x><y>429</y></pt><pt><x>479</x><y>428</y></pt><pt><x>470</x><y>427</y></pt><pt><x>464</x><y>425</y></pt><pt><x>455</x><y>423</y></pt><pt><x>458</x><y>418</y></pt><pt><x>464</x><y>415</y></pt><pt><x>472</x><y>415</y></pt><pt><x>472</x><y>412</y></pt><pt><x>472</x><y>409</y></pt><pt><x>475</x><y>405</y></pt><pt><x>480</x><y>404</y></pt></polygon></object><object><name>soap</name><deleted>0</deleted><verified>0</verified><date>12-Jul-2012 22:14:52</date><id>45</id><polygon><username>sandy</username><pt><x>465</x><y>579</y></pt><pt><x>488</x><y>572</y></pt><pt><x>489</x><y>556</y></pt><pt><x>486</x><y>552</y></pt><pt><x>447</x><y>540</y></pt><pt><x>424</x><y>548</y></pt><pt><x>419</x><y>556</y></pt><pt><x>424</x><y>567</y></pt></polygon></object><object><name>towel</name><deleted>0</deleted><verified>0</verified><date>12-Jul-2012 22:14:52</date><id>46</id><polygon><username>sandy</username><pt><x>544</x><y>558</y></pt><pt><x>687</x><y>578</y></pt><pt><x>694</x><y>573</y></pt><pt><x>733</x><y>545</y></pt><pt><x>737</x><y>541</y></pt><pt><x>768</x><y>509</y></pt><pt><x>660</x><y>487</y></pt><pt><x>604</x><y>518</y></pt><pt><x>556</x><y>547</y></pt><pt><x>546</x><y>551</y></pt></polygon></object><object><name>towel</name><deleted>0</deleted><verified>0</verified><date>12-Jul-2012 22:14:52</date><id>47</id><polygon><username>sandy</username><pt><x>672</x><y>285</y></pt><pt><x>678</x><y>307</y></pt><pt><x>673</x><y>319</y></pt><pt><x>674</x><y>350</y></pt><pt><x>673</x><y>373</y></pt><pt><x>642</x><y>347</y></pt><pt><x>641</x><y>309</y></pt><pt><x>634</x><y>290</y></pt><pt><x>629</x><y>289</y></pt><pt><x>618</x><y>285</y></pt><pt><x>606</x><y>286</y></pt><pt><x>601</x><y>286</y></pt><pt><x>587</x><y>283</y></pt><pt><x>590</x><y>272</y></pt><pt><x>592</x><y>268</y></pt><pt><x>597</x><y>265</y></pt><pt><x>606</x><y>266</y></pt><pt><x>623</x><y>269</y></pt><pt><x>662</x><y>278</y></pt></polygon></object><object><name>cupboard</name><deleted>0</deleted><verified>0</verified><date>12-Jul-2012 22:16:51</date><id>48</id><polygon><username>sandy</username><pt><x>115</x><y>169</y></pt><pt><x>111</x><y>2</y></pt><pt><x>2</x><y>0</y></pt><pt><x>2</x><y>177</y></pt></polygon></object><object><name>cupboard</name><deleted>0</deleted><verified>0</verified><date>12-Jul-2012 22:16:51</date><id>49</id><polygon><username>sandy</username><pt><x>393</x><y>152</y></pt><pt><x>497</x><y>144</y></pt><pt><x>492</x><y>6</y></pt><pt><x>363</x><y>6</y></pt><pt><x>361</x><y>151</y></pt></polygon></object><object><name>cupboard</name><deleted>0</deleted><verified>0</verified><date>12-Jul-2012 22:16:51</date><id>50</id><polygon><username>sandy</username><pt><x>558</x><y>76</y></pt><pt><x>620</x><y>75</y></pt><pt><x>620</x><y>1</y></pt><pt><x>555</x><y>5</y></pt></polygon></object><object><name>cupboard</name><deleted>0</deleted><verified>0</verified><date>12-Jul-2012 22:16:51</date><id>51</id><polygon><username>sandy</username><pt><x>2</x><y>370</y></pt><pt><x>2</x><y>326</y></pt><pt><x>171</x><y>299</y></pt><pt><x>194</x><y>301</y></pt><pt><x>543</x><y>237</y></pt><pt><x>539</x><y>373</y></pt><pt><x>344</x><y>443</y></pt><pt><x>5</x><y>489</y></pt></polygon></object><object><name>knife</name><deleted>0</deleted><verified>0</verified><date>17-Jul-2012 13:48:44</date><id>52</id><polygon><username>sandy</username><pt><x>503</x><y>284</y></pt><pt><x>523</x><y>275</y></pt><pt><x>525</x><y>284</y></pt></polygon></object></annotation>