<annotation><filename>l_living_room_living71.jpg</filename><folder>100images</folder><source><sourceImage>The MIT-CSAIL database of objects and scenes</sourceImage><sourceAnnotation>LabelMe Webtool</sourceAnnotation></source><object><name>flowers</name><deleted>0</deleted><verified>0</verified><date>15-Jul-2012 13:52:42</date><id>0</id><polygon><username>sandy</username><pt><x>354</x><y>282</y></pt><pt><x>370</x><y>281</y></pt><pt><x>376</x><y>281</y></pt><pt><x>379</x><y>287</y></pt><pt><x>378</x><y>293</y></pt><pt><x>377</x><y>297</y></pt><pt><x>371</x><y>300</y></pt><pt><x>369</x><y>308</y></pt><pt><x>373</x><y>306</y></pt><pt><x>378</x><y>302</y></pt><pt><x>380</x><y>295</y></pt><pt><x>382</x><y>291</y></pt><pt><x>388</x><y>290</y></pt><pt><x>392</x><y>290</y></pt><pt><x>396</x><y>293</y></pt><pt><x>400</x><y>297</y></pt><pt><x>403</x><y>302</y></pt><pt><x>406</x><y>308</y></pt><pt><x>410</x><y>313</y></pt><pt><x>414</x><y>316</y></pt><pt><x>420</x><y>313</y></pt><pt><x>425</x><y>309</y></pt><pt><x>423</x><y>304</y></pt><pt><x>420</x><y>301</y></pt><pt><x>416</x><y>296</y></pt><pt><x>415</x><y>292</y></pt><pt><x>416</x><y>287</y></pt><pt><x>417</x><y>282</y></pt><pt><x>418</x><y>278</y></pt><pt><x>416</x><y>273</y></pt><pt><x>414</x><y>265</y></pt><pt><x>413</x><y>263</y></pt><pt><x>409</x><y>262</y></pt><pt><x>405</x><y>263</y></pt><pt><x>401</x><y>262</y></pt><pt><x>400</x><y>260</y></pt><pt><x>396</x><y>257</y></pt><pt><x>391</x><y>253</y></pt><pt><x>394</x><y>250</y></pt><pt><x>398</x><y>251</y></pt><pt><x>404</x><y>253</y></pt><pt><x>407</x><y>251</y></pt><pt><x>406</x><y>249</y></pt><pt><x>405</x><y>248</y></pt><pt><x>402</x><y>245</y></pt><pt><x>399</x><y>244</y></pt><pt><x>395</x><y>242</y></pt><pt><x>389</x><y>244</y></pt><pt><x>384</x><y>244</y></pt><pt><x>373</x><y>235</y></pt><pt><x>379</x><y>221</y></pt><pt><x>382</x><y>217</y></pt><pt><x>381</x><y>212</y></pt><pt><x>384</x><y>207</y></pt><pt><x>383</x><y>203</y></pt><pt><x>380</x><y>200</y></pt><pt><x>375</x><y>199</y></pt><pt><x>370</x><y>200</y></pt><pt><x>362</x><y>202</y></pt><pt><x>360</x><y>206</y></pt><pt><x>358</x><y>207</y></pt><pt><x>348</x><y>211</y></pt><pt><x>345</x><y>216</y></pt><pt><x>341</x><y>224</y></pt><pt><x>340</x><y>225</y></pt><pt><x>337</x><y>229</y></pt><pt><x>338</x><y>220</y></pt><pt><x>336</x><y>215</y></pt><pt><x>332</x><y>211</y></pt><pt><x>329</x><y>209</y></pt><pt><x>327</x><y>206</y></pt><pt><x>322</x><y>206</y></pt><pt><x>320</x><y>206</y></pt><pt><x>324</x><y>208</y></pt><pt><x>330</x><y>210</y></pt><pt><x>329</x><y>215</y></pt><pt><x>326</x><y>217</y></pt><pt><x>321</x><y>219</y></pt><pt><x>318</x><y>217</y></pt><pt><x>311</x><y>217</y></pt><pt><x>307</x><y>218</y></pt><pt><x>302</x><y>220</y></pt><pt><x>297</x><y>214</y></pt><pt><x>296</x><y>210</y></pt><pt><x>294</x><y>207</y></pt><pt><x>291</x><y>205</y></pt><pt><x>288</x><y>206</y></pt><pt><x>285</x><y>206</y></pt><pt><x>284</x><y>210</y></pt><pt><x>286</x><y>215</y></pt><pt><x>288</x><y>218</y></pt><pt><x>293</x><y>217</y></pt><pt><x>295</x><y>217</y></pt><pt><x>297</x><y>220</y></pt><pt><x>298</x><y>223</y></pt><pt><x>297</x><y>228</y></pt><pt><x>296</x><y>231</y></pt><pt><x>286</x><y>224</y></pt><pt><x>276</x><y>220</y></pt><pt><x>271</x><y>219</y></pt><pt><x>266</x><y>219</y></pt><pt><x>262</x><y>220</y></pt><pt><x>258</x><y>222</y></pt><pt><x>257</x><y>224</y></pt><pt><x>261</x><y>230</y></pt><pt><x>263</x><y>233</y></pt><pt><x>253</x><y>233</y></pt><pt><x>241</x><y>237</y></pt><pt><x>235</x><y>236</y></pt><pt><x>233</x><y>238</y></pt><pt><x>229</x><y>238</y></pt><pt><x>226</x><y>238</y></pt><pt><x>224</x><y>237</y></pt><pt><x>220</x><y>238</y></pt><pt><x>220</x><y>240</y></pt><pt><x>221</x><y>244</y></pt><pt><x>220</x><y>249</y></pt><pt><x>218</x><y>253</y></pt><pt><x>218</x><y>255</y></pt><pt><x>225</x><y>257</y></pt><pt><x>231</x><y>256</y></pt><pt><x>230</x><y>259</y></pt><pt><x>223</x><y>264</y></pt><pt><x>218</x><y>264</y></pt><pt><x>214</x><y>264</y></pt><pt><x>209</x><y>267</y></pt><pt><x>207</x><y>274</y></pt><pt><x>207</x><y>280</y></pt><pt><x>208</x><y>285</y></pt><pt><x>219</x><y>278</y></pt><pt><x>223</x><y>273</y></pt><pt><x>224</x><y>269</y></pt><pt><x>226</x><y>265</y></pt><pt><x>231</x><y>262</y></pt><pt><x>233</x><y>264</y></pt><pt><x>240</x><y>258</y></pt><pt><x>248</x><y>255</y></pt><pt><x>253</x><y>254</y></pt><pt><x>255</x><y>254</y></pt><pt><x>252</x><y>258</y></pt><pt><x>250</x><y>263</y></pt><pt><x>250</x><y>267</y></pt><pt><x>253</x><y>268</y></pt><pt><x>253</x><y>274</y></pt><pt><x>244</x><y>276</y></pt><pt><x>226</x><y>284</y></pt><pt><x>225</x><y>288</y></pt><pt><x>229</x><y>293</y></pt><pt><x>232</x><y>298</y></pt><pt><x>249</x><y>288</y></pt><pt><x>265</x><y>281</y></pt><pt><x>275</x><y>280</y></pt><pt><x>278</x><y>281</y></pt><pt><x>273</x><y>284</y></pt><pt><x>268</x><y>286</y></pt><pt><x>262</x><y>289</y></pt><pt><x>258</x><y>292</y></pt><pt><x>256</x><y>292</y></pt><pt><x>252</x><y>295</y></pt><pt><x>251</x><y>300</y></pt><pt><x>253</x><y>298</y></pt><pt><x>258</x><y>295</y></pt><pt><x>262</x><y>293</y></pt><pt><x>269</x><y>289</y></pt><pt><x>275</x><y>287</y></pt><pt><x>284</x><y>286</y></pt><pt><x>292</x><y>287</y></pt><pt><x>294</x><y>290</y></pt><pt><x>296</x><y>297</y></pt><pt><x>295</x><y>305</y></pt><pt><x>292</x><y>313</y></pt><pt><x>291</x><y>318</y></pt><pt><x>287</x><y>325</y></pt><pt><x>284</x><y>333</y></pt><pt><x>283</x><y>343</y></pt><pt><x>290</x><y>343</y></pt><pt><x>304</x><y>341</y></pt><pt><x>315</x><y>342</y></pt><pt><x>316</x><y>326</y></pt><pt><x>320</x><y>329</y></pt><pt><x>324</x><y>337</y></pt><pt><x>327</x><y>341</y></pt><pt><x>334</x><y>340</y></pt><pt><x>339</x><y>336</y></pt><pt><x>336</x><y>331</y></pt><pt><x>335</x><y>325</y></pt><pt><x>336</x><y>320</y></pt><pt><x>338</x><y>315</y></pt><pt><x>339</x><y>309</y></pt><pt><x>338</x><y>304</y></pt><pt><x>336</x><y>299</y></pt><pt><x>333</x><y>295</y></pt><pt><x>334</x><y>289</y></pt><pt><x>340</x><y>286</y></pt><pt><x>345</x><y>284</y></pt></polygon></object><object><name>flowers</name><deleted>0</deleted><verified>0</verified><date>15-Jul-2012 13:52:42</date><id>1</id><polygon><username>sandy</username><pt><x>526</x><y>84</y></pt><pt><x>535</x><y>122</y></pt><pt><x>541</x><y>146</y></pt><pt><x>550</x><y>153</y></pt><pt><x>555</x><y>159</y></pt><pt><x>557</x><y>164</y></pt><pt><x>559</x><y>171</y></pt><pt><x>559</x><y>177</y></pt><pt><x>557</x><y>181</y></pt><pt><x>551</x><y>182</y></pt><pt><x>548</x><y>178</y></pt><pt><x>548</x><y>182</y></pt><pt><x>542</x><y>184</y></pt><pt><x>536</x><y>184</y></pt><pt><x>532</x><y>177</y></pt><pt><x>533</x><y>174</y></pt><pt><x>539</x><y>173</y></pt><pt><x>543</x><y>171</y></pt><pt><x>536</x><y>157</y></pt><pt><x>532</x><y>155</y></pt><pt><x>527</x><y>151</y></pt><pt><x>525</x><y>148</y></pt><pt><x>530</x><y>144</y></pt><pt><x>532</x><y>144</y></pt><pt><x>524</x><y>96</y></pt><pt><x>520</x><y>79</y></pt><pt><x>517</x><y>77</y></pt><pt><x>516</x><y>79</y></pt><pt><x>513</x><y>81</y></pt><pt><x>510</x><y>80</y></pt><pt><x>507</x><y>78</y></pt><pt><x>505</x><y>73</y></pt><pt><x>503</x><y>68</y></pt><pt><x>497</x><y>68</y></pt><pt><x>495</x><y>64</y></pt><pt><x>494</x><y>59</y></pt><pt><x>495</x><y>57</y></pt><pt><x>490</x><y>55</y></pt><pt><x>489</x><y>54</y></pt><pt><x>487</x><y>53</y></pt><pt><x>482</x><y>52</y></pt><pt><x>479</x><y>51</y></pt><pt><x>476</x><y>50</y></pt><pt><x>476</x><y>49</y></pt><pt><x>476</x><y>47</y></pt><pt><x>482</x><y>47</y></pt><pt><x>490</x><y>48</y></pt><pt><x>494</x><y>49</y></pt><pt><x>499</x><y>51</y></pt><pt><x>503</x><y>54</y></pt><pt><x>505</x><y>57</y></pt><pt><x>507</x><y>58</y></pt><pt><x>508</x><y>56</y></pt><pt><x>512</x><y>54</y></pt><pt><x>514</x><y>52</y></pt><pt><x>516</x><y>52</y></pt><pt><x>521</x><y>55</y></pt><pt><x>525</x><y>58</y></pt><pt><x>531</x><y>64</y></pt><pt><x>534</x><y>67</y></pt><pt><x>538</x><y>82</y></pt><pt><x>536</x><y>84</y></pt><pt><x>532</x><y>84</y></pt></polygon></object><object><name>cushion</name><deleted>0</deleted><verified>0</verified><date>15-Jul-2012 13:52:42</date><id>2</id><polygon><username>sandy</username><pt><x>476</x><y>471</y></pt><pt><x>553</x><y>467</y></pt><pt><x>592</x><y>458</y></pt><pt><x>614</x><y>444</y></pt><pt><x>596</x><y>428</y></pt><pt><x>559</x><y>411</y></pt><pt><x>540</x><y>398</y></pt><pt><x>520</x><y>388</y></pt><pt><x>489</x><y>386</y></pt><pt><x>451</x><y>385</y></pt><pt><x>408</x><y>393</y></pt><pt><x>383</x><y>397</y></pt><pt><x>353</x><y>409</y></pt><pt><x>337</x><y>420</y></pt><pt><x>351</x><y>432</y></pt><pt><x>382</x><y>452</y></pt><pt><x>396</x><y>463</y></pt><pt><x>431</x><y>473</y></pt><pt><x>456</x><y>473</y></pt></polygon></object><object><name>cushion</name><deleted>0</deleted><verified>0</verified><date>15-Jul-2012 13:52:42</date><id>3</id><polygon><username>sandy</username><pt><x>517</x><y>538</y></pt><pt><x>589</x><y>525</y></pt><pt><x>629</x><y>502</y></pt><pt><x>617</x><y>495</y></pt><pt><x>581</x><y>479</y></pt><pt><x>557</x><y>467</y></pt><pt><x>519</x><y>445</y></pt><pt><x>389</x><y>454</y></pt><pt><x>358</x><y>466</y></pt><pt><x>323</x><y>486</y></pt><pt><x>347</x><y>504</y></pt><pt><x>383</x><y>523</y></pt><pt><x>410</x><y>532</y></pt><pt><x>445</x><y>545</y></pt><pt><x>487</x><y>541</y></pt></polygon></object><object><name>cushion</name><deleted>0</deleted><verified>0</verified><date>15-Jul-2012 13:52:42</date><id>4</id><polygon><username>sandy</username><pt><x>300</x><y>506</y></pt><pt><x>343</x><y>501</y></pt><pt><x>610</x><y>512</y></pt><pt><x>674</x><y>523</y></pt><pt><x>678</x><y>543</y></pt><pt><x>680</x><y>557</y></pt><pt><x>686</x><y>598</y></pt><pt><x>340</x><y>598</y></pt><pt><x>299</x><y>576</y></pt><pt><x>295</x><y>535</y></pt><pt><x>294</x><y>518</y></pt></polygon></object><object><name>cushion</name><deleted>0</deleted><verified>0</verified><date>15-Jul-2012 13:52:42</date><id>5</id><polygon><username>sandy</username><pt><x>799</x><y>519</y></pt><pt><x>735</x><y>527</y></pt><pt><x>682</x><y>543</y></pt><pt><x>607</x><y>512</y></pt><pt><x>558</x><y>461</y></pt><pt><x>615</x><y>438</y></pt><pt><x>798</x><y>435</y></pt></polygon></object><object><name>cushion</name><deleted>0</deleted><verified>0</verified><date>15-Jul-2012 13:52:42</date><id>6</id><polygon><username>sandy</username><pt><x>566</x><y>404</y></pt><pt><x>605</x><y>389</y></pt><pt><x>635</x><y>377</y></pt><pt><x>757</x><y>383</y></pt><pt><x>785</x><y>400</y></pt><pt><x>784</x><y>440</y></pt><pt><x>760</x><y>450</y></pt><pt><x>724</x><y>455</y></pt><pt><x>694</x><y>465</y></pt><pt><x>681</x><y>462</y></pt><pt><x>642</x><y>454</y></pt><pt><x>610</x><y>444</y></pt><pt><x>572</x><y>425</y></pt></polygon></object><object><name>cushion</name><deleted>0</deleted><verified>0</verified><date>15-Jul-2012 13:52:42</date><id>7</id><polygon><username>sandy</username><pt><x>614</x><y>359</y></pt><pt><x>639</x><y>346</y></pt><pt><x>667</x><y>335</y></pt><pt><x>717</x><y>334</y></pt><pt><x>734</x><y>337</y></pt><pt><x>780</x><y>362</y></pt><pt><x>778</x><y>370</y></pt><pt><x>769</x><y>374</y></pt><pt><x>762</x><y>383</y></pt><pt><x>724</x><y>388</y></pt><pt><x>694</x><y>392</y></pt><pt><x>675</x><y>392</y></pt><pt><x>660</x><y>384</y></pt><pt><x>645</x><y>384</y></pt><pt><x>637</x><y>382</y></pt><pt><x>628</x><y>376</y></pt><pt><x>616</x><y>372</y></pt><pt><x>609</x><y>367</y></pt></polygon></object><object><name>cushion</name><deleted>0</deleted><verified>0</verified><date>15-Jul-2012 13:52:42</date><id>8</id><polygon><username>sandy</username><pt><x>473</x><y>327</y></pt><pt><x>484</x><y>289</y></pt><pt><x>494</x><y>264</y></pt><pt><x>494</x><y>248</y></pt><pt><x>490</x><y>233</y></pt><pt><x>488</x><y>229</y></pt><pt><x>483</x><y>231</y></pt><pt><x>447</x><y>248</y></pt><pt><x>437</x><y>245</y></pt><pt><x>428</x><y>232</y></pt><pt><x>414</x><y>242</y></pt><pt><x>403</x><y>255</y></pt><pt><x>391</x><y>287</y></pt><pt><x>383</x><y>295</y></pt><pt><x>382</x><y>306</y></pt><pt><x>363</x><y>328</y></pt><pt><x>400</x><y>333</y></pt><pt><x>458</x><y>334</y></pt><pt><x>468</x><y>335</y></pt></polygon></object><object><name>cushion</name><deleted>0</deleted><verified>0</verified><date>15-Jul-2012 13:52:42</date><id>9</id><polygon><username>sandy</username><pt><x>5</x><y>246</y></pt><pt><x>21</x><y>257</y></pt><pt><x>25</x><y>262</y></pt><pt><x>26</x><y>255</y></pt><pt><x>32</x><y>248</y></pt><pt><x>33</x><y>242</y></pt><pt><x>40</x><y>241</y></pt><pt><x>47</x><y>249</y></pt><pt><x>56</x><y>257</y></pt><pt><x>60</x><y>261</y></pt><pt><x>68</x><y>263</y></pt><pt><x>75</x><y>258</y></pt><pt><x>77</x><y>253</y></pt><pt><x>81</x><y>245</y></pt><pt><x>87</x><y>242</y></pt><pt><x>102</x><y>252</y></pt><pt><x>110</x><y>255</y></pt><pt><x>117</x><y>260</y></pt><pt><x>138</x><y>338</y></pt><pt><x>142</x><y>345</y></pt><pt><x>125</x><y>346</y></pt><pt><x>102</x><y>351</y></pt><pt><x>92</x><y>354</y></pt><pt><x>80</x><y>361</y></pt><pt><x>65</x><y>367</y></pt><pt><x>56</x><y>366</y></pt><pt><x>45</x><y>362</y></pt><pt><x>40</x><y>367</y></pt><pt><x>0</x><y>368</y></pt></polygon></object><object><name>painting</name><deleted>0</deleted><verified>0</verified><date>15-Jul-2012 13:52:42</date><id>10</id><polygon><username>sandy</username><pt><x>314</x><y>110</y></pt><pt><x>512</x><y>113</y></pt><pt><x>511</x><y>1</y></pt><pt><x>313</x><y>2</y></pt></polygon></object><object><name>painting</name><deleted>0</deleted><verified>0</verified><date>15-Jul-2012 13:52:42</date><id>11</id><polygon><username>sandy</username><pt><x>197</x><y>45</y></pt><pt><x>297</x><y>51</y></pt><pt><x>296</x><y>2</y></pt><pt><x>193</x><y>2</y></pt></polygon></object><object><name>painting</name><deleted>0</deleted><verified>0</verified><date>15-Jul-2012 13:52:42</date><id>12</id><polygon><username>sandy</username><pt><x>110</x><y>34</y></pt><pt><x>176</x><y>37</y></pt><pt><x>176</x><y>0</y></pt><pt><x>109</x><y>2</y></pt></polygon></object><object><name>painting</name><deleted>0</deleted><verified>0</verified><date>15-Jul-2012 13:52:42</date><id>13</id><polygon><username>sandy</username><pt><x>141</x><y>61</y></pt><pt><x>141</x><y>61</y></pt><pt><x>241</x><y>62</y></pt><pt><x>241</x><y>149</y></pt><pt><x>137</x><y>149</y></pt></polygon></object><object><name>painting</name><deleted>0</deleted><verified>0</verified><date>15-Jul-2012 13:52:42</date><id>14</id><polygon><username>sandy</username><pt><x>70</x><y>125</y></pt><pt><x>72</x><y>0</y></pt><pt><x>0</x><y>1</y></pt><pt><x>2</x><y>125</y></pt></polygon></object><object><name>painting</name><deleted>0</deleted><verified>0</verified><date>15-Jul-2012 13:52:42</date><id>15</id><polygon><username>sandy</username><pt><x>610</x><y>263</y></pt><pt><x>609</x><y>1</y></pt><pt><x>797</x><y>2</y></pt><pt><x>799</x><y>285</y></pt></polygon></object><object><name>table</name><deleted>0</deleted><verified>0</verified><date>15-Jul-2012 13:52:42</date><id>16</id><polygon><username>sandy</username><pt><x>114</x><y>382</y></pt><pt><x>107</x><y>399</y></pt><pt><x>101</x><y>420</y></pt><pt><x>107</x><y>446</y></pt><pt><x>114</x><y>479</y></pt><pt><x>115</x><y>498</y></pt><pt><x>115</x><y>507</y></pt><pt><x>105</x><y>534</y></pt><pt><x>99</x><y>538</y></pt><pt><x>93</x><y>541</y></pt><pt><x>93</x><y>543</y></pt><pt><x>100</x><y>540</y></pt><pt><x>109</x><y>539</y></pt><pt><x>118</x><y>516</y></pt><pt><x>157</x><y>512</y></pt><pt><x>157</x><y>547</y></pt><pt><x>155</x><y>566</y></pt><pt><x>152</x><y>573</y></pt><pt><x>148</x><y>581</y></pt><pt><x>143</x><y>585</y></pt><pt><x>154</x><y>585</y></pt><pt><x>159</x><y>567</y></pt><pt><x>164</x><y>549</y></pt><pt><x>302</x><y>510</y></pt><pt><x>497</x><y>514</y></pt><pt><x>490</x><y>390</y></pt><pt><x>487</x><y>382</y></pt><pt><x>484</x><y>376</y></pt><pt><x>484</x><y>370</y></pt><pt><x>510</x><y>366</y></pt><pt><x>511</x><y>355</y></pt><pt><x>432</x><y>321</y></pt><pt><x>94</x><y>353</y></pt><pt><x>88</x><y>356</y></pt><pt><x>86</x><y>366</y></pt><pt><x>87</x><y>372</y></pt></polygon></object><object><name>bowl</name><deleted>0</deleted><verified>0</verified><date>15-Jul-2012 13:52:42</date><id>17</id><polygon><username>sandy</username><pt><x>212</x><y>297</y></pt><pt><x>234</x><y>298</y></pt><pt><x>253</x><y>300</y></pt><pt><x>260</x><y>303</y></pt><pt><x>260</x><y>306</y></pt><pt><x>240</x><y>351</y></pt><pt><x>233</x><y>357</y></pt><pt><x>229</x><y>360</y></pt><pt><x>214</x><y>366</y></pt><pt><x>193</x><y>367</y></pt><pt><x>174</x><y>366</y></pt><pt><x>166</x><y>363</y></pt><pt><x>161</x><y>362</y></pt><pt><x>153</x><y>355</y></pt><pt><x>148</x><y>349</y></pt><pt><x>130</x><y>306</y></pt><pt><x>144</x><y>302</y></pt><pt><x>169</x><y>298</y></pt><pt><x>189</x><y>297</y></pt><pt><x>201</x><y>297</y></pt></polygon></object><object><name>painting</name><deleted>0</deleted><verified>0</verified><date>15-Jul-2012 13:52:42</date><id>18</id><polygon><username>sandy</username><pt><x>591</x><y>156</y></pt><pt><x>610</x><y>214</y></pt><pt><x>570</x><y>217</y></pt><pt><x>550</x><y>157</y></pt></polygon></object><object><name>mirror</name><deleted>1</deleted><verified>0</verified><date>15-Jul-2012 13:52:42</date><id>19</id><polygon><username>sandy</username><pt><x>581</x><y>288</y></pt><pt><x>608</x><y>386</y></pt><pt><x>519</x><y>399</y></pt><pt><x>519</x><y>294</y></pt></polygon></object><object><name>basket</name><deleted>0</deleted><verified>0</verified><date>15-Jul-2012 13:52:42</date><id>20</id><polygon><username>sandy</username><pt><x>614</x><y>332</y></pt><pt><x>631</x><y>329</y></pt><pt><x>673</x><y>335</y></pt><pt><x>631</x><y>379</y></pt><pt><x>587</x><y>398</y></pt><pt><x>579</x><y>392</y></pt><pt><x>573</x><y>341</y></pt><pt><x>573</x><y>334</y></pt><pt><x>578</x><y>332</y></pt><pt><x>582</x><y>328</y></pt><pt><x>587</x><y>326</y></pt><pt><x>593</x><y>326</y></pt><pt><x>599</x><y>326</y></pt><pt><x>607</x><y>327</y></pt></polygon></object><object><name>book</name><deleted>0</deleted><verified>0</verified><date>15-Jul-2012 13:52:42</date><id>21</id><polygon><username>sandy</username><pt><x>109</x><y>582</y></pt><pt><x>107</x><y>569</y></pt><pt><x>98</x><y>562</y></pt><pt><x>98</x><y>545</y></pt><pt><x>96</x><y>538</y></pt><pt><x>91</x><y>534</y></pt><pt><x>102</x><y>534</y></pt><pt><x>102</x><y>522</y></pt><pt><x>101</x><y>509</y></pt><pt><x>83</x><y>495</y></pt><pt><x>2</x><y>503</y></pt><pt><x>0</x><y>590</y></pt><pt><x>60</x><y>590</y></pt></polygon></object><object><name>bowl</name><deleted>0</deleted><verified>0</verified><date>15-Jul-2012 13:52:42</date><id>22</id><polygon><username>sandy</username><pt><x>329</x><y>363</y></pt><pt><x>363</x><y>362</y></pt><pt><x>385</x><y>352</y></pt><pt><x>357</x><y>338</y></pt><pt><x>286</x><y>343</y></pt><pt><x>286</x><y>348</y></pt><pt><x>299</x><y>352</y></pt><pt><x>303</x><y>357</y></pt></polygon></object><object><name>sofa</name><deleted>0</deleted><verified>0</verified><date>15-Jul-2012 13:52:42</date><id>23</id><polygon><username>sandy</username><pt><x>536</x><y>204</y></pt><pt><x>527</x><y>250</y></pt><pt><x>524</x><y>297</y></pt><pt><x>519</x><y>387</y></pt><pt><x>519</x><y>396</y></pt><pt><x>334</x><y>419</y></pt><pt><x>194</x><y>436</y></pt><pt><x>0</x><y>454</y></pt><pt><x>2</x><y>182</y></pt><pt><x>105</x><y>192</y></pt><pt><x>168</x><y>196</y></pt><pt><x>264</x><y>187</y></pt><pt><x>356</x><y>170</y></pt><pt><x>377</x><y>170</y></pt><pt><x>463</x><y>185</y></pt><pt><x>531</x><y>198</y></pt></polygon></object><object><name>table</name><deleted>0</deleted><verified>0</verified><date>15-Jul-2012 13:52:42</date><id>24</id><polygon><username>sandy</username><pt><x>533</x><y>231</y></pt><pt><x>556</x><y>236</y></pt><pt><x>567</x><y>235</y></pt><pt><x>568</x><y>314</y></pt><pt><x>566</x><y>325</y></pt><pt><x>561</x><y>337</y></pt><pt><x>542</x><y>356</y></pt><pt><x>531</x><y>367</y></pt><pt><x>524</x><y>377</y></pt><pt><x>522</x><y>387</y></pt><pt><x>525</x><y>390</y></pt><pt><x>529</x><y>376</y></pt><pt><x>552</x><y>353</y></pt><pt><x>566</x><y>333</y></pt><pt><x>569</x><y>329</y></pt><pt><x>567</x><y>353</y></pt><pt><x>565</x><y>359</y></pt><pt><x>565</x><y>394</y></pt><pt><x>564</x><y>402</y></pt><pt><x>567</x><y>401</y></pt><pt><x>568</x><y>359</y></pt><pt><x>574</x><y>327</y></pt><pt><x>584</x><y>345</y></pt><pt><x>595</x><y>357</y></pt><pt><x>605</x><y>363</y></pt><pt><x>611</x><y>371</y></pt><pt><x>619</x><y>383</y></pt><pt><x>623</x><y>381</y></pt><pt><x>608</x><y>362</y></pt><pt><x>590</x><y>345</y></pt><pt><x>576</x><y>323</y></pt><pt><x>575</x><y>315</y></pt><pt><x>573</x><y>305</y></pt><pt><x>571</x><y>233</y></pt><pt><x>622</x><y>231</y></pt><pt><x>625</x><y>232</y></pt><pt><x>630</x><y>230</y></pt><pt><x>632</x><y>228</y></pt><pt><x>638</x><y>226</y></pt><pt><x>636</x><y>219</y></pt><pt><x>605</x><y>214</y></pt><pt><x>534</x><y>218</y></pt></polygon></object><object><name>vase</name><deleted>0</deleted><verified>0</verified><date>15-Jul-2012 13:52:42</date><id>25</id><polygon><username>sandy</username><pt><x>275</x><y>311</y></pt><pt><x>276</x><y>282</y></pt><pt><x>341</x><y>282</y></pt><pt><x>347</x><y>287</y></pt><pt><x>349</x><y>344</y></pt><pt><x>302</x><y>352</y></pt><pt><x>275</x><y>348</y></pt></polygon></object><object><name>basket</name><deleted>0</deleted><verified>0</verified><date>15-Jul-2012 13:52:42</date><id>26</id><polygon><username>sandy</username><pt><x>518</x><y>182</y></pt><pt><x>526</x><y>219</y></pt><pt><x>556</x><y>223</y></pt><pt><x>581</x><y>218</y></pt><pt><x>586</x><y>194</y></pt><pt><x>588</x><y>192</y></pt><pt><x>579</x><y>177</y></pt><pt><x>554</x><y>175</y></pt><pt><x>533</x><y>178</y></pt></polygon></object><imagesize><nrows>600</nrows><ncols>800</ncols></imagesize></annotation>