<annotation><filename>l_living_room.jpg</filename><folder>100images</folder><source><sourceImage>The MIT-CSAIL database of objects and scenes</sourceImage><sourceAnnotation>LabelMe Webtool</sourceAnnotation></source><object><name>bed</name><deleted>0</deleted><verified>0</verified><date>14-Jul-2012 23:00:13</date><id>0</id><polygon><username>sandy</username><pt><x>798</x><y>474</y></pt><pt><x>730</x><y>421</y></pt><pt><x>720</x><y>415</y></pt><pt><x>713</x><y>408</y></pt><pt><x>703</x><y>403</y></pt><pt><x>693</x><y>398</y></pt><pt><x>685</x><y>389</y></pt><pt><x>674</x><y>384</y></pt><pt><x>277</x><y>396</y></pt><pt><x>178</x><y>391</y></pt><pt><x>174</x><y>353</y></pt><pt><x>161</x><y>320</y></pt><pt><x>2</x><y>413</y></pt><pt><x>2</x><y>598</y></pt><pt><x>797</x><y>599</y></pt></polygon></object><object><name>chair</name><deleted>0</deleted><verified>0</verified><date>14-Jul-2012 23:00:13</date><id>1</id><polygon><username>sandy</username><pt><x>345</x><y>297</y></pt><pt><x>430</x><y>296</y></pt><pt><x>433</x><y>383</y></pt><pt><x>332</x><y>389</y></pt><pt><x>331</x><y>351</y></pt><pt><x>339</x><y>328</y></pt><pt><x>345</x><y>328</y></pt></polygon></object><object><name>chair</name><deleted>0</deleted><verified>0</verified><date>14-Jul-2012 23:00:13</date><id>2</id><polygon><username>sandy</username><pt><x>629</x><y>250</y></pt><pt><x>643</x><y>252</y></pt><pt><x>655</x><y>258</y></pt><pt><x>666</x><y>266</y></pt><pt><x>670</x><y>275</y></pt><pt><x>669</x><y>288</y></pt><pt><x>673</x><y>290</y></pt><pt><x>671</x><y>310</y></pt><pt><x>665</x><y>333</y></pt><pt><x>661</x><y>346</y></pt><pt><x>659</x><y>353</y></pt><pt><x>653</x><y>375</y></pt><pt><x>649</x><y>377</y></pt><pt><x>579</x><y>375</y></pt><pt><x>564</x><y>373</y></pt><pt><x>519</x><y>362</y></pt><pt><x>524</x><y>344</y></pt><pt><x>527</x><y>335</y></pt><pt><x>532</x><y>329</y></pt><pt><x>537</x><y>322</y></pt><pt><x>545</x><y>321</y></pt><pt><x>550</x><y>321</y></pt><pt><x>562</x><y>329</y></pt><pt><x>572</x><y>312</y></pt><pt><x>582</x><y>279</y></pt><pt><x>585</x><y>277</y></pt><pt><x>590</x><y>263</y></pt><pt><x>597</x><y>257</y></pt><pt><x>609</x><y>254</y></pt><pt><x>618</x><y>250</y></pt></polygon></object><object><name>cat</name><deleted>0</deleted><verified>0</verified><date>14-Jul-2012 23:00:13</date><id>3</id><polygon><username>sandy</username><pt><x>628</x><y>468</y></pt><pt><x>639</x><y>445</y></pt><pt><x>641</x><y>440</y></pt><pt><x>639</x><y>436</y></pt><pt><x>636</x><y>436</y></pt><pt><x>629</x><y>437</y></pt><pt><x>626</x><y>441</y></pt><pt><x>620</x><y>454</y></pt><pt><x>613</x><y>448</y></pt><pt><x>611</x><y>441</y></pt><pt><x>609</x><y>433</y></pt><pt><x>604</x><y>422</y></pt><pt><x>607</x><y>408</y></pt><pt><x>592</x><y>420</y></pt><pt><x>584</x><y>420</y></pt><pt><x>580</x><y>423</y></pt><pt><x>574</x><y>423</y></pt><pt><x>572</x><y>422</y></pt><pt><x>569</x><y>426</y></pt><pt><x>569</x><y>431</y></pt><pt><x>570</x><y>440</y></pt><pt><x>565</x><y>445</y></pt><pt><x>563</x><y>450</y></pt><pt><x>562</x><y>456</y></pt><pt><x>557</x><y>460</y></pt><pt><x>551</x><y>467</y></pt><pt><x>545</x><y>474</y></pt><pt><x>543</x><y>485</y></pt><pt><x>541</x><y>495</y></pt><pt><x>545</x><y>501</y></pt><pt><x>551</x><y>514</y></pt><pt><x>558</x><y>518</y></pt><pt><x>596</x><y>522</y></pt><pt><x>623</x><y>523</y></pt><pt><x>644</x><y>515</y></pt><pt><x>653</x><y>513</y></pt><pt><x>653</x><y>508</y></pt><pt><x>651</x><y>502</y></pt><pt><x>644</x><y>502</y></pt><pt><x>637</x><y>503</y></pt><pt><x>632</x><y>500</y></pt><pt><x>626</x><y>501</y></pt><pt><x>620</x><y>495</y></pt><pt><x>611</x><y>482</y></pt><pt><x>611</x><y>476</y></pt><pt><x>622</x><y>473</y></pt></polygon></object><object><name>window</name><deleted>0</deleted><verified>0</verified><date>14-Jul-2012 23:00:13</date><id>4</id><polygon><username>sandy</username><pt><x>345</x><y>61</y></pt><pt><x>348</x><y>246</y></pt><pt><x>631</x><y>249</y></pt><pt><x>633</x><y>59</y></pt></polygon></object><object><name>picture</name><deleted>0</deleted><verified>0</verified><date>14-Jul-2012 23:00:13</date><id>5</id><polygon><username>sandy</username><pt><x>148</x><y>268</y></pt><pt><x>143</x><y>209</y></pt><pt><x>145</x><y>211</y></pt><pt><x>145</x><y>165</y></pt><pt><x>141</x><y>162</y></pt><pt><x>132</x><y>157</y></pt><pt><x>139</x><y>153</y></pt><pt><x>141</x><y>93</y></pt><pt><x>137</x><y>75</y></pt><pt><x>141</x><y>31</y></pt><pt><x>135</x><y>17</y></pt><pt><x>134</x><y>0</y></pt><pt><x>2</x><y>1</y></pt><pt><x>3</x><y>312</y></pt><pt><x>23</x><y>307</y></pt><pt><x>43</x><y>296</y></pt><pt><x>60</x><y>290</y></pt><pt><x>61</x><y>300</y></pt><pt><x>98</x><y>285</y></pt><pt><x>110</x><y>279</y></pt><pt><x>128</x><y>275</y></pt><pt><x>129</x><y>279</y></pt><pt><x>138</x><y>275</y></pt></polygon></object><object><name>picture</name><deleted>0</deleted><verified>0</verified><date>14-Jul-2012 23:00:13</date><id>6</id><polygon><username>sandy</username><pt><x>180</x><y>55</y></pt><pt><x>183</x><y>2</y></pt><pt><x>148</x><y>2</y></pt><pt><x>147</x><y>36</y></pt></polygon></object><object><name>picture</name><deleted>0</deleted><verified>0</verified><date>14-Jul-2012 23:00:13</date><id>7</id><polygon><username>sandy</username><pt><x>233</x><y>30</y></pt><pt><x>237</x><y>96</y></pt><pt><x>238</x><y>165</y></pt><pt><x>240</x><y>217</y></pt><pt><x>239</x><y>220</y></pt><pt><x>200</x><y>228</y></pt><pt><x>204</x><y>105</y></pt><pt><x>198</x><y>0</y></pt><pt><x>217</x><y>12</y></pt></polygon></object><object><name>picture</name><deleted>0</deleted><verified>0</verified><date>14-Jul-2012 23:00:13</date><id>8</id><polygon><username>sandy</username><pt><x>282</x><y>94</y></pt><pt><x>280</x><y>119</y></pt><pt><x>313</x><y>122</y></pt><pt><x>312</x><y>94</y></pt></polygon></object><object><name>picture</name><deleted>0</deleted><verified>0</verified><date>14-Jul-2012 23:00:13</date><id>9</id><polygon><username>sandy</username><pt><x>271</x><y>129</y></pt><pt><x>274</x><y>159</y></pt><pt><x>275</x><y>163</y></pt><pt><x>300</x><y>160</y></pt><pt><x>297</x><y>127</y></pt></polygon></object><object><name>picture</name><deleted>0</deleted><verified>0</verified><date>14-Jul-2012 23:00:13</date><id>10</id><polygon><username>sandy</username><pt><x>335</x><y>126</y></pt><pt><x>333</x><y>151</y></pt><pt><x>300</x><y>152</y></pt><pt><x>303</x><y>123</y></pt></polygon></object><object><name>picture</name><deleted>0</deleted><verified>0</verified><date>14-Jul-2012 23:00:13</date><id>11</id><polygon><username>sandy</username><pt><x>329</x><y>159</y></pt><pt><x>331</x><y>191</y></pt><pt><x>303</x><y>189</y></pt><pt><x>304</x><y>158</y></pt></polygon></object><object><name>picture</name><deleted>0</deleted><verified>0</verified><date>14-Jul-2012 23:00:13</date><id>12</id><polygon><username>sandy</username><pt><x>308</x><y>220</y></pt><pt><x>305</x><y>193</y></pt><pt><x>339</x><y>193</y></pt><pt><x>337</x><y>217</y></pt><pt><x>333</x><y>219</y></pt></polygon></object><object><name>picture</name><deleted>0</deleted><verified>0</verified><date>14-Jul-2012 23:00:13</date><id>13</id><polygon><username>sandy</username><pt><x>311</x><y>256</y></pt><pt><x>312</x><y>223</y></pt><pt><x>335</x><y>224</y></pt><pt><x>335</x><y>256</y></pt><pt><x>332</x><y>257</y></pt></polygon></object><object><name>picture</name><deleted>0</deleted><verified>0</verified><date>14-Jul-2012 23:00:13</date><id>14</id><polygon><username>sandy</username><pt><x>295</x><y>262</y></pt><pt><x>297</x><y>288</y></pt><pt><x>332</x><y>288</y></pt><pt><x>331</x><y>261</y></pt></polygon></object><object><name>picture</name><deleted>0</deleted><verified>0</verified><date>14-Jul-2012 23:00:13</date><id>15</id><polygon><username>sandy</username><pt><x>773</x><y>178</y></pt><pt><x>772</x><y>218</y></pt><pt><x>766</x><y>221</y></pt><pt><x>737</x><y>216</y></pt><pt><x>739</x><y>177</y></pt></polygon></object><object><name>picture</name><deleted>0</deleted><verified>0</verified><date>14-Jul-2012 23:00:13</date><id>16</id><polygon><username>sandy</username><pt><x>765</x><y>228</y></pt><pt><x>763</x><y>277</y></pt><pt><x>764</x><y>280</y></pt><pt><x>797</x><y>283</y></pt><pt><x>799</x><y>229</y></pt></polygon></object><object><name>laptop</name><deleted>0</deleted><verified>0</verified><date>14-Jul-2012 23:00:13</date><id>17</id><polygon><username>sandy</username><pt><x>210</x><y>416</y></pt><pt><x>337</x><y>398</y></pt><pt><x>346</x><y>472</y></pt><pt><x>227</x><y>496</y></pt></polygon></object><object><name>lamp</name><deleted>0</deleted><verified>0</verified><date>14-Jul-2012 23:00:13</date><id>18</id><polygon><username>sandy</username><pt><x>298</x><y>194</y></pt><pt><x>298</x><y>226</y></pt><pt><x>299</x><y>228</y></pt><pt><x>281</x><y>230</y></pt><pt><x>283</x><y>237</y></pt><pt><x>285</x><y>244</y></pt><pt><x>290</x><y>242</y></pt><pt><x>290</x><y>235</y></pt><pt><x>292</x><y>232</y></pt><pt><x>299</x><y>240</y></pt><pt><x>293</x><y>247</y></pt><pt><x>297</x><y>250</y></pt><pt><x>293</x><y>263</y></pt><pt><x>290</x><y>272</y></pt><pt><x>285</x><y>282</y></pt><pt><x>283</x><y>293</y></pt><pt><x>272</x><y>290</y></pt><pt><x>269</x><y>277</y></pt><pt><x>267</x><y>277</y></pt><pt><x>261</x><y>275</y></pt><pt><x>257</x><y>269</y></pt><pt><x>258</x><y>266</y></pt><pt><x>263</x><y>267</y></pt><pt><x>263</x><y>265</y></pt><pt><x>263</x><y>260</y></pt><pt><x>260</x><y>256</y></pt><pt><x>256</x><y>256</y></pt><pt><x>254</x><y>248</y></pt><pt><x>256</x><y>246</y></pt><pt><x>260</x><y>248</y></pt><pt><x>265</x><y>245</y></pt><pt><x>261</x><y>244</y></pt><pt><x>257</x><y>240</y></pt><pt><x>265</x><y>238</y></pt><pt><x>268</x><y>242</y></pt><pt><x>269</x><y>244</y></pt><pt><x>268</x><y>234</y></pt><pt><x>271</x><y>234</y></pt><pt><x>271</x><y>229</y></pt><pt><x>252</x><y>229</y></pt><pt><x>255</x><y>192</y></pt><pt><x>274</x><y>192</y></pt><pt><x>286</x><y>193</y></pt></polygon></object><object><name>lamp</name><deleted>0</deleted><verified>0</verified><date>14-Jul-2012 23:00:13</date><id>19</id><polygon><username>sandy</username><pt><x>717</x><y>186</y></pt><pt><x>718</x><y>220</y></pt><pt><x>703</x><y>220</y></pt><pt><x>703</x><y>233</y></pt><pt><x>703</x><y>240</y></pt><pt><x>708</x><y>234</y></pt><pt><x>709</x><y>231</y></pt><pt><x>714</x><y>231</y></pt><pt><x>717</x><y>234</y></pt><pt><x>715</x><y>239</y></pt><pt><x>714</x><y>240</y></pt><pt><x>715</x><y>242</y></pt><pt><x>714</x><y>248</y></pt><pt><x>712</x><y>252</y></pt><pt><x>710</x><y>256</y></pt><pt><x>709</x><y>262</y></pt><pt><x>703</x><y>274</y></pt><pt><x>705</x><y>283</y></pt><pt><x>704</x><y>285</y></pt><pt><x>693</x><y>288</y></pt><pt><x>684</x><y>288</y></pt><pt><x>677</x><y>287</y></pt><pt><x>683</x><y>278</y></pt><pt><x>676</x><y>267</y></pt><pt><x>676</x><y>260</y></pt><pt><x>676</x><y>254</y></pt><pt><x>675</x><y>250</y></pt><pt><x>672</x><y>247</y></pt><pt><x>671</x><y>245</y></pt><pt><x>674</x><y>243</y></pt><pt><x>677</x><y>238</y></pt><pt><x>677</x><y>234</y></pt><pt><x>676</x><y>230</y></pt><pt><x>684</x><y>231</y></pt><pt><x>686</x><y>237</y></pt><pt><x>687</x><y>239</y></pt><pt><x>687</x><y>229</y></pt><pt><x>690</x><y>228</y></pt><pt><x>691</x><y>221</y></pt><pt><x>670</x><y>219</y></pt><pt><x>676</x><y>188</y></pt><pt><x>696</x><y>188</y></pt><pt><x>708</x><y>186</y></pt></polygon></object><object><name>blanket</name><deleted>0</deleted><verified>0</verified><date>14-Jul-2012 23:00:13</date><id>20</id><polygon><username>sandy</username><pt><x>449</x><y>431</y></pt><pt><x>476</x><y>431</y></pt><pt><x>483</x><y>441</y></pt><pt><x>490</x><y>440</y></pt><pt><x>494</x><y>455</y></pt><pt><x>493</x><y>461</y></pt><pt><x>496</x><y>469</y></pt><pt><x>507</x><y>473</y></pt><pt><x>516</x><y>472</y></pt><pt><x>522</x><y>475</y></pt><pt><x>529</x><y>484</y></pt><pt><x>533</x><y>491</y></pt><pt><x>544</x><y>492</y></pt><pt><x>542</x><y>504</y></pt><pt><x>536</x><y>512</y></pt><pt><x>520</x><y>521</y></pt><pt><x>499</x><y>529</y></pt><pt><x>481</x><y>532</y></pt><pt><x>484</x><y>544</y></pt><pt><x>488</x><y>594</y></pt><pt><x>240</x><y>594</y></pt><pt><x>236</x><y>574</y></pt><pt><x>242</x><y>554</y></pt><pt><x>235</x><y>534</y></pt><pt><x>276</x><y>520</y></pt><pt><x>291</x><y>513</y></pt><pt><x>302</x><y>508</y></pt><pt><x>310</x><y>499</y></pt><pt><x>324</x><y>485</y></pt><pt><x>331</x><y>481</y></pt><pt><x>342</x><y>475</y></pt><pt><x>353</x><y>469</y></pt><pt><x>361</x><y>471</y></pt><pt><x>361</x><y>459</y></pt><pt><x>370</x><y>431</y></pt><pt><x>379</x><y>427</y></pt><pt><x>385</x><y>430</y></pt><pt><x>391</x><y>434</y></pt><pt><x>405</x><y>436</y></pt><pt><x>409</x><y>436</y></pt><pt><x>419</x><y>435</y></pt><pt><x>426</x><y>434</y></pt><pt><x>435</x><y>435</y></pt></polygon></object><object><name>blinds</name><deleted>0</deleted><verified>0</verified><date>14-Jul-2012 23:00:13</date><id>21</id><polygon><username>sandy</username><pt><x>495</x><y>187</y></pt><pt><x>614</x><y>187</y></pt><pt><x>607</x><y>67</y></pt><pt><x>373</x><y>68</y></pt><pt><x>379</x><y>189</y></pt></polygon></object><object><name>curtains</name><deleted>0</deleted><verified>0</verified><date>14-Jul-2012 23:00:13</date><id>22</id><polygon><username>sandy</username><pt><x>433</x><y>87</y></pt><pt><x>435</x><y>59</y></pt><pt><x>337</x><y>67</y></pt><pt><x>335</x><y>299</y></pt><pt><x>408</x><y>297</y></pt><pt><x>422</x><y>248</y></pt><pt><x>427</x><y>163</y></pt></polygon></object><object><name>curtains</name><deleted>0</deleted><verified>0</verified><date>14-Jul-2012 23:00:13</date><id>23</id><polygon><username>sandy</username><pt><x>658</x><y>67</y></pt><pt><x>659</x><y>176</y></pt><pt><x>674</x><y>251</y></pt><pt><x>676</x><y>291</y></pt><pt><x>622</x><y>254</y></pt><pt><x>598</x><y>175</y></pt><pt><x>589</x><y>91</y></pt><pt><x>587</x><y>66</y></pt><pt><x>588</x><y>59</y></pt></polygon></object><object><name>book</name><deleted>0</deleted><verified>0</verified><date>14-Jul-2012 23:00:13</date><id>24</id><polygon><username>sandy</username><pt><x>187</x><y>140</y></pt><pt><x>200</x><y>139</y></pt><pt><x>201</x><y>145</y></pt><pt><x>207</x><y>145</y></pt><pt><x>214</x><y>147</y></pt><pt><x>220</x><y>155</y></pt><pt><x>223</x><y>199</y></pt><pt><x>196</x><y>202</y></pt><pt><x>156</x><y>201</y></pt><pt><x>151</x><y>148</y></pt><pt><x>174</x><y>145</y></pt><pt><x>178</x><y>142</y></pt><pt><x>180</x><y>139</y></pt></polygon></object><object><name>book</name><deleted>0</deleted><verified>0</verified><date>14-Jul-2012 23:00:13</date><id>25</id><polygon><username>sandy</username><pt><x>158</x><y>236</y></pt><pt><x>209</x><y>234</y></pt><pt><x>218</x><y>299</y></pt><pt><x>163</x><y>303</y></pt></polygon></object><object><name>book</name><deleted>0</deleted><verified>0</verified><date>14-Jul-2012 23:00:13</date><id>26</id><polygon><username>sandy</username><pt><x>730</x><y>220</y></pt><pt><x>758</x><y>225</y></pt><pt><x>764</x><y>226</y></pt><pt><x>764</x><y>280</y></pt><pt><x>753</x><y>280</y></pt><pt><x>725</x><y>272</y></pt></polygon></object><object><name>bookcase</name><deleted>0</deleted><verified>0</verified><date>14-Jul-2012 23:00:13</date><id>27</id><polygon><username>sandy</username><pt><x>760</x><y>88</y></pt><pt><x>754</x><y>88</y></pt><pt><x>751</x><y>94</y></pt><pt><x>747</x><y>98</y></pt><pt><x>743</x><y>101</y></pt><pt><x>744</x><y>108</y></pt><pt><x>743</x><y>152</y></pt><pt><x>738</x><y>158</y></pt><pt><x>735</x><y>164</y></pt><pt><x>736</x><y>217</y></pt><pt><x>729</x><y>266</y></pt><pt><x>724</x><y>269</y></pt><pt><x>721</x><y>270</y></pt><pt><x>720</x><y>275</y></pt><pt><x>717</x><y>325</y></pt><pt><x>716</x><y>348</y></pt><pt><x>799</x><y>384</y></pt><pt><x>799</x><y>82</y></pt></polygon></object><object><name>bookcase</name><deleted>0</deleted><verified>0</verified><date>14-Jul-2012 23:00:13</date><id>28</id><polygon><username>sandy</username><pt><x>151</x><y>58</y></pt><pt><x>160</x><y>90</y></pt><pt><x>172</x><y>90</y></pt><pt><x>174</x><y>96</y></pt><pt><x>197</x><y>102</y></pt><pt><x>198</x><y>79</y></pt><pt><x>205</x><y>80</y></pt><pt><x>205</x><y>102</y></pt><pt><x>208</x><y>107</y></pt><pt><x>209</x><y>118</y></pt><pt><x>201</x><y>117</y></pt><pt><x>252</x><y>370</y></pt><pt><x>241</x><y>371</y></pt><pt><x>231</x><y>325</y></pt><pt><x>225</x><y>297</y></pt><pt><x>207</x><y>306</y></pt><pt><x>225</x><y>387</y></pt><pt><x>208</x><y>381</y></pt><pt><x>191</x><y>307</y></pt><pt><x>161</x><y>307</y></pt><pt><x>160</x><y>297</y></pt><pt><x>184</x><y>288</y></pt><pt><x>170</x><y>205</y></pt><pt><x>153</x><y>207</y></pt><pt><x>151</x><y>192</y></pt><pt><x>164</x><y>190</y></pt><pt><x>149</x><y>106</y></pt><pt><x>142</x><y>105</y></pt><pt><x>140</x><y>92</y></pt><pt><x>148</x><y>91</y></pt><pt><x>142</x><y>57</y></pt></polygon></object><object><name>cushion</name><deleted>0</deleted><verified>0</verified><date>14-Jul-2012 23:00:13</date><id>29</id><polygon><username>sandy</username><pt><x>564</x><y>305</y></pt><pt><x>579</x><y>312</y></pt><pt><x>591</x><y>316</y></pt><pt><x>597</x><y>314</y></pt><pt><x>605</x><y>313</y></pt><pt><x>609</x><y>314</y></pt><pt><x>611</x><y>337</y></pt><pt><x>613</x><y>353</y></pt><pt><x>614</x><y>370</y></pt><pt><x>590</x><y>364</y></pt><pt><x>570</x><y>362</y></pt><pt><x>560</x><y>361</y></pt><pt><x>559</x><y>355</y></pt><pt><x>561</x><y>337</y></pt><pt><x>560</x><y>307</y></pt></polygon></object><object><name>chair</name><deleted>0</deleted><verified>0</verified><date>14-Jul-2012 23:00:13</date><id>30</id><polygon><username>sandy</username><pt><x>753</x><y>396</y></pt><pt><x>734</x><y>383</y></pt><pt><x>732</x><y>377</y></pt><pt><x>733</x><y>373</y></pt><pt><x>739</x><y>370</y></pt><pt><x>746</x><y>369</y></pt><pt><x>767</x><y>368</y></pt><pt><x>781</x><y>341</y></pt><pt><x>767</x><y>337</y></pt><pt><x>763</x><y>328</y></pt><pt><x>798</x><y>333</y></pt><pt><x>798</x><y>445</y></pt><pt><x>787</x><y>463</y></pt><pt><x>737</x><y>426</y></pt><pt><x>753</x><y>400</y></pt></polygon></object><object><name>cushion</name><deleted>0</deleted><verified>0</verified><date>14-Jul-2012 23:00:13</date><id>31</id><polygon><username>sandy</username><pt><x>765</x><y>361</y></pt><pt><x>790</x><y>364</y></pt><pt><x>791</x><y>392</y></pt><pt><x>781</x><y>392</y></pt><pt><x>751</x><y>369</y></pt><pt><x>743</x><y>369</y></pt><pt><x>740</x><y>365</y></pt><pt><x>745</x><y>364</y></pt><pt><x>756</x><y>362</y></pt></polygon></object><object><name>pillow</name><deleted>0</deleted><verified>0</verified><date>14-Jul-2012 23:00:13</date><id>32</id><polygon><username>sandy</username><pt><x>86</x><y>479</y></pt><pt><x>126</x><y>486</y></pt><pt><x>153</x><y>512</y></pt><pt><x>179</x><y>503</y></pt><pt><x>214</x><y>480</y></pt><pt><x>226</x><y>472</y></pt><pt><x>281</x><y>405</y></pt><pt><x>258</x><y>393</y></pt><pt><x>227</x><y>384</y></pt><pt><x>201</x><y>381</y></pt><pt><x>160</x><y>374</y></pt><pt><x>134</x><y>390</y></pt><pt><x>106</x><y>386</y></pt><pt><x>85</x><y>384</y></pt><pt><x>84</x><y>392</y></pt><pt><x>96</x><y>403</y></pt><pt><x>67</x><y>422</y></pt><pt><x>37</x><y>456</y></pt><pt><x>3</x><y>505</y></pt><pt><x>4</x><y>511</y></pt><pt><x>45</x><y>491</y></pt></polygon></object><object><name>curtainrod</name><deleted>0</deleted><verified>0</verified><date>14-Jul-2012 23:00:13</date><id>33</id><polygon><username>sandy</username><pt><x>328</x><y>53</y></pt><pt><x>328</x><y>66</y></pt><pt><x>657</x><y>65</y></pt><pt><x>657</x><y>52</y></pt><pt><x>663</x><y>53</y></pt><pt><x>662</x><y>64</y></pt><pt><x>682</x><y>65</y></pt><pt><x>692</x><y>62</y></pt><pt><x>696</x><y>64</y></pt><pt><x>695</x><y>67</y></pt><pt><x>694</x><y>72</y></pt><pt><x>691</x><y>75</y></pt><pt><x>689</x><y>71</y></pt><pt><x>683</x><y>70</y></pt><pt><x>327</x><y>71</y></pt><pt><x>321</x><y>71</y></pt><pt><x>311</x><y>74</y></pt><pt><x>310</x><y>67</y></pt><pt><x>311</x><y>63</y></pt><pt><x>316</x><y>62</y></pt><pt><x>319</x><y>66</y></pt><pt><x>322</x><y>66</y></pt><pt><x>323</x><y>52</y></pt></polygon></object><object><name>lampshade</name><deleted>0</deleted><verified>0</verified><date>14-Jul-2012 23:00:13</date><id>34</id><polygon><username>sandy</username><pt><x>277</x><y>228</y></pt><pt><x>298</x><y>229</y></pt><pt><x>297</x><y>194</y></pt><pt><x>277</x><y>192</y></pt><pt><x>255</x><y>195</y></pt><pt><x>253</x><y>229</y></pt></polygon></object><object><name>lampshade</name><deleted>0</deleted><verified>0</verified><date>14-Jul-2012 23:00:13</date><id>35</id><polygon><username>sandy</username><pt><x>696</x><y>219</y></pt><pt><x>719</x><y>219</y></pt><pt><x>716</x><y>188</y></pt><pt><x>698</x><y>188</y></pt><pt><x>671</x><y>189</y></pt><pt><x>673</x><y>219</y></pt></polygon></object><imagesize><nrows>600</nrows><ncols>800</ncols></imagesize></annotation>