<annotation><filename>l_library_indoor_students_library_computers.jpg</filename><folder>100images</folder><source><sourceImage>The MIT-CSAIL database of objects and scenes</sourceImage><sourceAnnotation>LabelMe Webtool</sourceAnnotation></source><object><name>book</name><deleted>0</deleted><verified>0</verified><date>12-Jul-2012 23:51:32</date><id>0</id><polygon><username>sandy</username><pt><x>344</x><y>274</y></pt><pt><x>340</x><y>309</y></pt><pt><x>393</x><y>302</y></pt><pt><x>437</x><y>320</y></pt><pt><x>434</x><y>327</y></pt><pt><x>418</x><y>332</y></pt><pt><x>420</x><y>340</y></pt><pt><x>428</x><y>341</y></pt><pt><x>442</x><y>346</y></pt><pt><x>447</x><y>336</y></pt><pt><x>477</x><y>317</y></pt><pt><x>538</x><y>324</y></pt><pt><x>588</x><y>334</y></pt><pt><x>589</x><y>325</y></pt><pt><x>652</x><y>324</y></pt><pt><x>663</x><y>307</y></pt><pt><x>705</x><y>310</y></pt><pt><x>716</x><y>309</y></pt><pt><x>739</x><y>306</y></pt><pt><x>741</x><y>300</y></pt><pt><x>732</x><y>295</y></pt><pt><x>739</x><y>288</y></pt><pt><x>751</x><y>270</y></pt><pt><x>798</x><y>278</y></pt><pt><x>798</x><y>598</y></pt><pt><x>660</x><y>598</y></pt><pt><x>655</x><y>566</y></pt><pt><x>607</x><y>559</y></pt><pt><x>610</x><y>538</y></pt><pt><x>610</x><y>520</y></pt><pt><x>602</x><y>517</y></pt><pt><x>602</x><y>505</y></pt><pt><x>590</x><y>503</y></pt><pt><x>588</x><y>484</y></pt><pt><x>546</x><y>467</y></pt><pt><x>533</x><y>497</y></pt><pt><x>437</x><y>493</y></pt><pt><x>442</x><y>454</y></pt><pt><x>428</x><y>456</y></pt><pt><x>424</x><y>467</y></pt><pt><x>269</x><y>442</y></pt><pt><x>266</x><y>429</y></pt><pt><x>251</x><y>426</y></pt><pt><x>222</x><y>454</y></pt><pt><x>173</x><y>452</y></pt><pt><x>173</x><y>484</y></pt><pt><x>82</x><y>565</y></pt><pt><x>0</x><y>559</y></pt><pt><x>2</x><y>411</y></pt><pt><x>31</x><y>391</y></pt><pt><x>72</x><y>398</y></pt><pt><x>75</x><y>392</y></pt><pt><x>92</x><y>380</y></pt><pt><x>92</x><y>375</y></pt><pt><x>162</x><y>329</y></pt><pt><x>188</x><y>334</y></pt><pt><x>187</x><y>306</y></pt><pt><x>177</x><y>304</y></pt><pt><x>180</x><y>293</y></pt><pt><x>218</x><y>271</y></pt><pt><x>239</x><y>249</y></pt><pt><x>326</x><y>253</y></pt><pt><x>327</x><y>256</y></pt><pt><x>332</x><y>258</y></pt><pt><x>330</x><y>268</y></pt></polygon></object><object><name>computer</name><deleted>0</deleted><verified>0</verified><date>12-Jul-2012 23:51:32</date><id>1</id><polygon><username>sandy</username><pt><x>85</x><y>126</y></pt><pt><x>85</x><y>163</y></pt><pt><x>97</x><y>170</y></pt><pt><x>77</x><y>170</y></pt><pt><x>72</x><y>175</y></pt><pt><x>127</x><y>177</y></pt><pt><x>143</x><y>175</y></pt><pt><x>172</x><y>174</y></pt><pt><x>172</x><y>125</y></pt><pt><x>150</x><y>125</y></pt><pt><x>152</x><y>171</y></pt><pt><x>145</x><y>172</y></pt><pt><x>139</x><y>170</y></pt><pt><x>130</x><y>172</y></pt><pt><x>129</x><y>127</y></pt></polygon></object><object><name>computer</name><deleted>0</deleted><verified>0</verified><date>12-Jul-2012 23:51:32</date><id>2</id><polygon><username>sandy</username><pt><x>183</x><y>127</y></pt><pt><x>261</x><y>125</y></pt><pt><x>259</x><y>175</y></pt><pt><x>181</x><y>172</y></pt></polygon></object><object><name>computer</name><deleted>0</deleted><verified>0</verified><date>12-Jul-2012 23:51:32</date><id>3</id><polygon><username>sandy</username><pt><x>380</x><y>126</y></pt><pt><x>463</x><y>128</y></pt><pt><x>462</x><y>175</y></pt><pt><x>380</x><y>172</y></pt></polygon></object><object><name>computer</name><deleted>0</deleted><verified>0</verified><date>12-Jul-2012 23:51:32</date><id>4</id><polygon><username>sandy</username><pt><x>502</x><y>128</y></pt><pt><x>589</x><y>133</y></pt><pt><x>586</x><y>181</y></pt><pt><x>500</x><y>176</y></pt></polygon></object><object><name>computer</name><deleted>0</deleted><verified>0</verified><date>12-Jul-2012 23:51:32</date><id>5</id><polygon><username>sandy</username><pt><x>648</x><y>130</y></pt><pt><x>662</x><y>129</y></pt><pt><x>677</x><y>131</y></pt><pt><x>675</x><y>177</y></pt><pt><x>682</x><y>175</y></pt><pt><x>687</x><y>131</y></pt><pt><x>737</x><y>135</y></pt><pt><x>731</x><y>190</y></pt><pt><x>644</x><y>183</y></pt></polygon></object><object><name>chair</name><deleted>0</deleted><verified>0</verified><date>12-Jul-2012 23:51:32</date><id>6</id><polygon><username>sandy</username><pt><x>57</x><y>177</y></pt><pt><x>85</x><y>177</y></pt><pt><x>100</x><y>180</y></pt><pt><x>112</x><y>185</y></pt><pt><x>114</x><y>190</y></pt><pt><x>116</x><y>216</y></pt><pt><x>55</x><y>212</y></pt><pt><x>51</x><y>185</y></pt></polygon></object><object><name>chair</name><deleted>0</deleted><verified>0</verified><date>12-Jul-2012 23:51:32</date><id>7</id><polygon><username>sandy</username><pt><x>185</x><y>175</y></pt><pt><x>230</x><y>177</y></pt><pt><x>239</x><y>180</y></pt><pt><x>241</x><y>196</y></pt><pt><x>241</x><y>199</y></pt><pt><x>185</x><y>204</y></pt><pt><x>185</x><y>186</y></pt></polygon></object><object><name>chair</name><deleted>0</deleted><verified>0</verified><date>12-Jul-2012 23:51:32</date><id>8</id><polygon><username>sandy</username><pt><x>96</x><y>195</y></pt><pt><x>116</x><y>195</y></pt><pt><x>129</x><y>195</y></pt><pt><x>137</x><y>195</y></pt><pt><x>145</x><y>200</y></pt><pt><x>145</x><y>210</y></pt><pt><x>145</x><y>220</y></pt><pt><x>68</x><y>213</y></pt><pt><x>82</x><y>201</y></pt><pt><x>89</x><y>195</y></pt></polygon></object><object><name>chair</name><deleted>0</deleted><verified>0</verified><date>12-Jul-2012 23:51:32</date><id>9</id><polygon><username>sandy</username><pt><x>179</x><y>212</y></pt><pt><x>192</x><y>200</y></pt><pt><x>201</x><y>196</y></pt><pt><x>226</x><y>195</y></pt><pt><x>244</x><y>200</y></pt><pt><x>250</x><y>202</y></pt><pt><x>251</x><y>211</y></pt><pt><x>249</x><y>320</y></pt><pt><x>148</x><y>331</y></pt><pt><x>150</x><y>269</y></pt></polygon></object><object><name>chair</name><deleted>0</deleted><verified>0</verified><date>12-Jul-2012 23:51:32</date><id>10</id><polygon><username>sandy</username><pt><x>89</x><y>249</y></pt><pt><x>105</x><y>263</y></pt><pt><x>118</x><y>262</y></pt><pt><x>125</x><y>256</y></pt><pt><x>132</x><y>253</y></pt><pt><x>139</x><y>255</y></pt><pt><x>142</x><y>271</y></pt><pt><x>140</x><y>284</y></pt><pt><x>141</x><y>290</y></pt><pt><x>150</x><y>309</y></pt><pt><x>152</x><y>338</y></pt><pt><x>77</x><y>396</y></pt><pt><x>9</x><y>407</y></pt><pt><x>11</x><y>387</y></pt><pt><x>17</x><y>371</y></pt><pt><x>19</x><y>356</y></pt><pt><x>19</x><y>335</y></pt><pt><x>15</x><y>327</y></pt><pt><x>16</x><y>318</y></pt><pt><x>12</x><y>288</y></pt><pt><x>6</x><y>272</y></pt><pt><x>2</x><y>241</y></pt><pt><x>39</x><y>245</y></pt><pt><x>69</x><y>246</y></pt><pt><x>82</x><y>248</y></pt></polygon></object><object><name>chair</name><deleted>0</deleted><verified>0</verified><date>12-Jul-2012 23:51:32</date><id>11</id><polygon><username>sandy</username><pt><x>387</x><y>180</y></pt><pt><x>427</x><y>180</y></pt><pt><x>435</x><y>181</y></pt><pt><x>443</x><y>218</y></pt><pt><x>452</x><y>216</y></pt><pt><x>454</x><y>220</y></pt><pt><x>452</x><y>226</y></pt><pt><x>422</x><y>253</y></pt><pt><x>399</x><y>256</y></pt><pt><x>387</x><y>279</y></pt><pt><x>383</x><y>281</y></pt><pt><x>379</x><y>279</y></pt><pt><x>385</x><y>256</y></pt><pt><x>388</x><y>247</y></pt><pt><x>389</x><y>230</y></pt><pt><x>384</x><y>228</y></pt><pt><x>385</x><y>216</y></pt><pt><x>384</x><y>190</y></pt><pt><x>380</x><y>184</y></pt></polygon></object><object><name>chair</name><deleted>0</deleted><verified>0</verified><date>12-Jul-2012 23:51:32</date><id>12</id><polygon><username>sandy</username><pt><x>530</x><y>181</y></pt><pt><x>551</x><y>182</y></pt><pt><x>568</x><y>182</y></pt><pt><x>587</x><y>186</y></pt><pt><x>589</x><y>209</y></pt><pt><x>526</x><y>207</y></pt><pt><x>527</x><y>189</y></pt></polygon></object><object><name>chair</name><deleted>0</deleted><verified>0</verified><date>12-Jul-2012 23:51:32</date><id>13</id><polygon><username>sandy</username><pt><x>651</x><y>214</y></pt><pt><x>649</x><y>189</y></pt><pt><x>654</x><y>183</y></pt><pt><x>705</x><y>190</y></pt><pt><x>712</x><y>193</y></pt><pt><x>713</x><y>213</y></pt></polygon></object><object><name>chair</name><deleted>0</deleted><verified>0</verified><date>12-Jul-2012 23:51:32</date><id>14</id><polygon><username>sandy</username><pt><x>515</x><y>223</y></pt><pt><x>523</x><y>210</y></pt><pt><x>531</x><y>207</y></pt><pt><x>585</x><y>206</y></pt><pt><x>595</x><y>212</y></pt><pt><x>599</x><y>219</y></pt><pt><x>602</x><y>229</y></pt><pt><x>611</x><y>233</y></pt><pt><x>611</x><y>235</y></pt><pt><x>505</x><y>229</y></pt></polygon></object><object><name>chair</name><deleted>0</deleted><verified>0</verified><date>12-Jul-2012 23:51:32</date><id>15</id><polygon><username>sandy</username><pt><x>642</x><y>230</y></pt><pt><x>647</x><y>218</y></pt><pt><x>652</x><y>213</y></pt><pt><x>659</x><y>211</y></pt><pt><x>714</x><y>212</y></pt><pt><x>725</x><y>216</y></pt><pt><x>728</x><y>221</y></pt><pt><x>732</x><y>232</y></pt><pt><x>738</x><y>233</y></pt><pt><x>747</x><y>235</y></pt><pt><x>749</x><y>238</y></pt><pt><x>632</x><y>232</y></pt></polygon></object><object><name>chair</name><deleted>0</deleted><verified>0</verified><date>12-Jul-2012 23:51:32</date><id>16</id><polygon><username>sandy</username><pt><x>470</x><y>265</y></pt><pt><x>568</x><y>271</y></pt><pt><x>574</x><y>277</y></pt><pt><x>577</x><y>273</y></pt><pt><x>586</x><y>274</y></pt><pt><x>591</x><y>282</y></pt><pt><x>587</x><y>289</y></pt><pt><x>586</x><y>296</y></pt><pt><x>589</x><y>322</y></pt><pt><x>587</x><y>334</y></pt><pt><x>443</x><y>324</y></pt><pt><x>446</x><y>291</y></pt><pt><x>443</x><y>284</y></pt><pt><x>443</x><y>274</y></pt><pt><x>449</x><y>267</y></pt><pt><x>455</x><y>269</y></pt><pt><x>460</x><y>266</y></pt></polygon></object><object><name>chair</name><deleted>0</deleted><verified>0</verified><date>12-Jul-2012 23:51:32</date><id>17</id><polygon><username>sandy</username><pt><x>435</x><y>304</y></pt><pt><x>462</x><y>303</y></pt><pt><x>480</x><y>304</y></pt><pt><x>515</x><y>307</y></pt><pt><x>536</x><y>316</y></pt><pt><x>543</x><y>321</y></pt><pt><x>548</x><y>327</y></pt><pt><x>551</x><y>368</y></pt><pt><x>425</x><y>365</y></pt><pt><x>415</x><y>310</y></pt><pt><x>425</x><y>305</y></pt></polygon></object><object><name>chair</name><deleted>0</deleted><verified>0</verified><date>12-Jul-2012 23:51:32</date><id>18</id><polygon><username>sandy</username><pt><x>657</x><y>273</y></pt><pt><x>736</x><y>278</y></pt><pt><x>747</x><y>279</y></pt><pt><x>745</x><y>308</y></pt><pt><x>649</x><y>323</y></pt><pt><x>622</x><y>322</y></pt><pt><x>622</x><y>291</y></pt><pt><x>626</x><y>282</y></pt><pt><x>627</x><y>277</y></pt><pt><x>635</x><y>278</y></pt><pt><x>636</x><y>285</y></pt><pt><x>637</x><y>288</y></pt><pt><x>641</x><y>283</y></pt><pt><x>646</x><y>279</y></pt><pt><x>653</x><y>277</y></pt></polygon></object><object><name>table</name><deleted>0</deleted><verified>0</verified><date>12-Jul-2012 23:51:32</date><id>19</id><polygon><username>sandy</username><pt><x>442</x><y>225</y></pt><pt><x>387</x><y>259</y></pt><pt><x>388</x><y>268</y></pt><pt><x>414</x><y>271</y></pt><pt><x>412</x><y>314</y></pt><pt><x>428</x><y>312</y></pt><pt><x>430</x><y>288</y></pt><pt><x>794</x><y>311</y></pt><pt><x>800</x><y>240</y></pt></polygon></object><object><name>table</name><deleted>0</deleted><verified>0</verified><date>12-Jul-2012 23:51:32</date><id>20</id><polygon><username>sandy</username><pt><x>279</x><y>220</y></pt><pt><x>278</x><y>226</y></pt><pt><x>262</x><y>234</y></pt><pt><x>264</x><y>251</y></pt><pt><x>183</x><y>275</y></pt><pt><x>183</x><y>332</y></pt><pt><x>166</x><y>331</y></pt><pt><x>163</x><y>274</y></pt><pt><x>4</x><y>259</y></pt><pt><x>2</x><y>210</y></pt></polygon></object><object><name>lamp</name><deleted>0</deleted><verified>0</verified><date>12-Jul-2012 23:51:32</date><id>21</id><polygon><username>sandy</username><pt><x>26</x><y>119</y></pt><pt><x>46</x><y>159</y></pt><pt><x>15</x><y>161</y></pt><pt><x>18</x><y>218</y></pt><pt><x>25</x><y>217</y></pt><pt><x>31</x><y>220</y></pt><pt><x>31</x><y>225</y></pt><pt><x>17</x><y>226</y></pt><pt><x>7</x><y>226</y></pt><pt><x>2</x><y>226</y></pt><pt><x>2</x><y>220</y></pt><pt><x>14</x><y>220</y></pt><pt><x>7</x><y>163</y></pt><pt><x>2</x><y>160</y></pt><pt><x>2</x><y>119</y></pt></polygon></object><object><name>lamp</name><deleted>0</deleted><verified>0</verified><date>12-Jul-2012 23:51:32</date><id>22</id><polygon><username>sandy</username><pt><x>787</x><y>130</y></pt><pt><x>757</x><y>181</y></pt><pt><x>797</x><y>185</y></pt><pt><x>799</x><y>187</y></pt><pt><x>794</x><y>254</y></pt><pt><x>786</x><y>253</y></pt><pt><x>782</x><y>253</y></pt><pt><x>777</x><y>258</y></pt><pt><x>775</x><y>263</y></pt><pt><x>790</x><y>265</y></pt><pt><x>800</x><y>266</y></pt><pt><x>800</x><y>128</y></pt></polygon></object><object><name>desk</name><deleted>0</deleted><verified>0</verified><date>12-Jul-2012 23:51:32</date><id>23</id><polygon><username>sandy</username><pt><x>788</x><y>206</y></pt><pt><x>748</x><y>203</y></pt><pt><x>746</x><y>238</y></pt><pt><x>733</x><y>235</y></pt><pt><x>736</x><y>202</y></pt><pt><x>620</x><y>200</y></pt><pt><x>619</x><y>232</y></pt><pt><x>606</x><y>231</y></pt><pt><x>611</x><y>196</y></pt><pt><x>501</x><y>192</y></pt><pt><x>501</x><y>226</y></pt><pt><x>491</x><y>225</y></pt><pt><x>491</x><y>192</y></pt><pt><x>390</x><y>189</y></pt><pt><x>389</x><y>267</y></pt><pt><x>377</x><y>267</y></pt><pt><x>379</x><y>189</y></pt><pt><x>276</x><y>186</y></pt><pt><x>279</x><y>249</y></pt><pt><x>268</x><y>249</y></pt><pt><x>267</x><y>187</y></pt><pt><x>163</x><y>186</y></pt><pt><x>164</x><y>215</y></pt><pt><x>155</x><y>217</y></pt><pt><x>155</x><y>188</y></pt><pt><x>39</x><y>186</y></pt><pt><x>37</x><y>173</y></pt><pt><x>52</x><y>167</y></pt><pt><x>797</x><y>181</y></pt><pt><x>799</x><y>208</y></pt></polygon></object><object><name>person</name><deleted>0</deleted><verified>0</verified><date>12-Jul-2012 23:51:32</date><id>24</id><polygon><username>sandy</username><pt><x>220</x><y>116</y></pt><pt><x>225</x><y>121</y></pt><pt><x>225</x><y>125</y></pt><pt><x>223</x><y>130</y></pt><pt><x>221</x><y>135</y></pt><pt><x>220</x><y>139</y></pt><pt><x>226</x><y>141</y></pt><pt><x>232</x><y>143</y></pt><pt><x>236</x><y>146</y></pt><pt><x>243</x><y>163</y></pt><pt><x>244</x><y>169</y></pt><pt><x>242</x><y>175</y></pt><pt><x>239</x><y>177</y></pt><pt><x>238</x><y>189</y></pt><pt><x>243</x><y>196</y></pt><pt><x>178</x><y>202</y></pt><pt><x>179</x><y>183</y></pt><pt><x>175</x><y>181</y></pt><pt><x>172</x><y>176</y></pt><pt><x>173</x><y>169</y></pt><pt><x>187</x><y>143</y></pt><pt><x>193</x><y>143</y></pt><pt><x>199</x><y>141</y></pt><pt><x>200</x><y>139</y></pt><pt><x>199</x><y>132</y></pt><pt><x>203</x><y>126</y></pt><pt><x>202</x><y>124</y></pt><pt><x>205</x><y>119</y></pt><pt><x>208</x><y>116</y></pt><pt><x>214</x><y>115</y></pt></polygon></object><object><name>person</name><deleted>0</deleted><verified>0</verified><date>12-Jul-2012 23:51:32</date><id>25</id><polygon><username>sandy</username><pt><x>419</x><y>116</y></pt><pt><x>425</x><y>120</y></pt><pt><x>427</x><y>126</y></pt><pt><x>426</x><y>129</y></pt><pt><x>425</x><y>133</y></pt><pt><x>423</x><y>138</y></pt><pt><x>422</x><y>142</y></pt><pt><x>440</x><y>149</y></pt><pt><x>448</x><y>157</y></pt><pt><x>459</x><y>174</y></pt><pt><x>462</x><y>178</y></pt><pt><x>458</x><y>180</y></pt><pt><x>453</x><y>179</y></pt><pt><x>449</x><y>176</y></pt><pt><x>436</x><y>172</y></pt><pt><x>434</x><y>179</y></pt><pt><x>439</x><y>201</y></pt><pt><x>448</x><y>206</y></pt><pt><x>450</x><y>210</y></pt><pt><x>449</x><y>216</y></pt><pt><x>449</x><y>225</y></pt><pt><x>412</x><y>248</y></pt><pt><x>404</x><y>237</y></pt><pt><x>391</x><y>224</y></pt><pt><x>387</x><y>214</y></pt><pt><x>387</x><y>206</y></pt><pt><x>388</x><y>201</y></pt><pt><x>389</x><y>178</y></pt><pt><x>387</x><y>176</y></pt><pt><x>383</x><y>170</y></pt><pt><x>387</x><y>149</y></pt><pt><x>400</x><y>143</y></pt><pt><x>406</x><y>143</y></pt><pt><x>407</x><y>140</y></pt><pt><x>405</x><y>136</y></pt><pt><x>403</x><y>132</y></pt><pt><x>405</x><y>127</y></pt><pt><x>406</x><y>122</y></pt><pt><x>409</x><y>117</y></pt><pt><x>414</x><y>118</y></pt></polygon></object><object><name>person</name><deleted>0</deleted><verified>0</verified><date>12-Jul-2012 23:51:32</date><id>26</id><polygon><username>sandy</username><pt><x>553</x><y>144</y></pt><pt><x>567</x><y>148</y></pt><pt><x>582</x><y>168</y></pt><pt><x>588</x><y>176</y></pt><pt><x>599</x><y>176</y></pt><pt><x>602</x><y>174</y></pt><pt><x>607</x><y>174</y></pt><pt><x>609</x><y>176</y></pt><pt><x>607</x><y>180</y></pt><pt><x>603</x><y>182</y></pt><pt><x>591</x><y>184</y></pt><pt><x>570</x><y>176</y></pt><pt><x>563</x><y>168</y></pt><pt><x>566</x><y>181</y></pt><pt><x>565</x><y>192</y></pt><pt><x>566</x><y>209</y></pt><pt><x>517</x><y>229</y></pt><pt><x>503</x><y>229</y></pt><pt><x>499</x><y>224</y></pt><pt><x>500</x><y>216</y></pt><pt><x>502</x><y>212</y></pt><pt><x>510</x><y>207</y></pt><pt><x>517</x><y>204</y></pt><pt><x>522</x><y>198</y></pt><pt><x>523</x><y>192</y></pt><pt><x>523</x><y>186</y></pt><pt><x>523</x><y>182</y></pt><pt><x>520</x><y>179</y></pt><pt><x>517</x><y>175</y></pt><pt><x>514</x><y>157</y></pt><pt><x>515</x><y>151</y></pt><pt><x>517</x><y>146</y></pt><pt><x>522</x><y>144</y></pt><pt><x>527</x><y>145</y></pt><pt><x>528</x><y>141</y></pt><pt><x>529</x><y>134</y></pt><pt><x>530</x><y>129</y></pt><pt><x>531</x><y>125</y></pt><pt><x>534</x><y>122</y></pt><pt><x>539</x><y>121</y></pt><pt><x>546</x><y>122</y></pt><pt><x>550</x><y>122</y></pt><pt><x>552</x><y>126</y></pt><pt><x>553</x><y>131</y></pt><pt><x>552</x><y>137</y></pt></polygon></object><object><name>table</name><deleted>0</deleted><verified>0</verified><date>12-Jul-2012 23:51:32</date><id>27</id><polygon><username>sandy</username><pt><x>0</x><y>597</y></pt><pt><x>2</x><y>551</y></pt><pt><x>0</x><y>501</y></pt><pt><x>171</x><y>352</y></pt><pt><x>795</x><y>385</y></pt><pt><x>799</x><y>598</y></pt></polygon></object><object><name>screens</name><deleted>0</deleted><verified>0</verified><date>12-Jul-2012 23:51:32</date><id>28</id><polygon><username>sandy</username><pt><x>106</x><y>166</y></pt><pt><x>129</x><y>167</y></pt><pt><x>129</x><y>128</y></pt><pt><x>84</x><y>127</y></pt><pt><x>85</x><y>166</y></pt></polygon></object><object><name>screens</name><deleted>0</deleted><verified>0</verified><date>12-Jul-2012 23:51:32</date><id>29</id><polygon><username>sandy</username><pt><x>246</x><y>164</y></pt><pt><x>260</x><y>164</y></pt><pt><x>260</x><y>126</y></pt><pt><x>220</x><y>125</y></pt><pt><x>219</x><y>163</y></pt></polygon></object><object><name>screens</name><deleted>0</deleted><verified>0</verified><date>12-Jul-2012 23:51:32</date><id>30</id><polygon><username>sandy</username><pt><x>457</x><y>166</y></pt><pt><x>461</x><y>167</y></pt><pt><x>463</x><y>128</y></pt><pt><x>420</x><y>127</y></pt><pt><x>421</x><y>165</y></pt></polygon></object><object><name>screens</name><deleted>0</deleted><verified>0</verified><date>12-Jul-2012 23:51:32</date><id>31</id><polygon><username>sandy</username><pt><x>589</x><y>129</y></pt><pt><x>586</x><y>173</y></pt><pt><x>546</x><y>167</y></pt><pt><x>549</x><y>127</y></pt></polygon></object><object><name>screens</name><deleted>0</deleted><verified>0</verified><date>12-Jul-2012 23:51:32</date><id>32</id><polygon><username>sandy</username><pt><x>699</x><y>177</y></pt><pt><x>731</x><y>179</y></pt><pt><x>737</x><y>132</y></pt><pt><x>684</x><y>134</y></pt><pt><x>682</x><y>176</y></pt></polygon></object><imagesize><nrows>600</nrows><ncols>800</ncols></imagesize></annotation>