<annotation><filename>l_living_room_Living31.jpg</filename><folder>100images</folder><source><sourceImage>The MIT-CSAIL database of objects and scenes</sourceImage><sourceAnnotation>LabelMe Webtool</sourceAnnotation></source><object><name>flowers</name><deleted>0</deleted><verified>0</verified><date>14-Jul-2012 23:34:06</date><id>0</id><polygon><username>sandy</username><pt><x>691</x><y>155</y></pt><pt><x>706</x><y>169</y></pt><pt><x>715</x><y>172</y></pt><pt><x>716</x><y>164</y></pt><pt><x>711</x><y>154</y></pt><pt><x>701</x><y>147</y></pt><pt><x>699</x><y>142</y></pt><pt><x>709</x><y>140</y></pt><pt><x>716</x><y>135</y></pt><pt><x>728</x><y>128</y></pt><pt><x>742</x><y>118</y></pt><pt><x>728</x><y>115</y></pt><pt><x>719</x><y>109</y></pt><pt><x>712</x><y>96</y></pt><pt><x>706</x><y>89</y></pt><pt><x>698</x><y>87</y></pt><pt><x>688</x><y>93</y></pt><pt><x>682</x><y>92</y></pt><pt><x>687</x><y>85</y></pt><pt><x>688</x><y>79</y></pt><pt><x>680</x><y>73</y></pt><pt><x>672</x><y>61</y></pt><pt><x>672</x><y>84</y></pt><pt><x>667</x><y>92</y></pt><pt><x>659</x><y>89</y></pt><pt><x>659</x><y>79</y></pt><pt><x>655</x><y>73</y></pt><pt><x>646</x><y>73</y></pt><pt><x>641</x><y>85</y></pt><pt><x>638</x><y>96</y></pt><pt><x>641</x><y>104</y></pt><pt><x>634</x><y>112</y></pt><pt><x>638</x><y>118</y></pt><pt><x>645</x><y>121</y></pt><pt><x>642</x><y>131</y></pt><pt><x>639</x><y>138</y></pt><pt><x>642</x><y>151</y></pt><pt><x>646</x><y>160</y></pt><pt><x>658</x><y>158</y></pt><pt><x>671</x><y>156</y></pt></polygon></object><object><name>flowers</name><deleted>0</deleted><verified>0</verified><date>14-Jul-2012 23:34:06</date><id>1</id><polygon><username>sandy</username><pt><x>552</x><y>344</y></pt><pt><x>551</x><y>364</y></pt><pt><x>561</x><y>375</y></pt><pt><x>564</x><y>387</y></pt><pt><x>574</x><y>389</y></pt><pt><x>579</x><y>384</y></pt><pt><x>576</x><y>367</y></pt><pt><x>573</x><y>358</y></pt><pt><x>572</x><y>344</y></pt><pt><x>578</x><y>335</y></pt><pt><x>587</x><y>333</y></pt><pt><x>592</x><y>340</y></pt><pt><x>593</x><y>349</y></pt><pt><x>598</x><y>354</y></pt><pt><x>602</x><y>356</y></pt><pt><x>611</x><y>355</y></pt><pt><x>616</x><y>349</y></pt><pt><x>619</x><y>341</y></pt><pt><x>615</x><y>331</y></pt><pt><x>629</x><y>331</y></pt><pt><x>635</x><y>329</y></pt><pt><x>639</x><y>324</y></pt><pt><x>635</x><y>320</y></pt><pt><x>629</x><y>313</y></pt><pt><x>621</x><y>307</y></pt><pt><x>621</x><y>302</y></pt><pt><x>626</x><y>294</y></pt><pt><x>625</x><y>286</y></pt><pt><x>618</x><y>276</y></pt><pt><x>612</x><y>275</y></pt><pt><x>605</x><y>275</y></pt><pt><x>585</x><y>268</y></pt><pt><x>573</x><y>262</y></pt><pt><x>560</x><y>259</y></pt><pt><x>556</x><y>251</y></pt><pt><x>547</x><y>246</y></pt><pt><x>544</x><y>251</y></pt><pt><x>539</x><y>255</y></pt><pt><x>529</x><y>260</y></pt><pt><x>525</x><y>264</y></pt><pt><x>522</x><y>269</y></pt><pt><x>515</x><y>276</y></pt><pt><x>508</x><y>286</y></pt><pt><x>492</x><y>292</y></pt><pt><x>486</x><y>304</y></pt><pt><x>493</x><y>308</y></pt><pt><x>500</x><y>314</y></pt><pt><x>506</x><y>316</y></pt><pt><x>511</x><y>319</y></pt><pt><x>512</x><y>324</y></pt><pt><x>506</x><y>328</y></pt><pt><x>502</x><y>332</y></pt><pt><x>499</x><y>332</y></pt><pt><x>500</x><y>340</y></pt><pt><x>515</x><y>341</y></pt><pt><x>525</x><y>339</y></pt><pt><x>533</x><y>338</y></pt></polygon></object><object><name>flowers</name><deleted>0</deleted><verified>0</verified><date>14-Jul-2012 23:34:06</date><id>2</id><polygon><username>sandy</username><pt><x>184</x><y>121</y></pt><pt><x>176</x><y>142</y></pt><pt><x>189</x><y>145</y></pt><pt><x>195</x><y>152</y></pt><pt><x>188</x><y>166</y></pt><pt><x>181</x><y>179</y></pt><pt><x>178</x><y>187</y></pt><pt><x>187</x><y>194</y></pt><pt><x>186</x><y>202</y></pt><pt><x>176</x><y>211</y></pt><pt><x>172</x><y>219</y></pt><pt><x>166</x><y>232</y></pt><pt><x>159</x><y>231</y></pt><pt><x>156</x><y>246</y></pt><pt><x>140</x><y>259</y></pt><pt><x>139</x><y>249</y></pt><pt><x>135</x><y>236</y></pt><pt><x>132</x><y>226</y></pt><pt><x>120</x><y>222</y></pt><pt><x>118</x><y>226</y></pt><pt><x>116</x><y>238</y></pt><pt><x>112</x><y>247</y></pt><pt><x>104</x><y>251</y></pt><pt><x>98</x><y>247</y></pt><pt><x>95</x><y>241</y></pt><pt><x>94</x><y>226</y></pt><pt><x>91</x><y>216</y></pt><pt><x>88</x><y>211</y></pt><pt><x>85</x><y>195</y></pt><pt><x>78</x><y>191</y></pt><pt><x>67</x><y>184</y></pt><pt><x>59</x><y>180</y></pt><pt><x>59</x><y>169</y></pt><pt><x>61</x><y>155</y></pt><pt><x>66</x><y>148</y></pt><pt><x>75</x><y>141</y></pt><pt><x>81</x><y>134</y></pt><pt><x>82</x><y>124</y></pt><pt><x>89</x><y>121</y></pt><pt><x>98</x><y>121</y></pt><pt><x>104</x><y>115</y></pt><pt><x>107</x><y>108</y></pt><pt><x>113</x><y>98</y></pt><pt><x>119</x><y>96</y></pt><pt><x>119</x><y>109</y></pt><pt><x>120</x><y>122</y></pt><pt><x>122</x><y>132</y></pt><pt><x>131</x><y>131</y></pt><pt><x>140</x><y>128</y></pt><pt><x>147</x><y>129</y></pt><pt><x>152</x><y>125</y></pt><pt><x>158</x><y>120</y></pt><pt><x>162</x><y>124</y></pt><pt><x>166</x><y>125</y></pt></polygon></object><object><name>flowers</name><deleted>0</deleted><verified>0</verified><date>14-Jul-2012 23:34:06</date><id>3</id><polygon><username>sandy</username><pt><x>386</x><y>179</y></pt><pt><x>392</x><y>180</y></pt><pt><x>396</x><y>183</y></pt><pt><x>401</x><y>183</y></pt><pt><x>402</x><y>186</y></pt><pt><x>401</x><y>192</y></pt><pt><x>401</x><y>197</y></pt><pt><x>397</x><y>202</y></pt><pt><x>394</x><y>218</y></pt><pt><x>392</x><y>224</y></pt><pt><x>389</x><y>223</y></pt><pt><x>383</x><y>210</y></pt><pt><x>384</x><y>208</y></pt><pt><x>382</x><y>217</y></pt><pt><x>378</x><y>227</y></pt><pt><x>378</x><y>227</y></pt><pt><x>377</x><y>221</y></pt><pt><x>374</x><y>212</y></pt><pt><x>372</x><y>210</y></pt><pt><x>368</x><y>206</y></pt><pt><x>365</x><y>203</y></pt><pt><x>363</x><y>198</y></pt><pt><x>363</x><y>192</y></pt><pt><x>367</x><y>188</y></pt><pt><x>372</x><y>186</y></pt><pt><x>377</x><y>183</y></pt></polygon></object><object><name>chair</name><deleted>0</deleted><verified>0</verified><date>14-Jul-2012 23:34:06</date><id>4</id><polygon><username>sandy</username><pt><x>44</x><y>317</y></pt><pt><x>57</x><y>452</y></pt><pt><x>61</x><y>469</y></pt><pt><x>52</x><y>519</y></pt><pt><x>61</x><y>523</y></pt><pt><x>62</x><y>530</y></pt><pt><x>62</x><y>533</y></pt><pt><x>70</x><y>530</y></pt><pt><x>76</x><y>527</y></pt><pt><x>76</x><y>535</y></pt><pt><x>79</x><y>538</y></pt><pt><x>83</x><y>540</y></pt><pt><x>85</x><y>549</y></pt><pt><x>90</x><y>543</y></pt><pt><x>95</x><y>546</y></pt><pt><x>101</x><y>550</y></pt><pt><x>114</x><y>549</y></pt><pt><x>115</x><y>553</y></pt><pt><x>113</x><y>557</y></pt><pt><x>123</x><y>558</y></pt><pt><x>134</x><y>566</y></pt><pt><x>153</x><y>570</y></pt><pt><x>166</x><y>573</y></pt><pt><x>291</x><y>515</y></pt><pt><x>290</x><y>467</y></pt><pt><x>287</x><y>457</y></pt><pt><x>283</x><y>430</y></pt><pt><x>282</x><y>425</y></pt><pt><x>289</x><y>420</y></pt><pt><x>287</x><y>404</y></pt><pt><x>184</x><y>361</y></pt><pt><x>178</x><y>312</y></pt><pt><x>169</x><y>293</y></pt><pt><x>110</x><y>299</y></pt><pt><x>54</x><y>304</y></pt><pt><x>45</x><y>307</y></pt></polygon></object><object><name>chair</name><deleted>0</deleted><verified>0</verified><date>14-Jul-2012 23:34:06</date><id>5</id><polygon><username>sandy</username><pt><x>327</x><y>269</y></pt><pt><x>333</x><y>282</y></pt><pt><x>345</x><y>331</y></pt><pt><x>405</x><y>341</y></pt><pt><x>404</x><y>350</y></pt><pt><x>427</x><y>354</y></pt><pt><x>440</x><y>435</y></pt><pt><x>429</x><y>441</y></pt><pt><x>378</x><y>467</y></pt><pt><x>357</x><y>470</y></pt><pt><x>342</x><y>470</y></pt><pt><x>322</x><y>460</y></pt><pt><x>250</x><y>277</y></pt><pt><x>259</x><y>274</y></pt><pt><x>305</x><y>271</y></pt></polygon></object><object><name>chair</name><deleted>0</deleted><verified>0</verified><date>14-Jul-2012 23:34:06</date><id>6</id><polygon><username>sandy</username><pt><x>412</x><y>501</y></pt><pt><x>418</x><y>598</y></pt><pt><x>405</x><y>598</y></pt><pt><x>403</x><y>576</y></pt><pt><x>376</x><y>597</y></pt><pt><x>325</x><y>597</y></pt><pt><x>322</x><y>579</y></pt><pt><x>316</x><y>577</y></pt><pt><x>317</x><y>598</y></pt><pt><x>312</x><y>598</y></pt><pt><x>310</x><y>584</y></pt><pt><x>290</x><y>598</y></pt><pt><x>241</x><y>598</y></pt><pt><x>234</x><y>459</y></pt><pt><x>218</x><y>372</y></pt><pt><x>230</x><y>373</y></pt><pt><x>233</x><y>388</y></pt><pt><x>313</x><y>393</y></pt><pt><x>315</x><y>381</y></pt><pt><x>324</x><y>383</y></pt><pt><x>336</x><y>487</y></pt><pt><x>334</x><y>489</y></pt><pt><x>402</x><y>509</y></pt><pt><x>402</x><y>503</y></pt><pt><x>405</x><y>497</y></pt></polygon></object><object><name>chair</name><deleted>0</deleted><verified>0</verified><date>14-Jul-2012 23:34:06</date><id>7</id><polygon><username>sandy</username><pt><x>228</x><y>254</y></pt><pt><x>234</x><y>261</y></pt><pt><x>237</x><y>271</y></pt><pt><x>239</x><y>275</y></pt><pt><x>262</x><y>273</y></pt><pt><x>223</x><y>340</y></pt><pt><x>209</x><y>343</y></pt><pt><x>214</x><y>311</y></pt><pt><x>212</x><y>308</y></pt><pt><x>215</x><y>305</y></pt><pt><x>202</x><y>266</y></pt><pt><x>201</x><y>262</y></pt><pt><x>201</x><y>257</y></pt><pt><x>203</x><y>254</y></pt><pt><x>206</x><y>251</y></pt><pt><x>211</x><y>249</y></pt><pt><x>217</x><y>249</y></pt></polygon></object><object><name>hat</name><deleted>0</deleted><verified>0</verified><date>14-Jul-2012 23:34:06</date><id>8</id><polygon><username>sandy</username><pt><x>236</x><y>372</y></pt><pt><x>256</x><y>366</y></pt><pt><x>264</x><y>370</y></pt><pt><x>269</x><y>372</y></pt><pt><x>273</x><y>378</y></pt><pt><x>273</x><y>386</y></pt><pt><x>265</x><y>416</y></pt><pt><x>245</x><y>447</y></pt><pt><x>217</x><y>468</y></pt><pt><x>200</x><y>477</y></pt><pt><x>194</x><y>475</y></pt><pt><x>188</x><y>470</y></pt><pt><x>184</x><y>465</y></pt><pt><x>180</x><y>457</y></pt><pt><x>183</x><y>436</y></pt><pt><x>192</x><y>418</y></pt><pt><x>187</x><y>406</y></pt><pt><x>191</x><y>390</y></pt><pt><x>201</x><y>378</y></pt><pt><x>212</x><y>368</y></pt><pt><x>218</x><y>366</y></pt><pt><x>227</x><y>368</y></pt></polygon></object><object><name>sofa</name><deleted>0</deleted><verified>0</verified><date>14-Jul-2012 23:34:06</date><id>9</id><polygon><username>sandy</username><pt><x>693</x><y>381</y></pt><pt><x>694</x><y>350</y></pt><pt><x>700</x><y>341</y></pt><pt><x>705</x><y>336</y></pt><pt><x>799</x><y>345</y></pt><pt><x>799</x><y>598</y></pt><pt><x>578</x><y>599</y></pt><pt><x>581</x><y>494</y></pt><pt><x>575</x><y>489</y></pt><pt><x>571</x><y>485</y></pt><pt><x>571</x><y>478</y></pt><pt><x>571</x><y>467</y></pt><pt><x>572</x><y>454</y></pt><pt><x>575</x><y>444</y></pt><pt><x>578</x><y>436</y></pt><pt><x>580</x><y>430</y></pt><pt><x>585</x><y>428</y></pt><pt><x>593</x><y>427</y></pt><pt><x>636</x><y>428</y></pt></polygon></object><object><name>table</name><deleted>0</deleted><verified>0</verified><date>14-Jul-2012 23:34:06</date><id>10</id><polygon><username>sandy</username><pt><x>591</x><y>367</y></pt><pt><x>612</x><y>376</y></pt><pt><x>622</x><y>384</y></pt><pt><x>628</x><y>390</y></pt><pt><x>625</x><y>402</y></pt><pt><x>620</x><y>405</y></pt><pt><x>559</x><y>446</y></pt><pt><x>558</x><y>458</y></pt><pt><x>554</x><y>463</y></pt><pt><x>554</x><y>472</y></pt><pt><x>555</x><y>478</y></pt><pt><x>554</x><y>482</y></pt><pt><x>555</x><y>488</y></pt><pt><x>555</x><y>496</y></pt><pt><x>559</x><y>502</y></pt><pt><x>559</x><y>554</y></pt><pt><x>550</x><y>561</y></pt><pt><x>545</x><y>562</y></pt><pt><x>538</x><y>558</y></pt><pt><x>536</x><y>554</y></pt><pt><x>536</x><y>500</y></pt><pt><x>539</x><y>498</y></pt><pt><x>539</x><y>495</y></pt><pt><x>540</x><y>490</y></pt><pt><x>541</x><y>488</y></pt><pt><x>540</x><y>482</y></pt><pt><x>540</x><y>478</y></pt><pt><x>541</x><y>474</y></pt><pt><x>541</x><y>470</y></pt><pt><x>540</x><y>463</y></pt><pt><x>539</x><y>459</y></pt><pt><x>535</x><y>457</y></pt><pt><x>538</x><y>447</y></pt><pt><x>484</x><y>437</y></pt><pt><x>484</x><y>472</y></pt><pt><x>477</x><y>476</y></pt><pt><x>468</x><y>472</y></pt><pt><x>470</x><y>432</y></pt><pt><x>421</x><y>424</y></pt><pt><x>418</x><y>427</y></pt><pt><x>415</x><y>432</y></pt><pt><x>416</x><y>438</y></pt><pt><x>416</x><y>442</y></pt><pt><x>418</x><y>445</y></pt><pt><x>415</x><y>450</y></pt><pt><x>415</x><y>454</y></pt><pt><x>417</x><y>458</y></pt><pt><x>416</x><y>464</y></pt><pt><x>420</x><y>467</y></pt><pt><x>422</x><y>515</y></pt><pt><x>411</x><y>520</y></pt><pt><x>400</x><y>515</y></pt><pt><x>401</x><y>465</y></pt><pt><x>403</x><y>461</y></pt><pt><x>403</x><y>453</y></pt><pt><x>401</x><y>426</y></pt><pt><x>401</x><y>395</y></pt><pt><x>395</x><y>391</y></pt><pt><x>393</x><y>386</y></pt><pt><x>393</x><y>381</y></pt><pt><x>395</x><y>375</y></pt><pt><x>402</x><y>370</y></pt><pt><x>421</x><y>362</y></pt><pt><x>445</x><y>359</y></pt><pt><x>504</x><y>357</y></pt><pt><x>532</x><y>359</y></pt><pt><x>564</x><y>363</y></pt><pt><x>580</x><y>365</y></pt></polygon></object><object><name>painting</name><deleted>0</deleted><verified>0</verified><date>14-Jul-2012 23:34:06</date><id>11</id><polygon><username>sandy</username><pt><x>476</x><y>12</y></pt><pt><x>472</x><y>185</y></pt><pt><x>656</x><y>185</y></pt><pt><x>659</x><y>0</y></pt><pt><x>568</x><y>1</y></pt></polygon></object><object><name>painting</name><deleted>0</deleted><verified>0</verified><date>14-Jul-2012 23:34:06</date><id>12</id><polygon><username>sandy</username><pt><x>123</x><y>74</y></pt><pt><x>204</x><y>90</y></pt><pt><x>202</x><y>167</y></pt><pt><x>118</x><y>160</y></pt></polygon></object><object><name>painting</name><deleted>0</deleted><verified>0</verified><date>14-Jul-2012 23:34:06</date><id>13</id><polygon><username>sandy</username><pt><x>197</x><y>171</y></pt><pt><x>196</x><y>240</y></pt><pt><x>138</x><y>241</y></pt><pt><x>141</x><y>166</y></pt></polygon></object><object><name>painting</name><deleted>0</deleted><verified>0</verified><date>14-Jul-2012 23:34:06</date><id>14</id><polygon><username>sandy</username><pt><x>110</x><y>121</y></pt><pt><x>112</x><y>249</y></pt><pt><x>2</x><y>254</y></pt><pt><x>0</x><y>106</y></pt></polygon></object><object><name>candle</name><deleted>0</deleted><verified>0</verified><date>14-Jul-2012 23:34:06</date><id>15</id><polygon><username>sandy</username><pt><x>55</x><y>211</y></pt><pt><x>54</x><y>234</y></pt><pt><x>59</x><y>233</y></pt><pt><x>58</x><y>192</y></pt><pt><x>57</x><y>191</y></pt></polygon></object><object><name>candlestick</name><deleted>0</deleted><verified>0</verified><date>14-Jul-2012 23:34:06</date><id>16</id><polygon><username>sandy</username><pt><x>61</x><y>267</y></pt><pt><x>60</x><y>236</y></pt><pt><x>61</x><y>235</y></pt><pt><x>54</x><y>234</y></pt><pt><x>54</x><y>236</y></pt><pt><x>55</x><y>267</y></pt><pt><x>50</x><y>270</y></pt><pt><x>51</x><y>275</y></pt><pt><x>61</x><y>274</y></pt><pt><x>67</x><y>273</y></pt></polygon></object><object><name>candle</name><deleted>0</deleted><verified>0</verified><date>14-Jul-2012 23:34:06</date><id>17</id><polygon><username>sandy</username><pt><x>78</x><y>214</y></pt><pt><x>78</x><y>190</y></pt><pt><x>74</x><y>192</y></pt><pt><x>74</x><y>232</y></pt><pt><x>79</x><y>233</y></pt></polygon></object><object><name>candlestick</name><deleted>0</deleted><verified>0</verified><date>14-Jul-2012 23:34:06</date><id>18</id><polygon><username>sandy</username><pt><x>80</x><y>265</y></pt><pt><x>79</x><y>248</y></pt><pt><x>78</x><y>240</y></pt><pt><x>80</x><y>234</y></pt><pt><x>72</x><y>232</y></pt><pt><x>75</x><y>237</y></pt><pt><x>75</x><y>243</y></pt><pt><x>73</x><y>247</y></pt><pt><x>74</x><y>266</y></pt><pt><x>68</x><y>270</y></pt><pt><x>73</x><y>272</y></pt><pt><x>78</x><y>272</y></pt><pt><x>81</x><y>272</y></pt><pt><x>84</x><y>271</y></pt></polygon></object><object><name>candle</name><deleted>0</deleted><verified>0</verified><date>14-Jul-2012 23:34:06</date><id>19</id><polygon><username>sandy</username><pt><x>459</x><y>133</y></pt><pt><x>459</x><y>111</y></pt><pt><x>456</x><y>112</y></pt><pt><x>455</x><y>153</y></pt><pt><x>459</x><y>155</y></pt></polygon></object><object><name>candlestick</name><deleted>0</deleted><verified>0</verified><date>14-Jul-2012 23:34:06</date><id>20</id><polygon><username>sandy</username><pt><x>460</x><y>190</y></pt><pt><x>460</x><y>154</y></pt><pt><x>453</x><y>154</y></pt><pt><x>454</x><y>190</y></pt><pt><x>447</x><y>195</y></pt><pt><x>465</x><y>195</y></pt></polygon></object><object><name>candle</name><deleted>0</deleted><verified>0</verified><date>14-Jul-2012 23:34:06</date><id>21</id><polygon><username>sandy</username><pt><x>440</x><y>136</y></pt><pt><x>440</x><y>112</y></pt><pt><x>438</x><y>112</y></pt><pt><x>437</x><y>112</y></pt><pt><x>435</x><y>155</y></pt><pt><x>439</x><y>155</y></pt></polygon></object><object><name>candlestick</name><deleted>0</deleted><verified>0</verified><date>14-Jul-2012 23:34:06</date><id>22</id><polygon><username>sandy</username><pt><x>440</x><y>171</y></pt><pt><x>440</x><y>162</y></pt><pt><x>441</x><y>153</y></pt><pt><x>433</x><y>154</y></pt><pt><x>435</x><y>163</y></pt><pt><x>435</x><y>168</y></pt><pt><x>434</x><y>191</y></pt><pt><x>427</x><y>195</y></pt><pt><x>443</x><y>195</y></pt><pt><x>439</x><y>190</y></pt></polygon></object><object><name>book</name><deleted>0</deleted><verified>0</verified><date>14-Jul-2012 23:34:06</date><id>23</id><polygon><username>sandy</username><pt><x>455</x><y>398</y></pt><pt><x>514</x><y>412</y></pt><pt><x>549</x><y>402</y></pt><pt><x>552</x><y>398</y></pt><pt><x>544</x><y>395</y></pt><pt><x>542</x><y>374</y></pt><pt><x>519</x><y>369</y></pt><pt><x>502</x><y>360</y></pt><pt><x>485</x><y>366</y></pt><pt><x>461</x><y>368</y></pt><pt><x>459</x><y>378</y></pt><pt><x>457</x><y>383</y></pt><pt><x>454</x><y>387</y></pt><pt><x>453</x><y>390</y></pt></polygon></object><object><name>cushion</name><deleted>0</deleted><verified>0</verified><date>14-Jul-2012 23:34:06</date><id>24</id><polygon><username>sandy</username><pt><x>799</x><y>310</y></pt><pt><x>773</x><y>324</y></pt><pt><x>759</x><y>342</y></pt><pt><x>739</x><y>370</y></pt><pt><x>737</x><y>382</y></pt><pt><x>736</x><y>390</y></pt><pt><x>745</x><y>390</y></pt><pt><x>799</x><y>345</y></pt></polygon></object><object><name>cushion</name><deleted>0</deleted><verified>0</verified><date>14-Jul-2012 23:34:06</date><id>25</id><polygon><username>sandy</username><pt><x>735</x><y>404</y></pt><pt><x>758</x><y>379</y></pt><pt><x>800</x><y>345</y></pt><pt><x>799</x><y>457</y></pt><pt><x>706</x><y>439</y></pt><pt><x>725</x><y>416</y></pt></polygon></object><object><name>cushion</name><deleted>0</deleted><verified>0</verified><date>14-Jul-2012 23:34:06</date><id>26</id><polygon><username>sandy</username><pt><x>110</x><y>348</y></pt><pt><x>132</x><y>425</y></pt><pt><x>202</x><y>405</y></pt><pt><x>189</x><y>372</y></pt><pt><x>184</x><y>330</y></pt><pt><x>181</x><y>326</y></pt><pt><x>179</x><y>324</y></pt><pt><x>172</x><y>327</y></pt><pt><x>165</x><y>330</y></pt><pt><x>147</x><y>336</y></pt><pt><x>122</x><y>337</y></pt><pt><x>113</x><y>338</y></pt><pt><x>107</x><y>339</y></pt><pt><x>105</x><y>342</y></pt></polygon></object><object><name>cushion</name><deleted>0</deleted><verified>0</verified><date>14-Jul-2012 23:34:06</date><id>27</id><polygon><username>sandy</username><pt><x>330</x><y>302</y></pt><pt><x>341</x><y>301</y></pt><pt><x>355</x><y>354</y></pt><pt><x>358</x><y>359</y></pt><pt><x>319</x><y>368</y></pt><pt><x>303</x><y>327</y></pt><pt><x>300</x><y>313</y></pt><pt><x>298</x><y>306</y></pt><pt><x>298</x><y>302</y></pt><pt><x>300</x><y>302</y></pt><pt><x>302</x><y>305</y></pt><pt><x>321</x><y>302</y></pt></polygon></object><object><name>house</name><deleted>0</deleted><verified>0</verified><date>14-Jul-2012 23:34:06</date><id>28</id><polygon><username>sandy</username><pt><x>248</x><y>350</y></pt><pt><x>259</x><y>346</y></pt><pt><x>269</x><y>348</y></pt><pt><x>281</x><y>347</y></pt><pt><x>283</x><y>343</y></pt><pt><x>282</x><y>300</y></pt><pt><x>285</x><y>300</y></pt><pt><x>270</x><y>277</y></pt><pt><x>240</x><y>280</y></pt><pt><x>241</x><y>272</y></pt><pt><x>234</x><y>273</y></pt><pt><x>233</x><y>285</y></pt><pt><x>222</x><y>301</y></pt><pt><x>224</x><y>344</y></pt></polygon></object><object><name>house</name><deleted>0</deleted><verified>0</verified><date>14-Jul-2012 23:34:06</date><id>29</id><polygon><username>sandy</username><pt><x>417</x><y>256</y></pt><pt><x>431</x><y>258</y></pt><pt><x>431</x><y>291</y></pt><pt><x>406</x><y>290</y></pt><pt><x>409</x><y>288</y></pt><pt><x>410</x><y>270</y></pt><pt><x>408</x><y>267</y></pt></polygon></object><object><name>house</name><deleted>0</deleted><verified>0</verified><date>14-Jul-2012 23:34:06</date><id>30</id><polygon><username>sandy</username><pt><x>414</x><y>309</y></pt><pt><x>431</x><y>311</y></pt><pt><x>431</x><y>337</y></pt><pt><x>406</x><y>333</y></pt><pt><x>406</x><y>322</y></pt></polygon></object><object><name>house</name><deleted>0</deleted><verified>0</verified><date>14-Jul-2012 23:34:06</date><id>31</id><polygon><username>sandy</username><pt><x>412</x><y>231</y></pt><pt><x>416</x><y>224</y></pt><pt><x>431</x><y>225</y></pt><pt><x>431</x><y>251</y></pt><pt><x>409</x><y>248</y></pt><pt><x>411</x><y>243</y></pt></polygon></object><object><name>house</name><deleted>0</deleted><verified>0</verified><date>14-Jul-2012 23:34:06</date><id>32</id><polygon><username>sandy</username><pt><x>754</x><y>279</y></pt><pt><x>763</x><y>281</y></pt><pt><x>768</x><y>279</y></pt><pt><x>780</x><y>281</y></pt><pt><x>781</x><y>276</y></pt><pt><x>786</x><y>277</y></pt><pt><x>787</x><y>280</y></pt><pt><x>800</x><y>282</y></pt><pt><x>800</x><y>323</y></pt><pt><x>743</x><y>318</y></pt><pt><x>744</x><y>299</y></pt><pt><x>748</x><y>293</y></pt><pt><x>753</x><y>289</y></pt></polygon></object><object><name>house</name><deleted>0</deleted><verified>0</verified><date>14-Jul-2012 23:34:06</date><id>33</id><polygon><username>sandy</username><pt><x>754</x><y>229</y></pt><pt><x>799</x><y>231</y></pt><pt><x>799</x><y>272</y></pt><pt><x>743</x><y>267</y></pt><pt><x>744</x><y>264</y></pt><pt><x>745</x><y>263</y></pt><pt><x>746</x><y>251</y></pt><pt><x>751</x><y>247</y></pt></polygon></object><object><name>house</name><deleted>0</deleted><verified>0</verified><date>14-Jul-2012 23:34:06</date><id>34</id><polygon><username>sandy</username><pt><x>767</x><y>152</y></pt><pt><x>799</x><y>153</y></pt><pt><x>800</x><y>206</y></pt><pt><x>758</x><y>205</y></pt><pt><x>760</x><y>202</y></pt><pt><x>761</x><y>200</y></pt></polygon></object><object><name>fireplace</name><deleted>0</deleted><verified>0</verified><date>14-Jul-2012 23:34:06</date><id>35</id><polygon><username>sandy</username><pt><x>473</x><y>285</y></pt><pt><x>467</x><y>404</y></pt><pt><x>652</x><y>430</y></pt><pt><x>655</x><y>297</y></pt></polygon></object><object><name>rug</name><deleted>0</deleted><verified>0</verified><date>14-Jul-2012 23:34:06</date><id>36</id><polygon><username>sandy</username><pt><x>460</x><y>439</y></pt><pt><x>595</x><y>471</y></pt><pt><x>579</x><y>596</y></pt><pt><x>242</x><y>598</y></pt><pt><x>174</x><y>568</y></pt><pt><x>323</x><y>484</y></pt><pt><x>427</x><y>430</y></pt></polygon></object><object><name>rug</name><deleted>0</deleted><verified>0</verified><date>14-Jul-2012 23:34:06</date><id>37</id><polygon><username>sandy</username><pt><x>2</x><y>506</y></pt><pt><x>59</x><y>487</y></pt><pt><x>56</x><y>416</y></pt><pt><x>0</x><y>436</y></pt></polygon></object><object><name>basket</name><deleted>0</deleted><verified>0</verified><date>14-Jul-2012 23:34:06</date><id>38</id><polygon><username>sandy</username><pt><x>443</x><y>331</y></pt><pt><x>450</x><y>326</y></pt><pt><x>453</x><y>304</y></pt><pt><x>457</x><y>299</y></pt><pt><x>468</x><y>297</y></pt><pt><x>484</x><y>298</y></pt><pt><x>496</x><y>308</y></pt><pt><x>498</x><y>323</y></pt><pt><x>502</x><y>325</y></pt><pt><x>505</x><y>328</y></pt><pt><x>500</x><y>365</y></pt><pt><x>463</x><y>375</y></pt><pt><x>444</x><y>374</y></pt><pt><x>443</x><y>372</y></pt><pt><x>443</x><y>342</y></pt><pt><x>442</x><y>336</y></pt></polygon></object><object><name>vase</name><deleted>0</deleted><verified>0</verified><date>14-Jul-2012 23:34:06</date><id>39</id><polygon><username>sandy</username><pt><x>127</x><y>248</y></pt><pt><x>119</x><y>242</y></pt><pt><x>117</x><y>238</y></pt><pt><x>118</x><y>232</y></pt><pt><x>118</x><y>226</y></pt><pt><x>119</x><y>219</y></pt><pt><x>149</x><y>222</y></pt><pt><x>153</x><y>231</y></pt><pt><x>150</x><y>235</y></pt><pt><x>149</x><y>238</y></pt><pt><x>142</x><y>244</y></pt><pt><x>141</x><y>248</y></pt><pt><x>142</x><y>254</y></pt><pt><x>142</x><y>257</y></pt><pt><x>144</x><y>256</y></pt><pt><x>147</x><y>257</y></pt><pt><x>149</x><y>259</y></pt><pt><x>150</x><y>264</y></pt><pt><x>150</x><y>268</y></pt><pt><x>148</x><y>268</y></pt><pt><x>146</x><y>264</y></pt><pt><x>145</x><y>263</y></pt><pt><x>142</x><y>262</y></pt><pt><x>138</x><y>261</y></pt><pt><x>137</x><y>263</y></pt><pt><x>138</x><y>266</y></pt><pt><x>134</x><y>270</y></pt><pt><x>130</x><y>269</y></pt><pt><x>129</x><y>266</y></pt><pt><x>128</x><y>263</y></pt><pt><x>125</x><y>262</y></pt><pt><x>122</x><y>263</y></pt><pt><x>124</x><y>266</y></pt><pt><x>123</x><y>270</y></pt><pt><x>120</x><y>271</y></pt><pt><x>118</x><y>269</y></pt><pt><x>119</x><y>264</y></pt><pt><x>117</x><y>262</y></pt><pt><x>122</x><y>259</y></pt><pt><x>128</x><y>257</y></pt><pt><x>130</x><y>254</y></pt></polygon></object><object><name>vase</name><deleted>0</deleted><verified>0</verified><date>14-Jul-2012 23:34:06</date><id>40</id><polygon><username>sandy</username><pt><x>537</x><y>354</y></pt><pt><x>539</x><y>335</y></pt><pt><x>584</x><y>335</y></pt><pt><x>585</x><y>382</y></pt><pt><x>564</x><y>388</y></pt><pt><x>546</x><y>386</y></pt><pt><x>534</x><y>385</y></pt></polygon></object><object><name>vase</name><deleted>0</deleted><verified>0</verified><date>14-Jul-2012 23:34:06</date><id>41</id><polygon><username>sandy</username><pt><x>665</x><y>193</y></pt><pt><x>688</x><y>195</y></pt><pt><x>694</x><y>195</y></pt><pt><x>696</x><y>146</y></pt><pt><x>668</x><y>146</y></pt></polygon></object><object><name>house</name><deleted>0</deleted><verified>0</verified><date>14-Jul-2012 23:34:06</date><id>42</id><polygon><username>sandy</username><pt><x>406</x><y>163</y></pt><pt><x>401</x><y>179</y></pt><pt><x>403</x><y>181</y></pt><pt><x>404</x><y>196</y></pt><pt><x>425</x><y>195</y></pt><pt><x>429</x><y>163</y></pt><pt><x>419</x><y>162</y></pt><pt><x>416</x><y>163</y></pt><pt><x>415</x><y>163</y></pt><pt><x>415</x><y>161</y></pt><pt><x>413</x><y>160</y></pt><pt><x>411</x><y>163</y></pt></polygon></object><object><name>blanket</name><deleted>0</deleted><verified>0</verified><date>14-Jul-2012 23:34:06</date><id>43</id><polygon><username>sandy</username><pt><x>736</x><y>461</y></pt><pt><x>722</x><y>432</y></pt><pt><x>685</x><y>426</y></pt><pt><x>668</x><y>419</y></pt><pt><x>659</x><y>419</y></pt><pt><x>609</x><y>401</y></pt><pt><x>602</x><y>405</y></pt><pt><x>586</x><y>405</y></pt><pt><x>581</x><y>411</y></pt><pt><x>577</x><y>414</y></pt><pt><x>576</x><y>417</y></pt><pt><x>572</x><y>419</y></pt><pt><x>567</x><y>457</y></pt><pt><x>569</x><y>475</y></pt><pt><x>567</x><y>502</y></pt><pt><x>577</x><y>507</y></pt><pt><x>581</x><y>497</y></pt><pt><x>578</x><y>598</y></pt><pt><x>752</x><y>597</y></pt><pt><x>775</x><y>583</y></pt><pt><x>769</x><y>546</y></pt><pt><x>749</x><y>477</y></pt></polygon></object><object><name>furniture</name><deleted>0</deleted><verified>0</verified><date>14-Jul-2012 23:34:06</date><id>44</id><polygon><username>sandy</username><pt><x>196</x><y>344</y></pt><pt><x>253</x><y>330</y></pt><pt><x>334</x><y>345</y></pt><pt><x>330</x><y>357</y></pt><pt><x>322</x><y>396</y></pt><pt><x>272</x><y>403</y></pt><pt><x>198</x><y>369</y></pt><pt><x>196</x><y>352</y></pt><pt><x>192</x><y>351</y></pt></polygon></object><object><name>book</name><deleted>0</deleted><verified>0</verified><date>14-Jul-2012 23:34:06</date><id>45</id><polygon><username>sandy</username><pt><x>166</x><y>256</y></pt><pt><x>179</x><y>254</y></pt><pt><x>192</x><y>256</y></pt><pt><x>193</x><y>259</y></pt><pt><x>202</x><y>261</y></pt><pt><x>201</x><y>263</y></pt><pt><x>179</x><y>265</y></pt><pt><x>150</x><y>264</y></pt><pt><x>152</x><y>262</y></pt></polygon></object><object><name>furniture</name><deleted>0</deleted><verified>0</verified><date>14-Jul-2012 23:34:06</date><id>46</id><polygon><username>sandy</username><pt><x>29</x><y>272</y></pt><pt><x>186</x><y>259</y></pt><pt><x>211</x><y>263</y></pt><pt><x>210</x><y>266</y></pt><pt><x>209</x><y>320</y></pt><pt><x>208</x><y>324</y></pt><pt><x>207</x><y>329</y></pt><pt><x>209</x><y>331</y></pt><pt><x>206</x><y>334</y></pt><pt><x>207</x><y>341</y></pt><pt><x>206</x><y>365</y></pt><pt><x>48</x><y>399</y></pt><pt><x>6</x><y>414</y></pt><pt><x>5</x><y>417</y></pt><pt><x>6</x><y>419</y></pt><pt><x>8</x><y>419</y></pt><pt><x>8</x><y>421</y></pt><pt><x>7</x><y>423</y></pt><pt><x>4</x><y>425</y></pt><pt><x>2</x><y>425</y></pt><pt><x>0</x><y>424</y></pt><pt><x>2</x><y>274</y></pt></polygon></object><object><name>furniture</name><deleted>0</deleted><verified>0</verified><date>14-Jul-2012 23:34:06</date><id>47</id><polygon><username>sandy</username><pt><x>392</x><y>302</y></pt><pt><x>393</x><y>206</y></pt><pt><x>389</x><y>205</y></pt><pt><x>389</x><y>202</y></pt><pt><x>431</x><y>199</y></pt><pt><x>431</x><y>358</y></pt><pt><x>405</x><y>349</y></pt><pt><x>392</x><y>332</y></pt></polygon></object><object><name>furniture</name><deleted>0</deleted><verified>0</verified><date>14-Jul-2012 23:34:06</date><id>48</id><polygon><username>sandy</username><pt><x>730</x><y>266</y></pt><pt><x>733</x><y>204</y></pt><pt><x>799</x><y>205</y></pt><pt><x>799</x><y>346</y></pt><pt><x>728</x><y>336</y></pt></polygon></object><object><name>mantelpiece</name><deleted>0</deleted><verified>0</verified><date>14-Jul-2012 23:34:06</date><id>49</id><polygon><username>sandy</username><pt><x>724</x><y>192</y></pt><pt><x>756</x><y>199</y></pt><pt><x>756</x><y>215</y></pt><pt><x>748</x><y>217</y></pt><pt><x>747</x><y>234</y></pt><pt><x>737</x><y>233</y></pt><pt><x>717</x><y>232</y></pt><pt><x>718</x><y>215</y></pt><pt><x>707</x><y>216</y></pt><pt><x>708</x><y>232</y></pt><pt><x>707</x><y>233</y></pt><pt><x>692</x><y>234</y></pt><pt><x>689</x><y>232</y></pt><pt><x>687</x><y>231</y></pt><pt><x>688</x><y>216</y></pt><pt><x>672</x><y>215</y></pt><pt><x>671</x><y>232</y></pt><pt><x>657</x><y>234</y></pt><pt><x>652</x><y>230</y></pt><pt><x>650</x><y>215</y></pt><pt><x>472</x><y>212</y></pt><pt><x>472</x><y>228</y></pt><pt><x>464</x><y>229</y></pt><pt><x>461</x><y>229</y></pt><pt><x>453</x><y>227</y></pt><pt><x>451</x><y>212</y></pt><pt><x>446</x><y>212</y></pt><pt><x>445</x><y>227</y></pt><pt><x>439</x><y>229</y></pt><pt><x>431</x><y>225</y></pt><pt><x>429</x><y>211</y></pt><pt><x>401</x><y>210</y></pt><pt><x>403</x><y>195</y></pt></polygon></object><object><name>shelf</name><deleted>0</deleted><verified>0</verified><date>14-Jul-2012 23:34:06</date><id>50</id><polygon><username>sandy</username><pt><x>356</x><y>236</y></pt><pt><x>393</x><y>237</y></pt><pt><x>394</x><y>245</y></pt><pt><x>393</x><y>247</y></pt><pt><x>353</x><y>248</y></pt></polygon></object><object><name>shelf</name><deleted>0</deleted><verified>0</verified><date>14-Jul-2012 23:34:06</date><id>51</id><polygon><username>sandy</username><pt><x>738</x><y>273</y></pt><pt><x>799</x><y>277</y></pt><pt><x>799</x><y>269</y></pt><pt><x>744</x><y>265</y></pt><pt><x>738</x><y>266</y></pt></polygon></object><object><name>shelf</name><deleted>0</deleted><verified>0</verified><date>14-Jul-2012 23:34:06</date><id>52</id><polygon><username>sandy</username><pt><x>736</x><y>324</y></pt><pt><x>774</x><y>328</y></pt><pt><x>777</x><y>321</y></pt><pt><x>744</x><y>316</y></pt><pt><x>737</x><y>319</y></pt></polygon></object><object><name>shelf</name><deleted>0</deleted><verified>0</verified><date>14-Jul-2012 23:34:06</date><id>53</id><polygon><username>sandy</username><pt><x>400</x><y>253</y></pt><pt><x>430</x><y>255</y></pt><pt><x>431</x><y>249</y></pt><pt><x>406</x><y>248</y></pt><pt><x>403</x><y>249</y></pt></polygon></object><object><name>shelf</name><deleted>0</deleted><verified>0</verified><date>14-Jul-2012 23:34:06</date><id>54</id><polygon><username>sandy</username><pt><x>410</x><y>294</y></pt><pt><x>430</x><y>295</y></pt><pt><x>430</x><y>291</y></pt><pt><x>399</x><y>287</y></pt><pt><x>398</x><y>291</y></pt></polygon></object><object><name>shelf</name><deleted>0</deleted><verified>0</verified><date>14-Jul-2012 23:34:06</date><id>55</id><polygon><username>sandy</username><pt><x>414</x><y>338</y></pt><pt><x>431</x><y>341</y></pt><pt><x>431</x><y>337</y></pt><pt><x>405</x><y>331</y></pt><pt><x>400</x><y>332</y></pt><pt><x>397</x><y>334</y></pt></polygon></object><imagesize><nrows>600</nrows><ncols>800</ncols></imagesize></annotation>