<annotation><filename>l_living_room_living49.jpg</filename><folder>100images</folder><source><sourceImage>The MIT-CSAIL database of objects and scenes</sourceImage><sourceAnnotation>LabelMe Webtool</sourceAnnotation></source><object><name>chess</name><deleted>0</deleted><verified>0</verified><date>15-Jul-2012 13:39:22</date><id>0</id><polygon><username>sandy</username><pt><x>398</x><y>543</y></pt><pt><x>639</x><y>565</y></pt><pt><x>710</x><y>507</y></pt><pt><x>710</x><y>503</y></pt><pt><x>655</x><y>499</y></pt><pt><x>652</x><y>491</y></pt><pt><x>652</x><y>487</y></pt><pt><x>652</x><y>484</y></pt><pt><x>650</x><y>483</y></pt><pt><x>648</x><y>483</y></pt><pt><x>646</x><y>485</y></pt><pt><x>637</x><y>487</y></pt><pt><x>637</x><y>481</y></pt><pt><x>639</x><y>476</y></pt><pt><x>633</x><y>473</y></pt><pt><x>631</x><y>475</y></pt><pt><x>630</x><y>478</y></pt><pt><x>630</x><y>483</y></pt><pt><x>631</x><y>487</y></pt><pt><x>626</x><y>486</y></pt><pt><x>619</x><y>485</y></pt><pt><x>617</x><y>479</y></pt><pt><x>618</x><y>475</y></pt><pt><x>617</x><y>472</y></pt><pt><x>614</x><y>467</y></pt><pt><x>616</x><y>464</y></pt><pt><x>614</x><y>462</y></pt><pt><x>612</x><y>463</y></pt><pt><x>610</x><y>473</y></pt><pt><x>611</x><y>483</y></pt><pt><x>602</x><y>482</y></pt><pt><x>601</x><y>472</y></pt><pt><x>592</x><y>466</y></pt><pt><x>592</x><y>473</y></pt><pt><x>594</x><y>478</y></pt><pt><x>587</x><y>478</y></pt><pt><x>587</x><y>490</y></pt><pt><x>582</x><y>492</y></pt><pt><x>579</x><y>476</y></pt><pt><x>581</x><y>475</y></pt><pt><x>579</x><y>470</y></pt><pt><x>580</x><y>463</y></pt><pt><x>581</x><y>460</y></pt><pt><x>575</x><y>452</y></pt><pt><x>572</x><y>462</y></pt><pt><x>572</x><y>478</y></pt><pt><x>568</x><y>476</y></pt><pt><x>565</x><y>467</y></pt><pt><x>565</x><y>463</y></pt><pt><x>557</x><y>467</y></pt><pt><x>552</x><y>471</y></pt><pt><x>539</x><y>472</y></pt><pt><x>537</x><y>465</y></pt><pt><x>539</x><y>461</y></pt><pt><x>537</x><y>456</y></pt><pt><x>537</x><y>449</y></pt><pt><x>534</x><y>449</y></pt><pt><x>532</x><y>453</y></pt><pt><x>530</x><y>463</y></pt><pt><x>528</x><y>460</y></pt><pt><x>525</x><y>456</y></pt><pt><x>521</x><y>457</y></pt><pt><x>522</x><y>461</y></pt><pt><x>520</x><y>472</y></pt><pt><x>521</x><y>484</y></pt><pt><x>519</x><y>488</y></pt><pt><x>516</x><y>483</y></pt><pt><x>516</x><y>477</y></pt><pt><x>513</x><y>475</y></pt><pt><x>507</x><y>476</y></pt><pt><x>507</x><y>472</y></pt><pt><x>503</x><y>474</y></pt><pt><x>503</x><y>478</y></pt><pt><x>501</x><y>487</y></pt><pt><x>491</x><y>494</y></pt><pt><x>487</x><y>488</y></pt><pt><x>485</x><y>485</y></pt><pt><x>483</x><y>483</y></pt><pt><x>479</x><y>486</y></pt><pt><x>478</x><y>494</y></pt><pt><x>473</x><y>496</y></pt><pt><x>470</x><y>492</y></pt><pt><x>461</x><y>491</y></pt><pt><x>458</x><y>494</y></pt><pt><x>463</x><y>503</y></pt><pt><x>459</x><y>507</y></pt><pt><x>398</x><y>536</y></pt></polygon></object><object><name>chair</name><deleted>0</deleted><verified>0</verified><date>15-Jul-2012 13:39:22</date><id>1</id><polygon><username>sandy</username><pt><x>531</x><y>312</y></pt><pt><x>633</x><y>311</y></pt><pt><x>639</x><y>313</y></pt><pt><x>642</x><y>318</y></pt><pt><x>643</x><y>324</y></pt><pt><x>646</x><y>357</y></pt><pt><x>650</x><y>360</y></pt><pt><x>666</x><y>360</y></pt><pt><x>670</x><y>386</y></pt><pt><x>672</x><y>411</y></pt><pt><x>675</x><y>431</y></pt><pt><x>525</x><y>438</y></pt><pt><x>523</x><y>377</y></pt><pt><x>520</x><y>376</y></pt><pt><x>518</x><y>367</y></pt><pt><x>519</x><y>360</y></pt><pt><x>523</x><y>358</y></pt><pt><x>522</x><y>318</y></pt><pt><x>523</x><y>313</y></pt><pt><x>525</x><y>310</y></pt></polygon></object><object><name>chair</name><deleted>0</deleted><verified>0</verified><date>15-Jul-2012 13:39:22</date><id>2</id><polygon><username>sandy</username><pt><x>104</x><y>474</y></pt><pt><x>173</x><y>456</y></pt><pt><x>184</x><y>456</y></pt><pt><x>191</x><y>458</y></pt><pt><x>195</x><y>461</y></pt><pt><x>204</x><y>495</y></pt><pt><x>230</x><y>492</y></pt><pt><x>242</x><y>495</y></pt><pt><x>249</x><y>501</y></pt><pt><x>253</x><y>507</y></pt><pt><x>251</x><y>510</y></pt><pt><x>272</x><y>525</y></pt><pt><x>193</x><y>599</y></pt><pt><x>2</x><y>599</y></pt><pt><x>2</x><y>416</y></pt><pt><x>21</x><y>428</y></pt><pt><x>37</x><y>450</y></pt><pt><x>59</x><y>489</y></pt></polygon></object><object><name>table</name><deleted>0</deleted><verified>0</verified><date>15-Jul-2012 13:39:22</date><id>3</id><polygon><username>sandy</username><pt><x>216</x><y>546</y></pt><pt><x>374</x><y>486</y></pt><pt><x>798</x><y>515</y></pt><pt><x>799</x><y>598</y></pt><pt><x>200</x><y>596</y></pt><pt><x>201</x><y>587</y></pt><pt><x>193</x><y>583</y></pt><pt><x>189</x><y>577</y></pt><pt><x>189</x><y>571</y></pt><pt><x>196</x><y>559</y></pt><pt><x>207</x><y>551</y></pt></polygon></object><object><name>table</name><deleted>0</deleted><verified>0</verified><date>15-Jul-2012 13:39:22</date><id>4</id><polygon><username>sandy</username><pt><x>363</x><y>395</y></pt><pt><x>370</x><y>398</y></pt><pt><x>374</x><y>399</y></pt><pt><x>375</x><y>401</y></pt><pt><x>372</x><y>404</y></pt><pt><x>366</x><y>407</y></pt><pt><x>359</x><y>410</y></pt><pt><x>360</x><y>458</y></pt><pt><x>361</x><y>462</y></pt><pt><x>361</x><y>471</y></pt><pt><x>357</x><y>471</y></pt><pt><x>361</x><y>489</y></pt><pt><x>350</x><y>493</y></pt><pt><x>350</x><y>469</y></pt><pt><x>334</x><y>471</y></pt><pt><x>326</x><y>471</y></pt><pt><x>325</x><y>504</y></pt><pt><x>313</x><y>509</y></pt><pt><x>313</x><y>474</y></pt><pt><x>279</x><y>473</y></pt><pt><x>279</x><y>521</y></pt><pt><x>270</x><y>524</y></pt><pt><x>271</x><y>476</y></pt><pt><x>268</x><y>475</y></pt><pt><x>268</x><y>464</y></pt><pt><x>270</x><y>463</y></pt><pt><x>272</x><y>410</y></pt><pt><x>261</x><y>408</y></pt><pt><x>258</x><y>407</y></pt><pt><x>257</x><y>404</y></pt><pt><x>260</x><y>403</y></pt><pt><x>266</x><y>401</y></pt><pt><x>285</x><y>395</y></pt><pt><x>302</x><y>393</y></pt><pt><x>322</x><y>391</y></pt><pt><x>340</x><y>391</y></pt><pt><x>355</x><y>393</y></pt></polygon></object><object><name>lamp</name><deleted>0</deleted><verified>0</verified><date>15-Jul-2012 13:39:22</date><id>5</id><polygon><username>sandy</username><pt><x>323</x><y>298</y></pt><pt><x>335</x><y>319</y></pt><pt><x>319</x><y>320</y></pt><pt><x>316</x><y>325</y></pt><pt><x>315</x><y>334</y></pt><pt><x>315</x><y>339</y></pt><pt><x>312</x><y>340</y></pt><pt><x>307</x><y>342</y></pt><pt><x>309</x><y>344</y></pt><pt><x>306</x><y>347</y></pt><pt><x>304</x><y>356</y></pt><pt><x>303</x><y>383</y></pt><pt><x>308</x><y>383</y></pt><pt><x>312</x><y>393</y></pt><pt><x>311</x><y>398</y></pt><pt><x>308</x><y>399</y></pt><pt><x>305</x><y>390</y></pt><pt><x>298</x><y>392</y></pt><pt><x>293</x><y>388</y></pt><pt><x>288</x><y>387</y></pt><pt><x>283</x><y>397</y></pt><pt><x>280</x><y>397</y></pt><pt><x>279</x><y>395</y></pt><pt><x>283</x><y>386</y></pt><pt><x>288</x><y>383</y></pt><pt><x>292</x><y>385</y></pt><pt><x>296</x><y>384</y></pt><pt><x>298</x><y>382</y></pt><pt><x>299</x><y>348</y></pt><pt><x>298</x><y>345</y></pt><pt><x>298</x><y>340</y></pt><pt><x>293</x><y>334</y></pt><pt><x>290</x><y>334</y></pt><pt><x>291</x><y>330</y></pt><pt><x>291</x><y>327</y></pt><pt><x>293</x><y>312</y></pt><pt><x>274</x><y>312</y></pt><pt><x>292</x><y>289</y></pt><pt><x>304</x><y>289</y></pt><pt><x>308</x><y>297</y></pt><pt><x>314</x><y>296</y></pt><pt><x>319</x><y>296</y></pt></polygon></object><object><name>vase</name><deleted>0</deleted><verified>0</verified><date>15-Jul-2012 13:39:22</date><id>6</id><polygon><username>sandy</username><pt><x>611</x><y>120</y></pt><pt><x>605</x><y>155</y></pt><pt><x>613</x><y>166</y></pt><pt><x>609</x><y>174</y></pt><pt><x>605</x><y>190</y></pt><pt><x>601</x><y>196</y></pt><pt><x>600</x><y>200</y></pt><pt><x>581</x><y>201</y></pt><pt><x>577</x><y>197</y></pt><pt><x>567</x><y>172</y></pt><pt><x>568</x><y>163</y></pt><pt><x>571</x><y>154</y></pt><pt><x>570</x><y>128</y></pt><pt><x>567</x><y>130</y></pt><pt><x>569</x><y>123</y></pt><pt><x>568</x><y>119</y></pt><pt><x>563</x><y>116</y></pt><pt><x>565</x><y>112</y></pt><pt><x>577</x><y>116</y></pt><pt><x>598</x><y>113</y></pt><pt><x>616</x><y>113</y></pt></polygon></object><object><name>vase</name><deleted>0</deleted><verified>0</verified><date>15-Jul-2012 13:39:22</date><id>7</id><polygon><username>sandy</username><pt><x>694</x><y>24</y></pt><pt><x>693</x><y>61</y></pt><pt><x>696</x><y>80</y></pt><pt><x>696</x><y>91</y></pt><pt><x>693</x><y>98</y></pt><pt><x>689</x><y>101</y></pt><pt><x>684</x><y>104</y></pt><pt><x>680</x><y>108</y></pt><pt><x>679</x><y>117</y></pt><pt><x>670</x><y>118</y></pt><pt><x>659</x><y>118</y></pt><pt><x>652</x><y>118</y></pt><pt><x>654</x><y>114</y></pt><pt><x>639</x><y>98</y></pt><pt><x>636</x><y>92</y></pt><pt><x>634</x><y>84</y></pt><pt><x>635</x><y>75</y></pt><pt><x>638</x><y>68</y></pt><pt><x>640</x><y>62</y></pt><pt><x>639</x><y>25</y></pt><pt><x>636</x><y>22</y></pt><pt><x>639</x><y>21</y></pt><pt><x>664</x><y>19</y></pt><pt><x>686</x><y>18</y></pt><pt><x>695</x><y>19</y></pt><pt><x>699</x><y>20</y></pt></polygon></object><object><name>curtains</name><deleted>0</deleted><verified>0</verified><date>15-Jul-2012 13:39:22</date><id>8</id><polygon><username>sandy</username><pt><x>430</x><y>2</y></pt><pt><x>434</x><y>38</y></pt><pt><x>439</x><y>78</y></pt><pt><x>448</x><y>129</y></pt><pt><x>456</x><y>167</y></pt><pt><x>468</x><y>207</y></pt><pt><x>479</x><y>243</y></pt><pt><x>485</x><y>259</y></pt><pt><x>485</x><y>265</y></pt><pt><x>484</x><y>303</y></pt><pt><x>484</x><y>351</y></pt><pt><x>481</x><y>389</y></pt><pt><x>476</x><y>433</y></pt><pt><x>524</x><y>436</y></pt><pt><x>524</x><y>311</y></pt><pt><x>521</x><y>249</y></pt><pt><x>521</x><y>205</y></pt><pt><x>524</x><y>89</y></pt><pt><x>525</x><y>1</y></pt></polygon></object><object><name>curtains</name><deleted>0</deleted><verified>0</verified><date>15-Jul-2012 13:39:22</date><id>9</id><polygon><username>sandy</username><pt><x>413</x><y>2</y></pt><pt><x>411</x><y>32</y></pt><pt><x>403</x><y>76</y></pt><pt><x>393</x><y>129</y></pt><pt><x>383</x><y>184</y></pt><pt><x>372</x><y>231</y></pt><pt><x>354</x><y>275</y></pt><pt><x>349</x><y>292</y></pt><pt><x>349</x><y>299</y></pt><pt><x>356</x><y>324</y></pt><pt><x>363</x><y>349</y></pt><pt><x>366</x><y>389</y></pt><pt><x>377</x><y>445</y></pt><pt><x>380</x><y>482</y></pt><pt><x>277</x><y>522</y></pt><pt><x>277</x><y>374</y></pt><pt><x>278</x><y>271</y></pt><pt><x>280</x><y>207</y></pt><pt><x>285</x><y>76</y></pt><pt><x>289</x><y>1</y></pt></polygon></object><object><name>window</name><deleted>0</deleted><verified>0</verified><date>15-Jul-2012 13:39:22</date><id>10</id><polygon><username>sandy</username><pt><x>453</x><y>456</y></pt><pt><x>454</x><y>47</y></pt><pt><x>456</x><y>32</y></pt><pt><x>343</x><y>3</y></pt><pt><x>341</x><y>493</y></pt></polygon></object><object><name>sofa</name><deleted>1</deleted><verified>0</verified><date>15-Jul-2012 13:39:22</date><id>11</id><polygon><username>sandy</username><pt><x>798</x><y>505</y></pt><pt><x>658</x><y>489</y></pt><pt><x>497</x><y>486</y></pt><pt><x>455</x><y>485</y></pt><pt><x>451</x><y>489</y></pt><pt><x>795</x><y>513</y></pt></polygon></object><object><name>picture</name><deleted>0</deleted><verified>0</verified><date>15-Jul-2012 13:39:22</date><id>12</id><polygon><username>sandy</username><pt><x>174</x><y>236</y></pt><pt><x>237</x><y>233</y></pt><pt><x>244</x><y>235</y></pt><pt><x>247</x><y>330</y></pt><pt><x>181</x><y>338</y></pt><pt><x>175</x><y>336</y></pt></polygon></object><object><name>picture</name><deleted>0</deleted><verified>0</verified><date>15-Jul-2012 13:39:22</date><id>13</id><polygon><username>sandy</username><pt><x>158</x><y>217</y></pt><pt><x>265</x><y>214</y></pt><pt><x>266</x><y>2</y></pt><pt><x>159</x><y>1</y></pt></polygon></object><object><name>fireplace</name><deleted>0</deleted><verified>0</verified><date>15-Jul-2012 13:39:22</date><id>14</id><polygon><username>sandy</username><pt><x>706</x><y>254</y></pt><pt><x>683</x><y>258</y></pt><pt><x>683</x><y>276</y></pt><pt><x>691</x><y>280</y></pt><pt><x>697</x><y>284</y></pt><pt><x>700</x><y>288</y></pt><pt><x>703</x><y>296</y></pt><pt><x>703</x><y>301</y></pt><pt><x>709</x><y>300</y></pt><pt><x>710</x><y>437</y></pt><pt><x>799</x><y>438</y></pt><pt><x>798</x><y>259</y></pt><pt><x>715</x><y>256</y></pt></polygon></object><object><name>tray</name><deleted>0</deleted><verified>0</verified><date>15-Jul-2012 13:39:22</date><id>15</id><polygon><username>sandy</username><pt><x>354</x><y>529</y></pt><pt><x>379</x><y>529</y></pt><pt><x>419</x><y>525</y></pt><pt><x>451</x><y>511</y></pt><pt><x>462</x><y>504</y></pt><pt><x>465</x><y>495</y></pt><pt><x>464</x><y>488</y></pt><pt><x>454</x><y>482</y></pt><pt><x>454</x><y>477</y></pt><pt><x>457</x><y>474</y></pt><pt><x>458</x><y>471</y></pt><pt><x>444</x><y>470</y></pt><pt><x>440</x><y>469</y></pt><pt><x>436</x><y>469</y></pt><pt><x>433</x><y>470</y></pt><pt><x>432</x><y>479</y></pt><pt><x>414</x><y>480</y></pt><pt><x>389</x><y>483</y></pt><pt><x>362</x><y>489</y></pt><pt><x>334</x><y>498</y></pt><pt><x>321</x><y>503</y></pt><pt><x>320</x><y>506</y></pt><pt><x>320</x><y>511</y></pt><pt><x>319</x><y>516</y></pt><pt><x>317</x><y>517</y></pt><pt><x>316</x><y>521</y></pt><pt><x>321</x><y>527</y></pt><pt><x>333</x><y>529</y></pt><pt><x>341</x><y>530</y></pt></polygon></object><object><name>curtains</name><deleted>0</deleted><verified>0</verified><date>15-Jul-2012 13:39:22</date><id>16</id><polygon><username>sandy</username><pt><x>151</x><y>378</y></pt><pt><x>153</x><y>278</y></pt><pt><x>157</x><y>153</y></pt><pt><x>160</x><y>1</y></pt><pt><x>2</x><y>0</y></pt><pt><x>2</x><y>107</y></pt><pt><x>20</x><y>172</y></pt><pt><x>42</x><y>231</y></pt><pt><x>64</x><y>281</y></pt><pt><x>79</x><y>313</y></pt><pt><x>79</x><y>338</y></pt><pt><x>79</x><y>376</y></pt><pt><x>80</x><y>439</y></pt><pt><x>99</x><y>474</y></pt><pt><x>167</x><y>456</y></pt><pt><x>160</x><y>419</y></pt><pt><x>155</x><y>393</y></pt></polygon></object><object><name>book</name><deleted>0</deleted><verified>0</verified><date>15-Jul-2012 13:39:22</date><id>17</id><polygon><username>sandy</username><pt><x>688</x><y>538</y></pt><pt><x>784</x><y>545</y></pt><pt><x>796</x><y>515</y></pt><pt><x>715</x><y>507</y></pt></polygon></object><object><name>cushion</name><deleted>0</deleted><verified>0</verified><date>15-Jul-2012 13:39:22</date><id>18</id><polygon><username>sandy</username><pt><x>554</x><y>376</y></pt><pt><x>550</x><y>322</y></pt><pt><x>547</x><y>313</y></pt><pt><x>570</x><y>312</y></pt><pt><x>605</x><y>312</y></pt><pt><x>623</x><y>308</y></pt><pt><x>626</x><y>362</y></pt><pt><x>631</x><y>375</y></pt><pt><x>597</x><y>372</y></pt><pt><x>570</x><y>374</y></pt></polygon></object><object><name>cushion</name><deleted>0</deleted><verified>0</verified><date>15-Jul-2012 13:39:22</date><id>19</id><polygon><username>sandy</username><pt><x>437</x><y>429</y></pt><pt><x>488</x><y>437</y></pt><pt><x>526</x><y>439</y></pt><pt><x>558</x><y>435</y></pt><pt><x>564</x><y>430</y></pt><pt><x>570</x><y>433</y></pt><pt><x>573</x><y>444</y></pt><pt><x>574</x><y>489</y></pt><pt><x>452</x><y>484</y></pt><pt><x>441</x><y>457</y></pt><pt><x>445</x><y>454</y></pt><pt><x>436</x><y>441</y></pt></polygon></object><object><name>cushion</name><deleted>0</deleted><verified>0</verified><date>15-Jul-2012 13:39:22</date><id>20</id><polygon><username>sandy</username><pt><x>545</x><y>427</y></pt><pt><x>557</x><y>431</y></pt><pt><x>581</x><y>433</y></pt><pt><x>606</x><y>437</y></pt><pt><x>654</x><y>430</y></pt><pt><x>676</x><y>429</y></pt><pt><x>681</x><y>430</y></pt><pt><x>682</x><y>440</y></pt><pt><x>680</x><y>447</y></pt><pt><x>678</x><y>483</y></pt><pt><x>679</x><y>492</y></pt><pt><x>546</x><y>477</y></pt><pt><x>538</x><y>437</y></pt><pt><x>535</x><y>433</y></pt><pt><x>535</x><y>429</y></pt></polygon></object><object><name>cushion</name><deleted>0</deleted><verified>0</verified><date>15-Jul-2012 13:39:22</date><id>21</id><polygon><username>sandy</username><pt><x>624</x><y>448</y></pt><pt><x>633</x><y>468</y></pt><pt><x>637</x><y>489</y></pt><pt><x>788</x><y>504</y></pt><pt><x>789</x><y>445</y></pt><pt><x>784</x><y>444</y></pt><pt><x>740</x><y>450</y></pt><pt><x>708</x><y>445</y></pt><pt><x>685</x><y>444</y></pt><pt><x>666</x><y>451</y></pt><pt><x>663</x><y>449</y></pt><pt><x>626</x><y>437</y></pt><pt><x>622</x><y>437</y></pt></polygon></object><object><name>cushion</name><deleted>0</deleted><verified>0</verified><date>15-Jul-2012 13:39:22</date><id>22</id><polygon><username>sandy</username><pt><x>727</x><y>445</y></pt><pt><x>722</x><y>436</y></pt><pt><x>727</x><y>433</y></pt><pt><x>750</x><y>432</y></pt><pt><x>787</x><y>433</y></pt><pt><x>799</x><y>434</y></pt><pt><x>799</x><y>505</y></pt><pt><x>728</x><y>494</y></pt></polygon></object><object><name>cushion</name><deleted>0</deleted><verified>0</verified><date>15-Jul-2012 13:39:22</date><id>23</id><polygon><username>sandy</username><pt><x>74</x><y>524</y></pt><pt><x>41</x><y>459</y></pt><pt><x>38</x><y>451</y></pt><pt><x>40</x><y>445</y></pt><pt><x>47</x><y>443</y></pt><pt><x>62</x><y>436</y></pt><pt><x>67</x><y>431</y></pt><pt><x>70</x><y>428</y></pt><pt><x>74</x><y>428</y></pt><pt><x>88</x><y>444</y></pt><pt><x>102</x><y>477</y></pt><pt><x>124</x><y>517</y></pt><pt><x>98</x><y>523</y></pt></polygon></object><object><name>pokerstick</name><deleted>0</deleted><verified>0</verified><date>15-Jul-2012 13:39:22</date><id>24</id><polygon><username>sandy</username><pt><x>746</x><y>367</y></pt><pt><x>747</x><y>324</y></pt><pt><x>748</x><y>321</y></pt><pt><x>747</x><y>319</y></pt><pt><x>744</x><y>319</y></pt><pt><x>741</x><y>320</y></pt><pt><x>743</x><y>325</y></pt><pt><x>744</x><y>419</y></pt><pt><x>743</x><y>422</y></pt><pt><x>742</x><y>426</y></pt><pt><x>742</x><y>429</y></pt><pt><x>744</x><y>432</y></pt><pt><x>747</x><y>432</y></pt><pt><x>746</x><y>427</y></pt><pt><x>746</x><y>423</y></pt></polygon></object><imagesize><nrows>600</nrows><ncols>800</ncols></imagesize></annotation>