<annotation><filename>l_living_room_living23.jpg</filename><folder>100images</folder><source><sourceImage>The MIT-CSAIL database of objects and scenes</sourceImage><sourceAnnotation>LabelMe Webtool</sourceAnnotation></source><object><name>flowers</name><deleted>0</deleted><verified>0</verified><date>14-Jul-2012 23:50:15</date><id>0</id><polygon><username>sandy</username><pt><x>449</x><y>335</y></pt><pt><x>462</x><y>335</y></pt><pt><x>475</x><y>360</y></pt><pt><x>458</x><y>365</y></pt><pt><x>467</x><y>378</y></pt><pt><x>462</x><y>389</y></pt><pt><x>454</x><y>393</y></pt><pt><x>445</x><y>387</y></pt><pt><x>441</x><y>391</y></pt><pt><x>448</x><y>400</y></pt><pt><x>454</x><y>402</y></pt><pt><x>496</x><y>396</y></pt><pt><x>526</x><y>406</y></pt><pt><x>533</x><y>425</y></pt><pt><x>539</x><y>438</y></pt><pt><x>540</x><y>448</y></pt><pt><x>534</x><y>445</y></pt><pt><x>526</x><y>439</y></pt><pt><x>515</x><y>439</y></pt><pt><x>500</x><y>440</y></pt><pt><x>499</x><y>442</y></pt><pt><x>513</x><y>448</y></pt><pt><x>520</x><y>456</y></pt><pt><x>522</x><y>466</y></pt><pt><x>522</x><y>475</y></pt><pt><x>518</x><y>474</y></pt><pt><x>509</x><y>467</y></pt><pt><x>498</x><y>461</y></pt><pt><x>486</x><y>460</y></pt><pt><x>468</x><y>461</y></pt><pt><x>478</x><y>504</y></pt><pt><x>482</x><y>514</y></pt><pt><x>473</x><y>520</y></pt><pt><x>467</x><y>520</y></pt><pt><x>459</x><y>515</y></pt><pt><x>454</x><y>511</y></pt><pt><x>446</x><y>509</y></pt><pt><x>429</x><y>522</y></pt><pt><x>431</x><y>531</y></pt><pt><x>439</x><y>544</y></pt><pt><x>436</x><y>566</y></pt><pt><x>426</x><y>569</y></pt><pt><x>406</x><y>556</y></pt><pt><x>405</x><y>559</y></pt><pt><x>405</x><y>569</y></pt><pt><x>396</x><y>581</y></pt><pt><x>384</x><y>573</y></pt><pt><x>379</x><y>569</y></pt><pt><x>364</x><y>596</y></pt><pt><x>346</x><y>595</y></pt><pt><x>355</x><y>564</y></pt><pt><x>346</x><y>560</y></pt><pt><x>333</x><y>548</y></pt><pt><x>326</x><y>545</y></pt><pt><x>322</x><y>533</y></pt><pt><x>316</x><y>536</y></pt><pt><x>316</x><y>544</y></pt><pt><x>311</x><y>549</y></pt><pt><x>304</x><y>549</y></pt><pt><x>296</x><y>522</y></pt><pt><x>287</x><y>525</y></pt><pt><x>279</x><y>531</y></pt><pt><x>271</x><y>544</y></pt><pt><x>264</x><y>553</y></pt><pt><x>241</x><y>582</y></pt><pt><x>232</x><y>595</y></pt><pt><x>222</x><y>598</y></pt><pt><x>213</x><y>593</y></pt><pt><x>206</x><y>560</y></pt><pt><x>187</x><y>573</y></pt><pt><x>180</x><y>575</y></pt><pt><x>194</x><y>544</y></pt><pt><x>186</x><y>542</y></pt><pt><x>178</x><y>547</y></pt><pt><x>162</x><y>555</y></pt><pt><x>155</x><y>565</y></pt><pt><x>152</x><y>581</y></pt><pt><x>151</x><y>588</y></pt><pt><x>141</x><y>589</y></pt><pt><x>140</x><y>584</y></pt><pt><x>142</x><y>569</y></pt><pt><x>145</x><y>558</y></pt><pt><x>152</x><y>549</y></pt><pt><x>161</x><y>540</y></pt><pt><x>172</x><y>533</y></pt><pt><x>176</x><y>525</y></pt><pt><x>182</x><y>509</y></pt><pt><x>168</x><y>511</y></pt><pt><x>164</x><y>507</y></pt><pt><x>161</x><y>511</y></pt><pt><x>155</x><y>518</y></pt><pt><x>149</x><y>516</y></pt><pt><x>142</x><y>508</y></pt><pt><x>138</x><y>506</y></pt><pt><x>135</x><y>499</y></pt><pt><x>138</x><y>484</y></pt><pt><x>134</x><y>476</y></pt><pt><x>122</x><y>467</y></pt><pt><x>121</x><y>459</y></pt><pt><x>116</x><y>441</y></pt><pt><x>109</x><y>444</y></pt><pt><x>102</x><y>446</y></pt><pt><x>102</x><y>435</y></pt><pt><x>105</x><y>425</y></pt><pt><x>109</x><y>418</y></pt><pt><x>112</x><y>409</y></pt><pt><x>119</x><y>404</y></pt><pt><x>128</x><y>401</y></pt><pt><x>139</x><y>409</y></pt><pt><x>145</x><y>414</y></pt><pt><x>148</x><y>428</y></pt><pt><x>153</x><y>442</y></pt><pt><x>164</x><y>441</y></pt><pt><x>178</x><y>440</y></pt><pt><x>185</x><y>442</y></pt><pt><x>188</x><y>433</y></pt><pt><x>189</x><y>419</y></pt><pt><x>191</x><y>413</y></pt><pt><x>202</x><y>408</y></pt><pt><x>229</x><y>400</y></pt><pt><x>231</x><y>385</y></pt><pt><x>236</x><y>374</y></pt><pt><x>246</x><y>369</y></pt><pt><x>248</x><y>376</y></pt><pt><x>253</x><y>384</y></pt><pt><x>273</x><y>384</y></pt><pt><x>282</x><y>379</y></pt><pt><x>278</x><y>375</y></pt><pt><x>268</x><y>372</y></pt><pt><x>264</x><y>359</y></pt><pt><x>275</x><y>356</y></pt><pt><x>284</x><y>351</y></pt><pt><x>288</x><y>352</y></pt><pt><x>291</x><y>355</y></pt><pt><x>300</x><y>354</y></pt><pt><x>307</x><y>358</y></pt><pt><x>311</x><y>361</y></pt><pt><x>332</x><y>352</y></pt><pt><x>335</x><y>341</y></pt><pt><x>332</x><y>334</y></pt><pt><x>327</x><y>331</y></pt><pt><x>324</x><y>326</y></pt><pt><x>327</x><y>321</y></pt><pt><x>340</x><y>321</y></pt><pt><x>351</x><y>327</y></pt><pt><x>358</x><y>326</y></pt><pt><x>365</x><y>327</y></pt><pt><x>371</x><y>332</y></pt><pt><x>364</x><y>349</y></pt><pt><x>353</x><y>365</y></pt><pt><x>349</x><y>376</y></pt><pt><x>359</x><y>386</y></pt><pt><x>374</x><y>391</y></pt><pt><x>388</x><y>391</y></pt><pt><x>392</x><y>379</y></pt><pt><x>388</x><y>372</y></pt><pt><x>387</x><y>365</y></pt><pt><x>389</x><y>358</y></pt><pt><x>398</x><y>352</y></pt><pt><x>408</x><y>353</y></pt><pt><x>416</x><y>359</y></pt><pt><x>416</x><y>366</y></pt><pt><x>415</x><y>373</y></pt><pt><x>408</x><y>375</y></pt><pt><x>402</x><y>376</y></pt><pt><x>404</x><y>382</y></pt><pt><x>404</x><y>389</y></pt><pt><x>416</x><y>387</y></pt><pt><x>427</x><y>376</y></pt><pt><x>427</x><y>364</y></pt><pt><x>432</x><y>349</y></pt><pt><x>435</x><y>347</y></pt></polygon></object><object><name>table</name><deleted>0</deleted><verified>0</verified><date>14-Jul-2012 23:50:15</date><id>1</id><polygon><username>sandy</username><pt><x>192</x><y>297</y></pt><pt><x>189</x><y>282</y></pt><pt><x>186</x><y>281</y></pt><pt><x>182</x><y>281</y></pt><pt><x>182</x><y>225</y></pt><pt><x>203</x><y>225</y></pt><pt><x>224</x><y>214</y></pt><pt><x>222</x><y>200</y></pt><pt><x>130</x><y>200</y></pt><pt><x>88</x><y>210</y></pt><pt><x>89</x><y>219</y></pt><pt><x>130</x><y>217</y></pt><pt><x>156</x><y>307</y></pt><pt><x>180</x><y>307</y></pt></polygon></object><object><name>sofa</name><deleted>0</deleted><verified>0</verified><date>14-Jul-2012 23:50:15</date><id>2</id><polygon><username>sandy</username><pt><x>754</x><y>336</y></pt><pt><x>576</x><y>341</y></pt><pt><x>558</x><y>341</y></pt><pt><x>559</x><y>400</y></pt><pt><x>546</x><y>404</y></pt><pt><x>542</x><y>442</y></pt><pt><x>555</x><y>458</y></pt><pt><x>554</x><y>528</y></pt><pt><x>590</x><y>598</y></pt><pt><x>798</x><y>598</y></pt><pt><x>798</x><y>301</y></pt><pt><x>768</x><y>303</y></pt></polygon></object><object><name>chair</name><deleted>0</deleted><verified>0</verified><date>14-Jul-2012 23:50:15</date><id>3</id><polygon><username>sandy</username><pt><x>224</x><y>202</y></pt><pt><x>253</x><y>200</y></pt><pt><x>268</x><y>202</y></pt><pt><x>276</x><y>204</y></pt><pt><x>278</x><y>209</y></pt><pt><x>280</x><y>293</y></pt><pt><x>282</x><y>296</y></pt><pt><x>281</x><y>300</y></pt><pt><x>278</x><y>301</y></pt><pt><x>276</x><y>300</y></pt><pt><x>275</x><y>297</y></pt><pt><x>264</x><y>302</y></pt><pt><x>245</x><y>303</y></pt><pt><x>230</x><y>302</y></pt><pt><x>231</x><y>306</y></pt><pt><x>231</x><y>310</y></pt><pt><x>228</x><y>312</y></pt><pt><x>226</x><y>313</y></pt><pt><x>224</x><y>311</y></pt><pt><x>224</x><y>308</y></pt><pt><x>224</x><y>306</y></pt><pt><x>226</x><y>300</y></pt><pt><x>227</x><y>294</y></pt><pt><x>225</x><y>293</y></pt><pt><x>224</x><y>290</y></pt><pt><x>223</x><y>288</y></pt><pt><x>223</x><y>284</y></pt><pt><x>225</x><y>283</y></pt></polygon></object><object><name>chair</name><deleted>0</deleted><verified>0</verified><date>14-Jul-2012 23:50:15</date><id>4</id><polygon><username>sandy</username><pt><x>212</x><y>275</y></pt><pt><x>208</x><y>196</y></pt><pt><x>197</x><y>193</y></pt><pt><x>178</x><y>193</y></pt><pt><x>157</x><y>193</y></pt><pt><x>145</x><y>194</y></pt><pt><x>137</x><y>198</y></pt><pt><x>137</x><y>200</y></pt><pt><x>186</x><y>263</y></pt><pt><x>205</x><y>263</y></pt></polygon></object><object><name>chair</name><deleted>0</deleted><verified>0</verified><date>14-Jul-2012 23:50:15</date><id>5</id><polygon><username>sandy</username><pt><x>86</x><y>199</y></pt><pt><x>63</x><y>201</y></pt><pt><x>42</x><y>203</y></pt><pt><x>30</x><y>203</y></pt><pt><x>25</x><y>207</y></pt><pt><x>23</x><y>214</y></pt><pt><x>26</x><y>228</y></pt><pt><x>27</x><y>301</y></pt><pt><x>46</x><y>304</y></pt><pt><x>60</x><y>305</y></pt><pt><x>79</x><y>302</y></pt><pt><x>89</x><y>209</y></pt></polygon></object><object><name>chair</name><deleted>0</deleted><verified>0</verified><date>14-Jul-2012 23:50:15</date><id>6</id><polygon><username>sandy</username><pt><x>156</x><y>262</y></pt><pt><x>157</x><y>216</y></pt><pt><x>156</x><y>211</y></pt><pt><x>149</x><y>214</y></pt><pt><x>130</x><y>216</y></pt><pt><x>100</x><y>218</y></pt><pt><x>89</x><y>217</y></pt><pt><x>88</x><y>209</y></pt><pt><x>75</x><y>210</y></pt><pt><x>66</x><y>211</y></pt><pt><x>62</x><y>213</y></pt><pt><x>58</x><y>223</y></pt><pt><x>62</x><y>322</y></pt><pt><x>75</x><y>325</y></pt><pt><x>74</x><y>333</y></pt><pt><x>74</x><y>338</y></pt><pt><x>76</x><y>339</y></pt><pt><x>80</x><y>337</y></pt><pt><x>81</x><y>336</y></pt><pt><x>85</x><y>333</y></pt><pt><x>87</x><y>329</y></pt><pt><x>102</x><y>326</y></pt><pt><x>132</x><y>325</y></pt><pt><x>153</x><y>319</y></pt><pt><x>152</x><y>321</y></pt><pt><x>152</x><y>325</y></pt><pt><x>155</x><y>328</y></pt><pt><x>159</x><y>328</y></pt><pt><x>161</x><y>327</y></pt><pt><x>161</x><y>324</y></pt><pt><x>160</x><y>317</y></pt><pt><x>159</x><y>313</y></pt><pt><x>158</x><y>312</y></pt></polygon></object><object><name>door</name><deleted>0</deleted><verified>0</verified><date>14-Jul-2012 23:50:15</date><id>7</id><polygon><username>sandy</username><pt><x>421</x><y>263</y></pt><pt><x>412</x><y>261</y></pt><pt><x>405</x><y>249</y></pt><pt><x>407</x><y>0</y></pt><pt><x>418</x><y>1</y></pt></polygon></object><object><name>door</name><deleted>0</deleted><verified>0</verified><date>14-Jul-2012 23:50:15</date><id>8</id><polygon><username>sandy</username><pt><x>251</x><y>0</y></pt><pt><x>266</x><y>0</y></pt><pt><x>267</x><y>166</y></pt><pt><x>267</x><y>203</y></pt><pt><x>251</x><y>201</y></pt></polygon></object><object><name>balcony</name><deleted>0</deleted><verified>0</verified><date>14-Jul-2012 23:50:15</date><id>9</id><polygon><username>sandy</username><pt><x>300</x><y>164</y></pt><pt><x>409</x><y>165</y></pt><pt><x>414</x><y>261</y></pt><pt><x>263</x><y>262</y></pt><pt><x>268</x><y>164</y></pt></polygon></object><object><name>rug</name><deleted>0</deleted><verified>0</verified><date>14-Jul-2012 23:50:15</date><id>10</id><polygon><username>sandy</username><pt><x>547</x><y>398</y></pt><pt><x>398</x><y>401</y></pt><pt><x>493</x><y>598</y></pt><pt><x>596</x><y>595</y></pt></polygon></object><object><name>bowl</name><deleted>0</deleted><verified>0</verified><date>14-Jul-2012 23:50:15</date><id>11</id><polygon><username>sandy</username><pt><x>155</x><y>206</y></pt><pt><x>168</x><y>206</y></pt><pt><x>174</x><y>202</y></pt><pt><x>175</x><y>195</y></pt><pt><x>163</x><y>193</y></pt><pt><x>154</x><y>194</y></pt><pt><x>150</x><y>195</y></pt><pt><x>149</x><y>203</y></pt></polygon></object><object><name>trees</name><deleted>0</deleted><verified>0</verified><date>14-Jul-2012 23:50:15</date><id>12</id><polygon><username>sandy</username><pt><x>265</x><y>1</y></pt><pt><x>407</x><y>1</y></pt><pt><x>406</x><y>164</y></pt><pt><x>267</x><y>164</y></pt><pt><x>266</x><y>5</y></pt></polygon></object><object><name>piano</name><deleted>0</deleted><verified>0</verified><date>14-Jul-2012 23:50:15</date><id>13</id><polygon><username>sandy</username><pt><x>490</x><y>158</y></pt><pt><x>501</x><y>153</y></pt><pt><x>506</x><y>138</y></pt><pt><x>524</x><y>139</y></pt><pt><x>630</x><y>77</y></pt><pt><x>655</x><y>80</y></pt><pt><x>629</x><y>96</y></pt><pt><x>624</x><y>105</y></pt><pt><x>653</x><y>167</y></pt><pt><x>660</x><y>167</y></pt><pt><x>662</x><y>204</y></pt><pt><x>657</x><y>203</y></pt><pt><x>657</x><y>216</y></pt><pt><x>653</x><y>217</y></pt><pt><x>654</x><y>221</y></pt><pt><x>655</x><y>271</y></pt><pt><x>658</x><y>271</y></pt><pt><x>658</x><y>313</y></pt><pt><x>638</x><y>321</y></pt><pt><x>623</x><y>319</y></pt><pt><x>615</x><y>317</y></pt><pt><x>611</x><y>315</y></pt><pt><x>611</x><y>302</y></pt><pt><x>615</x><y>300</y></pt><pt><x>615</x><y>229</y></pt><pt><x>617</x><y>225</y></pt><pt><x>608</x><y>225</y></pt><pt><x>609</x><y>247</y></pt><pt><x>610</x><y>248</y></pt><pt><x>611</x><y>270</y></pt><pt><x>614</x><y>270</y></pt><pt><x>613</x><y>280</y></pt><pt><x>603</x><y>284</y></pt><pt><x>562</x><y>292</y></pt><pt><x>532</x><y>289</y></pt><pt><x>529</x><y>288</y></pt><pt><x>526</x><y>286</y></pt><pt><x>529</x><y>284</y></pt><pt><x>529</x><y>278</y></pt><pt><x>533</x><y>275</y></pt><pt><x>534</x><y>221</y></pt><pt><x>520</x><y>220</y></pt><pt><x>520</x><y>216</y></pt><pt><x>504</x><y>214</y></pt><pt><x>506</x><y>287</y></pt><pt><x>480</x><y>290</y></pt><pt><x>464</x><y>287</y></pt><pt><x>463</x><y>282</y></pt><pt><x>467</x><y>277</y></pt><pt><x>467</x><y>254</y></pt><pt><x>469</x><y>251</y></pt><pt><x>469</x><y>247</y></pt><pt><x>469</x><y>211</y></pt><pt><x>451</x><y>211</y></pt><pt><x>451</x><y>184</y></pt><pt><x>465</x><y>181</y></pt><pt><x>464</x><y>163</y></pt><pt><x>467</x><y>163</y></pt><pt><x>490</x><y>163</y></pt></polygon></object><object><name>pianostool</name><deleted>0</deleted><verified>0</verified><date>14-Jul-2012 23:50:15</date><id>14</id><polygon><username>sandy</username><pt><x>515</x><y>266</y></pt><pt><x>560</x><y>273</y></pt><pt><x>562</x><y>316</y></pt><pt><x>560</x><y>316</y></pt><pt><x>559</x><y>328</y></pt><pt><x>577</x><y>330</y></pt><pt><x>603</x><y>321</y></pt><pt><x>602</x><y>313</y></pt><pt><x>600</x><y>311</y></pt><pt><x>598</x><y>269</y></pt><pt><x>601</x><y>267</y></pt><pt><x>602</x><y>253</y></pt><pt><x>600</x><y>253</y></pt><pt><x>601</x><y>248</y></pt><pt><x>591</x><y>244</y></pt><pt><x>562</x><y>242</y></pt><pt><x>510</x><y>236</y></pt><pt><x>473</x><y>246</y></pt><pt><x>474</x><y>260</y></pt><pt><x>479</x><y>261</y></pt><pt><x>478</x><y>302</y></pt><pt><x>475</x><y>302</y></pt><pt><x>475</x><y>308</y></pt><pt><x>489</x><y>313</y></pt><pt><x>516</x><y>307</y></pt><pt><x>516</x><y>296</y></pt><pt><x>513</x><y>296</y></pt></polygon></object><object><name>window</name><deleted>0</deleted><verified>0</verified><date>14-Jul-2012 23:50:15</date><id>15</id><polygon><username>sandy</username><pt><x>709</x><y>227</y></pt><pt><x>744</x><y>237</y></pt><pt><x>746</x><y>2</y></pt><pt><x>708</x><y>0</y></pt></polygon></object><object><name>window</name><deleted>0</deleted><verified>0</verified><date>14-Jul-2012 23:50:15</date><id>16</id><polygon><username>sandy</username><pt><x>462</x><y>0</y></pt><pt><x>481</x><y>0</y></pt><pt><x>482</x><y>167</y></pt><pt><x>464</x><y>165</y></pt></polygon></object><object><name>window</name><deleted>0</deleted><verified>0</verified><date>14-Jul-2012 23:50:15</date><id>17</id><polygon><username>sandy</username><pt><x>187</x><y>1</y></pt><pt><x>204</x><y>0</y></pt><pt><x>208</x><y>201</y></pt><pt><x>185</x><y>201</y></pt></polygon></object><imagesize><nrows>600</nrows><ncols>800</ncols></imagesize><object><name>vase</name><deleted>0</deleted><verified>0</verified><date>25-Jul-2012 14:25:50</date><id>18</id><polygon><username>anonymous</username><pt><x>654</x><y>299</y></pt><pt><x>668</x><y>298</y></pt><pt><x>671</x><y>310</y></pt><pt><x>678</x><y>320</y></pt><pt><x>674</x><y>336</y></pt><pt><x>666</x><y>338</y></pt><pt><x>654</x><y>338</y></pt><pt><x>645</x><y>336</y></pt><pt><x>641</x><y>326</y></pt><pt><x>645</x><y>312</y></pt><pt><x>651</x><y>308</y></pt></polygon></object></annotation>