<annotation><filename>l_living_room_living75.jpg</filename><folder>100images</folder><source><sourceImage>The MIT-CSAIL database of objects and scenes</sourceImage><sourceAnnotation>LabelMe Webtool</sourceAnnotation></source><object><name>chair</name><deleted>0</deleted><verified>0</verified><date>15-Jul-2012 14:16:18</date><id>0</id><polygon><username>sandy</username><pt><x>673</x><y>216</y></pt><pt><x>688</x><y>211</y></pt><pt><x>707</x><y>209</y></pt><pt><x>716</x><y>204</y></pt><pt><x>724</x><y>203</y></pt><pt><x>730</x><y>206</y></pt><pt><x>737</x><y>210</y></pt><pt><x>763</x><y>211</y></pt><pt><x>787</x><y>222</y></pt><pt><x>799</x><y>226</y></pt><pt><x>799</x><y>404</y></pt><pt><x>796</x><y>437</y></pt><pt><x>796</x><y>458</y></pt><pt><x>800</x><y>473</y></pt><pt><x>798</x><y>518</y></pt><pt><x>793</x><y>532</y></pt><pt><x>793</x><y>539</y></pt><pt><x>796</x><y>550</y></pt><pt><x>797</x><y>565</y></pt><pt><x>782</x><y>564</y></pt><pt><x>777</x><y>540</y></pt><pt><x>781</x><y>508</y></pt><pt><x>781</x><y>495</y></pt><pt><x>777</x><y>487</y></pt><pt><x>772</x><y>484</y></pt><pt><x>749</x><y>493</y></pt><pt><x>731</x><y>503</y></pt><pt><x>710</x><y>507</y></pt><pt><x>694</x><y>509</y></pt><pt><x>687</x><y>510</y></pt><pt><x>683</x><y>514</y></pt><pt><x>679</x><y>540</y></pt><pt><x>652</x><y>541</y></pt><pt><x>648</x><y>514</y></pt><pt><x>643</x><y>506</y></pt><pt><x>639</x><y>504</y></pt><pt><x>634</x><y>503</y></pt><pt><x>631</x><y>504</y></pt><pt><x>636</x><y>523</y></pt><pt><x>637</x><y>528</y></pt><pt><x>635</x><y>539</y></pt><pt><x>628</x><y>540</y></pt><pt><x>620</x><y>539</y></pt><pt><x>617</x><y>529</y></pt><pt><x>621</x><y>524</y></pt><pt><x>618</x><y>499</y></pt><pt><x>594</x><y>498</y></pt><pt><x>576</x><y>491</y></pt><pt><x>568</x><y>487</y></pt><pt><x>546</x><y>487</y></pt><pt><x>530</x><y>484</y></pt><pt><x>521</x><y>475</y></pt><pt><x>508</x><y>473</y></pt><pt><x>499</x><y>470</y></pt><pt><x>490</x><y>466</y></pt><pt><x>485</x><y>462</y></pt><pt><x>479</x><y>458</y></pt><pt><x>472</x><y>473</y></pt><pt><x>470</x><y>482</y></pt><pt><x>474</x><y>500</y></pt><pt><x>477</x><y>513</y></pt><pt><x>477</x><y>528</y></pt><pt><x>477</x><y>543</y></pt><pt><x>475</x><y>554</y></pt><pt><x>474</x><y>568</y></pt><pt><x>458</x><y>568</y></pt><pt><x>454</x><y>552</y></pt><pt><x>463</x><y>541</y></pt><pt><x>465</x><y>523</y></pt><pt><x>461</x><y>510</y></pt><pt><x>449</x><y>483</y></pt><pt><x>454</x><y>445</y></pt><pt><x>456</x><y>428</y></pt><pt><x>483</x><y>410</y></pt><pt><x>486</x><y>396</y></pt><pt><x>495</x><y>385</y></pt><pt><x>501</x><y>366</y></pt><pt><x>501</x><y>351</y></pt><pt><x>499</x><y>338</y></pt><pt><x>502</x><y>334</y></pt><pt><x>525</x><y>332</y></pt><pt><x>530</x><y>330</y></pt><pt><x>593</x><y>329</y></pt><pt><x>602</x><y>332</y></pt><pt><x>621</x><y>329</y></pt><pt><x>625</x><y>323</y></pt><pt><x>630</x><y>287</y></pt><pt><x>632</x><y>260</y></pt><pt><x>637</x><y>233</y></pt><pt><x>643</x><y>227</y></pt><pt><x>648</x><y>224</y></pt><pt><x>655</x><y>221</y></pt><pt><x>665</x><y>220</y></pt></polygon></object><object><name>oranges</name><deleted>0</deleted><verified>0</verified><date>15-Jul-2012 14:16:18</date><id>1</id><polygon><username>sandy</username><pt><x>330</x><y>378</y></pt><pt><x>341</x><y>376</y></pt><pt><x>350</x><y>379</y></pt><pt><x>356</x><y>385</y></pt><pt><x>362</x><y>393</y></pt><pt><x>363</x><y>403</y></pt><pt><x>360</x><y>410</y></pt><pt><x>354</x><y>416</y></pt><pt><x>343</x><y>417</y></pt><pt><x>333</x><y>417</y></pt><pt><x>324</x><y>416</y></pt><pt><x>321</x><y>409</y></pt><pt><x>317</x><y>413</y></pt><pt><x>310</x><y>416</y></pt><pt><x>300</x><y>417</y></pt><pt><x>289</x><y>414</y></pt><pt><x>282</x><y>411</y></pt><pt><x>280</x><y>405</y></pt><pt><x>280</x><y>395</y></pt><pt><x>282</x><y>388</y></pt><pt><x>292</x><y>380</y></pt><pt><x>302</x><y>379</y></pt><pt><x>309</x><y>374</y></pt><pt><x>314</x><y>374</y></pt><pt><x>320</x><y>374</y></pt></polygon></object><object><name>sofa</name><deleted>0</deleted><verified>0</verified><date>15-Jul-2012 14:16:18</date><id>2</id><polygon><username>sandy</username><pt><x>543</x><y>290</y></pt><pt><x>557</x><y>283</y></pt><pt><x>566</x><y>269</y></pt><pt><x>564</x><y>256</y></pt><pt><x>559</x><y>246</y></pt><pt><x>536</x><y>235</y></pt><pt><x>510</x><y>231</y></pt><pt><x>503</x><y>231</y></pt><pt><x>514</x><y>217</y></pt><pt><x>488</x><y>214</y></pt><pt><x>445</x><y>222</y></pt><pt><x>414</x><y>216</y></pt><pt><x>367</x><y>200</y></pt><pt><x>358</x><y>220</y></pt><pt><x>333</x><y>223</y></pt><pt><x>293</x><y>220</y></pt><pt><x>290</x><y>232</y></pt><pt><x>211</x><y>236</y></pt><pt><x>203</x><y>232</y></pt><pt><x>197</x><y>227</y></pt><pt><x>113</x><y>230</y></pt><pt><x>61</x><y>219</y></pt><pt><x>55</x><y>201</y></pt><pt><x>26</x><y>210</y></pt><pt><x>2</x><y>202</y></pt><pt><x>0</x><y>485</y></pt><pt><x>55</x><y>494</y></pt><pt><x>398</x><y>489</y></pt><pt><x>441</x><y>490</y></pt><pt><x>534</x><y>488</y></pt><pt><x>519</x><y>390</y></pt><pt><x>521</x><y>352</y></pt><pt><x>534</x><y>314</y></pt></polygon></object><object><name>lamp</name><deleted>0</deleted><verified>0</verified><date>15-Jul-2012 14:16:18</date><id>3</id><polygon><username>sandy</username><pt><x>525</x><y>146</y></pt><pt><x>612</x><y>148</y></pt><pt><x>615</x><y>147</y></pt><pt><x>621</x><y>148</y></pt><pt><x>622</x><y>151</y></pt><pt><x>623</x><y>155</y></pt><pt><x>616</x><y>157</y></pt><pt><x>581</x><y>231</y></pt><pt><x>579</x><y>238</y></pt><pt><x>579</x><y>245</y></pt><pt><x>580</x><y>249</y></pt><pt><x>584</x><y>252</y></pt><pt><x>590</x><y>255</y></pt><pt><x>596</x><y>260</y></pt><pt><x>603</x><y>262</y></pt><pt><x>601</x><y>271</y></pt><pt><x>598</x><y>273</y></pt><pt><x>594</x><y>271</y></pt><pt><x>574</x><y>271</y></pt><pt><x>563</x><y>271</y></pt><pt><x>563</x><y>265</y></pt><pt><x>563</x><y>258</y></pt><pt><x>569</x><y>249</y></pt><pt><x>572</x><y>245</y></pt><pt><x>567</x><y>242</y></pt><pt><x>571</x><y>235</y></pt><pt><x>575</x><y>233</y></pt><pt><x>612</x><y>153</y></pt><pt><x>533</x><y>153</y></pt><pt><x>526</x><y>153</y></pt><pt><x>512</x><y>154</y></pt><pt><x>508</x><y>153</y></pt><pt><x>507</x><y>159</y></pt><pt><x>491</x><y>158</y></pt><pt><x>474</x><y>157</y></pt><pt><x>462</x><y>154</y></pt><pt><x>462</x><y>151</y></pt><pt><x>465</x><y>144</y></pt><pt><x>469</x><y>138</y></pt><pt><x>476</x><y>134</y></pt><pt><x>488</x><y>132</y></pt><pt><x>497</x><y>134</y></pt><pt><x>507</x><y>140</y></pt><pt><x>519</x><y>142</y></pt></polygon></object><object><name>birdcage</name><deleted>0</deleted><verified>0</verified><date>15-Jul-2012 14:16:18</date><id>4</id><polygon><username>sandy</username><pt><x>302</x><y>341</y></pt><pt><x>301</x><y>301</y></pt><pt><x>304</x><y>300</y></pt><pt><x>304</x><y>288</y></pt><pt><x>300</x><y>287</y></pt><pt><x>297</x><y>271</y></pt><pt><x>291</x><y>262</y></pt><pt><x>282</x><y>256</y></pt><pt><x>275</x><y>252</y></pt><pt><x>275</x><y>249</y></pt><pt><x>277</x><y>242</y></pt><pt><x>275</x><y>234</y></pt><pt><x>275</x><y>230</y></pt><pt><x>275</x><y>227</y></pt><pt><x>278</x><y>223</y></pt><pt><x>276</x><y>220</y></pt><pt><x>273</x><y>219</y></pt><pt><x>271</x><y>219</y></pt><pt><x>269</x><y>219</y></pt><pt><x>268</x><y>220</y></pt><pt><x>267</x><y>222</y></pt><pt><x>269</x><y>223</y></pt><pt><x>268</x><y>225</y></pt><pt><x>267</x><y>228</y></pt><pt><x>266</x><y>230</y></pt><pt><x>269</x><y>232</y></pt><pt><x>269</x><y>235</y></pt><pt><x>266</x><y>237</y></pt><pt><x>266</x><y>242</y></pt><pt><x>268</x><y>249</y></pt><pt><x>269</x><y>251</y></pt><pt><x>266</x><y>253</y></pt><pt><x>255</x><y>259</y></pt><pt><x>247</x><y>266</y></pt><pt><x>245</x><y>273</y></pt><pt><x>242</x><y>288</y></pt><pt><x>240</x><y>290</y></pt><pt><x>239</x><y>293</y></pt><pt><x>241</x><y>296</y></pt><pt><x>242</x><y>300</y></pt><pt><x>243</x><y>342</y></pt><pt><x>240</x><y>345</y></pt><pt><x>240</x><y>355</y></pt><pt><x>248</x><y>357</y></pt><pt><x>248</x><y>362</y></pt><pt><x>259</x><y>366</y></pt><pt><x>262</x><y>359</y></pt><pt><x>279</x><y>357</y></pt><pt><x>290</x><y>358</y></pt><pt><x>288</x><y>364</y></pt><pt><x>296</x><y>363</y></pt><pt><x>299</x><y>358</y></pt><pt><x>305</x><y>355</y></pt><pt><x>306</x><y>347</y></pt><pt><x>305</x><y>346</y></pt></polygon></object><object><name>flowers</name><deleted>0</deleted><verified>0</verified><date>15-Jul-2012 14:16:18</date><id>5</id><polygon><username>sandy</username><pt><x>561</x><y>206</y></pt><pt><x>565</x><y>213</y></pt><pt><x>569</x><y>215</y></pt><pt><x>575</x><y>213</y></pt><pt><x>584</x><y>208</y></pt><pt><x>586</x><y>206</y></pt><pt><x>590</x><y>206</y></pt><pt><x>595</x><y>209</y></pt><pt><x>601</x><y>210</y></pt><pt><x>605</x><y>212</y></pt><pt><x>609</x><y>208</y></pt><pt><x>614</x><y>204</y></pt><pt><x>605</x><y>183</y></pt><pt><x>598</x><y>181</y></pt><pt><x>591</x><y>173</y></pt><pt><x>578</x><y>176</y></pt><pt><x>576</x><y>172</y></pt><pt><x>569</x><y>169</y></pt><pt><x>563</x><y>167</y></pt><pt><x>556</x><y>166</y></pt><pt><x>550</x><y>169</y></pt><pt><x>549</x><y>172</y></pt><pt><x>549</x><y>180</y></pt><pt><x>544</x><y>185</y></pt><pt><x>541</x><y>189</y></pt><pt><x>535</x><y>190</y></pt><pt><x>533</x><y>187</y></pt><pt><x>531</x><y>186</y></pt><pt><x>526</x><y>187</y></pt><pt><x>522</x><y>190</y></pt><pt><x>519</x><y>193</y></pt><pt><x>520</x><y>199</y></pt><pt><x>523</x><y>208</y></pt><pt><x>526</x><y>210</y></pt><pt><x>529</x><y>210</y></pt><pt><x>533</x><y>214</y></pt><pt><x>537</x><y>215</y></pt><pt><x>544</x><y>216</y></pt><pt><x>553</x><y>217</y></pt><pt><x>558</x><y>213</y></pt></polygon></object><object><name>flowers</name><deleted>0</deleted><verified>0</verified><date>15-Jul-2012 14:16:18</date><id>6</id><polygon><username>sandy</username><pt><x>155</x><y>303</y></pt><pt><x>164</x><y>288</y></pt><pt><x>176</x><y>265</y></pt><pt><x>187</x><y>237</y></pt><pt><x>202</x><y>213</y></pt><pt><x>210</x><y>198</y></pt><pt><x>209</x><y>193</y></pt><pt><x>217</x><y>183</y></pt><pt><x>224</x><y>165</y></pt><pt><x>238</x><y>142</y></pt><pt><x>258</x><y>110</y></pt><pt><x>265</x><y>100</y></pt><pt><x>242</x><y>124</y></pt><pt><x>233</x><y>139</y></pt><pt><x>250</x><y>99</y></pt><pt><x>260</x><y>75</y></pt><pt><x>261</x><y>73</y></pt><pt><x>238</x><y>99</y></pt><pt><x>222</x><y>112</y></pt><pt><x>218</x><y>110</y></pt><pt><x>221</x><y>93</y></pt><pt><x>217</x><y>66</y></pt><pt><x>213</x><y>50</y></pt><pt><x>210</x><y>49</y></pt><pt><x>215</x><y>83</y></pt><pt><x>211</x><y>108</y></pt><pt><x>205</x><y>128</y></pt><pt><x>197</x><y>130</y></pt><pt><x>188</x><y>121</y></pt><pt><x>184</x><y>117</y></pt><pt><x>184</x><y>88</y></pt><pt><x>184</x><y>70</y></pt><pt><x>182</x><y>62</y></pt><pt><x>179</x><y>63</y></pt><pt><x>175</x><y>68</y></pt><pt><x>172</x><y>80</y></pt><pt><x>169</x><y>89</y></pt><pt><x>166</x><y>88</y></pt><pt><x>163</x><y>108</y></pt><pt><x>162</x><y>115</y></pt><pt><x>152</x><y>112</y></pt><pt><x>150</x><y>118</y></pt><pt><x>150</x><y>122</y></pt><pt><x>146</x><y>128</y></pt><pt><x>139</x><y>117</y></pt><pt><x>135</x><y>110</y></pt><pt><x>134</x><y>97</y></pt><pt><x>135</x><y>89</y></pt><pt><x>131</x><y>77</y></pt><pt><x>124</x><y>46</y></pt><pt><x>122</x><y>29</y></pt><pt><x>112</x><y>12</y></pt><pt><x>111</x><y>7</y></pt><pt><x>114</x><y>26</y></pt><pt><x>121</x><y>51</y></pt><pt><x>122</x><y>70</y></pt><pt><x>124</x><y>84</y></pt><pt><x>120</x><y>84</y></pt><pt><x>115</x><y>61</y></pt><pt><x>113</x><y>47</y></pt><pt><x>110</x><y>39</y></pt><pt><x>110</x><y>61</y></pt><pt><x>113</x><y>81</y></pt><pt><x>118</x><y>111</y></pt><pt><x>116</x><y>117</y></pt><pt><x>121</x><y>137</y></pt><pt><x>115</x><y>144</y></pt><pt><x>119</x><y>173</y></pt><pt><x>115</x><y>177</y></pt><pt><x>114</x><y>173</y></pt><pt><x>110</x><y>173</y></pt><pt><x>105</x><y>168</y></pt><pt><x>100</x><y>171</y></pt><pt><x>99</x><y>190</y></pt><pt><x>97</x><y>193</y></pt><pt><x>88</x><y>180</y></pt><pt><x>89</x><y>164</y></pt><pt><x>88</x><y>158</y></pt><pt><x>93</x><y>150</y></pt><pt><x>90</x><y>148</y></pt><pt><x>85</x><y>151</y></pt><pt><x>79</x><y>136</y></pt><pt><x>79</x><y>125</y></pt><pt><x>75</x><y>124</y></pt><pt><x>74</x><y>130</y></pt><pt><x>70</x><y>117</y></pt><pt><x>71</x><y>107</y></pt><pt><x>72</x><y>91</y></pt><pt><x>72</x><y>86</y></pt><pt><x>67</x><y>104</y></pt><pt><x>62</x><y>90</y></pt><pt><x>52</x><y>71</y></pt><pt><x>44</x><y>59</y></pt><pt><x>35</x><y>57</y></pt><pt><x>29</x><y>56</y></pt><pt><x>28</x><y>56</y></pt><pt><x>36</x><y>61</y></pt><pt><x>41</x><y>66</y></pt><pt><x>45</x><y>69</y></pt><pt><x>46</x><y>82</y></pt><pt><x>53</x><y>112</y></pt><pt><x>59</x><y>128</y></pt><pt><x>64</x><y>135</y></pt><pt><x>61</x><y>134</y></pt><pt><x>56</x><y>136</y></pt><pt><x>53</x><y>137</y></pt><pt><x>51</x><y>142</y></pt><pt><x>41</x><y>124</y></pt><pt><x>30</x><y>101</y></pt><pt><x>14</x><y>72</y></pt><pt><x>12</x><y>71</y></pt><pt><x>24</x><y>106</y></pt><pt><x>27</x><y>115</y></pt><pt><x>40</x><y>128</y></pt><pt><x>59</x><y>172</y></pt><pt><x>65</x><y>183</y></pt><pt><x>66</x><y>193</y></pt><pt><x>67</x><y>199</y></pt><pt><x>70</x><y>203</y></pt><pt><x>75</x><y>208</y></pt><pt><x>78</x><y>213</y></pt><pt><x>72</x><y>214</y></pt><pt><x>70</x><y>217</y></pt><pt><x>72</x><y>222</y></pt><pt><x>74</x><y>229</y></pt><pt><x>82</x><y>253</y></pt><pt><x>92</x><y>251</y></pt><pt><x>119</x><y>304</y></pt><pt><x>139</x><y>302</y></pt></polygon></object><object><name>table</name><deleted>0</deleted><verified>0</verified><date>15-Jul-2012 14:16:18</date><id>7</id><polygon><username>sandy</username><pt><x>390</x><y>482</y></pt><pt><x>414</x><y>470</y></pt><pt><x>420</x><y>462</y></pt><pt><x>420</x><y>427</y></pt><pt><x>429</x><y>421</y></pt><pt><x>429</x><y>403</y></pt><pt><x>419</x><y>394</y></pt><pt><x>396</x><y>383</y></pt><pt><x>362</x><y>378</y></pt><pt><x>340</x><y>372</y></pt><pt><x>189</x><y>369</y></pt><pt><x>104</x><y>378</y></pt><pt><x>67</x><y>384</y></pt><pt><x>49</x><y>390</y></pt><pt><x>35</x><y>396</y></pt><pt><x>29</x><y>400</y></pt><pt><x>27</x><y>408</y></pt><pt><x>29</x><y>421</y></pt><pt><x>30</x><y>424</y></pt><pt><x>34</x><y>462</y></pt><pt><x>46</x><y>470</y></pt><pt><x>55</x><y>476</y></pt><pt><x>58</x><y>512</y></pt><pt><x>66</x><y>598</y></pt><pt><x>117</x><y>598</y></pt><pt><x>117</x><y>529</y></pt><pt><x>124</x><y>529</y></pt><pt><x>145</x><y>521</y></pt><pt><x>147</x><y>499</y></pt><pt><x>184</x><y>504</y></pt><pt><x>230</x><y>503</y></pt><pt><x>280</x><y>502</y></pt><pt><x>320</x><y>497</y></pt><pt><x>322</x><y>519</y></pt><pt><x>328</x><y>533</y></pt><pt><x>330</x><y>598</y></pt><pt><x>376</x><y>599</y></pt><pt><x>389</x><y>510</y></pt><pt><x>389</x><y>496</y></pt></polygon></object><object><name>table</name><deleted>0</deleted><verified>0</verified><date>15-Jul-2012 14:16:18</date><id>8</id><polygon><username>sandy</username><pt><x>565</x><y>296</y></pt><pt><x>597</x><y>299</y></pt><pt><x>630</x><y>299</y></pt><pt><x>633</x><y>240</y></pt><pt><x>597</x><y>242</y></pt><pt><x>589</x><y>244</y></pt><pt><x>545</x><y>248</y></pt><pt><x>545</x><y>291</y></pt><pt><x>550</x><y>325</y></pt><pt><x>556</x><y>359</y></pt><pt><x>575</x><y>396</y></pt><pt><x>592</x><y>394</y></pt><pt><x>585</x><y>371</y></pt><pt><x>572</x><y>346</y></pt><pt><x>568</x><y>321</y></pt></polygon></object><object><name>cushion</name><deleted>0</deleted><verified>0</verified><date>15-Jul-2012 14:16:18</date><id>9</id><polygon><username>sandy</username><pt><x>650</x><y>323</y></pt><pt><x>726</x><y>331</y></pt><pt><x>735</x><y>330</y></pt><pt><x>741</x><y>330</y></pt><pt><x>769</x><y>326</y></pt><pt><x>742</x><y>403</y></pt><pt><x>741</x><y>416</y></pt><pt><x>739</x><y>427</y></pt><pt><x>725</x><y>420</y></pt><pt><x>672</x><y>408</y></pt><pt><x>612</x><y>397</y></pt><pt><x>594</x><y>391</y></pt><pt><x>592</x><y>388</y></pt><pt><x>599</x><y>374</y></pt><pt><x>608</x><y>349</y></pt><pt><x>627</x><y>313</y></pt><pt><x>638</x><y>320</y></pt></polygon></object><object><name>cushion</name><deleted>0</deleted><verified>0</verified><date>15-Jul-2012 14:16:18</date><id>10</id><polygon><username>sandy</username><pt><x>391</x><y>342</y></pt><pt><x>465</x><y>343</y></pt><pt><x>474</x><y>298</y></pt><pt><x>488</x><y>257</y></pt><pt><x>496</x><y>239</y></pt><pt><x>511</x><y>219</y></pt><pt><x>490</x><y>211</y></pt><pt><x>449</x><y>223</y></pt><pt><x>412</x><y>214</y></pt><pt><x>407</x><y>209</y></pt><pt><x>369</x><y>202</y></pt><pt><x>358</x><y>220</y></pt><pt><x>335</x><y>222</y></pt><pt><x>332</x><y>220</y></pt><pt><x>313</x><y>219</y></pt><pt><x>296</x><y>218</y></pt><pt><x>289</x><y>231</y></pt><pt><x>212</x><y>235</y></pt><pt><x>196</x><y>226</y></pt><pt><x>110</x><y>231</y></pt><pt><x>62</x><y>218</y></pt><pt><x>55</x><y>202</y></pt><pt><x>26</x><y>211</y></pt><pt><x>2</x><y>200</y></pt><pt><x>3</x><y>351</y></pt><pt><x>19</x><y>355</y></pt><pt><x>57</x><y>344</y></pt><pt><x>64</x><y>348</y></pt><pt><x>89</x><y>354</y></pt><pt><x>171</x><y>342</y></pt><pt><x>184</x><y>346</y></pt><pt><x>261</x><y>341</y></pt><pt><x>306</x><y>348</y></pt><pt><x>321</x><y>347</y></pt><pt><x>325</x><y>345</y></pt><pt><x>382</x><y>346</y></pt></polygon></object><object><name>plant</name><deleted>0</deleted><verified>0</verified><date>15-Jul-2012 14:16:18</date><id>11</id><polygon><username>sandy</username><pt><x>668</x><y>94</y></pt><pt><x>679</x><y>95</y></pt><pt><x>686</x><y>90</y></pt><pt><x>690</x><y>88</y></pt><pt><x>693</x><y>90</y></pt><pt><x>699</x><y>88</y></pt><pt><x>702</x><y>93</y></pt><pt><x>707</x><y>95</y></pt><pt><x>713</x><y>93</y></pt><pt><x>715</x><y>85</y></pt><pt><x>716</x><y>81</y></pt><pt><x>721</x><y>82</y></pt><pt><x>721</x><y>74</y></pt><pt><x>723</x><y>65</y></pt><pt><x>725</x><y>49</y></pt><pt><x>725</x><y>32</y></pt><pt><x>722</x><y>27</y></pt><pt><x>715</x><y>28</y></pt><pt><x>711</x><y>23</y></pt><pt><x>701</x><y>21</y></pt><pt><x>698</x><y>18</y></pt><pt><x>701</x><y>1</y></pt><pt><x>483</x><y>1</y></pt><pt><x>483</x><y>8</y></pt><pt><x>489</x><y>9</y></pt><pt><x>491</x><y>15</y></pt><pt><x>492</x><y>26</y></pt><pt><x>491</x><y>38</y></pt><pt><x>495</x><y>44</y></pt><pt><x>499</x><y>52</y></pt><pt><x>495</x><y>56</y></pt><pt><x>490</x><y>57</y></pt><pt><x>489</x><y>62</y></pt><pt><x>490</x><y>69</y></pt><pt><x>488</x><y>76</y></pt><pt><x>487</x><y>83</y></pt><pt><x>490</x><y>99</y></pt><pt><x>496</x><y>98</y></pt><pt><x>504</x><y>89</y></pt><pt><x>510</x><y>86</y></pt><pt><x>513</x><y>88</y></pt><pt><x>519</x><y>89</y></pt><pt><x>519</x><y>97</y></pt><pt><x>523</x><y>99</y></pt><pt><x>530</x><y>95</y></pt><pt><x>532</x><y>89</y></pt><pt><x>535</x><y>97</y></pt><pt><x>540</x><y>99</y></pt><pt><x>542</x><y>91</y></pt><pt><x>545</x><y>86</y></pt><pt><x>549</x><y>81</y></pt><pt><x>552</x><y>73</y></pt><pt><x>554</x><y>76</y></pt><pt><x>552</x><y>83</y></pt><pt><x>557</x><y>79</y></pt><pt><x>560</x><y>75</y></pt><pt><x>567</x><y>72</y></pt><pt><x>567</x><y>78</y></pt><pt><x>564</x><y>85</y></pt><pt><x>563</x><y>90</y></pt><pt><x>568</x><y>89</y></pt><pt><x>571</x><y>83</y></pt><pt><x>573</x><y>79</y></pt><pt><x>575</x><y>82</y></pt><pt><x>575</x><y>88</y></pt><pt><x>572</x><y>95</y></pt><pt><x>566</x><y>100</y></pt><pt><x>561</x><y>101</y></pt><pt><x>561</x><y>112</y></pt><pt><x>551</x><y>123</y></pt><pt><x>543</x><y>125</y></pt><pt><x>540</x><y>126</y></pt><pt><x>536</x><y>130</y></pt><pt><x>534</x><y>136</y></pt><pt><x>532</x><y>140</y></pt><pt><x>527</x><y>140</y></pt><pt><x>525</x><y>146</y></pt><pt><x>525</x><y>151</y></pt><pt><x>532</x><y>154</y></pt><pt><x>539</x><y>148</y></pt><pt><x>541</x><y>145</y></pt><pt><x>544</x><y>142</y></pt><pt><x>548</x><y>146</y></pt><pt><x>548</x><y>151</y></pt><pt><x>546</x><y>155</y></pt><pt><x>542</x><y>159</y></pt><pt><x>539</x><y>162</y></pt><pt><x>538</x><y>166</y></pt><pt><x>541</x><y>173</y></pt><pt><x>541</x><y>182</y></pt><pt><x>545</x><y>183</y></pt><pt><x>548</x><y>174</y></pt><pt><x>551</x><y>169</y></pt><pt><x>552</x><y>164</y></pt><pt><x>557</x><y>160</y></pt><pt><x>561</x><y>164</y></pt><pt><x>564</x><y>169</y></pt><pt><x>570</x><y>169</y></pt><pt><x>575</x><y>166</y></pt><pt><x>578</x><y>165</y></pt><pt><x>583</x><y>166</y></pt><pt><x>579</x><y>174</y></pt><pt><x>583</x><y>177</y></pt><pt><x>590</x><y>175</y></pt><pt><x>594</x><y>171</y></pt><pt><x>598</x><y>163</y></pt><pt><x>601</x><y>157</y></pt><pt><x>603</x><y>150</y></pt><pt><x>601</x><y>146</y></pt><pt><x>597</x><y>143</y></pt><pt><x>594</x><y>137</y></pt><pt><x>594</x><y>131</y></pt><pt><x>601</x><y>127</y></pt><pt><x>600</x><y>123</y></pt><pt><x>606</x><y>106</y></pt><pt><x>612</x><y>112</y></pt><pt><x>619</x><y>113</y></pt><pt><x>622</x><y>132</y></pt><pt><x>628</x><y>144</y></pt><pt><x>629</x><y>171</y></pt><pt><x>635</x><y>210</y></pt><pt><x>636</x><y>233</y></pt><pt><x>658</x><y>224</y></pt><pt><x>655</x><y>206</y></pt><pt><x>655</x><y>174</y></pt><pt><x>649</x><y>162</y></pt><pt><x>649</x><y>135</y></pt><pt><x>650</x><y>126</y></pt><pt><x>651</x><y>124</y></pt><pt><x>655</x><y>121</y></pt><pt><x>657</x><y>124</y></pt><pt><x>656</x><y>131</y></pt><pt><x>659</x><y>133</y></pt><pt><x>664</x><y>133</y></pt><pt><x>667</x><y>128</y></pt><pt><x>668</x><y>124</y></pt><pt><x>665</x><y>119</y></pt><pt><x>663</x><y>114</y></pt><pt><x>659</x><y>112</y></pt><pt><x>655</x><y>112</y></pt><pt><x>642</x><y>115</y></pt><pt><x>643</x><y>106</y></pt><pt><x>655</x><y>99</y></pt></polygon></object><object><name>book</name><deleted>0</deleted><verified>0</verified><date>15-Jul-2012 14:16:18</date><id>12</id><polygon><username>sandy</username><pt><x>79</x><y>414</y></pt><pt><x>162</x><y>436</y></pt><pt><x>238</x><y>419</y></pt><pt><x>237</x><y>401</y></pt><pt><x>237</x><y>389</y></pt><pt><x>183</x><y>383</y></pt><pt><x>106</x><y>381</y></pt><pt><x>76</x><y>385</y></pt><pt><x>75</x><y>394</y></pt><pt><x>70</x><y>397</y></pt><pt><x>69</x><y>403</y></pt><pt><x>78</x><y>405</y></pt></polygon></object><object><name>book</name><deleted>0</deleted><verified>0</verified><date>15-Jul-2012 14:16:18</date><id>13</id><polygon><username>sandy</username><pt><x>264</x><y>399</y></pt><pt><x>341</x><y>388</y></pt><pt><x>348</x><y>371</y></pt><pt><x>352</x><y>368</y></pt><pt><x>352</x><y>359</y></pt><pt><x>301</x><y>346</y></pt><pt><x>204</x><y>357</y></pt><pt><x>201</x><y>365</y></pt><pt><x>199</x><y>381</y></pt><pt><x>245</x><y>393</y></pt></polygon></object><object><name>vase</name><deleted>0</deleted><verified>0</verified><date>15-Jul-2012 14:16:18</date><id>14</id><polygon><username>sandy</username><pt><x>112</x><y>303</y></pt><pt><x>105</x><y>311</y></pt><pt><x>99</x><y>316</y></pt><pt><x>97</x><y>322</y></pt><pt><x>99</x><y>358</y></pt><pt><x>105</x><y>372</y></pt><pt><x>173</x><y>369</y></pt><pt><x>175</x><y>344</y></pt><pt><x>176</x><y>319</y></pt><pt><x>164</x><y>300</y></pt></polygon></object><object><name>vase</name><deleted>0</deleted><verified>0</verified><date>15-Jul-2012 14:16:18</date><id>15</id><polygon><username>sandy</username><pt><x>552</x><y>238</y></pt><pt><x>549</x><y>208</y></pt><pt><x>590</x><y>206</y></pt><pt><x>590</x><y>251</y></pt><pt><x>556</x><y>254</y></pt></polygon></object><object><name>chair</name><deleted>0</deleted><verified>0</verified><date>15-Jul-2012 14:16:18</date><id>16</id><polygon><username>sandy</username><pt><x>608</x><y>215</y></pt><pt><x>622</x><y>218</y></pt><pt><x>630</x><y>221</y></pt><pt><x>630</x><y>229</y></pt><pt><x>630</x><y>234</y></pt><pt><x>635</x><y>245</y></pt><pt><x>631</x><y>247</y></pt><pt><x>624</x><y>234</y></pt><pt><x>620</x><y>235</y></pt><pt><x>617</x><y>241</y></pt><pt><x>618</x><y>248</y></pt><pt><x>614</x><y>249</y></pt><pt><x>612</x><y>247</y></pt><pt><x>609</x><y>242</y></pt><pt><x>605</x><y>237</y></pt><pt><x>602</x><y>242</y></pt><pt><x>601</x><y>250</y></pt><pt><x>597</x><y>250</y></pt><pt><x>598</x><y>239</y></pt><pt><x>597</x><y>233</y></pt><pt><x>590</x><y>217</y></pt><pt><x>597</x><y>215</y></pt></polygon></object><object><name>bowl</name><deleted>0</deleted><verified>0</verified><date>15-Jul-2012 14:16:18</date><id>17</id><polygon><username>sandy</username><pt><x>170</x><y>516</y></pt><pt><x>195</x><y>512</y></pt><pt><x>273</x><y>512</y></pt><pt><x>286</x><y>512</y></pt><pt><x>322</x><y>521</y></pt><pt><x>327</x><y>587</y></pt><pt><x>307</x><y>596</y></pt><pt><x>302</x><y>599</y></pt><pt><x>126</x><y>598</y></pt><pt><x>118</x><y>594</y></pt><pt><x>117</x><y>528</y></pt><pt><x>139</x><y>521</y></pt><pt><x>153</x><y>517</y></pt></polygon></object><object><name>plate</name><deleted>0</deleted><verified>0</verified><date>15-Jul-2012 14:16:18</date><id>18</id><polygon><username>sandy</username><pt><x>262</x><y>412</y></pt><pt><x>279</x><y>420</y></pt><pt><x>286</x><y>423</y></pt><pt><x>326</x><y>426</y></pt><pt><x>345</x><y>423</y></pt><pt><x>354</x><y>420</y></pt><pt><x>379</x><y>412</y></pt><pt><x>380</x><y>408</y></pt><pt><x>379</x><y>403</y></pt><pt><x>365</x><y>399</y></pt><pt><x>282</x><y>397</y></pt><pt><x>270</x><y>401</y></pt><pt><x>262</x><y>404</y></pt><pt><x>255</x><y>407</y></pt></polygon></object><object><name>plate</name><deleted>0</deleted><verified>0</verified><date>15-Jul-2012 14:16:18</date><id>19</id><polygon><username>sandy</username><pt><x>277</x><y>62</y></pt><pt><x>289</x><y>68</y></pt><pt><x>296</x><y>75</y></pt><pt><x>301</x><y>85</y></pt><pt><x>300</x><y>98</y></pt><pt><x>296</x><y>108</y></pt><pt><x>291</x><y>112</y></pt><pt><x>273</x><y>113</y></pt><pt><x>264</x><y>113</y></pt><pt><x>253</x><y>105</y></pt><pt><x>249</x><y>79</y></pt><pt><x>252</x><y>73</y></pt><pt><x>260</x><y>67</y></pt><pt><x>270</x><y>64</y></pt></polygon></object><object><name>plate</name><deleted>0</deleted><verified>0</verified><date>15-Jul-2012 14:16:18</date><id>20</id><polygon><username>sandy</username><pt><x>207</x><y>68</y></pt><pt><x>222</x><y>68</y></pt><pt><x>231</x><y>73</y></pt><pt><x>240</x><y>84</y></pt><pt><x>241</x><y>90</y></pt><pt><x>241</x><y>104</y></pt><pt><x>230</x><y>113</y></pt><pt><x>219</x><y>115</y></pt><pt><x>203</x><y>115</y></pt><pt><x>197</x><y>110</y></pt><pt><x>190</x><y>91</y></pt><pt><x>191</x><y>78</y></pt><pt><x>196</x><y>72</y></pt></polygon></object><object><name>plate</name><deleted>0</deleted><verified>0</verified><date>15-Jul-2012 14:16:18</date><id>21</id><polygon><username>sandy</username><pt><x>262</x><y>41</y></pt><pt><x>293</x><y>40</y></pt><pt><x>301</x><y>28</y></pt><pt><x>301</x><y>15</y></pt><pt><x>298</x><y>8</y></pt><pt><x>292</x><y>2</y></pt><pt><x>256</x><y>0</y></pt><pt><x>250</x><y>4</y></pt><pt><x>249</x><y>15</y></pt><pt><x>248</x><y>28</y></pt><pt><x>251</x><y>36</y></pt></polygon></object><object><name>plate</name><deleted>0</deleted><verified>0</verified><date>15-Jul-2012 14:16:18</date><id>22</id><polygon><username>sandy</username><pt><x>193</x><y>6</y></pt><pt><x>191</x><y>19</y></pt><pt><x>195</x><y>32</y></pt><pt><x>201</x><y>39</y></pt><pt><x>211</x><y>43</y></pt><pt><x>226</x><y>42</y></pt><pt><x>235</x><y>37</y></pt><pt><x>242</x><y>28</y></pt><pt><x>244</x><y>16</y></pt><pt><x>241</x><y>6</y></pt><pt><x>241</x><y>3</y></pt><pt><x>238</x><y>1</y></pt><pt><x>197</x><y>0</y></pt></polygon></object><object><name>shelf</name><deleted>0</deleted><verified>0</verified><date>15-Jul-2012 14:16:18</date><id>23</id><polygon><username>sandy</username><pt><x>186</x><y>42</y></pt><pt><x>186</x><y>51</y></pt><pt><x>307</x><y>51</y></pt><pt><x>307</x><y>39</y></pt></polygon></object><object><name>shelf</name><deleted>0</deleted><verified>0</verified><date>15-Jul-2012 14:16:18</date><id>24</id><polygon><username>sandy</username><pt><x>307</x><y>121</y></pt><pt><x>308</x><y>112</y></pt><pt><x>188</x><y>113</y></pt><pt><x>186</x><y>119</y></pt><pt><x>188</x><y>122</y></pt></polygon></object><object><name>wool</name><deleted>0</deleted><verified>0</verified><date>15-Jul-2012 14:16:18</date><id>25</id><polygon><username>sandy</username><pt><x>202</x><y>519</y></pt><pt><x>203</x><y>508</y></pt><pt><x>208</x><y>505</y></pt><pt><x>255</x><y>505</y></pt><pt><x>263</x><y>514</y></pt><pt><x>264</x><y>519</y></pt><pt><x>269</x><y>514</y></pt><pt><x>278</x><y>515</y></pt><pt><x>288</x><y>513</y></pt><pt><x>296</x><y>516</y></pt><pt><x>304</x><y>522</y></pt><pt><x>309</x><y>524</y></pt><pt><x>315</x><y>521</y></pt><pt><x>320</x><y>519</y></pt><pt><x>329</x><y>521</y></pt><pt><x>327</x><y>568</y></pt><pt><x>309</x><y>572</y></pt><pt><x>267</x><y>574</y></pt><pt><x>229</x><y>576</y></pt><pt><x>177</x><y>576</y></pt><pt><x>119</x><y>570</y></pt><pt><x>122</x><y>534</y></pt><pt><x>146</x><y>531</y></pt><pt><x>155</x><y>532</y></pt><pt><x>166</x><y>534</y></pt><pt><x>176</x><y>536</y></pt><pt><x>186</x><y>533</y></pt><pt><x>193</x><y>531</y></pt><pt><x>203</x><y>528</y></pt></polygon></object><imagesize><nrows>600</nrows><ncols>800</ncols></imagesize></annotation>