<annotation><filename>l_living_room_living82.jpg</filename><folder>100images</folder><source><sourceImage>The MIT-CSAIL database of objects and scenes</sourceImage><sourceAnnotation>LabelMe Webtool</sourceAnnotation></source><object><name>bear</name><deleted>0</deleted><verified>0</verified><date>15-Jul-2012 15:05:27</date><id>0</id><polygon><username>sandy</username><pt><x>170</x><y>139</y></pt><pt><x>172</x><y>118</y></pt><pt><x>174</x><y>102</y></pt><pt><x>172</x><y>93</y></pt><pt><x>168</x><y>89</y></pt><pt><x>170</x><y>87</y></pt><pt><x>175</x><y>87</y></pt><pt><x>177</x><y>84</y></pt><pt><x>173</x><y>83</y></pt><pt><x>169</x><y>83</y></pt><pt><x>165</x><y>76</y></pt><pt><x>161</x><y>72</y></pt><pt><x>158</x><y>69</y></pt><pt><x>148</x><y>70</y></pt><pt><x>138</x><y>69</y></pt><pt><x>132</x><y>72</y></pt><pt><x>128</x><y>73</y></pt><pt><x>126</x><y>76</y></pt><pt><x>123</x><y>78</y></pt><pt><x>116</x><y>76</y></pt><pt><x>108</x><y>86</y></pt><pt><x>107</x><y>93</y></pt><pt><x>113</x><y>111</y></pt><pt><x>115</x><y>114</y></pt><pt><x>112</x><y>130</y></pt><pt><x>113</x><y>133</y></pt><pt><x>109</x><y>137</y></pt><pt><x>109</x><y>140</y></pt><pt><x>94</x><y>150</y></pt><pt><x>85</x><y>153</y></pt><pt><x>78</x><y>163</y></pt><pt><x>73</x><y>181</y></pt><pt><x>78</x><y>192</y></pt><pt><x>82</x><y>197</y></pt><pt><x>87</x><y>200</y></pt><pt><x>95</x><y>210</y></pt><pt><x>97</x><y>245</y></pt><pt><x>93</x><y>263</y></pt><pt><x>96</x><y>266</y></pt><pt><x>98</x><y>278</y></pt><pt><x>104</x><y>278</y></pt><pt><x>101</x><y>284</y></pt><pt><x>101</x><y>294</y></pt><pt><x>104</x><y>305</y></pt><pt><x>105</x><y>358</y></pt><pt><x>116</x><y>405</y></pt><pt><x>116</x><y>428</y></pt><pt><x>150</x><y>434</y></pt><pt><x>197</x><y>417</y></pt><pt><x>190</x><y>398</y></pt><pt><x>195</x><y>376</y></pt><pt><x>199</x><y>345</y></pt><pt><x>200</x><y>295</y></pt><pt><x>195</x><y>271</y></pt><pt><x>198</x><y>265</y></pt><pt><x>193</x><y>234</y></pt><pt><x>195</x><y>204</y></pt><pt><x>195</x><y>198</y></pt><pt><x>201</x><y>201</y></pt><pt><x>221</x><y>204</y></pt><pt><x>247</x><y>192</y></pt><pt><x>256</x><y>183</y></pt><pt><x>253</x><y>175</y></pt><pt><x>249</x><y>171</y></pt><pt><x>242</x><y>167</y></pt><pt><x>238</x><y>166</y></pt><pt><x>230</x><y>169</y></pt><pt><x>215</x><y>174</y></pt><pt><x>184</x><y>160</y></pt><pt><x>177</x><y>153</y></pt><pt><x>175</x><y>149</y></pt><pt><x>176</x><y>145</y></pt></polygon></object><object><name>sofa</name><deleted>0</deleted><verified>0</verified><date>15-Jul-2012 15:05:27</date><id>1</id><polygon><username>sandy</username><pt><x>232</x><y>315</y></pt><pt><x>234</x><y>291</y></pt><pt><x>235</x><y>283</y></pt><pt><x>242</x><y>281</y></pt><pt><x>288</x><y>269</y></pt><pt><x>308</x><y>221</y></pt><pt><x>308</x><y>217</y></pt><pt><x>449</x><y>211</y></pt><pt><x>581</x><y>215</y></pt><pt><x>621</x><y>217</y></pt><pt><x>656</x><y>274</y></pt><pt><x>673</x><y>287</y></pt><pt><x>675</x><y>307</y></pt><pt><x>683</x><y>321</y></pt><pt><x>686</x><y>346</y></pt><pt><x>684</x><y>349</y></pt><pt><x>689</x><y>419</y></pt><pt><x>682</x><y>422</y></pt><pt><x>604</x><y>422</y></pt><pt><x>569</x><y>425</y></pt><pt><x>305</x><y>423</y></pt><pt><x>228</x><y>422</y></pt><pt><x>227</x><y>418</y></pt><pt><x>223</x><y>422</y></pt><pt><x>220</x><y>420</y></pt><pt><x>225</x><y>388</y></pt><pt><x>223</x><y>350</y></pt><pt><x>226</x><y>346</y></pt><pt><x>224</x><y>343</y></pt><pt><x>224</x><y>320</y></pt><pt><x>226</x><y>317</y></pt></polygon></object><object><name>fish</name><deleted>0</deleted><verified>0</verified><date>15-Jul-2012 15:05:27</date><id>2</id><polygon><username>sandy</username><pt><x>377</x><y>72</y></pt><pt><x>371</x><y>76</y></pt><pt><x>371</x><y>92</y></pt><pt><x>374</x><y>103</y></pt><pt><x>371</x><y>110</y></pt><pt><x>377</x><y>109</y></pt><pt><x>381</x><y>109</y></pt><pt><x>383</x><y>121</y></pt><pt><x>380</x><y>124</y></pt><pt><x>380</x><y>127</y></pt><pt><x>388</x><y>126</y></pt><pt><x>391</x><y>128</y></pt><pt><x>394</x><y>129</y></pt><pt><x>395</x><y>132</y></pt><pt><x>394</x><y>136</y></pt><pt><x>393</x><y>142</y></pt><pt><x>393</x><y>144</y></pt><pt><x>400</x><y>138</y></pt><pt><x>402</x><y>144</y></pt><pt><x>404</x><y>133</y></pt><pt><x>407</x><y>127</y></pt><pt><x>404</x><y>109</y></pt><pt><x>401</x><y>100</y></pt><pt><x>395</x><y>103</y></pt><pt><x>395</x><y>98</y></pt><pt><x>390</x><y>87</y></pt><pt><x>384</x><y>92</y></pt><pt><x>384</x><y>82</y></pt><pt><x>382</x><y>76</y></pt></polygon></object><object><name>fish</name><deleted>0</deleted><verified>0</verified><date>15-Jul-2012 15:05:27</date><id>3</id><polygon><username>sandy</username><pt><x>425</x><y>89</y></pt><pt><x>429</x><y>98</y></pt><pt><x>430</x><y>109</y></pt><pt><x>427</x><y>119</y></pt><pt><x>428</x><y>124</y></pt><pt><x>431</x><y>126</y></pt><pt><x>431</x><y>129</y></pt><pt><x>420</x><y>127</y></pt><pt><x>412</x><y>128</y></pt><pt><x>418</x><y>122</y></pt><pt><x>415</x><y>117</y></pt><pt><x>411</x><y>106</y></pt><pt><x>413</x><y>95</y></pt><pt><x>415</x><y>91</y></pt><pt><x>418</x><y>87</y></pt><pt><x>422</x><y>87</y></pt></polygon></object><object><name>fish</name><deleted>0</deleted><verified>0</verified><date>15-Jul-2012 15:05:27</date><id>4</id><polygon><username>sandy</username><pt><x>443</x><y>68</y></pt><pt><x>445</x><y>77</y></pt><pt><x>442</x><y>87</y></pt><pt><x>440</x><y>91</y></pt><pt><x>446</x><y>97</y></pt><pt><x>446</x><y>100</y></pt><pt><x>436</x><y>97</y></pt><pt><x>430</x><y>98</y></pt><pt><x>426</x><y>99</y></pt><pt><x>427</x><y>89</y></pt><pt><x>425</x><y>79</y></pt><pt><x>426</x><y>71</y></pt><pt><x>429</x><y>64</y></pt><pt><x>433</x><y>61</y></pt><pt><x>436</x><y>59</y></pt></polygon></object><object><name>fish</name><deleted>0</deleted><verified>0</verified><date>15-Jul-2012 15:05:27</date><id>5</id><polygon><username>sandy</username><pt><x>359</x><y>345</y></pt><pt><x>381</x><y>345</y></pt><pt><x>404</x><y>343</y></pt><pt><x>425</x><y>349</y></pt><pt><x>438</x><y>340</y></pt><pt><x>435</x><y>361</y></pt><pt><x>424</x><y>361</y></pt><pt><x>413</x><y>367</y></pt><pt><x>404</x><y>372</y></pt><pt><x>382</x><y>379</y></pt><pt><x>364</x><y>382</y></pt><pt><x>353</x><y>382</y></pt><pt><x>345</x><y>381</y></pt><pt><x>340</x><y>377</y></pt><pt><x>349</x><y>371</y></pt><pt><x>341</x><y>360</y></pt><pt><x>342</x><y>358</y></pt><pt><x>350</x><y>350</y></pt><pt><x>355</x><y>347</y></pt></polygon></object><object><name>basket</name><deleted>0</deleted><verified>0</verified><date>15-Jul-2012 15:05:27</date><id>6</id><polygon><username>sandy</username><pt><x>553</x><y>381</y></pt><pt><x>571</x><y>432</y></pt><pt><x>567</x><y>440</y></pt><pt><x>555</x><y>546</y></pt><pt><x>548</x><y>555</y></pt><pt><x>337</x><y>555</y></pt><pt><x>325</x><y>545</y></pt><pt><x>321</x><y>441</y></pt><pt><x>312</x><y>442</y></pt><pt><x>312</x><y>426</y></pt><pt><x>320</x><y>401</y></pt><pt><x>334</x><y>379</y></pt><pt><x>452</x><y>384</y></pt><pt><x>537</x><y>382</y></pt></polygon></object><object><name>cushion</name><deleted>0</deleted><verified>0</verified><date>15-Jul-2012 15:05:27</date><id>7</id><polygon><username>sandy</username><pt><x>290</x><y>163</y></pt><pt><x>295</x><y>167</y></pt><pt><x>303</x><y>176</y></pt><pt><x>312</x><y>182</y></pt><pt><x>322</x><y>191</y></pt><pt><x>358</x><y>207</y></pt><pt><x>382</x><y>214</y></pt><pt><x>371</x><y>229</y></pt><pt><x>383</x><y>224</y></pt><pt><x>386</x><y>224</y></pt><pt><x>430</x><y>279</y></pt><pt><x>415</x><y>289</y></pt><pt><x>405</x><y>295</y></pt><pt><x>403</x><y>298</y></pt><pt><x>370</x><y>301</y></pt><pt><x>366</x><y>298</y></pt><pt><x>305</x><y>304</y></pt><pt><x>299</x><y>300</y></pt><pt><x>289</x><y>307</y></pt><pt><x>269</x><y>307</y></pt><pt><x>258</x><y>289</y></pt><pt><x>224</x><y>281</y></pt><pt><x>244</x><y>249</y></pt><pt><x>268</x><y>212</y></pt><pt><x>277</x><y>182</y></pt></polygon></object><object><name>cushion</name><deleted>0</deleted><verified>0</verified><date>15-Jul-2012 15:05:27</date><id>8</id><polygon><username>sandy</username><pt><x>508</x><y>217</y></pt><pt><x>536</x><y>222</y></pt><pt><x>564</x><y>223</y></pt><pt><x>591</x><y>202</y></pt><pt><x>619</x><y>175</y></pt><pt><x>633</x><y>167</y></pt><pt><x>639</x><y>183</y></pt><pt><x>643</x><y>203</y></pt><pt><x>662</x><y>217</y></pt><pt><x>684</x><y>235</y></pt><pt><x>695</x><y>248</y></pt><pt><x>659</x><y>272</y></pt><pt><x>641</x><y>280</y></pt><pt><x>627</x><y>289</y></pt><pt><x>543</x><y>294</y></pt><pt><x>498</x><y>291</y></pt><pt><x>504</x><y>264</y></pt><pt><x>505</x><y>228</y></pt></polygon></object><object><name>picture</name><deleted>0</deleted><verified>0</verified><date>15-Jul-2012 15:05:27</date><id>9</id><polygon><username>sandy</username><pt><x>302</x><y>76</y></pt><pt><x>303</x><y>116</y></pt><pt><x>340</x><y>116</y></pt><pt><x>340</x><y>75</y></pt></polygon></object><object><name>picture</name><deleted>0</deleted><verified>0</verified><date>15-Jul-2012 15:05:27</date><id>10</id><polygon><username>sandy</username><pt><x>363</x><y>140</y></pt><pt><x>362</x><y>180</y></pt><pt><x>398</x><y>180</y></pt><pt><x>397</x><y>140</y></pt></polygon></object><object><name>flag</name><deleted>0</deleted><verified>0</verified><date>15-Jul-2012 15:05:27</date><id>11</id><polygon><username>sandy</username><pt><x>478</x><y>89</y></pt><pt><x>479</x><y>158</y></pt><pt><x>548</x><y>159</y></pt><pt><x>547</x><y>91</y></pt></polygon></object><object><name>slippers</name><deleted>0</deleted><verified>0</verified><date>15-Jul-2012 15:05:27</date><id>12</id><polygon><username>sandy</username><pt><x>607</x><y>466</y></pt><pt><x>634</x><y>465</y></pt><pt><x>662</x><y>457</y></pt><pt><x>662</x><y>449</y></pt><pt><x>659</x><y>442</y></pt><pt><x>657</x><y>437</y></pt><pt><x>650</x><y>433</y></pt><pt><x>636</x><y>434</y></pt><pt><x>626</x><y>437</y></pt><pt><x>622</x><y>436</y></pt><pt><x>624</x><y>430</y></pt><pt><x>624</x><y>424</y></pt><pt><x>623</x><y>419</y></pt><pt><x>619</x><y>415</y></pt><pt><x>616</x><y>414</y></pt><pt><x>608</x><y>417</y></pt><pt><x>602</x><y>420</y></pt><pt><x>597</x><y>423</y></pt><pt><x>593</x><y>429</y></pt><pt><x>592</x><y>434</y></pt><pt><x>589</x><y>439</y></pt><pt><x>588</x><y>444</y></pt><pt><x>588</x><y>450</y></pt><pt><x>592</x><y>451</y></pt><pt><x>590</x><y>460</y></pt><pt><x>595</x><y>464</y></pt></polygon></object><object><name>rug</name><deleted>0</deleted><verified>0</verified><date>15-Jul-2012 15:05:27</date><id>13</id><polygon><username>sandy</username><pt><x>666</x><y>498</y></pt><pt><x>710</x><y>448</y></pt><pt><x>617</x><y>421</y></pt><pt><x>567</x><y>425</y></pt><pt><x>562</x><y>472</y></pt></polygon></object><object><name>rug</name><deleted>0</deleted><verified>0</verified><date>15-Jul-2012 15:05:27</date><id>14</id><polygon><username>sandy</username><pt><x>181</x><y>455</y></pt><pt><x>161</x><y>458</y></pt><pt><x>241</x><y>504</y></pt><pt><x>258</x><y>504</y></pt><pt><x>257</x><y>498</y></pt><pt><x>324</x><y>472</y></pt><pt><x>322</x><y>440</y></pt><pt><x>308</x><y>422</y></pt><pt><x>286</x><y>425</y></pt><pt><x>280</x><y>426</y></pt><pt><x>199</x><y>450</y></pt></polygon></object><object><name>rug</name><deleted>0</deleted><verified>0</verified><date>15-Jul-2012 15:05:27</date><id>15</id><polygon><username>sandy</username><pt><x>381</x><y>598</y></pt><pt><x>409</x><y>551</y></pt><pt><x>750</x><y>597</y></pt></polygon></object><object><name>plant</name><deleted>0</deleted><verified>0</verified><date>15-Jul-2012 15:05:27</date><id>16</id><polygon><username>sandy</username><pt><x>732</x><y>277</y></pt><pt><x>742</x><y>280</y></pt><pt><x>747</x><y>285</y></pt><pt><x>761</x><y>285</y></pt><pt><x>764</x><y>286</y></pt><pt><x>767</x><y>283</y></pt><pt><x>770</x><y>278</y></pt><pt><x>773</x><y>276</y></pt><pt><x>777</x><y>275</y></pt><pt><x>782</x><y>277</y></pt><pt><x>783</x><y>281</y></pt><pt><x>780</x><y>288</y></pt><pt><x>775</x><y>289</y></pt><pt><x>771</x><y>295</y></pt><pt><x>766</x><y>299</y></pt><pt><x>766</x><y>302</y></pt><pt><x>778</x><y>315</y></pt><pt><x>781</x><y>322</y></pt><pt><x>779</x><y>325</y></pt><pt><x>776</x><y>329</y></pt><pt><x>775</x><y>334</y></pt><pt><x>775</x><y>340</y></pt><pt><x>767</x><y>343</y></pt><pt><x>769</x><y>346</y></pt><pt><x>780</x><y>356</y></pt><pt><x>789</x><y>362</y></pt><pt><x>788</x><y>367</y></pt><pt><x>784</x><y>370</y></pt><pt><x>783</x><y>364</y></pt><pt><x>778</x><y>358</y></pt><pt><x>770</x><y>354</y></pt><pt><x>766</x><y>354</y></pt><pt><x>752</x><y>359</y></pt><pt><x>749</x><y>362</y></pt><pt><x>763</x><y>364</y></pt><pt><x>772</x><y>365</y></pt><pt><x>775</x><y>366</y></pt><pt><x>774</x><y>369</y></pt><pt><x>769</x><y>372</y></pt><pt><x>765</x><y>374</y></pt><pt><x>762</x><y>383</y></pt><pt><x>753</x><y>388</y></pt><pt><x>752</x><y>388</y></pt><pt><x>749</x><y>393</y></pt><pt><x>747</x><y>394</y></pt><pt><x>745</x><y>392</y></pt><pt><x>730</x><y>385</y></pt><pt><x>727</x><y>383</y></pt><pt><x>726</x><y>389</y></pt><pt><x>723</x><y>394</y></pt><pt><x>716</x><y>396</y></pt><pt><x>712</x><y>391</y></pt><pt><x>712</x><y>385</y></pt><pt><x>716</x><y>377</y></pt><pt><x>716</x><y>375</y></pt><pt><x>706</x><y>383</y></pt><pt><x>701</x><y>383</y></pt><pt><x>698</x><y>379</y></pt><pt><x>700</x><y>374</y></pt><pt><x>697</x><y>371</y></pt><pt><x>686</x><y>366</y></pt><pt><x>680</x><y>363</y></pt><pt><x>682</x><y>360</y></pt><pt><x>685</x><y>356</y></pt><pt><x>686</x><y>345</y></pt><pt><x>664</x><y>329</y></pt><pt><x>670</x><y>324</y></pt><pt><x>667</x><y>319</y></pt><pt><x>675</x><y>312</y></pt><pt><x>667</x><y>302</y></pt><pt><x>669</x><y>298</y></pt><pt><x>685</x><y>308</y></pt><pt><x>688</x><y>307</y></pt><pt><x>681</x><y>291</y></pt><pt><x>689</x><y>282</y></pt><pt><x>693</x><y>278</y></pt><pt><x>698</x><y>280</y></pt><pt><x>703</x><y>289</y></pt><pt><x>718</x><y>290</y></pt><pt><x>709</x><y>269</y></pt><pt><x>716</x><y>268</y></pt><pt><x>722</x><y>261</y></pt><pt><x>727</x><y>258</y></pt></polygon></object><object><name>blanket</name><deleted>0</deleted><verified>0</verified><date>15-Jul-2012 15:05:27</date><id>17</id><polygon><username>sandy</username><pt><x>418</x><y>302</y></pt><pt><x>459</x><y>300</y></pt><pt><x>500</x><y>289</y></pt><pt><x>550</x><y>286</y></pt><pt><x>567</x><y>277</y></pt><pt><x>582</x><y>271</y></pt><pt><x>592</x><y>269</y></pt><pt><x>625</x><y>281</y></pt><pt><x>643</x><y>295</y></pt><pt><x>646</x><y>309</y></pt><pt><x>650</x><y>314</y></pt><pt><x>627</x><y>322</y></pt><pt><x>625</x><y>334</y></pt><pt><x>615</x><y>351</y></pt><pt><x>621</x><y>366</y></pt><pt><x>620</x><y>375</y></pt><pt><x>611</x><y>377</y></pt><pt><x>608</x><y>373</y></pt><pt><x>592</x><y>348</y></pt><pt><x>584</x><y>326</y></pt><pt><x>573</x><y>313</y></pt><pt><x>550</x><y>322</y></pt><pt><x>539</x><y>337</y></pt><pt><x>514</x><y>358</y></pt><pt><x>483</x><y>382</y></pt><pt><x>432</x><y>383</y></pt><pt><x>419</x><y>343</y></pt><pt><x>417</x><y>319</y></pt><pt><x>414</x><y>311</y></pt></polygon></object><object><name>blanket</name><deleted>0</deleted><verified>0</verified><date>15-Jul-2012 15:05:27</date><id>18</id><polygon><username>sandy</username><pt><x>290</x><y>324</y></pt><pt><x>346</x><y>325</y></pt><pt><x>388</x><y>319</y></pt><pt><x>417</x><y>320</y></pt><pt><x>554</x><y>324</y></pt><pt><x>575</x><y>323</y></pt><pt><x>618</x><y>322</y></pt><pt><x>646</x><y>319</y></pt><pt><x>622</x><y>215</y></pt><pt><x>575</x><y>215</y></pt><pt><x>456</x><y>209</y></pt><pt><x>383</x><y>214</y></pt><pt><x>309</x><y>217</y></pt><pt><x>295</x><y>303</y></pt><pt><x>297</x><y>305</y></pt><pt><x>292</x><y>308</y></pt></polygon></object><object><name>book</name><deleted>0</deleted><verified>0</verified><date>15-Jul-2012 15:05:27</date><id>19</id><polygon><username>sandy</username><pt><x>448</x><y>388</y></pt><pt><x>453</x><y>425</y></pt><pt><x>554</x><y>425</y></pt><pt><x>530</x><y>384</y></pt><pt><x>457</x><y>383</y></pt></polygon></object><object><name>canoe</name><deleted>0</deleted><verified>0</verified><date>15-Jul-2012 15:05:27</date><id>20</id><polygon><username>sandy</username><pt><x>235</x><y>69</y></pt><pt><x>244</x><y>135</y></pt><pt><x>254</x><y>217</y></pt><pt><x>255</x><y>235</y></pt><pt><x>256</x><y>319</y></pt><pt><x>249</x><y>382</y></pt><pt><x>211</x><y>394</y></pt><pt><x>189</x><y>393</y></pt><pt><x>155</x><y>71</y></pt><pt><x>169</x><y>24</y></pt><pt><x>178</x><y>2</y></pt><pt><x>228</x><y>2</y></pt><pt><x>232</x><y>46</y></pt></polygon></object><object><name>frame</name><deleted>0</deleted><verified>0</verified><date>15-Jul-2012 15:05:27</date><id>21</id><polygon><username>sandy</username><pt><x>471</x><y>81</y></pt><pt><x>558</x><y>81</y></pt><pt><x>558</x><y>173</y></pt><pt><x>558</x><y>175</y></pt><pt><x>471</x><y>174</y></pt></polygon></object><object><name>hat</name><deleted>0</deleted><verified>0</verified><date>15-Jul-2012 15:05:27</date><id>22</id><polygon><username>sandy</username><pt><x>131</x><y>97</y></pt><pt><x>150</x><y>92</y></pt><pt><x>167</x><y>87</y></pt><pt><x>173</x><y>87</y></pt><pt><x>178</x><y>85</y></pt><pt><x>167</x><y>83</y></pt><pt><x>159</x><y>69</y></pt><pt><x>153</x><y>70</y></pt><pt><x>140</x><y>69</y></pt><pt><x>129</x><y>72</y></pt><pt><x>126</x><y>77</y></pt><pt><x>120</x><y>77</y></pt><pt><x>115</x><y>76</y></pt><pt><x>108</x><y>86</y></pt><pt><x>107</x><y>92</y></pt><pt><x>115</x><y>113</y></pt><pt><x>122</x><y>103</y></pt></polygon></object><object><name>basket</name><deleted>0</deleted><verified>0</verified><date>15-Jul-2012 15:05:27</date><id>23</id><polygon><username>sandy</username><pt><x>697</x><y>423</y></pt><pt><x>726</x><y>428</y></pt><pt><x>755</x><y>426</y></pt><pt><x>773</x><y>416</y></pt><pt><x>780</x><y>379</y></pt><pt><x>737</x><y>372</y></pt><pt><x>698</x><y>374</y></pt><pt><x>691</x><y>383</y></pt><pt><x>688</x><y>388</y></pt><pt><x>690</x><y>419</y></pt></polygon></object><object><name>window</name><deleted>0</deleted><verified>0</verified><date>15-Jul-2012 15:05:27</date><id>24</id><polygon><username>sandy</username><pt><x>23</x><y>155</y></pt><pt><x>78</x><y>155</y></pt><pt><x>75</x><y>1</y></pt><pt><x>15</x><y>1</y></pt></polygon></object><object><name>window</name><deleted>0</deleted><verified>0</verified><date>15-Jul-2012 15:05:27</date><id>25</id><polygon><username>sandy</username><pt><x>31</x><y>415</y></pt><pt><x>6</x><y>141</y></pt><pt><x>0</x><y>143</y></pt><pt><x>2</x><y>433</y></pt></polygon></object><imagesize><nrows>600</nrows><ncols>800</ncols></imagesize></annotation>