<annotation><filename>l_lunchroom_lunchroom_000108.jpg</filename><folder>100images</folder><source><sourceImage>The MIT-CSAIL database of objects and scenes</sourceImage><sourceAnnotation>LabelMe Webtool</sourceAnnotation></source><object><name>table</name><deleted>0</deleted><verified>0</verified><date>15-Jul-2012 15:20:08</date><id>0</id><polygon><username>sandy</username><pt><x>453</x><y>424</y></pt><pt><x>555</x><y>429</y></pt><pt><x>555</x><y>431</y></pt><pt><x>545</x><y>491</y></pt><pt><x>534</x><y>597</y></pt><pt><x>534</x><y>598</y></pt><pt><x>292</x><y>598</y></pt><pt><x>347</x><y>533</y></pt><pt><x>397</x><y>478</y></pt></polygon></object><object><name>table</name><deleted>0</deleted><verified>0</verified><date>15-Jul-2012 15:20:08</date><id>1</id><polygon><username>sandy</username><pt><x>240</x><y>411</y></pt><pt><x>239</x><y>417</y></pt><pt><x>238</x><y>418</y></pt><pt><x>198</x><y>430</y></pt><pt><x>198</x><y>506</y></pt><pt><x>196</x><y>512</y></pt><pt><x>166</x><y>515</y></pt><pt><x>167</x><y>441</y></pt><pt><x>80</x><y>472</y></pt><pt><x>66</x><y>425</y></pt><pt><x>156</x><y>403</y></pt></polygon></object><object><name>table</name><deleted>0</deleted><verified>0</verified><date>15-Jul-2012 15:20:08</date><id>2</id><polygon><username>sandy</username><pt><x>348</x><y>334</y></pt><pt><x>385</x><y>340</y></pt><pt><x>372</x><y>345</y></pt><pt><x>372</x><y>356</y></pt><pt><x>374</x><y>371</y></pt><pt><x>288</x><y>410</y></pt><pt><x>268</x><y>407</y></pt><pt><x>269</x><y>368</y></pt><pt><x>260</x><y>368</y></pt><pt><x>205</x><y>366</y></pt><pt><x>208</x><y>362</y></pt></polygon></object><object><name>table</name><deleted>0</deleted><verified>0</verified><date>15-Jul-2012 15:20:08</date><id>3</id><polygon><username>sandy</username><pt><x>219</x><y>388</y></pt><pt><x>244</x><y>391</y></pt><pt><x>244</x><y>455</y></pt><pt><x>256</x><y>453</y></pt><pt><x>260</x><y>417</y></pt><pt><x>289</x><y>393</y></pt><pt><x>351</x><y>395</y></pt><pt><x>383</x><y>425</y></pt><pt><x>386</x><y>464</y></pt><pt><x>397</x><y>459</y></pt><pt><x>397</x><y>398</y></pt><pt><x>406</x><y>398</y></pt><pt><x>421</x><y>389</y></pt><pt><x>420</x><y>385</y></pt><pt><x>253</x><y>377</y></pt></polygon></object><object><name>table</name><deleted>0</deleted><verified>0</verified><date>15-Jul-2012 15:20:08</date><id>4</id><polygon><username>sandy</username><pt><x>454</x><y>338</y></pt><pt><x>374</x><y>367</y></pt><pt><x>372</x><y>373</y></pt><pt><x>409</x><y>376</y></pt><pt><x>413</x><y>415</y></pt><pt><x>437</x><y>416</y></pt><pt><x>469</x><y>381</y></pt><pt><x>473</x><y>348</y></pt></polygon></object><object><name>fireextinguisher</name><deleted>0</deleted><verified>0</verified><date>15-Jul-2012 15:20:08</date><id>5</id><polygon><username>sandy</username><pt><x>614</x><y>375</y></pt><pt><x>617</x><y>314</y></pt><pt><x>614</x><y>307</y></pt><pt><x>617</x><y>300</y></pt><pt><x>607</x><y>300</y></pt><pt><x>600</x><y>304</y></pt><pt><x>594</x><y>306</y></pt><pt><x>587</x><y>314</y></pt><pt><x>584</x><y>336</y></pt><pt><x>587</x><y>360</y></pt><pt><x>591</x><y>373</y></pt><pt><x>594</x><y>377</y></pt></polygon></object><object><name>adult</name><deleted>0</deleted><verified>0</verified><date>15-Jul-2012 15:20:08</date><id>6</id><polygon><username>sandy</username><pt><x>14</x><y>385</y></pt><pt><x>14</x><y>371</y></pt><pt><x>19</x><y>365</y></pt><pt><x>23</x><y>347</y></pt><pt><x>26</x><y>331</y></pt><pt><x>30</x><y>316</y></pt><pt><x>18</x><y>298</y></pt><pt><x>10</x><y>292</y></pt><pt><x>2</x><y>292</y></pt><pt><x>2</x><y>598</y></pt><pt><x>78</x><y>597</y></pt><pt><x>70</x><y>562</y></pt><pt><x>70</x><y>554</y></pt><pt><x>62</x><y>540</y></pt><pt><x>62</x><y>532</y></pt><pt><x>94</x><y>509</y></pt><pt><x>111</x><y>494</y></pt><pt><x>116</x><y>493</y></pt><pt><x>120</x><y>495</y></pt><pt><x>127</x><y>493</y></pt><pt><x>136</x><y>489</y></pt><pt><x>142</x><y>485</y></pt><pt><x>143</x><y>481</y></pt><pt><x>149</x><y>481</y></pt><pt><x>147</x><y>476</y></pt><pt><x>143</x><y>475</y></pt><pt><x>135</x><y>475</y></pt><pt><x>127</x><y>468</y></pt><pt><x>119</x><y>469</y></pt><pt><x>107</x><y>475</y></pt><pt><x>90</x><y>487</y></pt><pt><x>83</x><y>471</y></pt><pt><x>69</x><y>425</y></pt><pt><x>56</x><y>408</y></pt><pt><x>50</x><y>400</y></pt><pt><x>35</x><y>397</y></pt><pt><x>26</x><y>393</y></pt></polygon></object><object><name>adult</name><deleted>0</deleted><verified>0</verified><date>15-Jul-2012 15:20:08</date><id>7</id><polygon><username>sandy</username><pt><x>477</x><y>289</y></pt><pt><x>482</x><y>302</y></pt><pt><x>486</x><y>294</y></pt><pt><x>490</x><y>293</y></pt><pt><x>493</x><y>295</y></pt><pt><x>494</x><y>298</y></pt><pt><x>496</x><y>302</y></pt><pt><x>497</x><y>310</y></pt><pt><x>499</x><y>314</y></pt><pt><x>503</x><y>315</y></pt><pt><x>507</x><y>320</y></pt><pt><x>507</x><y>327</y></pt><pt><x>508</x><y>337</y></pt><pt><x>503</x><y>341</y></pt><pt><x>505</x><y>354</y></pt><pt><x>502</x><y>361</y></pt><pt><x>501</x><y>366</y></pt><pt><x>504</x><y>385</y></pt><pt><x>507</x><y>401</y></pt><pt><x>510</x><y>408</y></pt><pt><x>509</x><y>414</y></pt><pt><x>507</x><y>417</y></pt><pt><x>501</x><y>418</y></pt><pt><x>498</x><y>416</y></pt><pt><x>499</x><y>413</y></pt><pt><x>497</x><y>393</y></pt><pt><x>492</x><y>387</y></pt><pt><x>493</x><y>401</y></pt><pt><x>492</x><y>404</y></pt><pt><x>493</x><y>411</y></pt><pt><x>494</x><y>424</y></pt><pt><x>475</x><y>424</y></pt><pt><x>478</x><y>408</y></pt><pt><x>470</x><y>377</y></pt><pt><x>468</x><y>351</y></pt><pt><x>468</x><y>344</y></pt><pt><x>461</x><y>346</y></pt><pt><x>457</x><y>348</y></pt><pt><x>453</x><y>345</y></pt><pt><x>452</x><y>342</y></pt><pt><x>451</x><y>338</y></pt><pt><x>452</x><y>333</y></pt><pt><x>456</x><y>331</y></pt><pt><x>459</x><y>329</y></pt><pt><x>465</x><y>329</y></pt><pt><x>470</x><y>316</y></pt><pt><x>465</x><y>314</y></pt><pt><x>462</x><y>313</y></pt><pt><x>459</x><y>309</y></pt><pt><x>462</x><y>296</y></pt><pt><x>464</x><y>291</y></pt><pt><x>467</x><y>289</y></pt></polygon></object><object><name>door</name><deleted>0</deleted><verified>0</verified><date>15-Jul-2012 15:20:08</date><id>8</id><polygon><username>sandy</username><pt><x>689</x><y>260</y></pt><pt><x>680</x><y>515</y></pt><pt><x>729</x><y>548</y></pt><pt><x>736</x><y>257</y></pt></polygon></object><object><name>bench</name><deleted>0</deleted><verified>0</verified><date>15-Jul-2012 15:20:08</date><id>9</id><polygon><username>sandy</username><pt><x>389</x><y>349</y></pt><pt><x>403</x><y>351</y></pt><pt><x>403</x><y>356</y></pt><pt><x>365</x><y>367</y></pt><pt><x>363</x><y>369</y></pt><pt><x>332</x><y>380</y></pt><pt><x>320</x><y>377</y></pt><pt><x>351</x><y>365</y></pt></polygon></object><object><name>bench</name><deleted>0</deleted><verified>0</verified><date>15-Jul-2012 15:20:08</date><id>10</id><polygon><username>sandy</username><pt><x>465</x><y>403</y></pt><pt><x>485</x><y>383</y></pt><pt><x>469</x><y>378</y></pt><pt><x>446</x><y>395</y></pt><pt><x>445</x><y>399</y></pt></polygon></object><object><name>bench</name><deleted>0</deleted><verified>0</verified><date>15-Jul-2012 15:20:08</date><id>11</id><polygon><username>sandy</username><pt><x>571</x><y>470</y></pt><pt><x>606</x><y>473</y></pt><pt><x>619</x><y>552</y></pt><pt><x>625</x><y>598</y></pt><pt><x>570</x><y>597</y></pt><pt><x>569</x><y>546</y></pt></polygon></object><object><name>bench</name><deleted>0</deleted><verified>0</verified><date>15-Jul-2012 15:20:08</date><id>12</id><polygon><username>sandy</username><pt><x>425</x><y>406</y></pt><pt><x>423</x><y>412</y></pt><pt><x>415</x><y>415</y></pt><pt><x>248</x><y>406</y></pt><pt><x>250</x><y>401</y></pt><pt><x>257</x><y>398</y></pt></polygon></object><object><name>bench</name><deleted>0</deleted><verified>0</verified><date>15-Jul-2012 15:20:08</date><id>13</id><polygon><username>sandy</username><pt><x>405</x><y>428</y></pt><pt><x>399</x><y>432</y></pt><pt><x>228</x><y>423</y></pt><pt><x>240</x><y>413</y></pt><pt><x>397</x><y>424</y></pt></polygon></object><object><name>bench</name><deleted>0</deleted><verified>0</verified><date>15-Jul-2012 15:20:08</date><id>14</id><polygon><username>sandy</username><pt><x>212</x><y>375</y></pt><pt><x>179</x><y>383</y></pt><pt><x>177</x><y>387</y></pt><pt><x>194</x><y>389</y></pt><pt><x>299</x><y>362</y></pt><pt><x>289</x><y>360</y></pt></polygon></object><object><name>bench</name><deleted>0</deleted><verified>0</verified><date>15-Jul-2012 15:20:08</date><id>15</id><polygon><username>sandy</username><pt><x>211</x><y>492</y></pt><pt><x>282</x><y>456</y></pt><pt><x>282</x><y>448</y></pt><pt><x>256</x><y>445</y></pt><pt><x>64</x><y>534</y></pt><pt><x>71</x><y>564</y></pt></polygon></object><object><name>sandwich</name><deleted>0</deleted><verified>0</verified><date>15-Jul-2012 15:20:08</date><id>16</id><polygon><username>sandy</username><pt><x>473</x><y>540</y></pt><pt><x>496</x><y>545</y></pt><pt><x>507</x><y>538</y></pt><pt><x>509</x><y>534</y></pt><pt><x>492</x><y>525</y></pt><pt><x>477</x><y>530</y></pt></polygon></object><object><name>sandwich</name><deleted>0</deleted><verified>0</verified><date>15-Jul-2012 15:20:08</date><id>17</id><polygon><username>sandy</username><pt><x>322</x><y>559</y></pt><pt><x>337</x><y>553</y></pt><pt><x>344</x><y>567</y></pt><pt><x>341</x><y>577</y></pt><pt><x>336</x><y>579</y></pt><pt><x>321</x><y>566</y></pt></polygon></object><object><name>sandwich</name><deleted>0</deleted><verified>0</verified><date>15-Jul-2012 15:20:08</date><id>18</id><polygon><username>sandy</username><pt><x>371</x><y>509</y></pt><pt><x>393</x><y>511</y></pt><pt><x>394</x><y>534</y></pt><pt><x>393</x><y>542</y></pt><pt><x>378</x><y>545</y></pt><pt><x>370</x><y>530</y></pt><pt><x>369</x><y>518</y></pt></polygon></object><object><name>child</name><deleted>0</deleted><verified>0</verified><date>15-Jul-2012 15:20:08</date><id>19</id><polygon><username>sandy</username><pt><x>553</x><y>542</y></pt><pt><x>566</x><y>545</y></pt><pt><x>565</x><y>554</y></pt><pt><x>567</x><y>566</y></pt><pt><x>573</x><y>572</y></pt><pt><x>578</x><y>578</y></pt><pt><x>572</x><y>594</y></pt><pt><x>576</x><y>598</y></pt><pt><x>447</x><y>598</y></pt><pt><x>457</x><y>587</y></pt><pt><x>465</x><y>589</y></pt><pt><x>468</x><y>596</y></pt><pt><x>511</x><y>598</y></pt><pt><x>502</x><y>591</y></pt><pt><x>489</x><y>593</y></pt><pt><x>479</x><y>592</y></pt><pt><x>476</x><y>591</y></pt><pt><x>485</x><y>590</y></pt><pt><x>492</x><y>584</y></pt><pt><x>482</x><y>587</y></pt><pt><x>473</x><y>587</y></pt><pt><x>472</x><y>586</y></pt><pt><x>479</x><y>574</y></pt><pt><x>492</x><y>573</y></pt><pt><x>505</x><y>578</y></pt><pt><x>507</x><y>570</y></pt><pt><x>513</x><y>554</y></pt><pt><x>521</x><y>550</y></pt><pt><x>526</x><y>548</y></pt><pt><x>530</x><y>541</y></pt><pt><x>539</x><y>535</y></pt></polygon></object><object><name>child</name><deleted>0</deleted><verified>0</verified><date>15-Jul-2012 15:20:08</date><id>20</id><polygon><username>sandy</username><pt><x>290</x><y>488</y></pt><pt><x>292</x><y>480</y></pt><pt><x>305</x><y>469</y></pt><pt><x>338</x><y>475</y></pt><pt><x>348</x><y>482</y></pt><pt><x>345</x><y>490</y></pt><pt><x>367</x><y>484</y></pt><pt><x>368</x><y>477</y></pt><pt><x>372</x><y>473</y></pt><pt><x>379</x><y>473</y></pt><pt><x>383</x><y>477</y></pt><pt><x>384</x><y>481</y></pt><pt><x>379</x><y>488</y></pt><pt><x>372</x><y>493</y></pt><pt><x>364</x><y>495</y></pt><pt><x>344</x><y>508</y></pt><pt><x>344</x><y>517</y></pt><pt><x>340</x><y>523</y></pt><pt><x>332</x><y>530</y></pt><pt><x>341</x><y>537</y></pt><pt><x>351</x><y>539</y></pt><pt><x>359</x><y>541</y></pt><pt><x>374</x><y>517</y></pt><pt><x>377</x><y>510</y></pt><pt><x>385</x><y>506</y></pt><pt><x>389</x><y>505</y></pt><pt><x>394</x><y>503</y></pt><pt><x>400</x><y>506</y></pt><pt><x>401</x><y>513</y></pt><pt><x>394</x><y>520</y></pt><pt><x>389</x><y>525</y></pt><pt><x>382</x><y>535</y></pt><pt><x>371</x><y>558</y></pt><pt><x>345</x><y>560</y></pt><pt><x>332</x><y>586</y></pt><pt><x>301</x><y>598</y></pt><pt><x>233</x><y>599</y></pt><pt><x>244</x><y>558</y></pt><pt><x>246</x><y>550</y></pt><pt><x>238</x><y>551</y></pt><pt><x>246</x><y>525</y></pt><pt><x>253</x><y>498</y></pt><pt><x>262</x><y>489</y></pt><pt><x>272</x><y>488</y></pt></polygon></object><object><name>child</name><deleted>0</deleted><verified>0</verified><date>15-Jul-2012 15:20:08</date><id>21</id><polygon><username>sandy</username><pt><x>55</x><y>375</y></pt><pt><x>55</x><y>364</y></pt><pt><x>54</x><y>356</y></pt><pt><x>53</x><y>352</y></pt><pt><x>52</x><y>348</y></pt><pt><x>47</x><y>346</y></pt><pt><x>35</x><y>345</y></pt><pt><x>30</x><y>348</y></pt><pt><x>28</x><y>354</y></pt><pt><x>29</x><y>364</y></pt><pt><x>32</x><y>370</y></pt><pt><x>32</x><y>373</y></pt><pt><x>24</x><y>376</y></pt><pt><x>22</x><y>378</y></pt><pt><x>18</x><y>386</y></pt><pt><x>62</x><y>412</y></pt><pt><x>91</x><y>409</y></pt><pt><x>87</x><y>402</y></pt><pt><x>70</x><y>401</y></pt><pt><x>66</x><y>396</y></pt><pt><x>62</x><y>385</y></pt></polygon></object><object><name>child</name><deleted>0</deleted><verified>0</verified><date>15-Jul-2012 15:20:08</date><id>22</id><polygon><username>sandy</username><pt><x>116</x><y>388</y></pt><pt><x>116</x><y>382</y></pt><pt><x>111</x><y>370</y></pt><pt><x>89</x><y>369</y></pt><pt><x>82</x><y>379</y></pt><pt><x>78</x><y>389</y></pt><pt><x>81</x><y>394</y></pt><pt><x>84</x><y>396</y></pt><pt><x>87</x><y>402</y></pt><pt><x>95</x><y>405</y></pt><pt><x>99</x><y>405</y></pt><pt><x>98</x><y>416</y></pt><pt><x>95</x><y>428</y></pt><pt><x>92</x><y>435</y></pt><pt><x>85</x><y>448</y></pt><pt><x>79</x><y>452</y></pt><pt><x>79</x><y>455</y></pt><pt><x>86</x><y>456</y></pt><pt><x>95</x><y>450</y></pt><pt><x>102</x><y>443</y></pt><pt><x>110</x><y>439</y></pt><pt><x>117</x><y>442</y></pt><pt><x>126</x><y>447</y></pt><pt><x>124</x><y>460</y></pt><pt><x>147</x><y>475</y></pt><pt><x>151</x><y>484</y></pt><pt><x>147</x><y>489</y></pt><pt><x>143</x><y>493</y></pt><pt><x>136</x><y>494</y></pt><pt><x>139</x><y>500</y></pt><pt><x>165</x><y>501</y></pt><pt><x>172</x><y>493</y></pt><pt><x>176</x><y>489</y></pt><pt><x>172</x><y>474</y></pt><pt><x>168</x><y>452</y></pt><pt><x>169</x><y>433</y></pt><pt><x>169</x><y>425</y></pt><pt><x>163</x><y>416</y></pt><pt><x>143</x><y>405</y></pt><pt><x>129</x><y>396</y></pt></polygon></object><object><name>child</name><deleted>0</deleted><verified>0</verified><date>15-Jul-2012 15:20:08</date><id>23</id><polygon><username>sandy</username><pt><x>323</x><y>453</y></pt><pt><x>325</x><y>431</y></pt><pt><x>323</x><y>414</y></pt><pt><x>331</x><y>413</y></pt><pt><x>331</x><y>392</y></pt><pt><x>326</x><y>386</y></pt><pt><x>323</x><y>380</y></pt><pt><x>324</x><y>372</y></pt><pt><x>323</x><y>369</y></pt><pt><x>323</x><y>365</y></pt><pt><x>320</x><y>364</y></pt><pt><x>316</x><y>365</y></pt><pt><x>312</x><y>365</y></pt><pt><x>310</x><y>366</y></pt><pt><x>307</x><y>373</y></pt><pt><x>306</x><y>382</y></pt><pt><x>306</x><y>384</y></pt><pt><x>299</x><y>388</y></pt><pt><x>294</x><y>393</y></pt><pt><x>289</x><y>401</y></pt><pt><x>289</x><y>411</y></pt><pt><x>288</x><y>416</y></pt><pt><x>294</x><y>414</y></pt><pt><x>294</x><y>417</y></pt><pt><x>296</x><y>426</y></pt><pt><x>295</x><y>432</y></pt><pt><x>295</x><y>450</y></pt><pt><x>295</x><y>453</y></pt><pt><x>294</x><y>474</y></pt><pt><x>303</x><y>474</y></pt><pt><x>306</x><y>454</y></pt><pt><x>309</x><y>450</y></pt><pt><x>311</x><y>454</y></pt><pt><x>308</x><y>471</y></pt><pt><x>313</x><y>474</y></pt><pt><x>320</x><y>459</y></pt></polygon></object><object><name>child</name><deleted>0</deleted><verified>0</verified><date>15-Jul-2012 15:20:08</date><id>24</id><polygon><username>sandy</username><pt><x>233</x><y>343</y></pt><pt><x>239</x><y>352</y></pt><pt><x>250</x><y>353</y></pt><pt><x>249</x><y>355</y></pt><pt><x>245</x><y>357</y></pt><pt><x>248</x><y>372</y></pt><pt><x>249</x><y>401</y></pt><pt><x>246</x><y>405</y></pt><pt><x>241</x><y>403</y></pt><pt><x>239</x><y>383</y></pt><pt><x>226</x><y>390</y></pt><pt><x>223</x><y>393</y></pt><pt><x>221</x><y>402</y></pt><pt><x>221</x><y>407</y></pt><pt><x>217</x><y>407</y></pt><pt><x>214</x><y>408</y></pt><pt><x>213</x><y>405</y></pt><pt><x>210</x><y>403</y></pt><pt><x>207</x><y>400</y></pt><pt><x>211</x><y>397</y></pt><pt><x>214</x><y>397</y></pt><pt><x>219</x><y>388</y></pt><pt><x>224</x><y>373</y></pt><pt><x>223</x><y>361</y></pt><pt><x>228</x><y>359</y></pt><pt><x>227</x><y>352</y></pt><pt><x>225</x><y>349</y></pt><pt><x>226</x><y>346</y></pt></polygon></object><object><name>child</name><deleted>0</deleted><verified>0</verified><date>15-Jul-2012 15:20:08</date><id>25</id><polygon><username>sandy</username><pt><x>290</x><y>332</y></pt><pt><x>296</x><y>334</y></pt><pt><x>297</x><y>340</y></pt><pt><x>297</x><y>345</y></pt><pt><x>299</x><y>347</y></pt><pt><x>283</x><y>349</y></pt><pt><x>284</x><y>346</y></pt><pt><x>286</x><y>343</y></pt><pt><x>286</x><y>342</y></pt><pt><x>284</x><y>339</y></pt><pt><x>286</x><y>335</y></pt></polygon></object><object><name>vendingmachine</name><deleted>0</deleted><verified>0</verified><date>15-Jul-2012 15:20:08</date><id>26</id><polygon><username>sandy</username><pt><x>63</x><y>256</y></pt><pt><x>59</x><y>380</y></pt><pt><x>19</x><y>387</y></pt><pt><x>2</x><y>386</y></pt><pt><x>2</x><y>248</y></pt></polygon></object><object><name>food</name><deleted>0</deleted><verified>0</verified><date>15-Jul-2012 15:20:08</date><id>27</id><polygon><username>sandy</username><pt><x>98</x><y>471</y></pt><pt><x>113</x><y>475</y></pt><pt><x>135</x><y>476</y></pt><pt><x>143</x><y>467</y></pt><pt><x>137</x><y>463</y></pt><pt><x>130</x><y>461</y></pt><pt><x>124</x><y>460</y></pt><pt><x>120</x><y>462</y></pt><pt><x>116</x><y>463</y></pt><pt><x>107</x><y>463</y></pt><pt><x>103</x><y>463</y></pt><pt><x>98</x><y>466</y></pt></polygon></object><object><name>bag</name><deleted>0</deleted><verified>0</verified><date>15-Jul-2012 15:20:08</date><id>28</id><polygon><username>sandy</username><pt><x>389</x><y>478</y></pt><pt><x>397</x><y>478</y></pt><pt><x>397</x><y>488</y></pt><pt><x>397</x><y>498</y></pt><pt><x>397</x><y>506</y></pt><pt><x>397</x><y>511</y></pt><pt><x>374</x><y>514</y></pt><pt><x>378</x><y>504</y></pt><pt><x>379</x><y>494</y></pt><pt><x>380</x><y>484</y></pt><pt><x>382</x><y>479</y></pt></polygon></object><object><name>bag</name><deleted>0</deleted><verified>0</verified><date>15-Jul-2012 15:20:08</date><id>29</id><polygon><username>sandy</username><pt><x>376</x><y>576</y></pt><pt><x>385</x><y>585</y></pt><pt><x>384</x><y>595</y></pt><pt><x>384</x><y>598</y></pt><pt><x>345</x><y>598</y></pt><pt><x>346</x><y>579</y></pt><pt><x>354</x><y>577</y></pt><pt><x>363</x><y>577</y></pt></polygon></object><object><name>bag</name><deleted>0</deleted><verified>0</verified><date>15-Jul-2012 15:20:08</date><id>30</id><polygon><username>sandy</username><pt><x>50</x><y>397</y></pt><pt><x>47</x><y>389</y></pt><pt><x>42</x><y>382</y></pt><pt><x>29</x><y>376</y></pt><pt><x>24</x><y>377</y></pt><pt><x>20</x><y>385</y></pt><pt><x>19</x><y>389</y></pt><pt><x>48</x><y>406</y></pt></polygon></object><object><name>firealarm</name><deleted>0</deleted><verified>0</verified><date>15-Jul-2012 15:20:08</date><id>31</id><polygon><username>sandy</username><pt><x>753</x><y>346</y></pt><pt><x>752</x><y>367</y></pt><pt><x>742</x><y>366</y></pt><pt><x>735</x><y>365</y></pt><pt><x>738</x><y>344</y></pt></polygon></object><object><name>plate</name><deleted>0</deleted><verified>0</verified><date>15-Jul-2012 15:20:08</date><id>32</id><polygon><username>sandy</username><pt><x>150</x><y>459</y></pt><pt><x>158</x><y>464</y></pt><pt><x>154</x><y>472</y></pt><pt><x>148</x><y>476</y></pt><pt><x>103</x><y>479</y></pt><pt><x>94</x><y>477</y></pt><pt><x>81</x><y>465</y></pt><pt><x>88</x><y>461</y></pt><pt><x>113</x><y>459</y></pt><pt><x>135</x><y>458</y></pt></polygon></object><object><name>window</name><deleted>0</deleted><verified>0</verified><date>15-Jul-2012 15:20:08</date><id>33</id><polygon><username>sandy</username><pt><x>507</x><y>268</y></pt><pt><x>506</x><y>313</y></pt><pt><x>530</x><y>314</y></pt><pt><x>531</x><y>269</y></pt></polygon></object><object><name>window</name><deleted>0</deleted><verified>0</verified><date>15-Jul-2012 15:20:08</date><id>34</id><polygon><username>sandy</username><pt><x>699</x><y>278</y></pt><pt><x>718</x><y>277</y></pt><pt><x>708</x><y>484</y></pt><pt><x>692</x><y>475</y></pt></polygon></object><object><name>window</name><deleted>0</deleted><verified>0</verified><date>15-Jul-2012 15:20:08</date><id>35</id><polygon><username>sandy</username><pt><x>283</x><y>258</y></pt><pt><x>298</x><y>260</y></pt><pt><x>297</x><y>300</y></pt><pt><x>283</x><y>300</y></pt></polygon></object><imagesize><nrows>600</nrows><ncols>800</ncols></imagesize></annotation>