<annotation><filename>m_market_fruit.jpg</filename><folder>100images</folder><source><sourceImage>The MIT-CSAIL database of objects and scenes</sourceImage><sourceAnnotation>LabelMe Webtool</sourceAnnotation></source><object><name>pineapple</name><deleted>0</deleted><verified>0</verified><date>15-Jul-2012 15:49:13</date><id>0</id><polygon><username>sandy</username><pt><x>167</x><y>226</y></pt><pt><x>187</x><y>234</y></pt><pt><x>194</x><y>238</y></pt><pt><x>206</x><y>240</y></pt><pt><x>217</x><y>241</y></pt><pt><x>225</x><y>244</y></pt><pt><x>231</x><y>246</y></pt><pt><x>234</x><y>255</y></pt><pt><x>234</x><y>263</y></pt><pt><x>233</x><y>270</y></pt><pt><x>234</x><y>274</y></pt><pt><x>251</x><y>279</y></pt><pt><x>263</x><y>282</y></pt><pt><x>269</x><y>286</y></pt><pt><x>273</x><y>290</y></pt><pt><x>278</x><y>293</y></pt><pt><x>283</x><y>297</y></pt><pt><x>286</x><y>302</y></pt><pt><x>287</x><y>305</y></pt><pt><x>277</x><y>305</y></pt><pt><x>277</x><y>310</y></pt><pt><x>282</x><y>312</y></pt><pt><x>283</x><y>318</y></pt><pt><x>279</x><y>325</y></pt><pt><x>277</x><y>332</y></pt><pt><x>265</x><y>335</y></pt><pt><x>237</x><y>337</y></pt><pt><x>219</x><y>335</y></pt><pt><x>254</x><y>350</y></pt><pt><x>253</x><y>354</y></pt><pt><x>242</x><y>352</y></pt><pt><x>233</x><y>348</y></pt><pt><x>215</x><y>340</y></pt><pt><x>204</x><y>338</y></pt><pt><x>143</x><y>342</y></pt><pt><x>149</x><y>353</y></pt><pt><x>149</x><y>359</y></pt><pt><x>134</x><y>342</y></pt><pt><x>123</x><y>325</y></pt><pt><x>116</x><y>324</y></pt><pt><x>113</x><y>328</y></pt><pt><x>111</x><y>352</y></pt><pt><x>106</x><y>388</y></pt><pt><x>99</x><y>394</y></pt><pt><x>79</x><y>410</y></pt><pt><x>70</x><y>411</y></pt><pt><x>69</x><y>408</y></pt><pt><x>78</x><y>405</y></pt><pt><x>96</x><y>391</y></pt><pt><x>101</x><y>376</y></pt><pt><x>103</x><y>332</y></pt><pt><x>100</x><y>320</y></pt><pt><x>104</x><y>316</y></pt><pt><x>102</x><y>294</y></pt><pt><x>120</x><y>293</y></pt><pt><x>115</x><y>285</y></pt><pt><x>120</x><y>272</y></pt><pt><x>109</x><y>276</y></pt><pt><x>104</x><y>284</y></pt><pt><x>100</x><y>288</y></pt><pt><x>98</x><y>288</y></pt><pt><x>99</x><y>283</y></pt><pt><x>104</x><y>276</y></pt><pt><x>108</x><y>273</y></pt><pt><x>112</x><y>269</y></pt><pt><x>110</x><y>260</y></pt><pt><x>112</x><y>255</y></pt><pt><x>118</x><y>249</y></pt><pt><x>124</x><y>244</y></pt><pt><x>129</x><y>240</y></pt><pt><x>133</x><y>237</y></pt><pt><x>132</x><y>232</y></pt><pt><x>145</x><y>231</y></pt><pt><x>151</x><y>231</y></pt><pt><x>158</x><y>229</y></pt></polygon></object><object><name>watermelon</name><deleted>0</deleted><verified>0</verified><date>15-Jul-2012 15:49:13</date><id>1</id><polygon><username>sandy</username><pt><x>200</x><y>195</y></pt><pt><x>206</x><y>184</y></pt><pt><x>222</x><y>180</y></pt><pt><x>236</x><y>183</y></pt><pt><x>243</x><y>194</y></pt><pt><x>258</x><y>200</y></pt><pt><x>265</x><y>206</y></pt><pt><x>265</x><y>214</y></pt><pt><x>265</x><y>219</y></pt><pt><x>271</x><y>221</y></pt><pt><x>275</x><y>227</y></pt><pt><x>278</x><y>232</y></pt><pt><x>278</x><y>240</y></pt><pt><x>273</x><y>247</y></pt><pt><x>267</x><y>254</y></pt><pt><x>258</x><y>256</y></pt><pt><x>243</x><y>256</y></pt><pt><x>238</x><y>258</y></pt><pt><x>157</x><y>231</y></pt><pt><x>160</x><y>223</y></pt><pt><x>160</x><y>216</y></pt><pt><x>163</x><y>210</y></pt><pt><x>166</x><y>202</y></pt><pt><x>169</x><y>198</y></pt><pt><x>183</x><y>195</y></pt><pt><x>192</x><y>195</y></pt></polygon></object><object><name>banana</name><deleted>0</deleted><verified>0</verified><date>15-Jul-2012 15:49:13</date><id>2</id><polygon><username>sandy</username><pt><x>193</x><y>401</y></pt><pt><x>203</x><y>407</y></pt><pt><x>209</x><y>413</y></pt><pt><x>208</x><y>420</y></pt><pt><x>204</x><y>424</y></pt><pt><x>195</x><y>427</y></pt><pt><x>191</x><y>433</y></pt><pt><x>183</x><y>437</y></pt><pt><x>168</x><y>440</y></pt><pt><x>148</x><y>434</y></pt><pt><x>131</x><y>427</y></pt><pt><x>125</x><y>423</y></pt><pt><x>121</x><y>420</y></pt><pt><x>122</x><y>416</y></pt><pt><x>129</x><y>416</y></pt><pt><x>146</x><y>417</y></pt><pt><x>156</x><y>415</y></pt><pt><x>163</x><y>410</y></pt><pt><x>168</x><y>405</y></pt><pt><x>171</x><y>401</y></pt><pt><x>173</x><y>398</y></pt><pt><x>178</x><y>394</y></pt><pt><x>182</x><y>391</y></pt><pt><x>187</x><y>392</y></pt></polygon></object><object><name>banana</name><deleted>0</deleted><verified>0</verified><date>15-Jul-2012 15:49:13</date><id>3</id><polygon><username>sandy</username><pt><x>509</x><y>270</y></pt><pt><x>516</x><y>280</y></pt><pt><x>522</x><y>285</y></pt><pt><x>527</x><y>294</y></pt><pt><x>527</x><y>313</y></pt><pt><x>519</x><y>329</y></pt><pt><x>511</x><y>337</y></pt><pt><x>503</x><y>340</y></pt><pt><x>487</x><y>341</y></pt><pt><x>474</x><y>349</y></pt><pt><x>466</x><y>351</y></pt><pt><x>460</x><y>350</y></pt><pt><x>456</x><y>347</y></pt><pt><x>458</x><y>342</y></pt><pt><x>445</x><y>340</y></pt><pt><x>449</x><y>334</y></pt><pt><x>449</x><y>329</y></pt><pt><x>443</x><y>326</y></pt><pt><x>438</x><y>324</y></pt><pt><x>438</x><y>322</y></pt><pt><x>438</x><y>313</y></pt><pt><x>448</x><y>304</y></pt><pt><x>441</x><y>302</y></pt><pt><x>438</x><y>300</y></pt><pt><x>441</x><y>296</y></pt><pt><x>452</x><y>286</y></pt><pt><x>462</x><y>282</y></pt><pt><x>470</x><y>261</y></pt><pt><x>481</x><y>251</y></pt><pt><x>489</x><y>249</y></pt><pt><x>496</x><y>249</y></pt><pt><x>500</x><y>252</y></pt><pt><x>500</x><y>257</y></pt><pt><x>504</x><y>260</y></pt></polygon></object><object><name>banana</name><deleted>0</deleted><verified>0</verified><date>15-Jul-2012 15:49:13</date><id>4</id><polygon><username>sandy</username><pt><x>394</x><y>227</y></pt><pt><x>400</x><y>221</y></pt><pt><x>398</x><y>217</y></pt><pt><x>411</x><y>205</y></pt><pt><x>426</x><y>190</y></pt><pt><x>432</x><y>186</y></pt><pt><x>438</x><y>188</y></pt><pt><x>440</x><y>191</y></pt><pt><x>441</x><y>196</y></pt><pt><x>446</x><y>201</y></pt><pt><x>446</x><y>203</y></pt><pt><x>451</x><y>205</y></pt><pt><x>454</x><y>211</y></pt><pt><x>458</x><y>222</y></pt><pt><x>455</x><y>233</y></pt><pt><x>448</x><y>244</y></pt><pt><x>439</x><y>249</y></pt><pt><x>431</x><y>251</y></pt><pt><x>426</x><y>251</y></pt><pt><x>426</x><y>247</y></pt><pt><x>416</x><y>249</y></pt><pt><x>414</x><y>251</y></pt><pt><x>419</x><y>258</y></pt><pt><x>425</x><y>273</y></pt><pt><x>425</x><y>285</y></pt><pt><x>423</x><y>295</y></pt><pt><x>419</x><y>300</y></pt><pt><x>425</x><y>307</y></pt><pt><x>428</x><y>331</y></pt><pt><x>426</x><y>347</y></pt><pt><x>418</x><y>358</y></pt><pt><x>410</x><y>364</y></pt><pt><x>351</x><y>366</y></pt><pt><x>345</x><y>363</y></pt><pt><x>345</x><y>357</y></pt><pt><x>349</x><y>356</y></pt><pt><x>343</x><y>356</y></pt><pt><x>343</x><y>351</y></pt><pt><x>345</x><y>347</y></pt><pt><x>347</x><y>343</y></pt><pt><x>356</x><y>330</y></pt><pt><x>354</x><y>325</y></pt><pt><x>360</x><y>313</y></pt><pt><x>362</x><y>309</y></pt><pt><x>357</x><y>309</y></pt><pt><x>345</x><y>301</y></pt><pt><x>343</x><y>293</y></pt><pt><x>336</x><y>290</y></pt><pt><x>352</x><y>279</y></pt><pt><x>356</x><y>272</y></pt><pt><x>363</x><y>266</y></pt><pt><x>354</x><y>265</y></pt><pt><x>325</x><y>269</y></pt><pt><x>322</x><y>261</y></pt><pt><x>322</x><y>255</y></pt><pt><x>330</x><y>242</y></pt><pt><x>325</x><y>238</y></pt><pt><x>318</x><y>235</y></pt><pt><x>314</x><y>229</y></pt><pt><x>312</x><y>218</y></pt><pt><x>323</x><y>214</y></pt><pt><x>327</x><y>205</y></pt><pt><x>325</x><y>202</y></pt><pt><x>318</x><y>203</y></pt><pt><x>312</x><y>202</y></pt><pt><x>309</x><y>197</y></pt><pt><x>309</x><y>195</y></pt><pt><x>322</x><y>191</y></pt><pt><x>325</x><y>187</y></pt><pt><x>318</x><y>186</y></pt><pt><x>311</x><y>185</y></pt><pt><x>308</x><y>182</y></pt><pt><x>308</x><y>178</y></pt><pt><x>310</x><y>173</y></pt><pt><x>323</x><y>166</y></pt><pt><x>331</x><y>153</y></pt><pt><x>336</x><y>147</y></pt><pt><x>336</x><y>146</y></pt><pt><x>344</x><y>147</y></pt><pt><x>348</x><y>149</y></pt><pt><x>352</x><y>157</y></pt><pt><x>354</x><y>164</y></pt><pt><x>356</x><y>173</y></pt><pt><x>360</x><y>180</y></pt><pt><x>362</x><y>184</y></pt><pt><x>369</x><y>187</y></pt><pt><x>372</x><y>194</y></pt><pt><x>378</x><y>197</y></pt><pt><x>380</x><y>204</y></pt><pt><x>381</x><y>213</y></pt><pt><x>384</x><y>217</y></pt><pt><x>390</x><y>219</y></pt></polygon></object><object><name>person</name><deleted>0</deleted><verified>0</verified><date>15-Jul-2012 15:49:13</date><id>5</id><polygon><username>sandy</username><pt><x>433</x><y>39</y></pt><pt><x>442</x><y>33</y></pt><pt><x>455</x><y>47</y></pt><pt><x>462</x><y>57</y></pt><pt><x>461</x><y>66</y></pt><pt><x>457</x><y>74</y></pt><pt><x>452</x><y>84</y></pt><pt><x>450</x><y>89</y></pt><pt><x>462</x><y>109</y></pt><pt><x>466</x><y>118</y></pt><pt><x>471</x><y>181</y></pt><pt><x>466</x><y>191</y></pt><pt><x>454</x><y>194</y></pt><pt><x>430</x><y>177</y></pt><pt><x>415</x><y>172</y></pt><pt><x>405</x><y>170</y></pt><pt><x>401</x><y>175</y></pt><pt><x>396</x><y>176</y></pt><pt><x>387</x><y>169</y></pt><pt><x>383</x><y>172</y></pt><pt><x>376</x><y>166</y></pt><pt><x>376</x><y>159</y></pt><pt><x>383</x><y>155</y></pt><pt><x>397</x><y>127</y></pt><pt><x>404</x><y>103</y></pt><pt><x>416</x><y>92</y></pt><pt><x>414</x><y>86</y></pt><pt><x>407</x><y>83</y></pt><pt><x>404</x><y>77</y></pt><pt><x>403</x><y>72</y></pt><pt><x>404</x><y>66</y></pt><pt><x>406</x><y>60</y></pt><pt><x>410</x><y>57</y></pt><pt><x>411</x><y>52</y></pt><pt><x>416</x><y>46</y></pt><pt><x>424</x><y>40</y></pt></polygon></object><object><name>person</name><deleted>0</deleted><verified>0</verified><date>15-Jul-2012 15:49:13</date><id>6</id><polygon><username>sandy</username><pt><x>380</x><y>16</y></pt><pt><x>385</x><y>1</y></pt><pt><x>354</x><y>0</y></pt><pt><x>357</x><y>14</y></pt><pt><x>362</x><y>16</y></pt><pt><x>362</x><y>18</y></pt><pt><x>357</x><y>22</y></pt><pt><x>354</x><y>25</y></pt><pt><x>352</x><y>53</y></pt><pt><x>357</x><y>80</y></pt><pt><x>351</x><y>85</y></pt><pt><x>345</x><y>85</y></pt><pt><x>341</x><y>86</y></pt><pt><x>339</x><y>89</y></pt><pt><x>339</x><y>94</y></pt><pt><x>346</x><y>94</y></pt><pt><x>348</x><y>97</y></pt><pt><x>355</x><y>101</y></pt><pt><x>360</x><y>116</y></pt><pt><x>407</x><y>84</y></pt><pt><x>403</x><y>57</y></pt><pt><x>394</x><y>35</y></pt><pt><x>389</x><y>23</y></pt><pt><x>385</x><y>21</y></pt></polygon></object><object><name>person</name><deleted>0</deleted><verified>0</verified><date>15-Jul-2012 15:49:13</date><id>7</id><polygon><username>sandy</username><pt><x>162</x><y>45</y></pt><pt><x>161</x><y>22</y></pt><pt><x>162</x><y>18</y></pt><pt><x>161</x><y>1</y></pt><pt><x>89</x><y>2</y></pt><pt><x>93</x><y>36</y></pt><pt><x>95</x><y>42</y></pt><pt><x>93</x><y>55</y></pt><pt><x>90</x><y>81</y></pt><pt><x>94</x><y>95</y></pt><pt><x>104</x><y>126</y></pt><pt><x>115</x><y>141</y></pt><pt><x>110</x><y>159</y></pt><pt><x>114</x><y>161</y></pt><pt><x>117</x><y>158</y></pt><pt><x>128</x><y>150</y></pt><pt><x>127</x><y>162</y></pt><pt><x>131</x><y>173</y></pt><pt><x>132</x><y>181</y></pt><pt><x>134</x><y>187</y></pt><pt><x>139</x><y>187</y></pt><pt><x>144</x><y>187</y></pt><pt><x>150</x><y>167</y></pt><pt><x>163</x><y>144</y></pt><pt><x>162</x><y>103</y></pt><pt><x>160</x><y>79</y></pt><pt><x>161</x><y>57</y></pt></polygon></object><object><name>person</name><deleted>0</deleted><verified>0</verified><date>15-Jul-2012 15:49:13</date><id>8</id><polygon><username>sandy</username><pt><x>3</x><y>201</y></pt><pt><x>12</x><y>200</y></pt><pt><x>17</x><y>196</y></pt><pt><x>9</x><y>167</y></pt><pt><x>8</x><y>155</y></pt><pt><x>6</x><y>148</y></pt><pt><x>0</x><y>116</y></pt><pt><x>2</x><y>194</y></pt></polygon></object><object><name>stall</name><deleted>0</deleted><verified>0</verified><date>15-Jul-2012 15:49:13</date><id>9</id><polygon><username>sandy</username><pt><x>72</x><y>469</y></pt><pt><x>153</x><y>220</y></pt><pt><x>291</x><y>210</y></pt><pt><x>293</x><y>162</y></pt><pt><x>424</x><y>166</y></pt><pt><x>559</x><y>359</y></pt><pt><x>556</x><y>397</y></pt><pt><x>539</x><y>394</y></pt><pt><x>524</x><y>498</y></pt><pt><x>513</x><y>500</y></pt><pt><x>511</x><y>496</y></pt><pt><x>517</x><y>447</y></pt><pt><x>472</x><y>396</y></pt><pt><x>343</x><y>405</y></pt><pt><x>343</x><y>570</y></pt><pt><x>343</x><y>575</y></pt><pt><x>328</x><y>573</y></pt><pt><x>325</x><y>529</y></pt><pt><x>268</x><y>488</y></pt><pt><x>194</x><y>494</y></pt><pt><x>136</x><y>548</y></pt><pt><x>147</x><y>583</y></pt><pt><x>147</x><y>590</y></pt><pt><x>135</x><y>593</y></pt><pt><x>134</x><y>592</y></pt><pt><x>115</x><y>500</y></pt><pt><x>76</x><y>498</y></pt></polygon></object><object><name>stall</name><deleted>0</deleted><verified>0</verified><date>15-Jul-2012 15:49:13</date><id>10</id><polygon><username>sandy</username><pt><x>191</x><y>159</y></pt><pt><x>208</x><y>71</y></pt><pt><x>334</x><y>79</y></pt><pt><x>387</x><y>173</y></pt><pt><x>197</x><y>176</y></pt><pt><x>197</x><y>197</y></pt><pt><x>191</x><y>195</y></pt></polygon></object><object><name>fan</name><deleted>0</deleted><verified>0</verified><date>15-Jul-2012 15:49:13</date><id>11</id><polygon><username>sandy</username><pt><x>646</x><y>113</y></pt><pt><x>656</x><y>125</y></pt><pt><x>663</x><y>132</y></pt><pt><x>664</x><y>136</y></pt><pt><x>672</x><y>137</y></pt><pt><x>679</x><y>145</y></pt><pt><x>680</x><y>169</y></pt><pt><x>661</x><y>177</y></pt><pt><x>660</x><y>245</y></pt><pt><x>677</x><y>252</y></pt><pt><x>681</x><y>261</y></pt><pt><x>680</x><y>270</y></pt><pt><x>675</x><y>280</y></pt><pt><x>667</x><y>284</y></pt><pt><x>637</x><y>284</y></pt><pt><x>622</x><y>279</y></pt><pt><x>582</x><y>259</y></pt><pt><x>578</x><y>255</y></pt><pt><x>580</x><y>249</y></pt><pt><x>586</x><y>243</y></pt><pt><x>594</x><y>240</y></pt><pt><x>603</x><y>238</y></pt><pt><x>622</x><y>234</y></pt><pt><x>632</x><y>237</y></pt><pt><x>633</x><y>211</y></pt><pt><x>617</x><y>214</y></pt><pt><x>601</x><y>207</y></pt><pt><x>585</x><y>186</y></pt><pt><x>579</x><y>159</y></pt><pt><x>585</x><y>127</y></pt><pt><x>593</x><y>109</y></pt><pt><x>613</x><y>102</y></pt><pt><x>631</x><y>102</y></pt></polygon></object><object><name>mango</name><deleted>0</deleted><verified>0</verified><date>15-Jul-2012 15:49:13</date><id>12</id><polygon><username>sandy</username><pt><x>594</x><y>515</y></pt><pt><x>617</x><y>503</y></pt><pt><x>633</x><y>506</y></pt><pt><x>648</x><y>519</y></pt><pt><x>650</x><y>527</y></pt><pt><x>654</x><y>529</y></pt><pt><x>665</x><y>526</y></pt><pt><x>675</x><y>529</y></pt><pt><x>684</x><y>542</y></pt><pt><x>683</x><y>556</y></pt><pt><x>675</x><y>567</y></pt><pt><x>656</x><y>575</y></pt><pt><x>645</x><y>578</y></pt><pt><x>639</x><y>575</y></pt><pt><x>633</x><y>576</y></pt><pt><x>632</x><y>585</y></pt><pt><x>634</x><y>593</y></pt><pt><x>648</x><y>587</y></pt><pt><x>672</x><y>589</y></pt><pt><x>690</x><y>597</y></pt><pt><x>698</x><y>592</y></pt><pt><x>705</x><y>589</y></pt><pt><x>720</x><y>584</y></pt><pt><x>730</x><y>584</y></pt><pt><x>738</x><y>587</y></pt><pt><x>746</x><y>597</y></pt><pt><x>425</x><y>599</y></pt><pt><x>423</x><y>595</y></pt><pt><x>416</x><y>583</y></pt><pt><x>414</x><y>574</y></pt><pt><x>413</x><y>569</y></pt><pt><x>417</x><y>564</y></pt><pt><x>425</x><y>560</y></pt><pt><x>422</x><y>556</y></pt><pt><x>421</x><y>551</y></pt><pt><x>424</x><y>544</y></pt><pt><x>428</x><y>536</y></pt><pt><x>438</x><y>529</y></pt><pt><x>444</x><y>526</y></pt><pt><x>442</x><y>507</y></pt><pt><x>449</x><y>501</y></pt><pt><x>461</x><y>497</y></pt><pt><x>473</x><y>501</y></pt><pt><x>488</x><y>509</y></pt><pt><x>491</x><y>500</y></pt><pt><x>504</x><y>493</y></pt><pt><x>518</x><y>498</y></pt><pt><x>529</x><y>509</y></pt><pt><x>539</x><y>506</y></pt><pt><x>548</x><y>504</y></pt><pt><x>549</x><y>494</y></pt><pt><x>551</x><y>487</y></pt><pt><x>556</x><y>484</y></pt><pt><x>561</x><y>481</y></pt><pt><x>566</x><y>477</y></pt><pt><x>570</x><y>476</y></pt><pt><x>573</x><y>481</y></pt><pt><x>577</x><y>488</y></pt><pt><x>584</x><y>496</y></pt></polygon></object><object><name>fruit</name><deleted>0</deleted><verified>0</verified><date>15-Jul-2012 15:49:13</date><id>13</id><polygon><username>sandy</username><pt><x>254</x><y>579</y></pt><pt><x>266</x><y>581</y></pt><pt><x>279</x><y>590</y></pt><pt><x>282</x><y>587</y></pt><pt><x>290</x><y>584</y></pt><pt><x>297</x><y>582</y></pt><pt><x>304</x><y>585</y></pt><pt><x>309</x><y>591</y></pt><pt><x>313</x><y>598</y></pt><pt><x>168</x><y>599</y></pt><pt><x>172</x><y>593</y></pt><pt><x>176</x><y>590</y></pt><pt><x>190</x><y>585</y></pt><pt><x>197</x><y>585</y></pt><pt><x>201</x><y>590</y></pt><pt><x>205</x><y>594</y></pt><pt><x>235</x><y>595</y></pt><pt><x>238</x><y>588</y></pt><pt><x>242</x><y>584</y></pt></polygon></object><object><name>fruit</name><deleted>0</deleted><verified>0</verified><date>15-Jul-2012 15:49:13</date><id>14</id><polygon><username>sandy</username><pt><x>242</x><y>131</y></pt><pt><x>270</x><y>129</y></pt><pt><x>270</x><y>125</y></pt><pt><x>268</x><y>121</y></pt><pt><x>266</x><y>117</y></pt><pt><x>266</x><y>113</y></pt><pt><x>268</x><y>109</y></pt><pt><x>268</x><y>104</y></pt><pt><x>270</x><y>100</y></pt><pt><x>272</x><y>95</y></pt><pt><x>270</x><y>94</y></pt><pt><x>266</x><y>93</y></pt><pt><x>264</x><y>86</y></pt><pt><x>265</x><y>85</y></pt><pt><x>267</x><y>84</y></pt><pt><x>265</x><y>70</y></pt><pt><x>257</x><y>61</y></pt><pt><x>253</x><y>48</y></pt><pt><x>243</x><y>43</y></pt><pt><x>241</x><y>40</y></pt><pt><x>238</x><y>38</y></pt><pt><x>236</x><y>35</y></pt><pt><x>234</x><y>33</y></pt><pt><x>233</x><y>35</y></pt><pt><x>231</x><y>36</y></pt><pt><x>226</x><y>41</y></pt><pt><x>223</x><y>46</y></pt><pt><x>209</x><y>56</y></pt><pt><x>206</x><y>75</y></pt><pt><x>205</x><y>98</y></pt><pt><x>197</x><y>105</y></pt><pt><x>196</x><y>116</y></pt><pt><x>193</x><y>121</y></pt><pt><x>197</x><y>133</y></pt><pt><x>193</x><y>154</y></pt><pt><x>205</x><y>156</y></pt><pt><x>232</x><y>157</y></pt><pt><x>266</x><y>158</y></pt><pt><x>271</x><y>155</y></pt><pt><x>271</x><y>151</y></pt><pt><x>268</x><y>147</y></pt><pt><x>264</x><y>147</y></pt><pt><x>257</x><y>143</y></pt><pt><x>252</x><y>140</y></pt><pt><x>248</x><y>139</y></pt><pt><x>243</x><y>139</y></pt><pt><x>240</x><y>136</y></pt></polygon></object><object><name>mango</name><deleted>0</deleted><verified>0</verified><date>15-Jul-2012 15:49:13</date><id>15</id><polygon><username>sandy</username><pt><x>295</x><y>121</y></pt><pt><x>323</x><y>123</y></pt><pt><x>354</x><y>122</y></pt><pt><x>358</x><y>121</y></pt><pt><x>358</x><y>117</y></pt><pt><x>356</x><y>114</y></pt><pt><x>350</x><y>112</y></pt><pt><x>344</x><y>97</y></pt><pt><x>340</x><y>90</y></pt><pt><x>335</x><y>85</y></pt><pt><x>330</x><y>83</y></pt><pt><x>321</x><y>84</y></pt><pt><x>317</x><y>76</y></pt><pt><x>311</x><y>73</y></pt><pt><x>306</x><y>65</y></pt><pt><x>302</x><y>63</y></pt><pt><x>298</x><y>64</y></pt><pt><x>295</x><y>64</y></pt><pt><x>293</x><y>68</y></pt><pt><x>291</x><y>71</y></pt><pt><x>287</x><y>74</y></pt><pt><x>286</x><y>119</y></pt></polygon></object><object><name>crates</name><deleted>0</deleted><verified>0</verified><date>15-Jul-2012 15:49:13</date><id>16</id><polygon><username>sandy</username><pt><x>559</x><y>240</y></pt><pt><x>652</x><y>243</y></pt><pt><x>712</x><y>299</y></pt><pt><x>699</x><y>384</y></pt><pt><x>595</x><y>388</y></pt><pt><x>534</x><y>304</y></pt><pt><x>555</x><y>245</y></pt></polygon></object><object><name>basket</name><deleted>0</deleted><verified>0</verified><date>15-Jul-2012 15:49:13</date><id>17</id><polygon><username>sandy</username><pt><x>371</x><y>490</y></pt><pt><x>422</x><y>499</y></pt><pt><x>496</x><y>495</y></pt><pt><x>514</x><y>391</y></pt><pt><x>342</x><y>403</y></pt><pt><x>349</x><y>443</y></pt><pt><x>357</x><y>487</y></pt></polygon></object><object><name>tarpaulin</name><deleted>0</deleted><verified>0</verified><date>15-Jul-2012 15:49:13</date><id>18</id><polygon><username>sandy</username><pt><x>544</x><y>118</y></pt><pt><x>558</x><y>124</y></pt><pt><x>579</x><y>133</y></pt><pt><x>675</x><y>178</y></pt><pt><x>707</x><y>202</y></pt><pt><x>750</x><y>212</y></pt><pt><x>775</x><y>175</y></pt><pt><x>775</x><y>127</y></pt><pt><x>785</x><y>106</y></pt><pt><x>799</x><y>67</y></pt><pt><x>799</x><y>1</y></pt><pt><x>570</x><y>2</y></pt><pt><x>567</x><y>18</y></pt><pt><x>552</x><y>84</y></pt><pt><x>548</x><y>103</y></pt></polygon></object><imagesize><nrows>600</nrows><ncols>800</ncols></imagesize></annotation>