<annotation><filename>o_outside_parade.jpg</filename><folder>100images</folder><source><sourceImage>The MIT-CSAIL database of objects and scenes</sourceImage><sourceAnnotation>LabelMe Webtool</sourceAnnotation></source><object><name>stormtroopers</name><deleted>0</deleted><verified>0</verified><date>15-Jul-2012 16:08:25</date><id>0</id><polygon><username>sandy</username><pt><x>302</x><y>197</y></pt><pt><x>303</x><y>193</y></pt><pt><x>304</x><y>175</y></pt><pt><x>300</x><y>166</y></pt><pt><x>283</x><y>162</y></pt><pt><x>270</x><y>160</y></pt><pt><x>262</x><y>163</y></pt><pt><x>254</x><y>170</y></pt><pt><x>254</x><y>177</y></pt><pt><x>255</x><y>185</y></pt><pt><x>254</x><y>193</y></pt><pt><x>251</x><y>203</y></pt><pt><x>248</x><y>204</y></pt><pt><x>247</x><y>211</y></pt><pt><x>246</x><y>216</y></pt><pt><x>249</x><y>221</y></pt><pt><x>240</x><y>228</y></pt><pt><x>235</x><y>240</y></pt><pt><x>235</x><y>260</y></pt><pt><x>205</x><y>263</y></pt><pt><x>202</x><y>263</y></pt><pt><x>198</x><y>267</y></pt><pt><x>195</x><y>273</y></pt><pt><x>197</x><y>284</y></pt><pt><x>201</x><y>285</y></pt><pt><x>211</x><y>286</y></pt><pt><x>224</x><y>285</y></pt><pt><x>243</x><y>416</y></pt><pt><x>242</x><y>453</y></pt><pt><x>236</x><y>468</y></pt><pt><x>229</x><y>470</y></pt><pt><x>217</x><y>474</y></pt><pt><x>213</x><y>476</y></pt><pt><x>213</x><y>479</y></pt><pt><x>217</x><y>481</y></pt><pt><x>221</x><y>482</y></pt><pt><x>233</x><y>484</y></pt><pt><x>241</x><y>480</y></pt><pt><x>249</x><y>478</y></pt><pt><x>249</x><y>482</y></pt><pt><x>254</x><y>481</y></pt><pt><x>263</x><y>480</y></pt><pt><x>265</x><y>474</y></pt><pt><x>263</x><y>467</y></pt><pt><x>260</x><y>453</y></pt><pt><x>268</x><y>419</y></pt><pt><x>268</x><y>407</y></pt><pt><x>272</x><y>380</y></pt><pt><x>287</x><y>419</y></pt><pt><x>292</x><y>440</y></pt><pt><x>294</x><y>463</y></pt><pt><x>293</x><y>480</y></pt><pt><x>289</x><y>493</y></pt><pt><x>295</x><y>494</y></pt><pt><x>305</x><y>494</y></pt><pt><x>310</x><y>491</y></pt><pt><x>312</x><y>486</y></pt><pt><x>314</x><y>471</y></pt><pt><x>311</x><y>451</y></pt><pt><x>314</x><y>419</y></pt><pt><x>307</x><y>371</y></pt><pt><x>309</x><y>340</y></pt><pt><x>316</x><y>336</y></pt><pt><x>321</x><y>318</y></pt><pt><x>323</x><y>299</y></pt><pt><x>332</x><y>238</y></pt><pt><x>326</x><y>227</y></pt><pt><x>317</x><y>220</y></pt><pt><x>308</x><y>215</y></pt><pt><x>305</x><y>213</y></pt><pt><x>308</x><y>209</y></pt><pt><x>308</x><y>206</y></pt><pt><x>305</x><y>201</y></pt></polygon></object><object><name>StarWarscharacters</name><deleted>0</deleted><verified>0</verified><date>15-Jul-2012 16:08:25</date><id>1</id><polygon><username>sandy</username><pt><x>400</x><y>158</y></pt><pt><x>408</x><y>170</y></pt><pt><x>406</x><y>181</y></pt><pt><x>409</x><y>198</y></pt><pt><x>407</x><y>209</y></pt><pt><x>422</x><y>218</y></pt><pt><x>435</x><y>242</y></pt><pt><x>428</x><y>308</y></pt><pt><x>411</x><y>319</y></pt><pt><x>412</x><y>353</y></pt><pt><x>411</x><y>361</y></pt><pt><x>416</x><y>397</y></pt><pt><x>413</x><y>426</y></pt><pt><x>412</x><y>484</y></pt><pt><x>414</x><y>510</y></pt><pt><x>408</x><y>517</y></pt><pt><x>397</x><y>523</y></pt><pt><x>389</x><y>524</y></pt><pt><x>382</x><y>524</y></pt><pt><x>376</x><y>521</y></pt><pt><x>374</x><y>517</y></pt><pt><x>376</x><y>513</y></pt><pt><x>383</x><y>507</y></pt><pt><x>389</x><y>496</y></pt><pt><x>391</x><y>477</y></pt><pt><x>386</x><y>445</y></pt><pt><x>377</x><y>423</y></pt><pt><x>379</x><y>405</y></pt><pt><x>374</x><y>383</y></pt><pt><x>372</x><y>376</y></pt><pt><x>372</x><y>391</y></pt><pt><x>371</x><y>405</y></pt><pt><x>368</x><y>409</y></pt><pt><x>373</x><y>416</y></pt><pt><x>372</x><y>435</y></pt><pt><x>369</x><y>441</y></pt><pt><x>370</x><y>457</y></pt><pt><x>372</x><y>470</y></pt><pt><x>366</x><y>479</y></pt><pt><x>369</x><y>487</y></pt><pt><x>369</x><y>500</y></pt><pt><x>341</x><y>507</y></pt><pt><x>328</x><y>509</y></pt><pt><x>322</x><y>507</y></pt><pt><x>320</x><y>504</y></pt><pt><x>320</x><y>499</y></pt><pt><x>323</x><y>494</y></pt><pt><x>337</x><y>490</y></pt><pt><x>347</x><y>478</y></pt><pt><x>345</x><y>470</y></pt><pt><x>348</x><y>464</y></pt><pt><x>342</x><y>446</y></pt><pt><x>340</x><y>409</y></pt><pt><x>337</x><y>374</y></pt><pt><x>338</x><y>315</y></pt><pt><x>333</x><y>312</y></pt><pt><x>329</x><y>303</y></pt><pt><x>322</x><y>294</y></pt><pt><x>320</x><y>290</y></pt><pt><x>321</x><y>285</y></pt><pt><x>324</x><y>277</y></pt><pt><x>326</x><y>273</y></pt><pt><x>327</x><y>248</y></pt><pt><x>317</x><y>248</y></pt><pt><x>310</x><y>246</y></pt><pt><x>306</x><y>241</y></pt><pt><x>305</x><y>236</y></pt><pt><x>306</x><y>229</y></pt><pt><x>310</x><y>223</y></pt><pt><x>317</x><y>217</y></pt><pt><x>325</x><y>212</y></pt><pt><x>343</x><y>207</y></pt><pt><x>347</x><y>199</y></pt><pt><x>349</x><y>195</y></pt><pt><x>351</x><y>183</y></pt><pt><x>351</x><y>169</y></pt><pt><x>352</x><y>161</y></pt><pt><x>357</x><y>153</y></pt><pt><x>363</x><y>152</y></pt><pt><x>369</x><y>144</y></pt><pt><x>376</x><y>143</y></pt><pt><x>392</x><y>145</y></pt><pt><x>398</x><y>152</y></pt></polygon></object><object><name>StarWarscharacters</name><deleted>0</deleted><verified>0</verified><date>15-Jul-2012 16:08:25</date><id>2</id><polygon><username>sandy</username><pt><x>453</x><y>162</y></pt><pt><x>463</x><y>172</y></pt><pt><x>464</x><y>167</y></pt><pt><x>467</x><y>152</y></pt><pt><x>491</x><y>153</y></pt><pt><x>506</x><y>161</y></pt><pt><x>513</x><y>170</y></pt><pt><x>507</x><y>205</y></pt><pt><x>507</x><y>211</y></pt><pt><x>515</x><y>217</y></pt><pt><x>524</x><y>228</y></pt><pt><x>536</x><y>255</y></pt><pt><x>544</x><y>266</y></pt><pt><x>553</x><y>280</y></pt><pt><x>551</x><y>291</y></pt><pt><x>554</x><y>295</y></pt><pt><x>549</x><y>317</y></pt><pt><x>545</x><y>331</y></pt><pt><x>547</x><y>340</y></pt><pt><x>546</x><y>343</y></pt><pt><x>549</x><y>351</y></pt><pt><x>551</x><y>356</y></pt><pt><x>547</x><y>358</y></pt><pt><x>538</x><y>348</y></pt><pt><x>539</x><y>351</y></pt><pt><x>542</x><y>359</y></pt><pt><x>542</x><y>365</y></pt><pt><x>545</x><y>367</y></pt><pt><x>550</x><y>369</y></pt><pt><x>553</x><y>372</y></pt><pt><x>550</x><y>376</y></pt><pt><x>546</x><y>375</y></pt><pt><x>541</x><y>371</y></pt><pt><x>536</x><y>362</y></pt><pt><x>528</x><y>389</y></pt><pt><x>522</x><y>396</y></pt><pt><x>525</x><y>409</y></pt><pt><x>519</x><y>441</y></pt><pt><x>525</x><y>466</y></pt><pt><x>524</x><y>482</y></pt><pt><x>525</x><y>518</y></pt><pt><x>516</x><y>524</y></pt><pt><x>514</x><y>539</y></pt><pt><x>511</x><y>548</y></pt><pt><x>516</x><y>570</y></pt><pt><x>517</x><y>582</y></pt><pt><x>483</x><y>592</y></pt><pt><x>451</x><y>591</y></pt><pt><x>448</x><y>582</y></pt><pt><x>451</x><y>577</y></pt><pt><x>454</x><y>573</y></pt><pt><x>461</x><y>572</y></pt><pt><x>467</x><y>570</y></pt><pt><x>471</x><y>567</y></pt><pt><x>476</x><y>562</y></pt><pt><x>479</x><y>559</y></pt><pt><x>439</x><y>553</y></pt><pt><x>436</x><y>545</y></pt><pt><x>417</x><y>544</y></pt><pt><x>408</x><y>544</y></pt><pt><x>405</x><y>539</y></pt><pt><x>403</x><y>536</y></pt><pt><x>410</x><y>533</y></pt><pt><x>418</x><y>530</y></pt><pt><x>442</x><y>519</y></pt><pt><x>433</x><y>517</y></pt><pt><x>428</x><y>516</y></pt><pt><x>428</x><y>511</y></pt><pt><x>431</x><y>508</y></pt><pt><x>434</x><y>505</y></pt><pt><x>441</x><y>507</y></pt><pt><x>446</x><y>447</y></pt><pt><x>440</x><y>442</y></pt><pt><x>435</x><y>436</y></pt><pt><x>428</x><y>396</y></pt><pt><x>429</x><y>387</y></pt><pt><x>426</x><y>387</y></pt><pt><x>424</x><y>359</y></pt><pt><x>425</x><y>345</y></pt><pt><x>424</x><y>324</y></pt><pt><x>427</x><y>304</y></pt><pt><x>430</x><y>269</y></pt><pt><x>433</x><y>251</y></pt><pt><x>436</x><y>243</y></pt><pt><x>440</x><y>236</y></pt><pt><x>449</x><y>228</y></pt><pt><x>449</x><y>221</y></pt><pt><x>439</x><y>223</y></pt><pt><x>436</x><y>220</y></pt><pt><x>435</x><y>215</y></pt><pt><x>437</x><y>212</y></pt><pt><x>436</x><y>198</y></pt><pt><x>437</x><y>190</y></pt><pt><x>431</x><y>189</y></pt><pt><x>437</x><y>178</y></pt><pt><x>443</x><y>169</y></pt></polygon></object><object><name>StarWarscharacters</name><deleted>0</deleted><verified>0</verified><date>15-Jul-2012 16:08:25</date><id>3</id><polygon><username>sandy</username><pt><x>196</x><y>160</y></pt><pt><x>205</x><y>160</y></pt><pt><x>215</x><y>168</y></pt><pt><x>216</x><y>203</y></pt><pt><x>221</x><y>209</y></pt><pt><x>234</x><y>215</y></pt><pt><x>244</x><y>221</y></pt><pt><x>230</x><y>361</y></pt><pt><x>227</x><y>371</y></pt><pt><x>230</x><y>374</y></pt><pt><x>231</x><y>381</y></pt><pt><x>228</x><y>383</y></pt><pt><x>231</x><y>405</y></pt><pt><x>231</x><y>429</y></pt><pt><x>232</x><y>435</y></pt><pt><x>232</x><y>443</y></pt><pt><x>233</x><y>452</y></pt><pt><x>233</x><y>468</y></pt><pt><x>228</x><y>473</y></pt><pt><x>219</x><y>474</y></pt><pt><x>211</x><y>474</y></pt><pt><x>207</x><y>471</y></pt><pt><x>207</x><y>466</y></pt><pt><x>209</x><y>465</y></pt><pt><x>212</x><y>462</y></pt><pt><x>215</x><y>443</y></pt><pt><x>217</x><y>431</y></pt><pt><x>211</x><y>420</y></pt><pt><x>207</x><y>389</y></pt><pt><x>203</x><y>374</y></pt><pt><x>197</x><y>365</y></pt><pt><x>191</x><y>376</y></pt><pt><x>193</x><y>396</y></pt><pt><x>189</x><y>410</y></pt><pt><x>186</x><y>417</y></pt><pt><x>187</x><y>431</y></pt><pt><x>189</x><y>442</y></pt><pt><x>192</x><y>447</y></pt><pt><x>191</x><y>459</y></pt><pt><x>173</x><y>459</y></pt><pt><x>160</x><y>462</y></pt><pt><x>142</x><y>458</y></pt><pt><x>144</x><y>451</y></pt><pt><x>152</x><y>451</y></pt><pt><x>160</x><y>445</y></pt><pt><x>166</x><y>436</y></pt><pt><x>169</x><y>421</y></pt><pt><x>166</x><y>385</y></pt><pt><x>163</x><y>383</y></pt><pt><x>167</x><y>368</y></pt><pt><x>167</x><y>362</y></pt><pt><x>159</x><y>349</y></pt><pt><x>159</x><y>331</y></pt><pt><x>154</x><y>326</y></pt><pt><x>147</x><y>328</y></pt><pt><x>135</x><y>325</y></pt><pt><x>132</x><y>320</y></pt><pt><x>129</x><y>314</y></pt><pt><x>128</x><y>309</y></pt><pt><x>129</x><y>300</y></pt><pt><x>129</x><y>297</y></pt><pt><x>136</x><y>268</y></pt><pt><x>136</x><y>255</y></pt><pt><x>144</x><y>235</y></pt><pt><x>144</x><y>231</y></pt><pt><x>161</x><y>214</y></pt><pt><x>170</x><y>210</y></pt><pt><x>174</x><y>205</y></pt><pt><x>172</x><y>181</y></pt><pt><x>171</x><y>170</y></pt><pt><x>175</x><y>170</y></pt><pt><x>180</x><y>164</y></pt><pt><x>183</x><y>161</y></pt><pt><x>188</x><y>160</y></pt></polygon></object><object><name>banner</name><deleted>0</deleted><verified>0</verified><date>15-Jul-2012 16:08:25</date><id>4</id><polygon><username>sandy</username><pt><x>280</x><y>261</y></pt><pt><x>284</x><y>287</y></pt><pt><x>293</x><y>321</y></pt><pt><x>300</x><y>352</y></pt><pt><x>307</x><y>375</y></pt><pt><x>316</x><y>418</y></pt><pt><x>291</x><y>420</y></pt><pt><x>269</x><y>415</y></pt><pt><x>240</x><y>412</y></pt><pt><x>236</x><y>391</y></pt><pt><x>229</x><y>354</y></pt><pt><x>219</x><y>317</y></pt><pt><x>210</x><y>286</y></pt><pt><x>206</x><y>257</y></pt><pt><x>233</x><y>262</y></pt><pt><x>254</x><y>262</y></pt></polygon></object><object><name>policeman</name><deleted>0</deleted><verified>0</verified><date>15-Jul-2012 16:08:25</date><id>5</id><polygon><username>sandy</username><pt><x>321</x><y>194</y></pt><pt><x>326</x><y>199</y></pt><pt><x>334</x><y>203</y></pt><pt><x>337</x><y>208</y></pt><pt><x>337</x><y>227</y></pt><pt><x>332</x><y>238</y></pt><pt><x>305</x><y>215</y></pt><pt><x>305</x><y>176</y></pt><pt><x>309</x><y>174</y></pt><pt><x>314</x><y>175</y></pt><pt><x>319</x><y>176</y></pt><pt><x>319</x><y>183</y></pt></polygon></object><object><name>person</name><deleted>0</deleted><verified>0</verified><date>15-Jul-2012 16:08:25</date><id>6</id><polygon><username>sandy</username><pt><x>140</x><y>201</y></pt><pt><x>149</x><y>202</y></pt><pt><x>153</x><y>210</y></pt><pt><x>154</x><y>220</y></pt><pt><x>160</x><y>222</y></pt><pt><x>151</x><y>326</y></pt><pt><x>149</x><y>345</y></pt><pt><x>145</x><y>351</y></pt><pt><x>144</x><y>361</y></pt><pt><x>144</x><y>365</y></pt><pt><x>142</x><y>368</y></pt><pt><x>128</x><y>370</y></pt><pt><x>122</x><y>370</y></pt><pt><x>120</x><y>367</y></pt><pt><x>121</x><y>364</y></pt><pt><x>127</x><y>362</y></pt><pt><x>131</x><y>361</y></pt><pt><x>135</x><y>346</y></pt><pt><x>131</x><y>345</y></pt><pt><x>134</x><y>320</y></pt><pt><x>131</x><y>290</y></pt><pt><x>122</x><y>258</y></pt><pt><x>123</x><y>252</y></pt><pt><x>126</x><y>249</y></pt><pt><x>128</x><y>245</y></pt><pt><x>134</x><y>226</y></pt><pt><x>131</x><y>222</y></pt><pt><x>129</x><y>219</y></pt><pt><x>128</x><y>215</y></pt><pt><x>130</x><y>212</y></pt><pt><x>131</x><y>209</y></pt><pt><x>133</x><y>206</y></pt></polygon></object><object><name>person</name><deleted>0</deleted><verified>0</verified><date>15-Jul-2012 16:08:25</date><id>7</id><polygon><username>sandy</username><pt><x>722</x><y>246</y></pt><pt><x>728</x><y>246</y></pt><pt><x>729</x><y>249</y></pt><pt><x>725</x><y>257</y></pt><pt><x>723</x><y>258</y></pt><pt><x>722</x><y>286</y></pt><pt><x>719</x><y>289</y></pt><pt><x>718</x><y>296</y></pt><pt><x>716</x><y>299</y></pt><pt><x>717</x><y>302</y></pt><pt><x>719</x><y>302</y></pt><pt><x>717</x><y>304</y></pt><pt><x>710</x><y>305</y></pt><pt><x>707</x><y>303</y></pt><pt><x>705</x><y>302</y></pt><pt><x>705</x><y>287</y></pt><pt><x>707</x><y>284</y></pt><pt><x>708</x><y>266</y></pt><pt><x>708</x><y>262</y></pt><pt><x>706</x><y>243</y></pt><pt><x>708</x><y>240</y></pt><pt><x>711</x><y>240</y></pt><pt><x>713</x><y>239</y></pt><pt><x>713</x><y>236</y></pt><pt><x>713</x><y>233</y></pt><pt><x>714</x><y>231</y></pt><pt><x>717</x><y>230</y></pt><pt><x>721</x><y>230</y></pt><pt><x>722</x><y>231</y></pt><pt><x>723</x><y>233</y></pt><pt><x>722</x><y>236</y></pt><pt><x>721</x><y>238</y></pt></polygon></object><object><name>building</name><deleted>0</deleted><verified>0</verified><date>15-Jul-2012 16:08:25</date><id>8</id><polygon><username>sandy</username><pt><x>594</x><y>4</y></pt><pt><x>586</x><y>72</y></pt><pt><x>578</x><y>262</y></pt><pt><x>795</x><y>280</y></pt><pt><x>799</x><y>278</y></pt><pt><x>797</x><y>279</y></pt><pt><x>798</x><y>0</y></pt></polygon></object><object><name>building</name><deleted>0</deleted><verified>0</verified><date>15-Jul-2012 16:08:25</date><id>9</id><polygon><username>sandy</username><pt><x>0</x><y>31</y></pt><pt><x>2</x><y>201</y></pt><pt><x>470</x><y>211</y></pt><pt><x>578</x><y>209</y></pt><pt><x>594</x><y>1</y></pt><pt><x>20</x><y>0</y></pt></polygon></object><object><name>plants</name><deleted>0</deleted><verified>0</verified><date>15-Jul-2012 16:08:25</date><id>10</id><polygon><username>sandy</username><pt><x>146</x><y>49</y></pt><pt><x>144</x><y>70</y></pt><pt><x>164</x><y>116</y></pt><pt><x>166</x><y>102</y></pt><pt><x>173</x><y>101</y></pt><pt><x>173</x><y>114</y></pt><pt><x>185</x><y>104</y></pt><pt><x>196</x><y>98</y></pt><pt><x>206</x><y>85</y></pt><pt><x>214</x><y>72</y></pt><pt><x>225</x><y>71</y></pt><pt><x>231</x><y>72</y></pt><pt><x>225</x><y>84</y></pt><pt><x>221</x><y>139</y></pt><pt><x>238</x><y>133</y></pt><pt><x>243</x><y>145</y></pt><pt><x>253</x><y>149</y></pt><pt><x>254</x><y>170</y></pt><pt><x>283</x><y>162</y></pt><pt><x>292</x><y>140</y></pt><pt><x>300</x><y>132</y></pt><pt><x>306</x><y>128</y></pt><pt><x>311</x><y>122</y></pt><pt><x>314</x><y>116</y></pt><pt><x>320</x><y>116</y></pt><pt><x>321</x><y>114</y></pt><pt><x>328</x><y>110</y></pt><pt><x>332</x><y>117</y></pt><pt><x>352</x><y>129</y></pt><pt><x>350</x><y>114</y></pt><pt><x>349</x><y>106</y></pt><pt><x>360</x><y>101</y></pt><pt><x>365</x><y>110</y></pt><pt><x>367</x><y>121</y></pt><pt><x>372</x><y>123</y></pt><pt><x>377</x><y>114</y></pt><pt><x>380</x><y>105</y></pt><pt><x>383</x><y>99</y></pt><pt><x>393</x><y>96</y></pt><pt><x>403</x><y>100</y></pt><pt><x>406</x><y>91</y></pt><pt><x>412</x><y>90</y></pt><pt><x>420</x><y>99</y></pt><pt><x>425</x><y>99</y></pt><pt><x>429</x><y>108</y></pt><pt><x>437</x><y>106</y></pt><pt><x>450</x><y>74</y></pt><pt><x>460</x><y>68</y></pt><pt><x>454</x><y>84</y></pt><pt><x>444</x><y>103</y></pt><pt><x>448</x><y>107</y></pt><pt><x>459</x><y>103</y></pt><pt><x>464</x><y>101</y></pt><pt><x>459</x><y>110</y></pt><pt><x>465</x><y>116</y></pt><pt><x>468</x><y>127</y></pt><pt><x>475</x><y>123</y></pt><pt><x>478</x><y>131</y></pt><pt><x>476</x><y>145</y></pt><pt><x>474</x><y>159</y></pt><pt><x>492</x><y>158</y></pt><pt><x>497</x><y>120</y></pt><pt><x>494</x><y>105</y></pt><pt><x>492</x><y>66</y></pt><pt><x>493</x><y>56</y></pt><pt><x>498</x><y>54</y></pt><pt><x>499</x><y>64</y></pt><pt><x>502</x><y>80</y></pt><pt><x>506</x><y>80</y></pt><pt><x>513</x><y>79</y></pt><pt><x>510</x><y>99</y></pt><pt><x>530</x><y>94</y></pt><pt><x>548</x><y>95</y></pt><pt><x>528</x><y>108</y></pt><pt><x>510</x><y>115</y></pt><pt><x>503</x><y>122</y></pt><pt><x>499</x><y>145</y></pt><pt><x>508</x><y>150</y></pt><pt><x>519</x><y>145</y></pt><pt><x>523</x><y>151</y></pt><pt><x>528</x><y>154</y></pt><pt><x>544</x><y>151</y></pt><pt><x>573</x><y>147</y></pt><pt><x>603</x><y>151</y></pt><pt><x>596</x><y>157</y></pt><pt><x>572</x><y>155</y></pt><pt><x>571</x><y>162</y></pt><pt><x>544</x><y>168</y></pt><pt><x>536</x><y>173</y></pt><pt><x>548</x><y>178</y></pt><pt><x>557</x><y>187</y></pt><pt><x>564</x><y>190</y></pt><pt><x>559</x><y>196</y></pt><pt><x>547</x><y>200</y></pt><pt><x>530</x><y>196</y></pt><pt><x>516</x><y>194</y></pt><pt><x>512</x><y>201</y></pt><pt><x>513</x><y>211</y></pt><pt><x>532</x><y>212</y></pt><pt><x>490</x><y>209</y></pt><pt><x>319</x><y>209</y></pt><pt><x>82</x><y>202</y></pt><pt><x>1</x><y>202</y></pt><pt><x>3</x><y>114</y></pt><pt><x>19</x><y>104</y></pt><pt><x>49</x><y>110</y></pt><pt><x>63</x><y>90</y></pt><pt><x>52</x><y>52</y></pt><pt><x>58</x><y>41</y></pt><pt><x>71</x><y>69</y></pt><pt><x>75</x><y>60</y></pt><pt><x>84</x><y>63</y></pt><pt><x>84</x><y>72</y></pt><pt><x>99</x><y>62</y></pt><pt><x>101</x><y>67</y></pt><pt><x>90</x><y>77</y></pt><pt><x>108</x><y>82</y></pt><pt><x>117</x><y>81</y></pt><pt><x>118</x><y>93</y></pt><pt><x>125</x><y>87</y></pt><pt><x>124</x><y>74</y></pt><pt><x>124</x><y>63</y></pt><pt><x>133</x><y>35</y></pt></polygon></object><object><name>water</name><deleted>0</deleted><verified>0</verified><date>15-Jul-2012 16:08:25</date><id>11</id><polygon><username>sandy</username><pt><x>655</x><y>332</y></pt><pt><x>718</x><y>340</y></pt><pt><x>791</x><y>350</y></pt><pt><x>797</x><y>353</y></pt><pt><x>798</x><y>398</y></pt><pt><x>716</x><y>401</y></pt><pt><x>569</x><y>394</y></pt><pt><x>526</x><y>386</y></pt><pt><x>416</x><y>372</y></pt><pt><x>348</x><y>362</y></pt><pt><x>337</x><y>356</y></pt><pt><x>415</x><y>332</y></pt><pt><x>471</x><y>324</y></pt><pt><x>560</x><y>326</y></pt><pt><x>633</x><y>327</y></pt></polygon></object><object><name>hedge</name><deleted>0</deleted><verified>0</verified><date>15-Jul-2012 16:08:25</date><id>12</id><polygon><username>sandy</username><pt><x>127</x><y>348</y></pt><pt><x>135</x><y>204</y></pt><pt><x>2</x><y>202</y></pt><pt><x>0</x><y>357</y></pt></polygon></object><object><name>lamppost</name><deleted>0</deleted><verified>0</verified><date>15-Jul-2012 16:08:25</date><id>13</id><polygon><username>sandy</username><pt><x>697</x><y>149</y></pt><pt><x>703</x><y>93</y></pt><pt><x>711</x><y>72</y></pt><pt><x>699</x><y>52</y></pt><pt><x>694</x><y>55</y></pt><pt><x>681</x><y>68</y></pt><pt><x>691</x><y>98</y></pt><pt><x>687</x><y>143</y></pt><pt><x>672</x><y>170</y></pt><pt><x>672</x><y>183</y></pt><pt><x>670</x><y>283</y></pt><pt><x>662</x><y>301</y></pt><pt><x>706</x><y>302</y></pt><pt><x>708</x><y>178</y></pt><pt><x>713</x><y>173</y></pt><pt><x>705</x><y>162</y></pt></polygon></object><object><name>lamppost</name><deleted>0</deleted><verified>0</verified><date>15-Jul-2012 16:08:25</date><id>14</id><polygon><username>sandy</username><pt><x>781</x><y>147</y></pt><pt><x>791</x><y>96</y></pt><pt><x>778</x><y>68</y></pt><pt><x>797</x><y>47</y></pt><pt><x>796</x><y>309</y></pt><pt><x>778</x><y>309</y></pt><pt><x>759</x><y>307</y></pt><pt><x>756</x><y>295</y></pt><pt><x>763</x><y>290</y></pt><pt><x>769</x><y>175</y></pt><pt><x>763</x><y>173</y></pt><pt><x>767</x><y>168</y></pt><pt><x>773</x><y>168</y></pt></polygon></object><object><name>fountain</name><deleted>0</deleted><verified>0</verified><date>15-Jul-2012 16:08:25</date><id>15</id><polygon><username>sandy</username><pt><x>631</x><y>311</y></pt><pt><x>615</x><y>301</y></pt><pt><x>618</x><y>290</y></pt><pt><x>624</x><y>283</y></pt><pt><x>629</x><y>269</y></pt><pt><x>625</x><y>259</y></pt><pt><x>618</x><y>256</y></pt><pt><x>621</x><y>211</y></pt><pt><x>653</x><y>206</y></pt><pt><x>671</x><y>192</y></pt><pt><x>619</x><y>188</y></pt><pt><x>619</x><y>167</y></pt><pt><x>622</x><y>165</y></pt><pt><x>618</x><y>155</y></pt><pt><x>618</x><y>150</y></pt><pt><x>617</x><y>118</y></pt><pt><x>621</x><y>116</y></pt><pt><x>622</x><y>108</y></pt><pt><x>645</x><y>93</y></pt><pt><x>650</x><y>93</y></pt><pt><x>652</x><y>89</y></pt><pt><x>648</x><y>84</y></pt><pt><x>619</x><y>82</y></pt><pt><x>620</x><y>78</y></pt><pt><x>618</x><y>47</y></pt><pt><x>619</x><y>38</y></pt><pt><x>629</x><y>31</y></pt><pt><x>639</x><y>26</y></pt><pt><x>631</x><y>21</y></pt><pt><x>619</x><y>17</y></pt><pt><x>615</x><y>1</y></pt><pt><x>606</x><y>2</y></pt><pt><x>606</x><y>16</y></pt><pt><x>593</x><y>21</y></pt><pt><x>584</x><y>24</y></pt><pt><x>597</x><y>31</y></pt><pt><x>606</x><y>42</y></pt><pt><x>604</x><y>49</y></pt><pt><x>603</x><y>78</y></pt><pt><x>583</x><y>84</y></pt><pt><x>570</x><y>89</y></pt><pt><x>569</x><y>93</y></pt><pt><x>578</x><y>96</y></pt><pt><x>587</x><y>100</y></pt><pt><x>592</x><y>103</y></pt><pt><x>596</x><y>108</y></pt><pt><x>600</x><y>116</y></pt><pt><x>601</x><y>123</y></pt><pt><x>600</x><y>159</y></pt><pt><x>602</x><y>187</y></pt><pt><x>549</x><y>189</y></pt><pt><x>562</x><y>198</y></pt><pt><x>596</x><y>210</y></pt><pt><x>600</x><y>217</y></pt><pt><x>599</x><y>224</y></pt><pt><x>595</x><y>232</y></pt><pt><x>598</x><y>253</y></pt><pt><x>588</x><y>260</y></pt><pt><x>590</x><y>272</y></pt><pt><x>594</x><y>284</y></pt><pt><x>593</x><y>300</y></pt><pt><x>588</x><y>303</y></pt><pt><x>556</x><y>304</y></pt><pt><x>423</x><y>307</y></pt><pt><x>329</x><y>316</y></pt><pt><x>303</x><y>324</y></pt><pt><x>244</x><y>342</y></pt><pt><x>233</x><y>397</y></pt><pt><x>234</x><y>422</y></pt><pt><x>283</x><y>449</y></pt><pt><x>388</x><y>478</y></pt><pt><x>491</x><y>498</y></pt><pt><x>638</x><y>519</y></pt><pt><x>781</x><y>522</y></pt><pt><x>797</x><y>519</y></pt><pt><x>799</x><y>331</y></pt><pt><x>754</x><y>324</y></pt><pt><x>675</x><y>315</y></pt></polygon></object><imagesize><nrows>600</nrows><ncols>800</ncols></imagesize></annotation>