<annotation><filename>p_park_chatting.jpg</filename><folder>100images</folder><source><sourceImage>The MIT-CSAIL database of objects and scenes</sourceImage><sourceAnnotation>LabelMe Webtool</sourceAnnotation></source><object><name>apple</name><deleted>0</deleted><verified>0</verified><date>15-Jul-2012 16:50:41</date><id>0</id><polygon><username>sandy</username><pt><x>650</x><y>286</y></pt><pt><x>662</x><y>291</y></pt><pt><x>669</x><y>291</y></pt><pt><x>675</x><y>273</y></pt><pt><x>672</x><y>270</y></pt><pt><x>662</x><y>269</y></pt><pt><x>651</x><y>269</y></pt><pt><x>646</x><y>272</y></pt><pt><x>644</x><y>276</y></pt><pt><x>644</x><y>280</y></pt></polygon></object><object><name>apple</name><deleted>0</deleted><verified>0</verified><date>15-Jul-2012 16:50:41</date><id>1</id><polygon><username>sandy</username><pt><x>349</x><y>241</y></pt><pt><x>356</x><y>240</y></pt><pt><x>360</x><y>247</y></pt><pt><x>365</x><y>248</y></pt><pt><x>369</x><y>247</y></pt><pt><x>376</x><y>236</y></pt><pt><x>371</x><y>236</y></pt><pt><x>363</x><y>231</y></pt><pt><x>356</x><y>232</y></pt><pt><x>351</x><y>231</y></pt></polygon></object><object><name>table</name><deleted>0</deleted><verified>0</verified><date>15-Jul-2012 16:50:41</date><id>2</id><polygon><username>sandy</username><pt><x>535</x><y>328</y></pt><pt><x>562</x><y>334</y></pt><pt><x>564</x><y>337</y></pt><pt><x>562</x><y>338</y></pt><pt><x>531</x><y>339</y></pt><pt><x>529</x><y>352</y></pt><pt><x>473</x><y>434</y></pt><pt><x>494</x><y>454</y></pt><pt><x>497</x><y>460</y></pt><pt><x>474</x><y>440</y></pt><pt><x>504</x><y>482</y></pt><pt><x>499</x><y>484</y></pt><pt><x>468</x><y>443</y></pt><pt><x>440</x><y>508</y></pt><pt><x>439</x><y>519</y></pt><pt><x>433</x><y>520</y></pt><pt><x>436</x><y>505</y></pt><pt><x>465</x><y>442</y></pt><pt><x>396</x><y>539</y></pt><pt><x>396</x><y>552</y></pt><pt><x>391</x><y>552</y></pt><pt><x>393</x><y>534</y></pt><pt><x>465</x><y>434</y></pt><pt><x>439</x><y>397</y></pt><pt><x>422</x><y>460</y></pt><pt><x>421</x><y>470</y></pt><pt><x>418</x><y>470</y></pt><pt><x>419</x><y>459</y></pt><pt><x>434</x><y>400</y></pt><pt><x>400</x><y>437</y></pt><pt><x>399</x><y>431</y></pt><pt><x>435</x><y>396</y></pt><pt><x>384</x><y>320</y></pt><pt><x>386</x><y>314</y></pt><pt><x>431</x><y>315</y></pt><pt><x>483</x><y>317</y></pt><pt><x>516</x><y>323</y></pt></polygon></object><object><name>table</name><deleted>0</deleted><verified>0</verified><date>15-Jul-2012 16:50:41</date><id>3</id><polygon><username>sandy</username><pt><x>795</x><y>340</y></pt><pt><x>772</x><y>340</y></pt><pt><x>767</x><y>354</y></pt><pt><x>749</x><y>392</y></pt><pt><x>784</x><y>440</y></pt><pt><x>782</x><y>443</y></pt><pt><x>746</x><y>393</y></pt><pt><x>715</x><y>438</y></pt><pt><x>713</x><y>438</y></pt><pt><x>738</x><y>389</y></pt><pt><x>760</x><y>331</y></pt><pt><x>780</x><y>333</y></pt><pt><x>790</x><y>337</y></pt></polygon></object><object><name>woman</name><deleted>0</deleted><verified>0</verified><date>15-Jul-2012 16:50:41</date><id>4</id><polygon><username>sandy</username><pt><x>619</x><y>263</y></pt><pt><x>621</x><y>255</y></pt><pt><x>614</x><y>246</y></pt><pt><x>610</x><y>243</y></pt><pt><x>610</x><y>238</y></pt><pt><x>610</x><y>233</y></pt><pt><x>611</x><y>228</y></pt><pt><x>611</x><y>223</y></pt><pt><x>613</x><y>220</y></pt><pt><x>616</x><y>212</y></pt><pt><x>622</x><y>200</y></pt><pt><x>627</x><y>197</y></pt><pt><x>635</x><y>195</y></pt><pt><x>648</x><y>196</y></pt><pt><x>659</x><y>200</y></pt><pt><x>667</x><y>207</y></pt><pt><x>673</x><y>220</y></pt><pt><x>673</x><y>232</y></pt><pt><x>672</x><y>240</y></pt><pt><x>665</x><y>248</y></pt><pt><x>661</x><y>253</y></pt><pt><x>655</x><y>257</y></pt><pt><x>655</x><y>259</y></pt><pt><x>659</x><y>265</y></pt><pt><x>678</x><y>272</y></pt><pt><x>683</x><y>289</y></pt><pt><x>684</x><y>325</y></pt><pt><x>678</x><y>331</y></pt><pt><x>676</x><y>356</y></pt><pt><x>672</x><y>362</y></pt><pt><x>679</x><y>383</y></pt><pt><x>676</x><y>399</y></pt><pt><x>676</x><y>408</y></pt><pt><x>675</x><y>415</y></pt><pt><x>666</x><y>422</y></pt><pt><x>656</x><y>430</y></pt><pt><x>627</x><y>428</y></pt><pt><x>598</x><y>425</y></pt><pt><x>587</x><y>430</y></pt><pt><x>593</x><y>437</y></pt><pt><x>596</x><y>449</y></pt><pt><x>605</x><y>485</y></pt><pt><x>610</x><y>495</y></pt><pt><x>613</x><y>501</y></pt><pt><x>622</x><y>511</y></pt><pt><x>568</x><y>542</y></pt><pt><x>564</x><y>541</y></pt><pt><x>561</x><y>537</y></pt><pt><x>563</x><y>532</y></pt><pt><x>566</x><y>529</y></pt><pt><x>572</x><y>529</y></pt><pt><x>588</x><y>511</y></pt><pt><x>588</x><y>497</y></pt><pt><x>575</x><y>470</y></pt><pt><x>573</x><y>476</y></pt><pt><x>576</x><y>484</y></pt><pt><x>583</x><y>501</y></pt><pt><x>581</x><y>503</y></pt><pt><x>549</x><y>524</y></pt><pt><x>541</x><y>526</y></pt><pt><x>536</x><y>525</y></pt><pt><x>534</x><y>523</y></pt><pt><x>534</x><y>520</y></pt><pt><x>535</x><y>516</y></pt><pt><x>538</x><y>512</y></pt><pt><x>539</x><y>509</y></pt><pt><x>542</x><y>506</y></pt><pt><x>551</x><y>484</y></pt><pt><x>553</x><y>482</y></pt><pt><x>549</x><y>430</y></pt><pt><x>546</x><y>408</y></pt><pt><x>550</x><y>379</y></pt><pt><x>553</x><y>363</y></pt><pt><x>565</x><y>361</y></pt><pt><x>579</x><y>361</y></pt><pt><x>597</x><y>352</y></pt><pt><x>602</x><y>351</y></pt><pt><x>601</x><y>345</y></pt><pt><x>595</x><y>340</y></pt><pt><x>590</x><y>347</y></pt><pt><x>587</x><y>351</y></pt><pt><x>581</x><y>352</y></pt><pt><x>579</x><y>351</y></pt><pt><x>571</x><y>345</y></pt><pt><x>568</x><y>335</y></pt><pt><x>559</x><y>312</y></pt><pt><x>549</x><y>281</y></pt><pt><x>538</x><y>275</y></pt><pt><x>530</x><y>276</y></pt><pt><x>526</x><y>273</y></pt><pt><x>523</x><y>270</y></pt><pt><x>522</x><y>266</y></pt><pt><x>525</x><y>265</y></pt><pt><x>529</x><y>267</y></pt><pt><x>531</x><y>268</y></pt><pt><x>534</x><y>269</y></pt><pt><x>536</x><y>269</y></pt><pt><x>527</x><y>260</y></pt><pt><x>527</x><y>258</y></pt><pt><x>528</x><y>253</y></pt><pt><x>530</x><y>251</y></pt><pt><x>533</x><y>251</y></pt><pt><x>541</x><y>258</y></pt><pt><x>543</x><y>260</y></pt><pt><x>542</x><y>257</y></pt><pt><x>540</x><y>253</y></pt><pt><x>539</x><y>244</y></pt><pt><x>545</x><y>246</y></pt><pt><x>549</x><y>248</y></pt><pt><x>553</x><y>252</y></pt><pt><x>559</x><y>262</y></pt><pt><x>564</x><y>271</y></pt><pt><x>570</x><y>295</y></pt><pt><x>579</x><y>312</y></pt><pt><x>585</x><y>300</y></pt><pt><x>586</x><y>288</y></pt><pt><x>591</x><y>272</y></pt><pt><x>599</x><y>270</y></pt><pt><x>612</x><y>266</y></pt></polygon></object><object><name>woman</name><deleted>0</deleted><verified>0</verified><date>15-Jul-2012 16:50:41</date><id>5</id><polygon><username>sandy</username><pt><x>358</x><y>188</y></pt><pt><x>356</x><y>197</y></pt><pt><x>354</x><y>206</y></pt><pt><x>346</x><y>231</y></pt><pt><x>345</x><y>238</y></pt><pt><x>348</x><y>238</y></pt><pt><x>351</x><y>242</y></pt><pt><x>353</x><y>245</y></pt><pt><x>360</x><y>246</y></pt><pt><x>363</x><y>245</y></pt><pt><x>367</x><y>243</y></pt><pt><x>369</x><y>241</y></pt><pt><x>374</x><y>241</y></pt><pt><x>374</x><y>245</y></pt><pt><x>371</x><y>252</y></pt><pt><x>368</x><y>255</y></pt><pt><x>359</x><y>259</y></pt><pt><x>356</x><y>261</y></pt><pt><x>360</x><y>310</y></pt><pt><x>380</x><y>348</y></pt><pt><x>400</x><y>349</y></pt><pt><x>425</x><y>399</y></pt><pt><x>439</x><y>436</y></pt><pt><x>463</x><y>470</y></pt><pt><x>471</x><y>473</y></pt><pt><x>494</x><y>494</y></pt><pt><x>495</x><y>501</y></pt><pt><x>491</x><y>505</y></pt><pt><x>481</x><y>505</y></pt><pt><x>457</x><y>503</y></pt><pt><x>441</x><y>501</y></pt><pt><x>439</x><y>477</y></pt><pt><x>433</x><y>466</y></pt><pt><x>410</x><y>430</y></pt><pt><x>403</x><y>424</y></pt><pt><x>400</x><y>445</y></pt><pt><x>380</x><y>497</y></pt><pt><x>377</x><y>525</y></pt><pt><x>380</x><y>538</y></pt><pt><x>386</x><y>545</y></pt><pt><x>389</x><y>550</y></pt><pt><x>390</x><y>556</y></pt><pt><x>386</x><y>559</y></pt><pt><x>378</x><y>557</y></pt><pt><x>369</x><y>556</y></pt><pt><x>363</x><y>553</y></pt><pt><x>359</x><y>548</y></pt><pt><x>354</x><y>545</y></pt><pt><x>349</x><y>542</y></pt><pt><x>350</x><y>529</y></pt><pt><x>355</x><y>517</y></pt><pt><x>362</x><y>496</y></pt><pt><x>363</x><y>455</y></pt><pt><x>374</x><y>423</y></pt><pt><x>375</x><y>418</y></pt><pt><x>369</x><y>412</y></pt><pt><x>359</x><y>402</y></pt><pt><x>351</x><y>393</y></pt><pt><x>337</x><y>394</y></pt><pt><x>328</x><y>396</y></pt><pt><x>320</x><y>403</y></pt><pt><x>306</x><y>405</y></pt><pt><x>300</x><y>400</y></pt><pt><x>293</x><y>394</y></pt><pt><x>283</x><y>394</y></pt><pt><x>280</x><y>394</y></pt><pt><x>277</x><y>388</y></pt><pt><x>265</x><y>362</y></pt><pt><x>267</x><y>324</y></pt><pt><x>272</x><y>306</y></pt><pt><x>268</x><y>277</y></pt><pt><x>265</x><y>268</y></pt><pt><x>265</x><y>240</y></pt><pt><x>270</x><y>236</y></pt><pt><x>278</x><y>232</y></pt><pt><x>291</x><y>217</y></pt><pt><x>299</x><y>195</y></pt><pt><x>305</x><y>175</y></pt><pt><x>315</x><y>167</y></pt><pt><x>324</x><y>160</y></pt><pt><x>329</x><y>158</y></pt><pt><x>337</x><y>160</y></pt><pt><x>356</x><y>174</y></pt><pt><x>359</x><y>178</y></pt></polygon></object><object><name>bottle</name><deleted>0</deleted><verified>0</verified><date>15-Jul-2012 16:50:41</date><id>6</id><polygon><username>sandy</username><pt><x>439</x><y>325</y></pt><pt><x>444</x><y>274</y></pt><pt><x>441</x><y>266</y></pt><pt><x>439</x><y>262</y></pt><pt><x>439</x><y>254</y></pt><pt><x>432</x><y>253</y></pt><pt><x>429</x><y>262</y></pt><pt><x>425</x><y>267</y></pt><pt><x>422</x><y>272</y></pt><pt><x>418</x><y>321</y></pt><pt><x>428</x><y>325</y></pt></polygon></object><object><name>bottle</name><deleted>0</deleted><verified>0</verified><date>15-Jul-2012 16:50:41</date><id>7</id><polygon><username>sandy</username><pt><x>497</x><y>291</y></pt><pt><x>494</x><y>282</y></pt><pt><x>494</x><y>277</y></pt><pt><x>484</x><y>276</y></pt><pt><x>483</x><y>281</y></pt><pt><x>480</x><y>289</y></pt><pt><x>480</x><y>294</y></pt><pt><x>478</x><y>321</y></pt><pt><x>494</x><y>323</y></pt></polygon></object><object><name>bottle</name><deleted>0</deleted><verified>0</verified><date>15-Jul-2012 16:50:41</date><id>8</id><polygon><username>sandy</username><pt><x>533</x><y>286</y></pt><pt><x>528</x><y>270</y></pt><pt><x>528</x><y>262</y></pt><pt><x>518</x><y>262</y></pt><pt><x>512</x><y>283</y></pt><pt><x>507</x><y>332</y></pt><pt><x>517</x><y>334</y></pt><pt><x>528</x><y>332</y></pt><pt><x>532</x><y>298</y></pt></polygon></object><object><name>bottle</name><deleted>0</deleted><verified>0</verified><date>15-Jul-2012 16:50:41</date><id>9</id><polygon><username>sandy</username><pt><x>779</x><y>311</y></pt><pt><x>780</x><y>316</y></pt><pt><x>779</x><y>338</y></pt><pt><x>776</x><y>337</y></pt><pt><x>769</x><y>336</y></pt><pt><x>770</x><y>311</y></pt><pt><x>772</x><y>307</y></pt><pt><x>778</x><y>306</y></pt></polygon></object><object><name>chair</name><deleted>0</deleted><verified>0</verified><date>15-Jul-2012 16:50:41</date><id>10</id><polygon><username>sandy</username><pt><x>690</x><y>322</y></pt><pt><x>709</x><y>324</y></pt><pt><x>713</x><y>327</y></pt><pt><x>710</x><y>333</y></pt><pt><x>707</x><y>338</y></pt><pt><x>704</x><y>337</y></pt><pt><x>701</x><y>351</y></pt><pt><x>700</x><y>355</y></pt><pt><x>697</x><y>360</y></pt><pt><x>694</x><y>362</y></pt><pt><x>677</x><y>416</y></pt><pt><x>663</x><y>436</y></pt><pt><x>634</x><y>482</y></pt><pt><x>639</x><y>486</y></pt><pt><x>642</x><y>490</y></pt><pt><x>640</x><y>494</y></pt><pt><x>636</x><y>500</y></pt><pt><x>644</x><y>519</y></pt><pt><x>639</x><y>518</y></pt><pt><x>632</x><y>505</y></pt><pt><x>628</x><y>493</y></pt><pt><x>619</x><y>504</y></pt><pt><x>616</x><y>500</y></pt><pt><x>623</x><y>486</y></pt><pt><x>597</x><y>433</y></pt><pt><x>594</x><y>438</y></pt><pt><x>592</x><y>428</y></pt><pt><x>533</x><y>403</y></pt><pt><x>617</x><y>402</y></pt><pt><x>674</x><y>318</y></pt></polygon></object><object><name>chair</name><deleted>0</deleted><verified>0</verified><date>15-Jul-2012 16:50:41</date><id>11</id><polygon><username>sandy</username><pt><x>734</x><y>327</y></pt><pt><x>759</x><y>326</y></pt><pt><x>763</x><y>326</y></pt><pt><x>765</x><y>342</y></pt><pt><x>760</x><y>344</y></pt><pt><x>761</x><y>379</y></pt><pt><x>770</x><y>381</y></pt><pt><x>768</x><y>385</y></pt><pt><x>759</x><y>388</y></pt><pt><x>758</x><y>450</y></pt><pt><x>747</x><y>452</y></pt><pt><x>692</x><y>451</y></pt><pt><x>696</x><y>379</y></pt><pt><x>694</x><y>325</y></pt><pt><x>723</x><y>328</y></pt></polygon></object><object><name>chair</name><deleted>0</deleted><verified>0</verified><date>15-Jul-2012 16:50:41</date><id>12</id><polygon><username>sandy</username><pt><x>247</x><y>283</y></pt><pt><x>248</x><y>294</y></pt><pt><x>252</x><y>295</y></pt><pt><x>254</x><y>306</y></pt><pt><x>251</x><y>309</y></pt><pt><x>252</x><y>320</y></pt><pt><x>254</x><y>321</y></pt><pt><x>262</x><y>360</y></pt><pt><x>268</x><y>386</y></pt><pt><x>298</x><y>454</y></pt><pt><x>255</x><y>513</y></pt><pt><x>261</x><y>514</y></pt><pt><x>271</x><y>499</y></pt><pt><x>315</x><y>489</y></pt><pt><x>316</x><y>490</y></pt><pt><x>313</x><y>493</y></pt><pt><x>317</x><y>495</y></pt><pt><x>339</x><y>536</y></pt><pt><x>344</x><y>535</y></pt><pt><x>336</x><y>517</y></pt><pt><x>384</x><y>499</y></pt><pt><x>389</x><y>517</y></pt><pt><x>395</x><y>516</y></pt><pt><x>361</x><y>440</y></pt><pt><x>426</x><y>394</y></pt><pt><x>428</x><y>387</y></pt><pt><x>348</x><y>375</y></pt><pt><x>271</x><y>281</y></pt></polygon></object><object><name>chair</name><deleted>0</deleted><verified>0</verified><date>15-Jul-2012 16:50:41</date><id>13</id><polygon><username>sandy</username><pt><x>2</x><y>263</y></pt><pt><x>30</x><y>265</y></pt><pt><x>37</x><y>263</y></pt><pt><x>34</x><y>286</y></pt><pt><x>26</x><y>287</y></pt><pt><x>24</x><y>329</y></pt><pt><x>16</x><y>364</y></pt><pt><x>16</x><y>386</y></pt><pt><x>2</x><y>387</y></pt></polygon></object><object><name>child</name><deleted>0</deleted><verified>0</verified><date>15-Jul-2012 16:50:41</date><id>14</id><polygon><username>sandy</username><pt><x>187</x><y>78</y></pt><pt><x>217</x><y>45</y></pt><pt><x>224</x><y>33</y></pt><pt><x>222</x><y>1</y></pt><pt><x>94</x><y>1</y></pt><pt><x>93</x><y>17</y></pt><pt><x>99</x><y>23</y></pt><pt><x>95</x><y>34</y></pt><pt><x>92</x><y>43</y></pt><pt><x>99</x><y>86</y></pt><pt><x>119</x><y>96</y></pt><pt><x>98</x><y>114</y></pt><pt><x>74</x><y>135</y></pt><pt><x>67</x><y>105</y></pt><pt><x>54</x><y>87</y></pt><pt><x>46</x><y>90</y></pt><pt><x>50</x><y>95</y></pt><pt><x>37</x><y>104</y></pt><pt><x>30</x><y>111</y></pt><pt><x>25</x><y>113</y></pt><pt><x>25</x><y>118</y></pt><pt><x>29</x><y>126</y></pt><pt><x>32</x><y>143</y></pt><pt><x>46</x><y>170</y></pt><pt><x>56</x><y>209</y></pt><pt><x>50</x><y>219</y></pt><pt><x>55</x><y>228</y></pt><pt><x>48</x><y>244</y></pt><pt><x>41</x><y>250</y></pt><pt><x>41</x><y>258</y></pt><pt><x>52</x><y>278</y></pt><pt><x>65</x><y>285</y></pt><pt><x>69</x><y>287</y></pt><pt><x>71</x><y>319</y></pt><pt><x>45</x><y>415</y></pt><pt><x>60</x><y>423</y></pt><pt><x>61</x><y>439</y></pt><pt><x>45</x><y>530</y></pt><pt><x>52</x><y>534</y></pt><pt><x>52</x><y>565</y></pt><pt><x>52</x><y>597</y></pt><pt><x>104</x><y>597</y></pt><pt><x>108</x><y>569</y></pt><pt><x>129</x><y>596</y></pt><pt><x>191</x><y>599</y></pt><pt><x>165</x><y>559</y></pt><pt><x>184</x><y>454</y></pt><pt><x>189</x><y>451</y></pt><pt><x>196</x><y>421</y></pt><pt><x>223</x><y>364</y></pt><pt><x>224</x><y>272</y></pt><pt><x>214</x><y>217</y></pt><pt><x>213</x><y>183</y></pt><pt><x>200</x><y>134</y></pt><pt><x>189</x><y>113</y></pt><pt><x>186</x><y>102</y></pt></polygon></object><object><name>people</name><deleted>0</deleted><verified>0</verified><date>15-Jul-2012 16:50:41</date><id>15</id><polygon><username>sandy</username><pt><x>28</x><y>226</y></pt><pt><x>46</x><y>229</y></pt><pt><x>52</x><y>243</y></pt><pt><x>60</x><y>285</y></pt><pt><x>72</x><y>319</y></pt><pt><x>43</x><y>318</y></pt><pt><x>46</x><y>336</y></pt><pt><x>46</x><y>364</y></pt><pt><x>53</x><y>367</y></pt><pt><x>53</x><y>374</y></pt><pt><x>42</x><y>384</y></pt><pt><x>35</x><y>387</y></pt><pt><x>28</x><y>388</y></pt><pt><x>23</x><y>387</y></pt><pt><x>19</x><y>384</y></pt><pt><x>19</x><y>378</y></pt><pt><x>35</x><y>362</y></pt><pt><x>26</x><y>365</y></pt><pt><x>12</x><y>342</y></pt><pt><x>4</x><y>325</y></pt><pt><x>0</x><y>173</y></pt><pt><x>10</x><y>173</y></pt><pt><x>17</x><y>175</y></pt><pt><x>21</x><y>182</y></pt><pt><x>22</x><y>188</y></pt><pt><x>21</x><y>197</y></pt><pt><x>20</x><y>206</y></pt><pt><x>19</x><y>213</y></pt><pt><x>19</x><y>219</y></pt></polygon></object><object><name>people</name><deleted>0</deleted><verified>0</verified><date>15-Jul-2012 16:50:41</date><id>16</id><polygon><username>sandy</username><pt><x>261</x><y>271</y></pt><pt><x>249</x><y>293</y></pt><pt><x>244</x><y>302</y></pt><pt><x>241</x><y>309</y></pt><pt><x>237</x><y>312</y></pt><pt><x>240</x><y>362</y></pt><pt><x>246</x><y>362</y></pt><pt><x>250</x><y>322</y></pt><pt><x>271</x><y>320</y></pt><pt><x>269</x><y>269</y></pt></polygon></object><object><name>man</name><deleted>0</deleted><verified>0</verified><date>15-Jul-2012 16:50:41</date><id>17</id><polygon><username>sandy</username><pt><x>361</x><y>197</y></pt><pt><x>374</x><y>201</y></pt><pt><x>383</x><y>205</y></pt><pt><x>387</x><y>213</y></pt><pt><x>388</x><y>222</y></pt><pt><x>386</x><y>230</y></pt><pt><x>374</x><y>250</y></pt><pt><x>367</x><y>258</y></pt><pt><x>367</x><y>272</y></pt><pt><x>372</x><y>284</y></pt><pt><x>381</x><y>313</y></pt><pt><x>385</x><y>320</y></pt><pt><x>376</x><y>422</y></pt><pt><x>364</x><y>438</y></pt><pt><x>363</x><y>455</y></pt><pt><x>361</x><y>458</y></pt><pt><x>311</x><y>423</y></pt><pt><x>317</x><y>412</y></pt><pt><x>351</x><y>205</y></pt></polygon></object><object><name>people</name><deleted>0</deleted><verified>0</verified><date>15-Jul-2012 16:50:41</date><id>18</id><polygon><username>sandy</username><pt><x>400</x><y>260</y></pt><pt><x>407</x><y>255</y></pt><pt><x>412</x><y>251</y></pt><pt><x>414</x><y>246</y></pt><pt><x>420</x><y>244</y></pt><pt><x>424</x><y>244</y></pt><pt><x>428</x><y>240</y></pt><pt><x>438</x><y>238</y></pt><pt><x>445</x><y>240</y></pt><pt><x>449</x><y>246</y></pt><pt><x>450</x><y>256</y></pt><pt><x>456</x><y>264</y></pt><pt><x>463</x><y>263</y></pt><pt><x>467</x><y>265</y></pt><pt><x>471</x><y>264</y></pt><pt><x>473</x><y>261</y></pt><pt><x>476</x><y>258</y></pt><pt><x>481</x><y>256</y></pt><pt><x>486</x><y>257</y></pt><pt><x>490</x><y>261</y></pt><pt><x>492</x><y>256</y></pt><pt><x>490</x><y>248</y></pt><pt><x>490</x><y>241</y></pt><pt><x>489</x><y>235</y></pt><pt><x>488</x><y>229</y></pt><pt><x>490</x><y>223</y></pt><pt><x>495</x><y>215</y></pt><pt><x>506</x><y>211</y></pt><pt><x>519</x><y>215</y></pt><pt><x>521</x><y>226</y></pt><pt><x>519</x><y>233</y></pt><pt><x>519</x><y>244</y></pt><pt><x>521</x><y>250</y></pt><pt><x>526</x><y>253</y></pt><pt><x>534</x><y>258</y></pt><pt><x>573</x><y>282</y></pt><pt><x>568</x><y>360</y></pt><pt><x>552</x><y>368</y></pt><pt><x>539</x><y>380</y></pt><pt><x>523</x><y>421</y></pt><pt><x>519</x><y>444</y></pt><pt><x>510</x><y>445</y></pt><pt><x>510</x><y>454</y></pt><pt><x>507</x><y>463</y></pt><pt><x>506</x><y>473</y></pt><pt><x>503</x><y>478</y></pt><pt><x>499</x><y>481</y></pt><pt><x>494</x><y>480</y></pt><pt><x>487</x><y>481</y></pt><pt><x>481</x><y>479</y></pt><pt><x>477</x><y>469</y></pt><pt><x>496</x><y>440</y></pt><pt><x>490</x><y>442</y></pt><pt><x>480</x><y>450</y></pt><pt><x>470</x><y>454</y></pt><pt><x>465</x><y>454</y></pt><pt><x>463</x><y>451</y></pt><pt><x>465</x><y>445</y></pt><pt><x>470</x><y>439</y></pt><pt><x>475</x><y>431</y></pt><pt><x>479</x><y>410</y></pt><pt><x>466</x><y>398</y></pt><pt><x>457</x><y>408</y></pt><pt><x>438</x><y>385</y></pt><pt><x>421</x><y>362</y></pt><pt><x>388</x><y>286</y></pt><pt><x>396</x><y>274</y></pt><pt><x>394</x><y>267</y></pt></polygon></object><object><name>people</name><deleted>0</deleted><verified>0</verified><date>15-Jul-2012 16:50:41</date><id>19</id><polygon><username>sandy</username><pt><x>743</x><y>260</y></pt><pt><x>793</x><y>258</y></pt><pt><x>797</x><y>264</y></pt><pt><x>793</x><y>271</y></pt><pt><x>776</x><y>298</y></pt><pt><x>764</x><y>309</y></pt><pt><x>759</x><y>318</y></pt><pt><x>761</x><y>349</y></pt><pt><x>784</x><y>364</y></pt><pt><x>782</x><y>401</y></pt><pt><x>783</x><y>425</y></pt><pt><x>779</x><y>427</y></pt><pt><x>780</x><y>442</y></pt><pt><x>758</x><y>436</y></pt><pt><x>763</x><y>389</y></pt><pt><x>751</x><y>389</y></pt><pt><x>743</x><y>425</y></pt><pt><x>747</x><y>438</y></pt><pt><x>742</x><y>446</y></pt><pt><x>737</x><y>446</y></pt><pt><x>733</x><y>444</y></pt><pt><x>730</x><y>444</y></pt><pt><x>730</x><y>421</y></pt><pt><x>733</x><y>386</y></pt><pt><x>705</x><y>384</y></pt><pt><x>702</x><y>403</y></pt><pt><x>701</x><y>416</y></pt><pt><x>704</x><y>426</y></pt><pt><x>706</x><y>435</y></pt><pt><x>702</x><y>443</y></pt><pt><x>697</x><y>443</y></pt><pt><x>691</x><y>440</y></pt><pt><x>686</x><y>438</y></pt><pt><x>684</x><y>434</y></pt><pt><x>677</x><y>432</y></pt><pt><x>672</x><y>429</y></pt><pt><x>675</x><y>424</y></pt><pt><x>679</x><y>369</y></pt><pt><x>683</x><y>355</y></pt><pt><x>677</x><y>347</y></pt><pt><x>678</x><y>330</y></pt><pt><x>681</x><y>324</y></pt><pt><x>683</x><y>310</y></pt><pt><x>659</x><y>259</y></pt><pt><x>663</x><y>255</y></pt><pt><x>673</x><y>256</y></pt><pt><x>693</x><y>258</y></pt><pt><x>707</x><y>260</y></pt><pt><x>709</x><y>256</y></pt><pt><x>711</x><y>252</y></pt><pt><x>716</x><y>249</y></pt><pt><x>721</x><y>247</y></pt><pt><x>726</x><y>246</y></pt><pt><x>730</x><y>246</y></pt><pt><x>736</x><y>249</y></pt><pt><x>739</x><y>252</y></pt></polygon></object><object><name>handbag</name><deleted>0</deleted><verified>0</verified><date>15-Jul-2012 16:50:41</date><id>20</id><polygon><username>sandy</username><pt><x>336</x><y>358</y></pt><pt><x>340</x><y>358</y></pt><pt><x>350</x><y>356</y></pt><pt><x>375</x><y>352</y></pt><pt><x>403</x><y>347</y></pt><pt><x>387</x><y>320</y></pt><pt><x>371</x><y>320</y></pt><pt><x>364</x><y>312</y></pt><pt><x>358</x><y>309</y></pt><pt><x>352</x><y>307</y></pt><pt><x>345</x><y>307</y></pt><pt><x>327</x><y>308</y></pt><pt><x>320</x><y>309</y></pt><pt><x>311</x><y>316</y></pt><pt><x>305</x><y>329</y></pt><pt><x>302</x><y>334</y></pt><pt><x>302</x><y>340</y></pt><pt><x>301</x><y>357</y></pt><pt><x>302</x><y>369</y></pt><pt><x>305</x><y>377</y></pt><pt><x>313</x><y>380</y></pt><pt><x>322</x><y>385</y></pt><pt><x>327</x><y>387</y></pt><pt><x>331</x><y>383</y></pt><pt><x>335</x><y>377</y></pt><pt><x>335</x><y>363</y></pt></polygon></object><object><name>handbag</name><deleted>0</deleted><verified>0</verified><date>15-Jul-2012 16:50:41</date><id>21</id><polygon><username>sandy</username><pt><x>687</x><y>546</y></pt><pt><x>698</x><y>554</y></pt><pt><x>707</x><y>563</y></pt><pt><x>710</x><y>575</y></pt><pt><x>709</x><y>583</y></pt><pt><x>704</x><y>591</y></pt><pt><x>684</x><y>599</y></pt><pt><x>581</x><y>599</y></pt><pt><x>568</x><y>594</y></pt><pt><x>559</x><y>592</y></pt><pt><x>556</x><y>590</y></pt><pt><x>554</x><y>582</y></pt><pt><x>554</x><y>574</y></pt><pt><x>557</x><y>566</y></pt><pt><x>563</x><y>554</y></pt><pt><x>565</x><y>547</y></pt><pt><x>569</x><y>539</y></pt><pt><x>567</x><y>541</y></pt><pt><x>563</x><y>537</y></pt><pt><x>565</x><y>532</y></pt><pt><x>572</x><y>530</y></pt><pt><x>580</x><y>505</y></pt><pt><x>591</x><y>498</y></pt><pt><x>611</x><y>479</y></pt><pt><x>617</x><y>481</y></pt><pt><x>633</x><y>482</y></pt><pt><x>641</x><y>492</y></pt><pt><x>635</x><y>500</y></pt><pt><x>624</x><y>510</y></pt><pt><x>633</x><y>517</y></pt><pt><x>651</x><y>512</y></pt><pt><x>655</x><y>509</y></pt><pt><x>659</x><y>507</y></pt><pt><x>666</x><y>506</y></pt><pt><x>672</x><y>508</y></pt><pt><x>676</x><y>512</y></pt><pt><x>680</x><y>519</y></pt><pt><x>682</x><y>527</y></pt><pt><x>686</x><y>541</y></pt><pt><x>695</x><y>542</y></pt></polygon></object><object><name>trees</name><deleted>0</deleted><verified>0</verified><date>15-Jul-2012 16:50:41</date><id>22</id><polygon><username>sandy</username><pt><x>797</x><y>1</y></pt><pt><x>798</x><y>415</y></pt><pt><x>761</x><y>416</y></pt><pt><x>745</x><y>360</y></pt><pt><x>3</x><y>238</y></pt><pt><x>3</x><y>1</y></pt></polygon></object><object><name>paperbag</name><deleted>0</deleted><verified>0</verified><date>15-Jul-2012 16:50:41</date><id>23</id><polygon><username>sandy</username><pt><x>511</x><y>589</y></pt><pt><x>532</x><y>585</y></pt><pt><x>537</x><y>548</y></pt><pt><x>542</x><y>486</y></pt><pt><x>528</x><y>481</y></pt><pt><x>520</x><y>479</y></pt><pt><x>495</x><y>488</y></pt><pt><x>495</x><y>548</y></pt><pt><x>496</x><y>582</y></pt></polygon></object><object><name>can</name><deleted>0</deleted><verified>0</verified><date>15-Jul-2012 16:50:41</date><id>24</id><polygon><username>sandy</username><pt><x>455</x><y>292</y></pt><pt><x>457</x><y>317</y></pt><pt><x>440</x><y>317</y></pt><pt><x>443</x><y>290</y></pt></polygon></object><imagesize><nrows>600</nrows><ncols>800</ncols></imagesize></annotation>