<annotation><filename>p_park_sitting.jpg</filename><folder>100images</folder><source><sourceImage>The MIT-CSAIL database of objects and scenes</sourceImage><sourceAnnotation>LabelMe Webtool</sourceAnnotation></source><object><name>bench</name><deleted>0</deleted><verified>0</verified><date>15-Jul-2012 18:45:54</date><id>0</id><polygon><username>sandy</username><pt><x>0</x><y>171</y></pt><pt><x>54</x><y>168</y></pt><pt><x>148</x><y>168</y></pt><pt><x>277</x><y>163</y></pt><pt><x>425</x><y>167</y></pt><pt><x>481</x><y>168</y></pt><pt><x>565</x><y>172</y></pt><pt><x>554</x><y>216</y></pt><pt><x>440</x><y>232</y></pt><pt><x>268</x><y>252</y></pt><pt><x>0</x><y>265</y></pt></polygon></object><object><name>bench</name><deleted>0</deleted><verified>0</verified><date>15-Jul-2012 18:45:54</date><id>1</id><polygon><username>sandy</username><pt><x>295</x><y>235</y></pt><pt><x>304</x><y>236</y></pt><pt><x>306</x><y>242</y></pt><pt><x>419</x><y>251</y></pt><pt><x>426</x><y>246</y></pt><pt><x>432</x><y>245</y></pt><pt><x>439</x><y>248</y></pt><pt><x>440</x><y>253</y></pt><pt><x>571</x><y>263</y></pt><pt><x>580</x><y>252</y></pt><pt><x>587</x><y>248</y></pt><pt><x>606</x><y>249</y></pt><pt><x>614</x><y>254</y></pt><pt><x>617</x><y>268</y></pt><pt><x>626</x><y>267</y></pt><pt><x>630</x><y>261</y></pt><pt><x>636</x><y>259</y></pt><pt><x>640</x><y>256</y></pt><pt><x>647</x><y>259</y></pt><pt><x>651</x><y>263</y></pt><pt><x>654</x><y>269</y></pt><pt><x>664</x><y>274</y></pt><pt><x>627</x><y>417</y></pt><pt><x>537</x><y>437</y></pt><pt><x>524</x><y>460</y></pt><pt><x>528</x><y>507</y></pt><pt><x>521</x><y>504</y></pt><pt><x>509</x><y>507</y></pt><pt><x>498</x><y>504</y></pt><pt><x>498</x><y>501</y></pt><pt><x>472</x><y>517</y></pt><pt><x>461</x><y>527</y></pt><pt><x>456</x><y>535</y></pt><pt><x>453</x><y>543</y></pt><pt><x>452</x><y>552</y></pt><pt><x>453</x><y>559</y></pt><pt><x>452</x><y>563</y></pt><pt><x>443</x><y>566</y></pt><pt><x>437</x><y>566</y></pt><pt><x>429</x><y>566</y></pt><pt><x>425</x><y>554</y></pt><pt><x>431</x><y>549</y></pt><pt><x>437</x><y>544</y></pt><pt><x>441</x><y>540</y></pt><pt><x>449</x><y>531</y></pt><pt><x>465</x><y>513</y></pt><pt><x>478</x><y>503</y></pt><pt><x>489</x><y>499</y></pt><pt><x>496</x><y>497</y></pt><pt><x>497</x><y>493</y></pt><pt><x>491</x><y>490</y></pt><pt><x>477</x><y>493</y></pt><pt><x>470</x><y>492</y></pt><pt><x>465</x><y>491</y></pt><pt><x>455</x><y>492</y></pt><pt><x>441</x><y>501</y></pt><pt><x>433</x><y>512</y></pt><pt><x>430</x><y>521</y></pt><pt><x>424</x><y>539</y></pt><pt><x>425</x><y>550</y></pt><pt><x>421</x><y>554</y></pt><pt><x>410</x><y>554</y></pt><pt><x>402</x><y>554</y></pt><pt><x>397</x><y>554</y></pt><pt><x>395</x><y>547</y></pt><pt><x>400</x><y>542</y></pt><pt><x>407</x><y>540</y></pt><pt><x>411</x><y>533</y></pt><pt><x>415</x><y>525</y></pt><pt><x>421</x><y>515</y></pt><pt><x>427</x><y>505</y></pt><pt><x>433</x><y>499</y></pt><pt><x>443</x><y>492</y></pt><pt><x>453</x><y>487</y></pt><pt><x>461</x><y>484</y></pt><pt><x>463</x><y>469</y></pt><pt><x>449</x><y>461</y></pt><pt><x>433</x><y>449</y></pt><pt><x>424</x><y>436</y></pt><pt><x>417</x><y>424</y></pt><pt><x>411</x><y>417</y></pt><pt><x>409</x><y>409</y></pt><pt><x>408</x><y>397</y></pt><pt><x>399</x><y>396</y></pt><pt><x>396</x><y>397</y></pt><pt><x>385</x><y>413</y></pt><pt><x>369</x><y>427</y></pt><pt><x>347</x><y>438</y></pt><pt><x>345</x><y>449</y></pt><pt><x>361</x><y>457</y></pt><pt><x>376</x><y>472</y></pt><pt><x>383</x><y>485</y></pt><pt><x>381</x><y>489</y></pt><pt><x>375</x><y>477</y></pt><pt><x>364</x><y>466</y></pt><pt><x>355</x><y>462</y></pt><pt><x>344</x><y>458</y></pt><pt><x>338</x><y>457</y></pt><pt><x>318</x><y>457</y></pt><pt><x>306</x><y>458</y></pt><pt><x>281</x><y>480</y></pt><pt><x>276</x><y>489</y></pt><pt><x>276</x><y>495</y></pt><pt><x>273</x><y>501</y></pt><pt><x>268</x><y>499</y></pt><pt><x>263</x><y>497</y></pt><pt><x>262</x><y>495</y></pt><pt><x>266</x><y>492</y></pt><pt><x>270</x><y>484</y></pt><pt><x>276</x><y>475</y></pt><pt><x>304</x><y>453</y></pt><pt><x>310</x><y>448</y></pt><pt><x>312</x><y>437</y></pt><pt><x>219</x><y>425</y></pt><pt><x>212</x><y>424</y></pt><pt><x>203</x><y>425</y></pt><pt><x>194</x><y>426</y></pt><pt><x>188</x><y>428</y></pt><pt><x>180</x><y>428</y></pt><pt><x>172</x><y>437</y></pt><pt><x>163</x><y>445</y></pt><pt><x>159</x><y>453</y></pt><pt><x>158</x><y>459</y></pt><pt><x>160</x><y>470</y></pt><pt><x>139</x><y>474</y></pt><pt><x>141</x><y>466</y></pt><pt><x>144</x><y>461</y></pt><pt><x>147</x><y>459</y></pt><pt><x>153</x><y>448</y></pt><pt><x>158</x><y>439</y></pt><pt><x>163</x><y>433</y></pt><pt><x>168</x><y>427</y></pt><pt><x>174</x><y>425</y></pt><pt><x>165</x><y>424</y></pt><pt><x>159</x><y>425</y></pt><pt><x>153</x><y>425</y></pt><pt><x>143</x><y>432</y></pt><pt><x>137</x><y>438</y></pt><pt><x>131</x><y>445</y></pt><pt><x>126</x><y>453</y></pt><pt><x>128</x><y>457</y></pt><pt><x>129</x><y>461</y></pt><pt><x>125</x><y>465</y></pt><pt><x>121</x><y>467</y></pt><pt><x>118</x><y>467</y></pt><pt><x>115</x><y>463</y></pt><pt><x>115</x><y>459</y></pt><pt><x>118</x><y>454</y></pt><pt><x>121</x><y>451</y></pt><pt><x>125</x><y>440</y></pt><pt><x>132</x><y>432</y></pt><pt><x>143</x><y>423</y></pt><pt><x>155</x><y>417</y></pt><pt><x>159</x><y>414</y></pt><pt><x>157</x><y>412</y></pt><pt><x>2</x><y>394</y></pt><pt><x>2</x><y>232</y></pt><pt><x>244</x><y>242</y></pt><pt><x>250</x><y>236</y></pt><pt><x>253</x><y>235</y></pt><pt><x>259</x><y>239</y></pt><pt><x>261</x><y>244</y></pt><pt><x>262</x><y>248</y></pt><pt><x>270</x><y>252</y></pt><pt><x>273</x><y>253</y></pt><pt><x>271</x><y>260</y></pt><pt><x>266</x><y>264</y></pt><pt><x>259</x><y>264</y></pt><pt><x>253</x><y>280</y></pt><pt><x>243</x><y>312</y></pt><pt><x>252</x><y>312</y></pt><pt><x>261</x><y>304</y></pt><pt><x>268</x><y>297</y></pt><pt><x>271</x><y>288</y></pt><pt><x>272</x><y>279</y></pt><pt><x>276</x><y>269</y></pt><pt><x>280</x><y>260</y></pt><pt><x>284</x><y>253</y></pt><pt><x>288</x><y>244</y></pt></polygon></object><object><name>newspaper</name><deleted>0</deleted><verified>0</verified><date>15-Jul-2012 18:45:54</date><id>2</id><polygon><username>sandy</username><pt><x>107</x><y>179</y></pt><pt><x>170</x><y>231</y></pt><pt><x>133</x><y>265</y></pt><pt><x>69</x><y>215</y></pt><pt><x>91</x><y>187</y></pt></polygon></object><object><name>newspaper</name><deleted>0</deleted><verified>0</verified><date>15-Jul-2012 18:45:54</date><id>3</id><polygon><username>sandy</username><pt><x>51</x><y>276</y></pt><pt><x>134</x><y>286</y></pt><pt><x>136</x><y>277</y></pt><pt><x>50</x><y>261</y></pt></polygon></object><object><name>laptop</name><deleted>0</deleted><verified>0</verified><date>15-Jul-2012 18:45:54</date><id>4</id><polygon><username>sandy</username><pt><x>401</x><y>312</y></pt><pt><x>472</x><y>288</y></pt><pt><x>471</x><y>279</y></pt><pt><x>432</x><y>282</y></pt><pt><x>398</x><y>296</y></pt><pt><x>359</x><y>243</y></pt><pt><x>356</x><y>234</y></pt><pt><x>320</x><y>239</y></pt><pt><x>318</x><y>240</y></pt><pt><x>364</x><y>308</y></pt></polygon></object><object><name>man</name><deleted>0</deleted><verified>0</verified><date>15-Jul-2012 18:45:54</date><id>5</id><polygon><username>sandy</username><pt><x>732</x><y>58</y></pt><pt><x>735</x><y>91</y></pt><pt><x>735</x><y>126</y></pt><pt><x>746</x><y>127</y></pt><pt><x>754</x><y>132</y></pt><pt><x>762</x><y>135</y></pt><pt><x>787</x><y>155</y></pt><pt><x>799</x><y>163</y></pt><pt><x>797</x><y>578</y></pt><pt><x>770</x><y>581</y></pt><pt><x>756</x><y>584</y></pt><pt><x>743</x><y>586</y></pt><pt><x>692</x><y>598</y></pt><pt><x>673</x><y>564</y></pt><pt><x>661</x><y>559</y></pt><pt><x>678</x><y>599</y></pt><pt><x>562</x><y>598</y></pt><pt><x>540</x><y>540</y></pt><pt><x>529</x><y>509</y></pt><pt><x>523</x><y>457</y></pt><pt><x>524</x><y>445</y></pt><pt><x>528</x><y>437</y></pt><pt><x>538</x><y>429</y></pt><pt><x>557</x><y>423</y></pt><pt><x>571</x><y>417</y></pt><pt><x>628</x><y>417</y></pt><pt><x>614</x><y>396</y></pt><pt><x>598</x><y>367</y></pt><pt><x>585</x><y>322</y></pt><pt><x>573</x><y>278</y></pt><pt><x>559</x><y>248</y></pt><pt><x>554</x><y>234</y></pt><pt><x>550</x><y>223</y></pt><pt><x>550</x><y>215</y></pt><pt><x>555</x><y>214</y></pt><pt><x>560</x><y>209</y></pt><pt><x>565</x><y>205</y></pt><pt><x>569</x><y>201</y></pt><pt><x>573</x><y>196</y></pt><pt><x>574</x><y>189</y></pt><pt><x>578</x><y>183</y></pt><pt><x>586</x><y>179</y></pt><pt><x>591</x><y>183</y></pt><pt><x>600</x><y>180</y></pt><pt><x>598</x><y>171</y></pt><pt><x>595</x><y>164</y></pt><pt><x>593</x><y>158</y></pt><pt><x>590</x><y>151</y></pt><pt><x>587</x><y>148</y></pt><pt><x>587</x><y>139</y></pt><pt><x>578</x><y>134</y></pt><pt><x>578</x><y>129</y></pt><pt><x>580</x><y>124</y></pt><pt><x>586</x><y>111</y></pt><pt><x>582</x><y>105</y></pt><pt><x>577</x><y>100</y></pt><pt><x>578</x><y>96</y></pt><pt><x>579</x><y>88</y></pt><pt><x>579</x><y>83</y></pt><pt><x>577</x><y>75</y></pt><pt><x>574</x><y>70</y></pt><pt><x>577</x><y>52</y></pt><pt><x>582</x><y>42</y></pt><pt><x>607</x><y>21</y></pt><pt><x>626</x><y>13</y></pt><pt><x>647</x><y>10</y></pt><pt><x>662</x><y>9</y></pt><pt><x>666</x><y>6</y></pt><pt><x>679</x><y>10</y></pt><pt><x>691</x><y>13</y></pt><pt><x>706</x><y>18</y></pt><pt><x>717</x><y>25</y></pt><pt><x>728</x><y>37</y></pt></polygon></object><object><name>phone</name><deleted>0</deleted><verified>0</verified><date>15-Jul-2012 18:45:54</date><id>6</id><polygon><username>sandy</username><pt><x>511</x><y>154</y></pt><pt><x>500</x><y>172</y></pt><pt><x>509</x><y>179</y></pt><pt><x>520</x><y>159</y></pt></polygon></object><object><name>sunglasses</name><deleted>0</deleted><verified>0</verified><date>15-Jul-2012 18:45:54</date><id>7</id><polygon><username>sandy</username><pt><x>475</x><y>148</y></pt><pt><x>478</x><y>152</y></pt><pt><x>485</x><y>147</y></pt><pt><x>492</x><y>149</y></pt><pt><x>505</x><y>143</y></pt><pt><x>509</x><y>147</y></pt><pt><x>493</x><y>154</y></pt><pt><x>492</x><y>159</y></pt><pt><x>489</x><y>162</y></pt><pt><x>485</x><y>163</y></pt><pt><x>481</x><y>160</y></pt><pt><x>479</x><y>159</y></pt><pt><x>475</x><y>163</y></pt><pt><x>472</x><y>157</y></pt></polygon></object><object><name>bottle</name><deleted>0</deleted><verified>0</verified><date>15-Jul-2012 18:45:54</date><id>8</id><polygon><username>sandy</username><pt><x>511</x><y>529</y></pt><pt><x>518</x><y>534</y></pt><pt><x>517</x><y>541</y></pt><pt><x>515</x><y>547</y></pt><pt><x>510</x><y>550</y></pt><pt><x>467</x><y>559</y></pt><pt><x>458</x><y>554</y></pt><pt><x>457</x><y>552</y></pt><pt><x>449</x><y>550</y></pt><pt><x>449</x><y>545</y></pt><pt><x>451</x><y>540</y></pt><pt><x>456</x><y>538</y></pt><pt><x>460</x><y>538</y></pt><pt><x>462</x><y>534</y></pt><pt><x>499</x><y>528</y></pt></polygon></object><object><name>highheels</name><deleted>0</deleted><verified>0</verified><date>15-Jul-2012 18:45:54</date><id>9</id><polygon><username>sandy</username><pt><x>178</x><y>441</y></pt><pt><x>195</x><y>442</y></pt><pt><x>254</x><y>437</y></pt><pt><x>255</x><y>452</y></pt><pt><x>252</x><y>457</y></pt><pt><x>248</x><y>461</y></pt><pt><x>246</x><y>461</y></pt><pt><x>233</x><y>485</y></pt><pt><x>228</x><y>484</y></pt><pt><x>237</x><y>463</y></pt><pt><x>223</x><y>463</y></pt><pt><x>214</x><y>465</y></pt><pt><x>209</x><y>469</y></pt><pt><x>203</x><y>473</y></pt><pt><x>198</x><y>474</y></pt><pt><x>188</x><y>469</y></pt><pt><x>175</x><y>457</y></pt><pt><x>172</x><y>453</y></pt><pt><x>172</x><y>446</y></pt></polygon></object><object><name>highheels</name><deleted>0</deleted><verified>0</verified><date>15-Jul-2012 18:45:54</date><id>10</id><polygon><username>sandy</username><pt><x>310</x><y>490</y></pt><pt><x>316</x><y>501</y></pt><pt><x>317</x><y>508</y></pt><pt><x>314</x><y>515</y></pt><pt><x>313</x><y>517</y></pt><pt><x>310</x><y>544</y></pt><pt><x>304</x><y>544</y></pt><pt><x>305</x><y>517</y></pt><pt><x>292</x><y>522</y></pt><pt><x>284</x><y>532</y></pt><pt><x>280</x><y>540</y></pt><pt><x>275</x><y>546</y></pt><pt><x>244</x><y>548</y></pt><pt><x>240</x><y>541</y></pt><pt><x>242</x><y>536</y></pt><pt><x>243</x><y>531</y></pt><pt><x>247</x><y>527</y></pt><pt><x>253</x><y>526</y></pt><pt><x>259</x><y>528</y></pt><pt><x>264</x><y>528</y></pt></polygon></object><object><name>people</name><deleted>0</deleted><verified>0</verified><date>15-Jul-2012 18:45:54</date><id>11</id><polygon><username>sandy</username><pt><x>409</x><y>99</y></pt><pt><x>411</x><y>111</y></pt><pt><x>419</x><y>116</y></pt><pt><x>423</x><y>121</y></pt><pt><x>422</x><y>144</y></pt><pt><x>417</x><y>152</y></pt><pt><x>410</x><y>161</y></pt><pt><x>389</x><y>164</y></pt><pt><x>387</x><y>131</y></pt><pt><x>391</x><y>122</y></pt><pt><x>394</x><y>120</y></pt><pt><x>391</x><y>98</y></pt></polygon></object><object><name>people</name><deleted>0</deleted><verified>0</verified><date>15-Jul-2012 18:45:54</date><id>12</id><polygon><username>sandy</username><pt><x>461</x><y>108</y></pt><pt><x>475</x><y>107</y></pt><pt><x>476</x><y>114</y></pt><pt><x>475</x><y>128</y></pt><pt><x>475</x><y>131</y></pt><pt><x>477</x><y>159</y></pt><pt><x>458</x><y>157</y></pt><pt><x>448</x><y>131</y></pt><pt><x>453</x><y>125</y></pt><pt><x>458</x><y>123</y></pt><pt><x>459</x><y>122</y></pt></polygon></object><object><name>people</name><deleted>0</deleted><verified>0</verified><date>15-Jul-2012 18:45:54</date><id>13</id><polygon><username>sandy</username><pt><x>442</x><y>147</y></pt><pt><x>442</x><y>139</y></pt><pt><x>447</x><y>135</y></pt><pt><x>454</x><y>137</y></pt><pt><x>459</x><y>139</y></pt><pt><x>464</x><y>147</y></pt><pt><x>458</x><y>153</y></pt><pt><x>454</x><y>158</y></pt><pt><x>454</x><y>161</y></pt><pt><x>456</x><y>176</y></pt><pt><x>460</x><y>198</y></pt><pt><x>411</x><y>187</y></pt><pt><x>421</x><y>166</y></pt><pt><x>427</x><y>159</y></pt><pt><x>432</x><y>155</y></pt><pt><x>436</x><y>153</y></pt></polygon></object><object><name>people</name><deleted>0</deleted><verified>0</verified><date>15-Jul-2012 18:45:54</date><id>14</id><polygon><username>sandy</username><pt><x>369</x><y>130</y></pt><pt><x>382</x><y>129</y></pt><pt><x>387</x><y>139</y></pt><pt><x>383</x><y>151</y></pt><pt><x>383</x><y>155</y></pt><pt><x>394</x><y>175</y></pt><pt><x>405</x><y>187</y></pt><pt><x>412</x><y>188</y></pt><pt><x>427</x><y>215</y></pt><pt><x>396</x><y>213</y></pt><pt><x>362</x><y>189</y></pt><pt><x>357</x><y>176</y></pt><pt><x>356</x><y>170</y></pt><pt><x>356</x><y>163</y></pt><pt><x>356</x><y>157</y></pt><pt><x>360</x><y>152</y></pt><pt><x>361</x><y>149</y></pt><pt><x>363</x><y>146</y></pt><pt><x>362</x><y>140</y></pt></polygon></object><object><name>people</name><deleted>0</deleted><verified>0</verified><date>15-Jul-2012 18:45:54</date><id>15</id><polygon><username>sandy</username><pt><x>104</x><y>58</y></pt><pt><x>116</x><y>59</y></pt><pt><x>122</x><y>60</y></pt><pt><x>123</x><y>67</y></pt><pt><x>122</x><y>93</y></pt><pt><x>130</x><y>96</y></pt><pt><x>140</x><y>105</y></pt><pt><x>142</x><y>120</y></pt><pt><x>152</x><y>162</y></pt><pt><x>156</x><y>175</y></pt><pt><x>140</x><y>181</y></pt><pt><x>139</x><y>178</y></pt><pt><x>138</x><y>171</y></pt><pt><x>136</x><y>143</y></pt><pt><x>131</x><y>123</y></pt><pt><x>129</x><y>141</y></pt><pt><x>131</x><y>158</y></pt><pt><x>131</x><y>190</y></pt><pt><x>91</x><y>187</y></pt><pt><x>87</x><y>159</y></pt><pt><x>89</x><y>149</y></pt><pt><x>92</x><y>123</y></pt><pt><x>85</x><y>126</y></pt><pt><x>83</x><y>138</y></pt><pt><x>79</x><y>147</y></pt><pt><x>76</x><y>155</y></pt><pt><x>73</x><y>157</y></pt><pt><x>68</x><y>158</y></pt><pt><x>66</x><y>157</y></pt><pt><x>63</x><y>156</y></pt><pt><x>60</x><y>152</y></pt><pt><x>60</x><y>148</y></pt><pt><x>63</x><y>145</y></pt><pt><x>67</x><y>131</y></pt><pt><x>80</x><y>115</y></pt><pt><x>83</x><y>101</y></pt><pt><x>87</x><y>95</y></pt><pt><x>95</x><y>93</y></pt><pt><x>103</x><y>91</y></pt><pt><x>101</x><y>83</y></pt><pt><x>99</x><y>79</y></pt><pt><x>100</x><y>73</y></pt><pt><x>100</x><y>66</y></pt></polygon></object><object><name>people</name><deleted>0</deleted><verified>0</verified><date>15-Jul-2012 18:45:54</date><id>16</id><polygon><username>sandy</username><pt><x>179</x><y>79</y></pt><pt><x>191</x><y>78</y></pt><pt><x>192</x><y>82</y></pt><pt><x>196</x><y>87</y></pt><pt><x>194</x><y>102</y></pt><pt><x>194</x><y>106</y></pt><pt><x>196</x><y>108</y></pt><pt><x>202</x><y>111</y></pt><pt><x>207</x><y>115</y></pt><pt><x>208</x><y>117</y></pt><pt><x>215</x><y>116</y></pt><pt><x>221</x><y>122</y></pt><pt><x>227</x><y>123</y></pt><pt><x>233</x><y>124</y></pt><pt><x>238</x><y>123</y></pt><pt><x>244</x><y>127</y></pt><pt><x>245</x><y>136</y></pt><pt><x>248</x><y>138</y></pt><pt><x>247</x><y>128</y></pt><pt><x>248</x><y>124</y></pt><pt><x>252</x><y>121</y></pt><pt><x>258</x><y>119</y></pt><pt><x>264</x><y>122</y></pt><pt><x>268</x><y>127</y></pt><pt><x>268</x><y>135</y></pt><pt><x>268</x><y>140</y></pt><pt><x>268</x><y>147</y></pt><pt><x>268</x><y>158</y></pt><pt><x>266</x><y>167</y></pt><pt><x>269</x><y>173</y></pt><pt><x>272</x><y>180</y></pt><pt><x>282</x><y>188</y></pt><pt><x>287</x><y>196</y></pt><pt><x>284</x><y>203</y></pt><pt><x>275</x><y>209</y></pt><pt><x>262</x><y>207</y></pt><pt><x>159</x><y>203</y></pt><pt><x>159</x><y>179</y></pt><pt><x>163</x><y>113</y></pt><pt><x>169</x><y>111</y></pt><pt><x>175</x><y>111</y></pt><pt><x>175</x><y>104</y></pt><pt><x>173</x><y>98</y></pt><pt><x>171</x><y>89</y></pt></polygon></object><object><name>man</name><deleted>0</deleted><verified>0</verified><date>15-Jul-2012 18:45:54</date><id>17</id><polygon><username>sandy</username><pt><x>215</x><y>171</y></pt><pt><x>223</x><y>179</y></pt><pt><x>241</x><y>191</y></pt><pt><x>249</x><y>212</y></pt><pt><x>250</x><y>252</y></pt><pt><x>240</x><y>272</y></pt><pt><x>228</x><y>284</y></pt><pt><x>221</x><y>294</y></pt><pt><x>209</x><y>323</y></pt><pt><x>214</x><y>348</y></pt><pt><x>171</x><y>338</y></pt><pt><x>121</x><y>338</y></pt><pt><x>83</x><y>352</y></pt><pt><x>74</x><y>352</y></pt><pt><x>66</x><y>361</y></pt><pt><x>67</x><y>381</y></pt><pt><x>63</x><y>431</y></pt><pt><x>66</x><y>451</y></pt><pt><x>70</x><y>461</y></pt><pt><x>70</x><y>467</y></pt><pt><x>66</x><y>466</y></pt><pt><x>42</x><y>469</y></pt><pt><x>38</x><y>466</y></pt><pt><x>21</x><y>469</y></pt><pt><x>2</x><y>469</y></pt><pt><x>2</x><y>453</y></pt><pt><x>12</x><y>447</y></pt><pt><x>34</x><y>433</y></pt><pt><x>11</x><y>427</y></pt><pt><x>21</x><y>360</y></pt><pt><x>10</x><y>372</y></pt><pt><x>2</x><y>387</y></pt><pt><x>2</x><y>333</y></pt><pt><x>19</x><y>292</y></pt><pt><x>30</x><y>271</y></pt><pt><x>62</x><y>258</y></pt><pt><x>103</x><y>271</y></pt><pt><x>107</x><y>266</y></pt><pt><x>99</x><y>262</y></pt><pt><x>91</x><y>258</y></pt><pt><x>89</x><y>256</y></pt><pt><x>86</x><y>252</y></pt><pt><x>90</x><y>244</y></pt><pt><x>95</x><y>241</y></pt><pt><x>105</x><y>241</y></pt><pt><x>119</x><y>244</y></pt><pt><x>140</x><y>250</y></pt><pt><x>155</x><y>242</y></pt><pt><x>148</x><y>237</y></pt><pt><x>141</x><y>236</y></pt><pt><x>137</x><y>232</y></pt><pt><x>134</x><y>228</y></pt><pt><x>131</x><y>212</y></pt><pt><x>133</x><y>207</y></pt><pt><x>144</x><y>207</y></pt><pt><x>155</x><y>210</y></pt><pt><x>159</x><y>215</y></pt><pt><x>167</x><y>203</y></pt><pt><x>179</x><y>196</y></pt><pt><x>175</x><y>194</y></pt><pt><x>169</x><y>190</y></pt><pt><x>163</x><y>177</y></pt><pt><x>159</x><y>179</y></pt><pt><x>152</x><y>167</y></pt><pt><x>147</x><y>162</y></pt><pt><x>146</x><y>155</y></pt><pt><x>145</x><y>147</y></pt><pt><x>149</x><y>139</y></pt><pt><x>152</x><y>130</y></pt><pt><x>159</x><y>124</y></pt><pt><x>172</x><y>123</y></pt><pt><x>184</x><y>121</y></pt><pt><x>192</x><y>123</y></pt><pt><x>200</x><y>131</y></pt><pt><x>205</x><y>140</y></pt><pt><x>206</x><y>150</y></pt><pt><x>207</x><y>159</y></pt></polygon></object><object><name>woman</name><deleted>0</deleted><verified>0</verified><date>15-Jul-2012 18:45:54</date><id>18</id><polygon><username>sandy</username><pt><x>309</x><y>373</y></pt><pt><x>328</x><y>385</y></pt><pt><x>347</x><y>386</y></pt><pt><x>360</x><y>385</y></pt><pt><x>370</x><y>385</y></pt><pt><x>402</x><y>385</y></pt><pt><x>438</x><y>385</y></pt><pt><x>473</x><y>390</y></pt><pt><x>479</x><y>390</y></pt><pt><x>488</x><y>383</y></pt><pt><x>496</x><y>364</y></pt><pt><x>504</x><y>353</y></pt><pt><x>510</x><y>334</y></pt><pt><x>521</x><y>323</y></pt><pt><x>534</x><y>296</y></pt><pt><x>540</x><y>284</y></pt><pt><x>557</x><y>256</y></pt><pt><x>555</x><y>215</y></pt><pt><x>547</x><y>199</y></pt><pt><x>544</x><y>194</y></pt><pt><x>547</x><y>182</y></pt><pt><x>554</x><y>163</y></pt><pt><x>549</x><y>128</y></pt><pt><x>538</x><y>110</y></pt><pt><x>531</x><y>103</y></pt><pt><x>521</x><y>100</y></pt><pt><x>503</x><y>103</y></pt><pt><x>484</x><y>114</y></pt><pt><x>475</x><y>119</y></pt><pt><x>472</x><y>127</y></pt><pt><x>474</x><y>139</y></pt><pt><x>473</x><y>146</y></pt><pt><x>476</x><y>155</y></pt><pt><x>475</x><y>163</y></pt><pt><x>475</x><y>170</y></pt><pt><x>479</x><y>175</y></pt><pt><x>482</x><y>180</y></pt><pt><x>479</x><y>198</y></pt><pt><x>458</x><y>232</y></pt><pt><x>454</x><y>236</y></pt><pt><x>421</x><y>231</y></pt><pt><x>413</x><y>229</y></pt><pt><x>409</x><y>219</y></pt><pt><x>405</x><y>216</y></pt><pt><x>399</x><y>214</y></pt><pt><x>394</x><y>212</y></pt><pt><x>389</x><y>213</y></pt><pt><x>385</x><y>214</y></pt><pt><x>381</x><y>217</y></pt><pt><x>377</x><y>222</y></pt><pt><x>372</x><y>226</y></pt><pt><x>371</x><y>231</y></pt><pt><x>378</x><y>234</y></pt><pt><x>389</x><y>236</y></pt><pt><x>397</x><y>238</y></pt><pt><x>412</x><y>245</y></pt><pt><x>445</x><y>253</y></pt><pt><x>443</x><y>270</y></pt><pt><x>442</x><y>277</y></pt><pt><x>447</x><y>284</y></pt><pt><x>400</x><y>308</y></pt><pt><x>365</x><y>303</y></pt><pt><x>339</x><y>293</y></pt><pt><x>304</x><y>287</y></pt><pt><x>295</x><y>289</y></pt><pt><x>288</x><y>293</y></pt><pt><x>282</x><y>301</y></pt><pt><x>261</x><y>337</y></pt><pt><x>253</x><y>367</y></pt><pt><x>236</x><y>403</y></pt><pt><x>222</x><y>425</y></pt><pt><x>203</x><y>441</y></pt><pt><x>196</x><y>445</y></pt><pt><x>187</x><y>444</y></pt><pt><x>182</x><y>444</y></pt><pt><x>176</x><y>445</y></pt><pt><x>174</x><y>446</y></pt><pt><x>174</x><y>452</y></pt><pt><x>175</x><y>457</y></pt><pt><x>182</x><y>462</y></pt><pt><x>190</x><y>469</y></pt><pt><x>196</x><y>473</y></pt><pt><x>202</x><y>471</y></pt><pt><x>209</x><y>467</y></pt><pt><x>218</x><y>464</y></pt><pt><x>228</x><y>464</y></pt><pt><x>239</x><y>464</y></pt><pt><x>248</x><y>460</y></pt><pt><x>252</x><y>454</y></pt><pt><x>250</x><y>445</y></pt><pt><x>250</x><y>437</y></pt><pt><x>252</x><y>431</y></pt><pt><x>256</x><y>423</y></pt><pt><x>261</x><y>413</y></pt><pt><x>268</x><y>403</y></pt><pt><x>276</x><y>445</y></pt><pt><x>277</x><y>483</y></pt><pt><x>272</x><y>501</y></pt><pt><x>258</x><y>530</y></pt><pt><x>255</x><y>528</y></pt><pt><x>252</x><y>529</y></pt><pt><x>248</x><y>530</y></pt><pt><x>246</x><y>532</y></pt><pt><x>244</x><y>539</y></pt><pt><x>244</x><y>545</y></pt><pt><x>252</x><y>546</y></pt><pt><x>263</x><y>546</y></pt><pt><x>269</x><y>546</y></pt><pt><x>274</x><y>543</y></pt><pt><x>280</x><y>538</y></pt><pt><x>288</x><y>525</y></pt><pt><x>295</x><y>519</y></pt><pt><x>302</x><y>516</y></pt><pt><x>312</x><y>514</y></pt><pt><x>315</x><y>510</y></pt><pt><x>315</x><y>504</y></pt><pt><x>309</x><y>497</y></pt><pt><x>308</x><y>492</y></pt><pt><x>307</x><y>461</y></pt><pt><x>312</x><y>420</y></pt><pt><x>314</x><y>405</y></pt><pt><x>314</x><y>397</y></pt><pt><x>312</x><y>392</y></pt><pt><x>309</x><y>385</y></pt></polygon></object><object><name>fence</name><deleted>0</deleted><verified>0</verified><date>15-Jul-2012 18:45:54</date><id>19</id><polygon><username>sandy</username><pt><x>2</x><y>86</y></pt><pt><x>358</x><y>104</y></pt><pt><x>573</x><y>111</y></pt><pt><x>776</x><y>118</y></pt><pt><x>776</x><y>210</y></pt><pt><x>2</x><y>201</y></pt></polygon></object><object><name>tree</name><deleted>0</deleted><verified>0</verified><date>15-Jul-2012 18:45:54</date><id>20</id><polygon><username>sandy</username><pt><x>2</x><y>0</y></pt><pt><x>798</x><y>2</y></pt><pt><x>797</x><y>104</y></pt><pt><x>789</x><y>89</y></pt><pt><x>776</x><y>111</y></pt><pt><x>763</x><y>120</y></pt><pt><x>755</x><y>125</y></pt><pt><x>587</x><y>178</y></pt><pt><x>571</x><y>181</y></pt><pt><x>558</x><y>161</y></pt><pt><x>554</x><y>148</y></pt><pt><x>563</x><y>134</y></pt><pt><x>552</x><y>111</y></pt><pt><x>539</x><y>103</y></pt><pt><x>536</x><y>97</y></pt><pt><x>532</x><y>88</y></pt><pt><x>537</x><y>72</y></pt><pt><x>537</x><y>61</y></pt><pt><x>525</x><y>60</y></pt><pt><x>512</x><y>72</y></pt><pt><x>494</x><y>82</y></pt><pt><x>487</x><y>100</y></pt><pt><x>485</x><y>108</y></pt><pt><x>474</x><y>113</y></pt><pt><x>461</x><y>100</y></pt><pt><x>447</x><y>94</y></pt><pt><x>440</x><y>93</y></pt><pt><x>449</x><y>87</y></pt><pt><x>449</x><y>78</y></pt><pt><x>439</x><y>80</y></pt><pt><x>429</x><y>84</y></pt><pt><x>424</x><y>77</y></pt><pt><x>413</x><y>63</y></pt><pt><x>404</x><y>65</y></pt><pt><x>388</x><y>69</y></pt><pt><x>359</x><y>73</y></pt><pt><x>340</x><y>81</y></pt><pt><x>334</x><y>90</y></pt><pt><x>330</x><y>110</y></pt><pt><x>316</x><y>158</y></pt><pt><x>341</x><y>235</y></pt><pt><x>305</x><y>242</y></pt><pt><x>282</x><y>176</y></pt><pt><x>279</x><y>149</y></pt><pt><x>230</x><y>49</y></pt><pt><x>214</x><y>64</y></pt><pt><x>207</x><y>68</y></pt><pt><x>202</x><y>77</y></pt><pt><x>190</x><y>76</y></pt><pt><x>186</x><y>69</y></pt><pt><x>171</x><y>61</y></pt><pt><x>166</x><y>54</y></pt><pt><x>157</x><y>47</y></pt><pt><x>144</x><y>57</y></pt><pt><x>139</x><y>69</y></pt><pt><x>138</x><y>85</y></pt><pt><x>137</x><y>95</y></pt><pt><x>123</x><y>98</y></pt><pt><x>107</x><y>92</y></pt><pt><x>103</x><y>84</y></pt><pt><x>105</x><y>72</y></pt><pt><x>106</x><y>59</y></pt><pt><x>112</x><y>45</y></pt><pt><x>117</x><y>31</y></pt><pt><x>122</x><y>23</y></pt><pt><x>119</x><y>17</y></pt><pt><x>96</x><y>17</y></pt><pt><x>82</x><y>15</y></pt><pt><x>65</x><y>13</y></pt><pt><x>54</x><y>14</y></pt><pt><x>40</x><y>25</y></pt><pt><x>36</x><y>34</y></pt><pt><x>35</x><y>45</y></pt><pt><x>43</x><y>45</y></pt><pt><x>57</x><y>49</y></pt><pt><x>54</x><y>57</y></pt><pt><x>43</x><y>65</y></pt><pt><x>35</x><y>72</y></pt><pt><x>31</x><y>80</y></pt><pt><x>31</x><y>90</y></pt><pt><x>32</x><y>108</y></pt><pt><x>37</x><y>120</y></pt><pt><x>39</x><y>133</y></pt><pt><x>33</x><y>139</y></pt><pt><x>28</x><y>123</y></pt><pt><x>17</x><y>112</y></pt><pt><x>5</x><y>103</y></pt><pt><x>4</x><y>100</y></pt></polygon></object><imagesize><nrows>600</nrows><ncols>800</ncols></imagesize></annotation>