<annotation><filename>p_park_bench.jpg</filename><folder>100images</folder><source><sourceImage>The MIT-CSAIL database of objects and scenes</sourceImage><sourceAnnotation>LabelMe Webtool</sourceAnnotation></source><object><name>bag</name><deleted>0</deleted><verified>0</verified><date>15-Jul-2012 16:17:31</date><id>0</id><polygon><username>sandy</username><pt><x>629</x><y>294</y></pt><pt><x>646</x><y>285</y></pt><pt><x>662</x><y>286</y></pt><pt><x>687</x><y>303</y></pt><pt><x>692</x><y>316</y></pt><pt><x>704</x><y>322</y></pt><pt><x>694</x><y>339</y></pt><pt><x>695</x><y>352</y></pt><pt><x>691</x><y>360</y></pt><pt><x>679</x><y>355</y></pt><pt><x>650</x><y>358</y></pt><pt><x>613</x><y>355</y></pt><pt><x>602</x><y>347</y></pt><pt><x>596</x><y>337</y></pt><pt><x>596</x><y>327</y></pt><pt><x>602</x><y>315</y></pt><pt><x>613</x><y>303</y></pt></polygon></object><object><name>bag</name><deleted>0</deleted><verified>0</verified><date>15-Jul-2012 16:17:31</date><id>1</id><polygon><username>sandy</username><pt><x>396</x><y>435</y></pt><pt><x>420</x><y>453</y></pt><pt><x>461</x><y>459</y></pt><pt><x>513</x><y>439</y></pt><pt><x>521</x><y>434</y></pt><pt><x>525</x><y>429</y></pt><pt><x>502</x><y>410</y></pt><pt><x>501</x><y>403</y></pt><pt><x>488</x><y>403</y></pt><pt><x>449</x><y>387</y></pt><pt><x>435</x><y>395</y></pt><pt><x>422</x><y>402</y></pt><pt><x>403</x><y>420</y></pt></polygon></object><object><name>bag</name><deleted>0</deleted><verified>0</verified><date>15-Jul-2012 16:17:31</date><id>2</id><polygon><username>sandy</username><pt><x>243</x><y>475</y></pt><pt><x>263</x><y>437</y></pt><pt><x>281</x><y>406</y></pt><pt><x>290</x><y>394</y></pt><pt><x>301</x><y>395</y></pt><pt><x>338</x><y>404</y></pt><pt><x>347</x><y>481</y></pt><pt><x>331</x><y>503</y></pt><pt><x>319</x><y>513</y></pt><pt><x>309</x><y>520</y></pt><pt><x>299</x><y>513</y></pt><pt><x>268</x><y>506</y></pt><pt><x>252</x><y>505</y></pt><pt><x>242</x><y>499</y></pt><pt><x>236</x><y>486</y></pt></polygon></object><object><name>bag</name><deleted>0</deleted><verified>0</verified><date>15-Jul-2012 16:17:31</date><id>3</id><polygon><username>sandy</username><pt><x>54</x><y>261</y></pt><pt><x>74</x><y>257</y></pt><pt><x>85</x><y>251</y></pt><pt><x>104</x><y>248</y></pt><pt><x>144</x><y>238</y></pt><pt><x>138</x><y>224</y></pt><pt><x>133</x><y>212</y></pt><pt><x>123</x><y>203</y></pt><pt><x>114</x><y>193</y></pt><pt><x>88</x><y>171</y></pt><pt><x>72</x><y>170</y></pt><pt><x>62</x><y>172</y></pt><pt><x>0</x><y>156</y></pt><pt><x>2</x><y>263</y></pt><pt><x>39</x><y>272</y></pt></polygon></object><object><name>man</name><deleted>0</deleted><verified>0</verified><date>15-Jul-2012 16:17:31</date><id>4</id><polygon><username>sandy</username><pt><x>494</x><y>139</y></pt><pt><x>533</x><y>139</y></pt><pt><x>550</x><y>146</y></pt><pt><x>558</x><y>151</y></pt><pt><x>585</x><y>153</y></pt><pt><x>607</x><y>165</y></pt><pt><x>627</x><y>169</y></pt><pt><x>640</x><y>178</y></pt><pt><x>646</x><y>191</y></pt><pt><x>647</x><y>202</y></pt><pt><x>642</x><y>206</y></pt><pt><x>625</x><y>220</y></pt><pt><x>632</x><y>251</y></pt><pt><x>622</x><y>259</y></pt><pt><x>618</x><y>264</y></pt><pt><x>613</x><y>265</y></pt><pt><x>605</x><y>264</y></pt><pt><x>599</x><y>258</y></pt><pt><x>599</x><y>252</y></pt><pt><x>593</x><y>252</y></pt><pt><x>587</x><y>253</y></pt><pt><x>588</x><y>273</y></pt><pt><x>601</x><y>297</y></pt><pt><x>605</x><y>309</y></pt><pt><x>598</x><y>345</y></pt><pt><x>579</x><y>329</y></pt><pt><x>547</x><y>317</y></pt><pt><x>513</x><y>335</y></pt><pt><x>497</x><y>356</y></pt><pt><x>488</x><y>362</y></pt><pt><x>487</x><y>460</y></pt><pt><x>475</x><y>472</y></pt><pt><x>483</x><y>500</y></pt><pt><x>475</x><y>528</y></pt><pt><x>467</x><y>541</y></pt><pt><x>454</x><y>548</y></pt><pt><x>439</x><y>549</y></pt><pt><x>428</x><y>549</y></pt><pt><x>421</x><y>543</y></pt><pt><x>420</x><y>538</y></pt><pt><x>424</x><y>533</y></pt><pt><x>430</x><y>507</y></pt><pt><x>443</x><y>468</y></pt><pt><x>441</x><y>464</y></pt><pt><x>439</x><y>371</y></pt><pt><x>431</x><y>338</y></pt><pt><x>402</x><y>363</y></pt><pt><x>387</x><y>367</y></pt><pt><x>380</x><y>374</y></pt><pt><x>383</x><y>385</y></pt><pt><x>385</x><y>413</y></pt><pt><x>387</x><y>457</y></pt><pt><x>380</x><y>474</y></pt><pt><x>383</x><y>497</y></pt><pt><x>390</x><y>523</y></pt><pt><x>396</x><y>538</y></pt><pt><x>385</x><y>545</y></pt><pt><x>362</x><y>542</y></pt><pt><x>336</x><y>550</y></pt><pt><x>319</x><y>552</y></pt><pt><x>282</x><y>547</y></pt><pt><x>285</x><y>528</y></pt><pt><x>316</x><y>512</y></pt><pt><x>347</x><y>493</y></pt><pt><x>342</x><y>477</y></pt><pt><x>331</x><y>477</y></pt><pt><x>334</x><y>443</y></pt><pt><x>325</x><y>408</y></pt><pt><x>327</x><y>357</y></pt><pt><x>332</x><y>342</y></pt><pt><x>356</x><y>319</y></pt><pt><x>374</x><y>301</y></pt><pt><x>382</x><y>277</y></pt><pt><x>383</x><y>262</y></pt><pt><x>396</x><y>246</y></pt><pt><x>401</x><y>231</y></pt><pt><x>410</x><y>218</y></pt><pt><x>411</x><y>207</y></pt><pt><x>426</x><y>177</y></pt><pt><x>437</x><y>174</y></pt><pt><x>440</x><y>156</y></pt><pt><x>433</x><y>146</y></pt><pt><x>429</x><y>140</y></pt><pt><x>428</x><y>132</y></pt><pt><x>430</x><y>124</y></pt><pt><x>440</x><y>117</y></pt><pt><x>448</x><y>108</y></pt><pt><x>457</x><y>101</y></pt><pt><x>468</x><y>99</y></pt><pt><x>476</x><y>105</y></pt><pt><x>487</x><y>121</y></pt></polygon></object><object><name>man</name><deleted>0</deleted><verified>0</verified><date>15-Jul-2012 16:17:31</date><id>5</id><polygon><username>sandy</username><pt><x>257</x><y>314</y></pt><pt><x>295</x><y>295</y></pt><pt><x>317</x><y>289</y></pt><pt><x>323</x><y>273</y></pt><pt><x>331</x><y>275</y></pt><pt><x>335</x><y>288</y></pt><pt><x>348</x><y>291</y></pt><pt><x>367</x><y>283</y></pt><pt><x>375</x><y>275</y></pt><pt><x>387</x><y>232</y></pt><pt><x>391</x><y>198</y></pt><pt><x>383</x><y>180</y></pt><pt><x>383</x><y>169</y></pt><pt><x>380</x><y>158</y></pt><pt><x>371</x><y>151</y></pt><pt><x>361</x><y>146</y></pt><pt><x>341</x><y>136</y></pt><pt><x>324</x><y>132</y></pt><pt><x>316</x><y>133</y></pt><pt><x>304</x><y>133</y></pt><pt><x>289</x><y>144</y></pt><pt><x>275</x><y>157</y></pt><pt><x>255</x><y>190</y></pt><pt><x>259</x><y>204</y></pt><pt><x>248</x><y>204</y></pt><pt><x>243</x><y>204</y></pt><pt><x>232</x><y>218</y></pt><pt><x>230</x><y>228</y></pt><pt><x>211</x><y>266</y></pt><pt><x>211</x><y>276</y></pt><pt><x>198</x><y>292</y></pt><pt><x>186</x><y>341</y></pt><pt><x>170</x><y>402</y></pt><pt><x>178</x><y>408</y></pt><pt><x>164</x><y>428</y></pt><pt><x>156</x><y>441</y></pt><pt><x>152</x><y>450</y></pt><pt><x>153</x><y>459</y></pt><pt><x>160</x><y>461</y></pt><pt><x>178</x><y>460</y></pt><pt><x>191</x><y>454</y></pt><pt><x>216</x><y>435</y></pt><pt><x>233</x><y>433</y></pt><pt><x>244</x><y>427</y></pt><pt><x>251</x><y>421</y></pt><pt><x>257</x><y>416</y></pt><pt><x>275</x><y>404</y></pt><pt><x>256</x><y>376</y></pt><pt><x>252</x><y>360</y></pt><pt><x>253</x><y>329</y></pt></polygon></object><object><name>bench</name><deleted>0</deleted><verified>0</verified><date>15-Jul-2012 16:17:31</date><id>6</id><polygon><username>sandy</username><pt><x>651</x><y>209</y></pt><pt><x>763</x><y>219</y></pt><pt><x>772</x><y>215</y></pt><pt><x>774</x><y>213</y></pt><pt><x>782</x><y>213</y></pt><pt><x>780</x><y>220</y></pt><pt><x>779</x><y>225</y></pt><pt><x>798</x><y>226</y></pt><pt><x>796</x><y>245</y></pt><pt><x>778</x><y>245</y></pt><pt><x>771</x><y>264</y></pt><pt><x>790</x><y>269</y></pt><pt><x>789</x><y>288</y></pt><pt><x>771</x><y>288</y></pt><pt><x>761</x><y>342</y></pt><pt><x>766</x><y>351</y></pt><pt><x>777</x><y>355</y></pt><pt><x>772</x><y>364</y></pt><pt><x>757</x><y>378</y></pt><pt><x>744</x><y>409</y></pt><pt><x>736</x><y>430</y></pt><pt><x>736</x><y>441</y></pt><pt><x>740</x><y>448</y></pt><pt><x>745</x><y>461</y></pt><pt><x>749</x><y>466</y></pt><pt><x>754</x><y>473</y></pt><pt><x>754</x><y>477</y></pt><pt><x>747</x><y>481</y></pt><pt><x>741</x><y>480</y></pt><pt><x>734</x><y>477</y></pt><pt><x>732</x><y>473</y></pt><pt><x>730</x><y>469</y></pt><pt><x>734</x><y>466</y></pt><pt><x>736</x><y>461</y></pt><pt><x>733</x><y>448</y></pt><pt><x>716</x><y>460</y></pt><pt><x>704</x><y>488</y></pt><pt><x>693</x><y>513</y></pt><pt><x>701</x><y>521</y></pt><pt><x>705</x><y>527</y></pt><pt><x>699</x><y>533</y></pt><pt><x>692</x><y>534</y></pt><pt><x>686</x><y>534</y></pt><pt><x>680</x><y>532</y></pt><pt><x>675</x><y>529</y></pt><pt><x>673</x><y>525</y></pt><pt><x>680</x><y>520</y></pt><pt><x>685</x><y>514</y></pt><pt><x>690</x><y>507</y></pt><pt><x>699</x><y>472</y></pt><pt><x>713</x><y>455</y></pt><pt><x>714</x><y>443</y></pt><pt><x>712</x><y>437</y></pt><pt><x>424</x><y>376</y></pt><pt><x>415</x><y>383</y></pt><pt><x>404</x><y>385</y></pt><pt><x>397</x><y>394</y></pt><pt><x>388</x><y>406</y></pt><pt><x>385</x><y>395</y></pt><pt><x>393</x><y>383</y></pt><pt><x>396</x><y>374</y></pt><pt><x>400</x><y>368</y></pt><pt><x>198</x><y>327</y></pt><pt><x>182</x><y>332</y></pt><pt><x>174</x><y>334</y></pt><pt><x>166</x><y>344</y></pt><pt><x>160</x><y>357</y></pt><pt><x>158</x><y>368</y></pt><pt><x>157</x><y>371</y></pt><pt><x>161</x><y>375</y></pt><pt><x>160</x><y>382</y></pt><pt><x>153</x><y>384</y></pt><pt><x>149</x><y>384</y></pt><pt><x>143</x><y>385</y></pt><pt><x>140</x><y>382</y></pt><pt><x>144</x><y>376</y></pt><pt><x>150</x><y>371</y></pt><pt><x>156</x><y>348</y></pt><pt><x>161</x><y>335</y></pt><pt><x>170</x><y>327</y></pt><pt><x>176</x><y>321</y></pt><pt><x>165</x><y>315</y></pt><pt><x>152</x><y>308</y></pt><pt><x>143</x><y>297</y></pt><pt><x>140</x><y>286</y></pt><pt><x>140</x><y>270</y></pt><pt><x>145</x><y>258</y></pt><pt><x>149</x><y>245</y></pt><pt><x>159</x><y>235</y></pt><pt><x>191</x><y>230</y></pt><pt><x>212</x><y>226</y></pt><pt><x>217</x><y>211</y></pt><pt><x>207</x><y>207</y></pt><pt><x>211</x><y>193</y></pt><pt><x>222</x><y>194</y></pt><pt><x>224</x><y>178</y></pt><pt><x>213</x><y>174</y></pt><pt><x>219</x><y>159</y></pt><pt><x>226</x><y>164</y></pt><pt><x>232</x><y>154</y></pt><pt><x>238</x><y>154</y></pt><pt><x>244</x><y>157</y></pt><pt><x>243</x><y>164</y></pt><pt><x>420</x><y>182</y></pt></polygon></object><object><name>bench</name><deleted>0</deleted><verified>0</verified><date>15-Jul-2012 16:17:31</date><id>7</id><polygon><username>sandy</username><pt><x>156</x><y>200</y></pt><pt><x>164</x><y>199</y></pt><pt><x>168</x><y>199</y></pt><pt><x>169</x><y>183</y></pt><pt><x>161</x><y>181</y></pt><pt><x>161</x><y>170</y></pt><pt><x>166</x><y>171</y></pt><pt><x>171</x><y>154</y></pt><pt><x>167</x><y>154</y></pt><pt><x>165</x><y>154</y></pt><pt><x>164</x><y>150</y></pt><pt><x>163</x><y>148</y></pt><pt><x>161</x><y>147</y></pt><pt><x>157</x><y>147</y></pt><pt><x>153</x><y>149</y></pt><pt><x>149</x><y>152</y></pt><pt><x>18</x><y>140</y></pt><pt><x>16</x><y>136</y></pt><pt><x>14</x><y>134</y></pt><pt><x>12</x><y>132</y></pt><pt><x>8</x><y>135</y></pt><pt><x>6</x><y>135</y></pt><pt><x>3</x><y>140</y></pt><pt><x>2</x><y>141</y></pt><pt><x>0</x><y>299</y></pt><pt><x>9</x><y>296</y></pt><pt><x>10</x><y>292</y></pt><pt><x>7</x><y>288</y></pt><pt><x>4</x><y>283</y></pt><pt><x>2</x><y>278</y></pt><pt><x>101</x><y>300</y></pt><pt><x>101</x><y>307</y></pt><pt><x>95</x><y>315</y></pt><pt><x>83</x><y>329</y></pt><pt><x>76</x><y>348</y></pt><pt><x>72</x><y>351</y></pt><pt><x>70</x><y>354</y></pt><pt><x>69</x><y>359</y></pt><pt><x>71</x><y>362</y></pt><pt><x>76</x><y>362</y></pt><pt><x>84</x><y>361</y></pt><pt><x>87</x><y>358</y></pt><pt><x>86</x><y>354</y></pt><pt><x>83</x><y>351</y></pt><pt><x>82</x><y>348</y></pt><pt><x>82</x><y>345</y></pt><pt><x>87</x><y>329</y></pt><pt><x>97</x><y>319</y></pt><pt><x>107</x><y>312</y></pt><pt><x>113</x><y>314</y></pt><pt><x>120</x><y>311</y></pt><pt><x>124</x><y>309</y></pt><pt><x>126</x><y>308</y></pt><pt><x>131</x><y>308</y></pt><pt><x>143</x><y>312</y></pt><pt><x>148</x><y>320</y></pt><pt><x>147</x><y>323</y></pt><pt><x>147</x><y>329</y></pt><pt><x>146</x><y>334</y></pt><pt><x>152</x><y>335</y></pt><pt><x>160</x><y>333</y></pt><pt><x>164</x><y>331</y></pt><pt><x>161</x><y>328</y></pt><pt><x>155</x><y>324</y></pt><pt><x>151</x><y>320</y></pt><pt><x>149</x><y>317</y></pt><pt><x>140</x><y>308</y></pt><pt><x>130</x><y>304</y></pt><pt><x>124</x><y>303</y></pt><pt><x>123</x><y>300</y></pt><pt><x>125</x><y>297</y></pt><pt><x>130</x><y>291</y></pt><pt><x>137</x><y>283</y></pt><pt><x>149</x><y>268</y></pt><pt><x>153</x><y>249</y></pt><pt><x>153</x><y>232</y></pt><pt><x>153</x><y>214</y></pt></polygon></object><object><name>grass</name><deleted>0</deleted><verified>0</verified><date>15-Jul-2012 16:17:31</date><id>8</id><polygon><username>sandy</username><pt><x>798</x><y>418</y></pt><pt><x>166</x><y>288</y></pt><pt><x>2</x><y>250</y></pt><pt><x>0</x><y>79</y></pt><pt><x>147</x><y>40</y></pt><pt><x>799</x><y>48</y></pt></polygon></object><object><name>trees</name><deleted>0</deleted><verified>0</verified><date>15-Jul-2012 16:17:31</date><id>9</id><polygon><username>sandy</username><pt><x>202</x><y>187</y></pt><pt><x>185</x><y>73</y></pt><pt><x>178</x><y>1</y></pt><pt><x>154</x><y>4</y></pt><pt><x>173</x><y>192</y></pt></polygon></object><object><name>bush</name><deleted>0</deleted><verified>0</verified><date>15-Jul-2012 16:17:31</date><id>10</id><polygon><username>sandy</username><pt><x>65</x><y>81</y></pt><pt><x>118</x><y>75</y></pt><pt><x>156</x><y>60</y></pt><pt><x>194</x><y>15</y></pt><pt><x>210</x><y>5</y></pt><pt><x>0</x><y>1</y></pt><pt><x>2</x><y>85</y></pt></polygon></object><object><name>trees</name><deleted>0</deleted><verified>0</verified><date>15-Jul-2012 16:17:31</date><id>11</id><polygon><username>sandy</username><pt><x>421</x><y>70</y></pt><pt><x>423</x><y>35</y></pt><pt><x>487</x><y>28</y></pt><pt><x>510</x><y>2</y></pt><pt><x>284</x><y>4</y></pt><pt><x>275</x><y>39</y></pt><pt><x>391</x><y>59</y></pt></polygon></object><object><name>bush</name><deleted>0</deleted><verified>0</verified><date>15-Jul-2012 16:17:31</date><id>12</id><polygon><username>sandy</username><pt><x>230</x><y>94</y></pt><pt><x>374</x><y>99</y></pt><pt><x>417</x><y>97</y></pt><pt><x>560</x><y>92</y></pt><pt><x>659</x><y>74</y></pt><pt><x>681</x><y>66</y></pt><pt><x>778</x><y>48</y></pt><pt><x>796</x><y>50</y></pt><pt><x>796</x><y>0</y></pt><pt><x>252</x><y>5</y></pt><pt><x>216</x><y>45</y></pt><pt><x>202</x><y>86</y></pt><pt><x>215</x><y>94</y></pt></polygon></object><object><name>bollard</name><deleted>0</deleted><verified>0</verified><date>15-Jul-2012 16:17:31</date><id>13</id><polygon><username>sandy</username><pt><x>719</x><y>294</y></pt><pt><x>721</x><y>189</y></pt><pt><x>723</x><y>177</y></pt><pt><x>720</x><y>172</y></pt><pt><x>716</x><y>171</y></pt><pt><x>711</x><y>170</y></pt><pt><x>706</x><y>172</y></pt><pt><x>700</x><y>176</y></pt><pt><x>700</x><y>180</y></pt><pt><x>703</x><y>191</y></pt><pt><x>694</x><y>343</y></pt><pt><x>719</x><y>348</y></pt></polygon></object><object><name>bollard</name><deleted>0</deleted><verified>0</verified><date>15-Jul-2012 16:17:31</date><id>14</id><polygon><username>sandy</username><pt><x>251</x><y>149</y></pt><pt><x>252</x><y>140</y></pt><pt><x>245</x><y>136</y></pt><pt><x>244</x><y>134</y></pt><pt><x>239</x><y>134</y></pt><pt><x>237</x><y>137</y></pt><pt><x>235</x><y>141</y></pt><pt><x>236</x><y>149</y></pt><pt><x>239</x><y>196</y></pt><pt><x>250</x><y>198</y></pt></polygon></object><imagesize><nrows>600</nrows><ncols>800</ncols></imagesize></annotation>