<annotation><filename>p_patio_outdoor_dining057.jpg</filename><folder>100images</folder><source><sourceImage>The MIT-CSAIL database of objects and scenes</sourceImage><sourceAnnotation>LabelMe Webtool</sourceAnnotation></source><object><name>table</name><deleted>0</deleted><verified>0</verified><date>15-Jul-2012 18:59:58</date><id>0</id><polygon><username>sandy</username><pt><x>460</x><y>345</y></pt><pt><x>487</x><y>357</y></pt><pt><x>493</x><y>369</y></pt><pt><x>489</x><y>374</y></pt><pt><x>490</x><y>425</y></pt><pt><x>487</x><y>505</y></pt><pt><x>484</x><y>526</y></pt><pt><x>485</x><y>543</y></pt><pt><x>471</x><y>555</y></pt><pt><x>452</x><y>536</y></pt><pt><x>445</x><y>535</y></pt><pt><x>443</x><y>539</y></pt><pt><x>441</x><y>563</y></pt><pt><x>420</x><y>566</y></pt><pt><x>416</x><y>571</y></pt><pt><x>380</x><y>585</y></pt><pt><x>351</x><y>592</y></pt><pt><x>331</x><y>598</y></pt><pt><x>301</x><y>586</y></pt><pt><x>283</x><y>573</y></pt><pt><x>290</x><y>549</y></pt><pt><x>278</x><y>548</y></pt><pt><x>275</x><y>558</y></pt><pt><x>269</x><y>557</y></pt><pt><x>275</x><y>539</y></pt><pt><x>266</x><y>546</y></pt><pt><x>234</x><y>545</y></pt><pt><x>233</x><y>534</y></pt><pt><x>238</x><y>482</y></pt><pt><x>241</x><y>421</y></pt><pt><x>247</x><y>374</y></pt><pt><x>244</x><y>371</y></pt><pt><x>242</x><y>367</y></pt><pt><x>243</x><y>364</y></pt><pt><x>249</x><y>362</y></pt><pt><x>259</x><y>359</y></pt><pt><x>274</x><y>358</y></pt><pt><x>296</x><y>357</y></pt><pt><x>337</x><y>356</y></pt><pt><x>371</x><y>352</y></pt></polygon></object><object><name>chair</name><deleted>0</deleted><verified>0</verified><date>15-Jul-2012 18:59:58</date><id>1</id><polygon><username>sandy</username><pt><x>628</x><y>309</y></pt><pt><x>635</x><y>305</y></pt><pt><x>640</x><y>302</y></pt><pt><x>648</x><y>303</y></pt><pt><x>653</x><y>305</y></pt><pt><x>657</x><y>309</y></pt><pt><x>660</x><y>312</y></pt><pt><x>663</x><y>314</y></pt><pt><x>669</x><y>314</y></pt><pt><x>672</x><y>317</y></pt><pt><x>676</x><y>321</y></pt><pt><x>676</x><y>325</y></pt><pt><x>679</x><y>351</y></pt><pt><x>671</x><y>372</y></pt><pt><x>668</x><y>378</y></pt><pt><x>658</x><y>400</y></pt><pt><x>654</x><y>413</y></pt><pt><x>654</x><y>417</y></pt><pt><x>649</x><y>426</y></pt><pt><x>647</x><y>434</y></pt><pt><x>649</x><y>459</y></pt><pt><x>652</x><y>471</y></pt><pt><x>654</x><y>476</y></pt><pt><x>655</x><y>482</y></pt><pt><x>655</x><y>485</y></pt><pt><x>653</x><y>489</y></pt><pt><x>649</x><y>489</y></pt><pt><x>648</x><y>487</y></pt><pt><x>650</x><y>483</y></pt><pt><x>648</x><y>476</y></pt><pt><x>645</x><y>470</y></pt><pt><x>643</x><y>428</y></pt><pt><x>636</x><y>434</y></pt><pt><x>632</x><y>446</y></pt><pt><x>634</x><y>471</y></pt><pt><x>632</x><y>484</y></pt><pt><x>634</x><y>495</y></pt><pt><x>637</x><y>501</y></pt><pt><x>634</x><y>504</y></pt><pt><x>628</x><y>503</y></pt><pt><x>629</x><y>497</y></pt><pt><x>628</x><y>487</y></pt><pt><x>628</x><y>464</y></pt><pt><x>625</x><y>444</y></pt><pt><x>622</x><y>437</y></pt><pt><x>617</x><y>430</y></pt><pt><x>614</x><y>427</y></pt><pt><x>609</x><y>426</y></pt><pt><x>606</x><y>443</y></pt><pt><x>604</x><y>458</y></pt><pt><x>603</x><y>476</y></pt><pt><x>604</x><y>482</y></pt><pt><x>603</x><y>484</y></pt><pt><x>597</x><y>484</y></pt><pt><x>597</x><y>479</y></pt><pt><x>599</x><y>461</y></pt><pt><x>603</x><y>439</y></pt><pt><x>602</x><y>426</y></pt><pt><x>600</x><y>423</y></pt><pt><x>589</x><y>421</y></pt><pt><x>578</x><y>420</y></pt><pt><x>571</x><y>425</y></pt><pt><x>565</x><y>428</y></pt><pt><x>562</x><y>433</y></pt><pt><x>562</x><y>445</y></pt><pt><x>557</x><y>481</y></pt><pt><x>553</x><y>482</y></pt><pt><x>551</x><y>479</y></pt><pt><x>553</x><y>464</y></pt><pt><x>556</x><y>457</y></pt><pt><x>558</x><y>447</y></pt><pt><x>556</x><y>435</y></pt><pt><x>556</x><y>428</y></pt><pt><x>555</x><y>424</y></pt><pt><x>555</x><y>418</y></pt><pt><x>555</x><y>413</y></pt><pt><x>553</x><y>413</y></pt><pt><x>547</x><y>411</y></pt><pt><x>544</x><y>408</y></pt><pt><x>542</x><y>404</y></pt><pt><x>539</x><y>400</y></pt><pt><x>536</x><y>395</y></pt><pt><x>535</x><y>388</y></pt><pt><x>536</x><y>382</y></pt><pt><x>537</x><y>378</y></pt><pt><x>542</x><y>374</y></pt><pt><x>569</x><y>365</y></pt><pt><x>572</x><y>360</y></pt><pt><x>586</x><y>344</y></pt><pt><x>595</x><y>328</y></pt><pt><x>604</x><y>315</y></pt><pt><x>609</x><y>313</y></pt><pt><x>614</x><y>312</y></pt><pt><x>619</x><y>310</y></pt></polygon></object><object><name>chair</name><deleted>0</deleted><verified>0</verified><date>15-Jul-2012 18:59:58</date><id>2</id><polygon><username>sandy</username><pt><x>504</x><y>324</y></pt><pt><x>538</x><y>329</y></pt><pt><x>566</x><y>331</y></pt><pt><x>575</x><y>333</y></pt><pt><x>575</x><y>340</y></pt><pt><x>572</x><y>346</y></pt><pt><x>567</x><y>348</y></pt><pt><x>563</x><y>354</y></pt><pt><x>566</x><y>355</y></pt><pt><x>566</x><y>360</y></pt><pt><x>557</x><y>378</y></pt><pt><x>546</x><y>420</y></pt><pt><x>539</x><y>436</y></pt><pt><x>538</x><y>441</y></pt><pt><x>526</x><y>463</y></pt><pt><x>521</x><y>476</y></pt><pt><x>556</x><y>519</y></pt><pt><x>552</x><y>522</y></pt><pt><x>516</x><y>484</y></pt><pt><x>487</x><y>527</y></pt><pt><x>483</x><y>524</y></pt><pt><x>505</x><y>485</y></pt><pt><x>486</x><y>433</y></pt><pt><x>486</x><y>362</y></pt><pt><x>490</x><y>357</y></pt><pt><x>486</x><y>354</y></pt><pt><x>484</x><y>352</y></pt><pt><x>485</x><y>347</y></pt><pt><x>485</x><y>345</y></pt><pt><x>489</x><y>345</y></pt><pt><x>492</x><y>343</y></pt><pt><x>496</x><y>338</y></pt><pt><x>486</x><y>335</y></pt><pt><x>484</x><y>333</y></pt><pt><x>485</x><y>329</y></pt><pt><x>486</x><y>326</y></pt><pt><x>486</x><y>324</y></pt><pt><x>489</x><y>321</y></pt><pt><x>497</x><y>324</y></pt></polygon></object><object><name>chair</name><deleted>0</deleted><verified>0</verified><date>15-Jul-2012 18:59:58</date><id>3</id><polygon><username>sandy</username><pt><x>506</x><y>365</y></pt><pt><x>525</x><y>365</y></pt><pt><x>561</x><y>364</y></pt><pt><x>579</x><y>359</y></pt><pt><x>591</x><y>355</y></pt><pt><x>595</x><y>354</y></pt><pt><x>598</x><y>354</y></pt><pt><x>597</x><y>359</y></pt><pt><x>594</x><y>370</y></pt><pt><x>589</x><y>372</y></pt><pt><x>588</x><y>373</y></pt><pt><x>585</x><y>377</y></pt><pt><x>584</x><y>379</y></pt><pt><x>588</x><y>380</y></pt><pt><x>585</x><y>394</y></pt><pt><x>581</x><y>393</y></pt><pt><x>573</x><y>418</y></pt><pt><x>565</x><y>454</y></pt><pt><x>560</x><y>470</y></pt><pt><x>563</x><y>472</y></pt><pt><x>563</x><y>474</y></pt><pt><x>555</x><y>477</y></pt><pt><x>533</x><y>509</y></pt><pt><x>576</x><y>576</y></pt><pt><x>582</x><y>579</y></pt><pt><x>572</x><y>578</y></pt><pt><x>567</x><y>572</y></pt><pt><x>500</x><y>590</y></pt><pt><x>503</x><y>596</y></pt><pt><x>502</x><y>599</y></pt><pt><x>498</x><y>598</y></pt><pt><x>498</x><y>596</y></pt><pt><x>474</x><y>558</y></pt><pt><x>427</x><y>568</y></pt><pt><x>423</x><y>573</y></pt><pt><x>418</x><y>576</y></pt><pt><x>413</x><y>577</y></pt><pt><x>411</x><y>576</y></pt><pt><x>418</x><y>573</y></pt><pt><x>451</x><y>522</y></pt><pt><x>427</x><y>479</y></pt><pt><x>424</x><y>478</y></pt><pt><x>422</x><y>477</y></pt><pt><x>423</x><y>474</y></pt><pt><x>419</x><y>469</y></pt><pt><x>414</x><y>466</y></pt><pt><x>411</x><y>422</y></pt><pt><x>414</x><y>413</y></pt><pt><x>412</x><y>412</y></pt><pt><x>410</x><y>410</y></pt><pt><x>411</x><y>407</y></pt><pt><x>413</x><y>405</y></pt><pt><x>424</x><y>406</y></pt><pt><x>437</x><y>410</y></pt><pt><x>452</x><y>418</y></pt><pt><x>466</x><y>424</y></pt><pt><x>485</x><y>425</y></pt><pt><x>490</x><y>428</y></pt><pt><x>500</x><y>404</y></pt><pt><x>496</x><y>404</y></pt><pt><x>492</x><y>403</y></pt><pt><x>492</x><y>399</y></pt><pt><x>493</x><y>395</y></pt><pt><x>495</x><y>392</y></pt><pt><x>497</x><y>391</y></pt><pt><x>502</x><y>392</y></pt><pt><x>506</x><y>383</y></pt><pt><x>500</x><y>382</y></pt><pt><x>494</x><y>381</y></pt><pt><x>492</x><y>380</y></pt><pt><x>492</x><y>378</y></pt><pt><x>494</x><y>374</y></pt><pt><x>496</x><y>368</y></pt><pt><x>498</x><y>366</y></pt></polygon></object><object><name>chair</name><deleted>0</deleted><verified>0</verified><date>15-Jul-2012 18:59:58</date><id>4</id><polygon><username>sandy</username><pt><x>259</x><y>321</y></pt><pt><x>299</x><y>318</y></pt><pt><x>308</x><y>318</y></pt><pt><x>313</x><y>319</y></pt><pt><x>315</x><y>322</y></pt><pt><x>315</x><y>327</y></pt><pt><x>314</x><y>331</y></pt><pt><x>312</x><y>334</y></pt><pt><x>307</x><y>334</y></pt><pt><x>303</x><y>334</y></pt><pt><x>302</x><y>337</y></pt><pt><x>304</x><y>340</y></pt><pt><x>309</x><y>340</y></pt><pt><x>313</x><y>341</y></pt><pt><x>315</x><y>345</y></pt><pt><x>315</x><y>348</y></pt><pt><x>311</x><y>350</y></pt><pt><x>307</x><y>351</y></pt><pt><x>306</x><y>353</y></pt><pt><x>308</x><y>356</y></pt><pt><x>236</x><y>445</y></pt><pt><x>229</x><y>431</y></pt><pt><x>226</x><y>430</y></pt><pt><x>227</x><y>426</y></pt><pt><x>230</x><y>425</y></pt><pt><x>222</x><y>380</y></pt><pt><x>219</x><y>357</y></pt><pt><x>215</x><y>356</y></pt><pt><x>213</x><y>349</y></pt><pt><x>213</x><y>344</y></pt><pt><x>216</x><y>344</y></pt><pt><x>216</x><y>337</y></pt><pt><x>210</x><y>336</y></pt><pt><x>206</x><y>333</y></pt><pt><x>205</x><y>329</y></pt><pt><x>205</x><y>325</y></pt><pt><x>206</x><y>321</y></pt><pt><x>209</x><y>319</y></pt><pt><x>227</x><y>322</y></pt><pt><x>248</x><y>322</y></pt></polygon></object><object><name>chair</name><deleted>0</deleted><verified>0</verified><date>15-Jul-2012 18:59:58</date><id>5</id><polygon><username>sandy</username><pt><x>114</x><y>312</y></pt><pt><x>129</x><y>312</y></pt><pt><x>139</x><y>320</y></pt><pt><x>143</x><y>328</y></pt><pt><x>146</x><y>335</y></pt><pt><x>162</x><y>354</y></pt><pt><x>173</x><y>367</y></pt><pt><x>180</x><y>368</y></pt><pt><x>193</x><y>368</y></pt><pt><x>200</x><y>369</y></pt><pt><x>203</x><y>375</y></pt><pt><x>203</x><y>389</y></pt><pt><x>195</x><y>405</y></pt><pt><x>190</x><y>412</y></pt><pt><x>187</x><y>415</y></pt><pt><x>184</x><y>440</y></pt><pt><x>187</x><y>453</y></pt><pt><x>183</x><y>455</y></pt><pt><x>182</x><y>453</y></pt><pt><x>181</x><y>437</y></pt><pt><x>180</x><y>431</y></pt><pt><x>175</x><y>426</y></pt><pt><x>172</x><y>423</y></pt><pt><x>168</x><y>420</y></pt><pt><x>150</x><y>421</y></pt><pt><x>144</x><y>423</y></pt><pt><x>140</x><y>426</y></pt><pt><x>138</x><y>431</y></pt><pt><x>134</x><y>478</y></pt><pt><x>130</x><y>478</y></pt><pt><x>131</x><y>433</y></pt><pt><x>130</x><y>426</y></pt><pt><x>126</x><y>428</y></pt><pt><x>119</x><y>432</y></pt><pt><x>114</x><y>439</y></pt><pt><x>111</x><y>445</y></pt><pt><x>106</x><y>501</y></pt><pt><x>101</x><y>502</y></pt><pt><x>103</x><y>450</y></pt><pt><x>105</x><y>441</y></pt><pt><x>100</x><y>435</y></pt><pt><x>97</x><y>430</y></pt><pt><x>94</x><y>425</y></pt><pt><x>90</x><y>423</y></pt><pt><x>89</x><y>444</y></pt><pt><x>84</x><y>457</y></pt><pt><x>75</x><y>475</y></pt><pt><x>72</x><y>472</y></pt><pt><x>82</x><y>449</y></pt><pt><x>84</x><y>426</y></pt><pt><x>83</x><y>416</y></pt><pt><x>80</x><y>411</y></pt><pt><x>79</x><y>403</y></pt><pt><x>77</x><y>396</y></pt><pt><x>72</x><y>387</y></pt><pt><x>71</x><y>383</y></pt><pt><x>68</x><y>377</y></pt><pt><x>64</x><y>370</y></pt><pt><x>57</x><y>334</y></pt><pt><x>60</x><y>331</y></pt><pt><x>64</x><y>326</y></pt><pt><x>70</x><y>317</y></pt><pt><x>74</x><y>310</y></pt><pt><x>80</x><y>304</y></pt><pt><x>87</x><y>302</y></pt><pt><x>95</x><y>302</y></pt><pt><x>101</x><y>305</y></pt><pt><x>105</x><y>310</y></pt><pt><x>109</x><y>312</y></pt></polygon></object><object><name>chair</name><deleted>0</deleted><verified>0</verified><date>15-Jul-2012 18:59:58</date><id>6</id><polygon><username>sandy</username><pt><x>115</x><y>342</y></pt><pt><x>128</x><y>349</y></pt><pt><x>145</x><y>353</y></pt><pt><x>164</x><y>353</y></pt><pt><x>175</x><y>355</y></pt><pt><x>181</x><y>357</y></pt><pt><x>184</x><y>364</y></pt><pt><x>184</x><y>368</y></pt><pt><x>183</x><y>371</y></pt><pt><x>180</x><y>373</y></pt><pt><x>174</x><y>374</y></pt><pt><x>172</x><y>374</y></pt><pt><x>174</x><y>380</y></pt><pt><x>179</x><y>381</y></pt><pt><x>182</x><y>384</y></pt><pt><x>185</x><y>392</y></pt><pt><x>186</x><y>395</y></pt><pt><x>206</x><y>387</y></pt><pt><x>214</x><y>385</y></pt><pt><x>217</x><y>386</y></pt><pt><x>224</x><y>388</y></pt><pt><x>228</x><y>395</y></pt><pt><x>226</x><y>413</y></pt><pt><x>258</x><y>404</y></pt><pt><x>268</x><y>401</y></pt><pt><x>276</x><y>400</y></pt><pt><x>283</x><y>400</y></pt><pt><x>289</x><y>404</y></pt><pt><x>290</x><y>420</y></pt><pt><x>283</x><y>456</y></pt><pt><x>287</x><y>457</y></pt><pt><x>280</x><y>462</y></pt><pt><x>274</x><y>474</y></pt><pt><x>241</x><y>517</y></pt><pt><x>281</x><y>571</y></pt><pt><x>286</x><y>572</y></pt><pt><x>285</x><y>575</y></pt><pt><x>281</x><y>575</y></pt><pt><x>275</x><y>573</y></pt><pt><x>267</x><y>562</y></pt><pt><x>226</x><y>547</y></pt><pt><x>228</x><y>550</y></pt><pt><x>223</x><y>553</y></pt><pt><x>219</x><y>550</y></pt><pt><x>217</x><y>545</y></pt><pt><x>182</x><y>586</y></pt><pt><x>180</x><y>591</y></pt><pt><x>175</x><y>590</y></pt><pt><x>173</x><y>588</y></pt><pt><x>173</x><y>585</y></pt><pt><x>177</x><y>577</y></pt><pt><x>137</x><y>561</y></pt><pt><x>134</x><y>564</y></pt><pt><x>129</x><y>566</y></pt><pt><x>122</x><y>564</y></pt><pt><x>121</x><y>562</y></pt><pt><x>127</x><y>561</y></pt><pt><x>182</x><y>500</y></pt><pt><x>157</x><y>467</y></pt><pt><x>154</x><y>467</y></pt><pt><x>150</x><y>466</y></pt><pt><x>149</x><y>462</y></pt><pt><x>149</x><y>460</y></pt><pt><x>151</x><y>460</y></pt><pt><x>146</x><y>446</y></pt><pt><x>126</x><y>387</y></pt><pt><x>119</x><y>358</y></pt><pt><x>111</x><y>346</y></pt></polygon></object><object><name>tree</name><deleted>0</deleted><verified>0</verified><date>15-Jul-2012 18:59:58</date><id>7</id><polygon><username>sandy</username><pt><x>180</x><y>255</y></pt><pt><x>193</x><y>213</y></pt><pt><x>206</x><y>182</y></pt><pt><x>215</x><y>166</y></pt><pt><x>225</x><y>156</y></pt><pt><x>235</x><y>153</y></pt><pt><x>278</x><y>140</y></pt><pt><x>296</x><y>134</y></pt><pt><x>314</x><y>126</y></pt><pt><x>327</x><y>129</y></pt><pt><x>338</x><y>133</y></pt><pt><x>347</x><y>135</y></pt><pt><x>356</x><y>128</y></pt><pt><x>379</x><y>122</y></pt><pt><x>376</x><y>175</y></pt><pt><x>387</x><y>185</y></pt><pt><x>408</x><y>186</y></pt><pt><x>426</x><y>180</y></pt><pt><x>447</x><y>177</y></pt><pt><x>467</x><y>180</y></pt><pt><x>481</x><y>178</y></pt><pt><x>493</x><y>153</y></pt><pt><x>508</x><y>152</y></pt><pt><x>532</x><y>157</y></pt><pt><x>539</x><y>164</y></pt><pt><x>561</x><y>180</y></pt><pt><x>583</x><y>184</y></pt><pt><x>603</x><y>180</y></pt><pt><x>618</x><y>175</y></pt><pt><x>630</x><y>175</y></pt><pt><x>653</x><y>179</y></pt><pt><x>663</x><y>185</y></pt><pt><x>686</x><y>240</y></pt><pt><x>679</x><y>321</y></pt><pt><x>708</x><y>327</y></pt><pt><x>713</x><y>224</y></pt><pt><x>759</x><y>182</y></pt><pt><x>775</x><y>175</y></pt><pt><x>800</x><y>168</y></pt><pt><x>800</x><y>0</y></pt><pt><x>0</x><y>0</y></pt><pt><x>2</x><y>151</y></pt><pt><x>55</x><y>165</y></pt><pt><x>93</x><y>206</y></pt><pt><x>97</x><y>290</y></pt><pt><x>97</x><y>299</y></pt><pt><x>154</x><y>302</y></pt></polygon></object><object><name>flowers</name><deleted>0</deleted><verified>0</verified><date>15-Jul-2012 18:59:58</date><id>8</id><polygon><username>sandy</username><pt><x>309</x><y>234</y></pt><pt><x>330</x><y>236</y></pt><pt><x>341</x><y>240</y></pt><pt><x>349</x><y>249</y></pt><pt><x>357</x><y>255</y></pt><pt><x>360</x><y>262</y></pt><pt><x>357</x><y>273</y></pt><pt><x>353</x><y>282</y></pt><pt><x>343</x><y>282</y></pt><pt><x>287</x><y>276</y></pt><pt><x>278</x><y>276</y></pt><pt><x>275</x><y>270</y></pt><pt><x>275</x><y>261</y></pt><pt><x>282</x><y>257</y></pt><pt><x>291</x><y>253</y></pt><pt><x>298</x><y>244</y></pt></polygon></object><object><name>flowers</name><deleted>0</deleted><verified>0</verified><date>15-Jul-2012 18:59:58</date><id>9</id><polygon><username>sandy</username><pt><x>379</x><y>303</y></pt><pt><x>380</x><y>312</y></pt><pt><x>387</x><y>313</y></pt><pt><x>388</x><y>317</y></pt><pt><x>395</x><y>322</y></pt><pt><x>403</x><y>327</y></pt><pt><x>406</x><y>335</y></pt><pt><x>405</x><y>340</y></pt><pt><x>404</x><y>347</y></pt><pt><x>399</x><y>351</y></pt><pt><x>391</x><y>357</y></pt><pt><x>381</x><y>358</y></pt><pt><x>376</x><y>357</y></pt><pt><x>354</x><y>347</y></pt><pt><x>349</x><y>342</y></pt><pt><x>345</x><y>337</y></pt><pt><x>342</x><y>332</y></pt><pt><x>349</x><y>326</y></pt><pt><x>347</x><y>321</y></pt><pt><x>346</x><y>318</y></pt><pt><x>348</x><y>314</y></pt><pt><x>356</x><y>311</y></pt><pt><x>357</x><y>307</y></pt><pt><x>362</x><y>304</y></pt><pt><x>367</x><y>306</y></pt><pt><x>371</x><y>302</y></pt></polygon></object><object><name>flowers</name><deleted>0</deleted><verified>0</verified><date>15-Jul-2012 18:59:58</date><id>10</id><polygon><username>sandy</username><pt><x>509</x><y>235</y></pt><pt><x>519</x><y>239</y></pt><pt><x>525</x><y>244</y></pt><pt><x>528</x><y>250</y></pt><pt><x>552</x><y>255</y></pt><pt><x>555</x><y>258</y></pt><pt><x>553</x><y>269</y></pt><pt><x>548</x><y>274</y></pt><pt><x>540</x><y>274</y></pt><pt><x>534</x><y>271</y></pt><pt><x>529</x><y>270</y></pt><pt><x>523</x><y>272</y></pt><pt><x>516</x><y>273</y></pt><pt><x>519</x><y>278</y></pt><pt><x>513</x><y>284</y></pt><pt><x>498</x><y>281</y></pt><pt><x>487</x><y>273</y></pt><pt><x>481</x><y>269</y></pt><pt><x>473</x><y>269</y></pt><pt><x>472</x><y>265</y></pt><pt><x>470</x><y>260</y></pt><pt><x>474</x><y>255</y></pt><pt><x>476</x><y>251</y></pt><pt><x>481</x><y>249</y></pt><pt><x>489</x><y>247</y></pt><pt><x>493</x><y>243</y></pt><pt><x>496</x><y>240</y></pt><pt><x>501</x><y>236</y></pt></polygon></object><object><name>flowers</name><deleted>0</deleted><verified>0</verified><date>15-Jul-2012 18:59:58</date><id>11</id><polygon><username>sandy</username><pt><x>570</x><y>318</y></pt><pt><x>580</x><y>322</y></pt><pt><x>586</x><y>317</y></pt><pt><x>589</x><y>314</y></pt><pt><x>596</x><y>313</y></pt><pt><x>601</x><y>318</y></pt><pt><x>617</x><y>325</y></pt><pt><x>635</x><y>336</y></pt><pt><x>633</x><y>349</y></pt><pt><x>628</x><y>389</y></pt><pt><x>552</x><y>389</y></pt><pt><x>527</x><y>329</y></pt><pt><x>525</x><y>316</y></pt><pt><x>528</x><y>309</y></pt><pt><x>541</x><y>307</y></pt><pt><x>551</x><y>310</y></pt><pt><x>559</x><y>314</y></pt><pt><x>564</x><y>319</y></pt></polygon></object><object><name>flowers</name><deleted>0</deleted><verified>0</verified><date>15-Jul-2012 18:59:58</date><id>12</id><polygon><username>sandy</username><pt><x>711</x><y>394</y></pt><pt><x>719</x><y>403</y></pt><pt><x>724</x><y>410</y></pt><pt><x>735</x><y>410</y></pt><pt><x>744</x><y>408</y></pt><pt><x>751</x><y>404</y></pt><pt><x>762</x><y>404</y></pt><pt><x>773</x><y>409</y></pt><pt><x>782</x><y>414</y></pt><pt><x>785</x><y>418</y></pt><pt><x>791</x><y>426</y></pt><pt><x>797</x><y>431</y></pt><pt><x>799</x><y>562</y></pt><pt><x>787</x><y>575</y></pt><pt><x>776</x><y>582</y></pt><pt><x>762</x><y>586</y></pt><pt><x>746</x><y>586</y></pt><pt><x>737</x><y>588</y></pt><pt><x>715</x><y>579</y></pt><pt><x>703</x><y>573</y></pt><pt><x>697</x><y>565</y></pt><pt><x>695</x><y>560</y></pt><pt><x>703</x><y>552</y></pt><pt><x>715</x><y>541</y></pt><pt><x>724</x><y>534</y></pt><pt><x>730</x><y>528</y></pt><pt><x>731</x><y>518</y></pt><pt><x>728</x><y>506</y></pt><pt><x>716</x><y>501</y></pt><pt><x>696</x><y>503</y></pt><pt><x>685</x><y>507</y></pt><pt><x>674</x><y>503</y></pt><pt><x>673</x><y>495</y></pt><pt><x>673</x><y>487</y></pt><pt><x>668</x><y>479</y></pt><pt><x>664</x><y>469</y></pt><pt><x>669</x><y>461</y></pt><pt><x>679</x><y>456</y></pt><pt><x>685</x><y>447</y></pt><pt><x>688</x><y>436</y></pt><pt><x>683</x><y>432</y></pt><pt><x>674</x><y>432</y></pt><pt><x>668</x><y>429</y></pt><pt><x>667</x><y>426</y></pt><pt><x>673</x><y>418</y></pt><pt><x>677</x><y>410</y></pt><pt><x>680</x><y>404</y></pt><pt><x>687</x><y>400</y></pt><pt><x>692</x><y>400</y></pt><pt><x>697</x><y>402</y></pt><pt><x>700</x><y>398</y></pt><pt><x>705</x><y>396</y></pt></polygon></object><object><name>flowers</name><deleted>0</deleted><verified>0</verified><date>15-Jul-2012 18:59:58</date><id>13</id><polygon><username>sandy</username><pt><x>182</x><y>318</y></pt><pt><x>188</x><y>325</y></pt><pt><x>196</x><y>325</y></pt><pt><x>240</x><y>318</y></pt><pt><x>255</x><y>316</y></pt><pt><x>258</x><y>368</y></pt><pt><x>245</x><y>405</y></pt><pt><x>222</x><y>399</y></pt><pt><x>213</x><y>398</y></pt><pt><x>202</x><y>403</y></pt><pt><x>182</x><y>409</y></pt><pt><x>159</x><y>347</y></pt><pt><x>170</x><y>339</y></pt><pt><x>176</x><y>333</y></pt><pt><x>175</x><y>328</y></pt><pt><x>175</x><y>322</y></pt></polygon></object><object><name>flowers</name><deleted>0</deleted><verified>0</verified><date>15-Jul-2012 18:59:58</date><id>14</id><polygon><username>sandy</username><pt><x>3</x><y>391</y></pt><pt><x>10</x><y>385</y></pt><pt><x>19</x><y>387</y></pt><pt><x>23</x><y>392</y></pt><pt><x>30</x><y>391</y></pt><pt><x>39</x><y>391</y></pt><pt><x>46</x><y>402</y></pt><pt><x>46</x><y>411</y></pt><pt><x>48</x><y>420</y></pt><pt><x>52</x><y>424</y></pt><pt><x>62</x><y>421</y></pt><pt><x>68</x><y>420</y></pt><pt><x>75</x><y>418</y></pt><pt><x>81</x><y>420</y></pt><pt><x>77</x><y>430</y></pt><pt><x>70</x><y>437</y></pt><pt><x>61</x><y>441</y></pt><pt><x>52</x><y>443</y></pt><pt><x>48</x><y>445</y></pt><pt><x>41</x><y>487</y></pt><pt><x>26</x><y>493</y></pt><pt><x>8</x><y>497</y></pt><pt><x>3</x><y>499</y></pt></polygon></object><object><name>glasses</name><deleted>0</deleted><verified>0</verified><date>15-Jul-2012 18:59:58</date><id>15</id><polygon><username>sandy</username><pt><x>328</x><y>327</y></pt><pt><x>349</x><y>326</y></pt><pt><x>351</x><y>334</y></pt><pt><x>368</x><y>334</y></pt><pt><x>368</x><y>352</y></pt><pt><x>366</x><y>369</y></pt><pt><x>357</x><y>372</y></pt><pt><x>353</x><y>357</y></pt><pt><x>351</x><y>353</y></pt><pt><x>349</x><y>356</y></pt><pt><x>345</x><y>359</y></pt><pt><x>344</x><y>364</y></pt><pt><x>344</x><y>367</y></pt><pt><x>344</x><y>371</y></pt><pt><x>350</x><y>374</y></pt><pt><x>341</x><y>378</y></pt><pt><x>334</x><y>375</y></pt><pt><x>332</x><y>375</y></pt><pt><x>334</x><y>373</y></pt><pt><x>335</x><y>371</y></pt><pt><x>335</x><y>360</y></pt><pt><x>331</x><y>347</y></pt><pt><x>330</x><y>342</y></pt><pt><x>328</x><y>335</y></pt></polygon></object><object><name>glasses</name><deleted>0</deleted><verified>0</verified><date>15-Jul-2012 18:59:58</date><id>16</id><polygon><username>sandy</username><pt><x>319</x><y>337</y></pt><pt><x>326</x><y>338</y></pt><pt><x>325</x><y>345</y></pt><pt><x>322</x><y>350</y></pt><pt><x>321</x><y>355</y></pt><pt><x>318</x><y>358</y></pt><pt><x>318</x><y>360</y></pt><pt><x>319</x><y>364</y></pt><pt><x>320</x><y>366</y></pt><pt><x>313</x><y>367</y></pt><pt><x>313</x><y>365</y></pt><pt><x>314</x><y>361</y></pt><pt><x>314</x><y>358</y></pt><pt><x>307</x><y>342</y></pt><pt><x>308</x><y>337</y></pt><pt><x>310</x><y>336</y></pt></polygon></object><object><name>glasses</name><deleted>0</deleted><verified>0</verified><date>15-Jul-2012 18:59:58</date><id>17</id><polygon><username>sandy</username><pt><x>411</x><y>337</y></pt><pt><x>411</x><y>333</y></pt><pt><x>418</x><y>331</y></pt><pt><x>426</x><y>332</y></pt><pt><x>431</x><y>333</y></pt><pt><x>432</x><y>334</y></pt><pt><x>429</x><y>346</y></pt><pt><x>426</x><y>352</y></pt><pt><x>426</x><y>355</y></pt><pt><x>425</x><y>359</y></pt><pt><x>425</x><y>362</y></pt><pt><x>426</x><y>366</y></pt><pt><x>426</x><y>368</y></pt><pt><x>423</x><y>369</y></pt><pt><x>419</x><y>369</y></pt><pt><x>416</x><y>368</y></pt><pt><x>417</x><y>364</y></pt><pt><x>418</x><y>358</y></pt><pt><x>417</x><y>354</y></pt><pt><x>415</x><y>357</y></pt><pt><x>412</x><y>362</y></pt><pt><x>411</x><y>366</y></pt><pt><x>410</x><y>368</y></pt><pt><x>407</x><y>367</y></pt><pt><x>406</x><y>366</y></pt><pt><x>406</x><y>362</y></pt><pt><x>403</x><y>358</y></pt><pt><x>401</x><y>355</y></pt><pt><x>400</x><y>352</y></pt><pt><x>400</x><y>347</y></pt><pt><x>399</x><y>342</y></pt><pt><x>400</x><y>339</y></pt><pt><x>404</x><y>337</y></pt></polygon></object><object><name>jug</name><deleted>0</deleted><verified>0</verified><date>15-Jul-2012 18:59:58</date><id>18</id><polygon><username>sandy</username><pt><x>437</x><y>337</y></pt><pt><x>458</x><y>340</y></pt><pt><x>459</x><y>345</y></pt><pt><x>461</x><y>349</y></pt><pt><x>460</x><y>356</y></pt><pt><x>459</x><y>363</y></pt><pt><x>456</x><y>368</y></pt><pt><x>453</x><y>370</y></pt><pt><x>451</x><y>372</y></pt><pt><x>434</x><y>369</y></pt><pt><x>431</x><y>366</y></pt><pt><x>429</x><y>361</y></pt><pt><x>429</x><y>356</y></pt><pt><x>431</x><y>352</y></pt><pt><x>431</x><y>348</y></pt><pt><x>433</x><y>345</y></pt><pt><x>434</x><y>342</y></pt></polygon></object><object><name>plants</name><deleted>0</deleted><verified>0</verified><date>15-Jul-2012 18:59:58</date><id>19</id><polygon><username>sandy</username><pt><x>6</x><y>168</y></pt><pt><x>228</x><y>173</y></pt><pt><x>357</x><y>171</y></pt><pt><x>488</x><y>175</y></pt><pt><x>499</x><y>185</y></pt><pt><x>518</x><y>176</y></pt><pt><x>534</x><y>179</y></pt><pt><x>559</x><y>185</y></pt><pt><x>579</x><y>188</y></pt><pt><x>588</x><y>199</y></pt><pt><x>665</x><y>186</y></pt><pt><x>743</x><y>181</y></pt><pt><x>724</x><y>230</y></pt><pt><x>717</x><y>247</y></pt><pt><x>715</x><y>327</y></pt><pt><x>730</x><y>327</y></pt><pt><x>743</x><y>322</y></pt><pt><x>746</x><y>297</y></pt><pt><x>736</x><y>287</y></pt><pt><x>731</x><y>281</y></pt><pt><x>727</x><y>275</y></pt><pt><x>729</x><y>260</y></pt><pt><x>734</x><y>246</y></pt><pt><x>741</x><y>236</y></pt><pt><x>755</x><y>228</y></pt><pt><x>756</x><y>216</y></pt><pt><x>761</x><y>203</y></pt><pt><x>767</x><y>195</y></pt><pt><x>785</x><y>200</y></pt><pt><x>799</x><y>205</y></pt><pt><x>795</x><y>432</y></pt><pt><x>666</x><y>461</y></pt><pt><x>633</x><y>390</y></pt><pt><x>84</x><y>409</y></pt><pt><x>54</x><y>421</y></pt><pt><x>0</x><y>421</y></pt></polygon></object><object><name>flowers</name><deleted>0</deleted><verified>0</verified><date>15-Jul-2012 18:59:58</date><id>20</id><polygon><username>sandy</username><pt><x>43</x><y>558</y></pt><pt><x>63</x><y>575</y></pt><pt><x>68</x><y>586</y></pt><pt><x>80</x><y>595</y></pt><pt><x>86</x><y>599</y></pt><pt><x>2</x><y>597</y></pt><pt><x>2</x><y>528</y></pt><pt><x>26</x><y>551</y></pt></polygon></object><imagesize><nrows>600</nrows><ncols>800</ncols></imagesize><object><name>waterfeature</name><deleted>0</deleted><verified>0</verified><date>18-Jul-2012 09:42:10</date><id>21</id><polygon><username>sandy</username><pt><x>375</x><y>299</y></pt><pt><x>373</x><y>230</y></pt><pt><x>400</x><y>198</y></pt><pt><x>422</x><y>198</y></pt><pt><x>453</x><y>227</y></pt><pt><x>456</x><y>281</y></pt><pt><x>468</x><y>312</y></pt><pt><x>472</x><y>328</y></pt><pt><x>457</x><y>341</y></pt><pt><x>404</x><y>326</y></pt></polygon></object></annotation>