<annotation><filename>p_park_pancake.jpg</filename><folder>100images</folder><source><sourceImage>The MIT-CSAIL database of objects and scenes</sourceImage><sourceAnnotation>LabelMe Webtool</sourceAnnotation></source><object><name>pancake</name><deleted>0</deleted><verified>0</verified><date>15-Jul-2012 17:29:46</date><id>0</id><polygon><username>sandy</username><pt><x>451</x><y>273</y></pt><pt><x>465</x><y>291</y></pt><pt><x>473</x><y>304</y></pt><pt><x>477</x><y>328</y></pt><pt><x>479</x><y>340</y></pt><pt><x>472</x><y>345</y></pt><pt><x>470</x><y>351</y></pt><pt><x>465</x><y>356</y></pt><pt><x>459</x><y>357</y></pt><pt><x>455</x><y>357</y></pt><pt><x>449</x><y>355</y></pt><pt><x>446</x><y>352</y></pt><pt><x>450</x><y>341</y></pt><pt><x>448</x><y>331</y></pt><pt><x>441</x><y>319</y></pt><pt><x>436</x><y>316</y></pt><pt><x>430</x><y>302</y></pt><pt><x>419</x><y>274</y></pt><pt><x>415</x><y>260</y></pt><pt><x>414</x><y>256</y></pt><pt><x>416</x><y>252</y></pt><pt><x>422</x><y>251</y></pt><pt><x>436</x><y>256</y></pt><pt><x>444</x><y>261</y></pt></polygon></object><object><name>fryingpan</name><deleted>0</deleted><verified>0</verified><date>15-Jul-2012 17:29:46</date><id>1</id><polygon><username>sandy</username><pt><x>402</x><y>356</y></pt><pt><x>413</x><y>346</y></pt><pt><x>430</x><y>337</y></pt><pt><x>448</x><y>331</y></pt><pt><x>480</x><y>328</y></pt><pt><x>501</x><y>327</y></pt><pt><x>525</x><y>331</y></pt><pt><x>537</x><y>339</y></pt><pt><x>542</x><y>345</y></pt><pt><x>538</x><y>366</y></pt><pt><x>524</x><y>381</y></pt><pt><x>501</x><y>389</y></pt><pt><x>479</x><y>397</y></pt><pt><x>455</x><y>397</y></pt><pt><x>431</x><y>394</y></pt><pt><x>418</x><y>388</y></pt><pt><x>409</x><y>380</y></pt><pt><x>402</x><y>369</y></pt><pt><x>385</x><y>372</y></pt><pt><x>376</x><y>372</y></pt><pt><x>361</x><y>357</y></pt><pt><x>382</x><y>357</y></pt></polygon></object><object><name>barbecue</name><deleted>0</deleted><verified>0</verified><date>15-Jul-2012 17:29:46</date><id>2</id><polygon><username>sandy</username><pt><x>565</x><y>336</y></pt><pt><x>589</x><y>374</y></pt><pt><x>592</x><y>403</y></pt><pt><x>596</x><y>402</y></pt><pt><x>598</x><y>414</y></pt><pt><x>586</x><y>417</y></pt><pt><x>582</x><y>422</y></pt><pt><x>590</x><y>423</y></pt><pt><x>578</x><y>480</y></pt><pt><x>587</x><y>565</y></pt><pt><x>590</x><y>598</y></pt><pt><x>586</x><y>599</y></pt><pt><x>582</x><y>568</y></pt><pt><x>459</x><y>579</y></pt><pt><x>464</x><y>598</y></pt><pt><x>452</x><y>598</y></pt><pt><x>450</x><y>576</y></pt><pt><x>446</x><y>559</y></pt><pt><x>440</x><y>539</y></pt><pt><x>437</x><y>539</y></pt><pt><x>434</x><y>565</y></pt><pt><x>431</x><y>565</y></pt><pt><x>437</x><y>481</y></pt><pt><x>433</x><y>431</y></pt><pt><x>404</x><y>435</y></pt><pt><x>399</x><y>415</y></pt><pt><x>418</x><y>411</y></pt><pt><x>422</x><y>400</y></pt><pt><x>426</x><y>393</y></pt><pt><x>428</x><y>320</y></pt><pt><x>428</x><y>316</y></pt><pt><x>431</x><y>311</y></pt><pt><x>437</x><y>310</y></pt><pt><x>550</x><y>300</y></pt><pt><x>558</x><y>302</y></pt><pt><x>559</x><y>306</y></pt><pt><x>562</x><y>309</y></pt></polygon></object><object><name>sunglasses</name><deleted>0</deleted><verified>0</verified><date>15-Jul-2012 17:29:46</date><id>3</id><polygon><username>sandy</username><pt><x>241</x><y>86</y></pt><pt><x>253</x><y>86</y></pt><pt><x>261</x><y>90</y></pt><pt><x>264</x><y>89</y></pt><pt><x>267</x><y>89</y></pt><pt><x>268</x><y>95</y></pt><pt><x>264</x><y>101</y></pt><pt><x>260</x><y>99</y></pt><pt><x>260</x><y>96</y></pt><pt><x>257</x><y>99</y></pt><pt><x>252</x><y>101</y></pt><pt><x>246</x><y>99</y></pt><pt><x>241</x><y>96</y></pt><pt><x>235</x><y>89</y></pt><pt><x>204</x><y>77</y></pt><pt><x>185</x><y>73</y></pt><pt><x>186</x><y>71</y></pt><pt><x>232</x><y>83</y></pt></polygon></object><object><name>table</name><deleted>0</deleted><verified>0</verified><date>15-Jul-2012 17:29:46</date><id>4</id><polygon><username>sandy</username><pt><x>636</x><y>424</y></pt><pt><x>645</x><y>420</y></pt><pt><x>800</x><y>419</y></pt><pt><x>798</x><y>599</y></pt><pt><x>753</x><y>599</y></pt><pt><x>746</x><y>566</y></pt><pt><x>650</x><y>455</y></pt><pt><x>644</x><y>468</y></pt><pt><x>633</x><y>599</y></pt><pt><x>622</x><y>598</y></pt><pt><x>638</x><y>447</y></pt><pt><x>635</x><y>442</y></pt><pt><x>633</x><y>436</y></pt></polygon></object><object><name>car</name><deleted>0</deleted><verified>0</verified><date>15-Jul-2012 17:29:46</date><id>5</id><polygon><username>sandy</username><pt><x>731</x><y>161</y></pt><pt><x>774</x><y>164</y></pt><pt><x>789</x><y>181</y></pt><pt><x>703</x><y>183</y></pt><pt><x>709</x><y>176</y></pt></polygon></object><object><name>car</name><deleted>0</deleted><verified>0</verified><date>15-Jul-2012 17:29:46</date><id>6</id><polygon><username>sandy</username><pt><x>687</x><y>212</y></pt><pt><x>688</x><y>196</y></pt><pt><x>692</x><y>190</y></pt><pt><x>698</x><y>187</y></pt><pt><x>739</x><y>183</y></pt><pt><x>745</x><y>181</y></pt><pt><x>749</x><y>174</y></pt><pt><x>752</x><y>172</y></pt><pt><x>755</x><y>173</y></pt><pt><x>777</x><y>150</y></pt><pt><x>790</x><y>143</y></pt><pt><x>789</x><y>257</y></pt><pt><x>738</x><y>249</y></pt><pt><x>736</x><y>253</y></pt><pt><x>730</x><y>257</y></pt><pt><x>703</x><y>251</y></pt><pt><x>703</x><y>225</y></pt><pt><x>697</x><y>227</y></pt><pt><x>692</x><y>229</y></pt><pt><x>688</x><y>224</y></pt></polygon></object><object><name>chair</name><deleted>0</deleted><verified>0</verified><date>15-Jul-2012 17:29:46</date><id>7</id><polygon><username>sandy</username><pt><x>600</x><y>267</y></pt><pt><x>624</x><y>273</y></pt><pt><x>641</x><y>273</y></pt><pt><x>644</x><y>274</y></pt><pt><x>637</x><y>278</y></pt><pt><x>638</x><y>292</y></pt><pt><x>635</x><y>294</y></pt><pt><x>626</x><y>295</y></pt><pt><x>624</x><y>293</y></pt><pt><x>624</x><y>290</y></pt><pt><x>622</x><y>301</y></pt><pt><x>621</x><y>302</y></pt><pt><x>610</x><y>329</y></pt><pt><x>607</x><y>333</y></pt><pt><x>614</x><y>368</y></pt><pt><x>616</x><y>372</y></pt><pt><x>613</x><y>372</y></pt><pt><x>579</x><y>343</y></pt><pt><x>574</x><y>349</y></pt><pt><x>513</x><y>301</y></pt><pt><x>506</x><y>303</y></pt><pt><x>503</x><y>300</y></pt><pt><x>504</x><y>296</y></pt><pt><x>507</x><y>292</y></pt><pt><x>509</x><y>283</y></pt><pt><x>511</x><y>280</y></pt><pt><x>516</x><y>279</y></pt><pt><x>525</x><y>269</y></pt><pt><x>525</x><y>260</y></pt><pt><x>524</x><y>252</y></pt><pt><x>524</x><y>233</y></pt><pt><x>537</x><y>228</y></pt><pt><x>547</x><y>226</y></pt><pt><x>553</x><y>226</y></pt><pt><x>559</x><y>222</y></pt><pt><x>562</x><y>224</y></pt><pt><x>576</x><y>224</y></pt><pt><x>589</x><y>226</y></pt><pt><x>600</x><y>231</y></pt><pt><x>601</x><y>248</y></pt><pt><x>600</x><y>255</y></pt></polygon></object><object><name>car</name><deleted>0</deleted><verified>0</verified><date>15-Jul-2012 17:29:46</date><id>8</id><polygon><username>sandy</username><pt><x>24</x><y>196</y></pt><pt><x>30</x><y>211</y></pt><pt><x>25</x><y>213</y></pt><pt><x>25</x><y>217</y></pt><pt><x>22</x><y>220</y></pt><pt><x>19</x><y>220</y></pt><pt><x>16</x><y>219</y></pt><pt><x>14</x><y>219</y></pt><pt><x>12</x><y>215</y></pt><pt><x>2</x><y>217</y></pt><pt><x>2</x><y>190</y></pt><pt><x>9</x><y>195</y></pt></polygon></object><object><name>saucepan</name><deleted>0</deleted><verified>0</verified><date>15-Jul-2012 17:29:46</date><id>9</id><polygon><username>sandy</username><pt><x>688</x><y>379</y></pt><pt><x>701</x><y>381</y></pt><pt><x>714</x><y>386</y></pt><pt><x>726</x><y>392</y></pt><pt><x>727</x><y>395</y></pt><pt><x>734</x><y>393</y></pt><pt><x>741</x><y>405</y></pt><pt><x>736</x><y>408</y></pt><pt><x>726</x><y>410</y></pt><pt><x>721</x><y>411</y></pt><pt><x>718</x><y>441</y></pt><pt><x>714</x><y>447</y></pt><pt><x>706</x><y>447</y></pt><pt><x>687</x><y>449</y></pt><pt><x>669</x><y>446</y></pt><pt><x>654</x><y>442</y></pt><pt><x>649</x><y>439</y></pt><pt><x>645</x><y>436</y></pt><pt><x>644</x><y>432</y></pt><pt><x>646</x><y>405</y></pt><pt><x>633</x><y>399</y></pt><pt><x>631</x><y>388</y></pt><pt><x>639</x><y>392</y></pt><pt><x>643</x><y>393</y></pt><pt><x>644</x><y>388</y></pt><pt><x>645</x><y>385</y></pt><pt><x>651</x><y>381</y></pt><pt><x>665</x><y>379</y></pt><pt><x>677</x><y>378</y></pt></polygon></object><object><name>gascanister</name><deleted>0</deleted><verified>0</verified><date>15-Jul-2012 17:29:46</date><id>10</id><polygon><username>sandy</username><pt><x>677</x><y>507</y></pt><pt><x>687</x><y>517</y></pt><pt><x>685</x><y>544</y></pt><pt><x>683</x><y>549</y></pt><pt><x>679</x><y>570</y></pt><pt><x>673</x><y>580</y></pt><pt><x>672</x><y>583</y></pt><pt><x>656</x><y>590</y></pt><pt><x>642</x><y>589</y></pt><pt><x>628</x><y>583</y></pt><pt><x>619</x><y>578</y></pt><pt><x>618</x><y>573</y></pt><pt><x>618</x><y>566</y></pt><pt><x>612</x><y>561</y></pt><pt><x>612</x><y>555</y></pt><pt><x>614</x><y>537</y></pt><pt><x>615</x><y>533</y></pt><pt><x>619</x><y>508</y></pt><pt><x>624</x><y>502</y></pt><pt><x>630</x><y>497</y></pt><pt><x>633</x><y>495</y></pt><pt><x>638</x><y>481</y></pt><pt><x>642</x><y>476</y></pt><pt><x>648</x><y>474</y></pt><pt><x>653</x><y>475</y></pt><pt><x>657</x><y>476</y></pt><pt><x>657</x><y>479</y></pt><pt><x>661</x><y>482</y></pt><pt><x>664</x><y>485</y></pt><pt><x>665</x><y>487</y></pt><pt><x>668</x><y>489</y></pt><pt><x>672</x><y>489</y></pt><pt><x>675</x><y>487</y></pt><pt><x>678</x><y>494</y></pt></polygon></object><object><name>people</name><deleted>0</deleted><verified>0</verified><date>15-Jul-2012 17:29:46</date><id>11</id><polygon><username>sandy</username><pt><x>713</x><y>147</y></pt><pt><x>717</x><y>149</y></pt><pt><x>717</x><y>155</y></pt><pt><x>722</x><y>157</y></pt><pt><x>723</x><y>168</y></pt><pt><x>719</x><y>183</y></pt><pt><x>704</x><y>186</y></pt><pt><x>703</x><y>171</y></pt><pt><x>704</x><y>162</y></pt><pt><x>705</x><y>157</y></pt><pt><x>708</x><y>155</y></pt><pt><x>710</x><y>155</y></pt></polygon></object><object><name>people</name><deleted>0</deleted><verified>0</verified><date>15-Jul-2012 17:29:46</date><id>12</id><polygon><username>sandy</username><pt><x>694</x><y>160</y></pt><pt><x>698</x><y>163</y></pt><pt><x>697</x><y>171</y></pt><pt><x>701</x><y>171</y></pt><pt><x>700</x><y>174</y></pt><pt><x>696</x><y>175</y></pt><pt><x>695</x><y>178</y></pt><pt><x>694</x><y>191</y></pt><pt><x>691</x><y>199</y></pt><pt><x>683</x><y>200</y></pt><pt><x>684</x><y>197</y></pt><pt><x>687</x><y>187</y></pt><pt><x>686</x><y>181</y></pt><pt><x>685</x><y>168</y></pt><pt><x>687</x><y>161</y></pt><pt><x>687</x><y>159</y></pt><pt><x>689</x><y>156</y></pt><pt><x>689</x><y>150</y></pt><pt><x>693</x><y>149</y></pt><pt><x>695</x><y>150</y></pt><pt><x>697</x><y>153</y></pt></polygon></object><object><name>man</name><deleted>0</deleted><verified>0</verified><date>15-Jul-2012 17:29:46</date><id>13</id><polygon><username>sandy</username><pt><x>216</x><y>154</y></pt><pt><x>221</x><y>148</y></pt><pt><x>240</x><y>148</y></pt><pt><x>245</x><y>137</y></pt><pt><x>250</x><y>135</y></pt><pt><x>252</x><y>124</y></pt><pt><x>255</x><y>119</y></pt><pt><x>258</x><y>120</y></pt><pt><x>262</x><y>117</y></pt><pt><x>263</x><y>113</y></pt><pt><x>262</x><y>98</y></pt><pt><x>265</x><y>88</y></pt><pt><x>267</x><y>69</y></pt><pt><x>265</x><y>62</y></pt><pt><x>267</x><y>59</y></pt><pt><x>260</x><y>46</y></pt><pt><x>246</x><y>34</y></pt><pt><x>230</x><y>26</y></pt><pt><x>223</x><y>23</y></pt><pt><x>212</x><y>22</y></pt><pt><x>204</x><y>24</y></pt><pt><x>195</x><y>28</y></pt><pt><x>184</x><y>37</y></pt><pt><x>175</x><y>65</y></pt><pt><x>174</x><y>79</y></pt><pt><x>177</x><y>99</y></pt><pt><x>175</x><y>109</y></pt><pt><x>164</x><y>129</y></pt><pt><x>155</x><y>137</y></pt><pt><x>137</x><y>146</y></pt><pt><x>130</x><y>153</y></pt><pt><x>125</x><y>159</y></pt><pt><x>116</x><y>173</y></pt><pt><x>109</x><y>208</y></pt><pt><x>110</x><y>228</y></pt><pt><x>108</x><y>266</y></pt><pt><x>111</x><y>278</y></pt><pt><x>108</x><y>307</y></pt><pt><x>106</x><y>324</y></pt><pt><x>108</x><y>329</y></pt><pt><x>109</x><y>335</y></pt><pt><x>106</x><y>342</y></pt><pt><x>107</x><y>367</y></pt><pt><x>108</x><y>375</y></pt><pt><x>104</x><y>379</y></pt><pt><x>102</x><y>382</y></pt><pt><x>108</x><y>409</y></pt><pt><x>113</x><y>415</y></pt><pt><x>126</x><y>441</y></pt><pt><x>134</x><y>439</y></pt><pt><x>142</x><y>455</y></pt><pt><x>136</x><y>461</y></pt><pt><x>144</x><y>474</y></pt><pt><x>153</x><y>511</y></pt><pt><x>160</x><y>516</y></pt><pt><x>163</x><y>523</y></pt><pt><x>156</x><y>525</y></pt><pt><x>164</x><y>536</y></pt><pt><x>165</x><y>547</y></pt><pt><x>171</x><y>574</y></pt><pt><x>175</x><y>598</y></pt><pt><x>235</x><y>599</y></pt><pt><x>233</x><y>568</y></pt><pt><x>234</x><y>555</y></pt><pt><x>238</x><y>533</y></pt><pt><x>240</x><y>526</y></pt><pt><x>236</x><y>498</y></pt><pt><x>246</x><y>492</y></pt><pt><x>245</x><y>475</y></pt><pt><x>245</x><y>469</y></pt><pt><x>240</x><y>455</y></pt><pt><x>244</x><y>450</y></pt><pt><x>243</x><y>436</y></pt><pt><x>240</x><y>430</y></pt><pt><x>234</x><y>403</y></pt><pt><x>233</x><y>382</y></pt><pt><x>228</x><y>362</y></pt><pt><x>231</x><y>363</y></pt><pt><x>236</x><y>369</y></pt><pt><x>239</x><y>371</y></pt><pt><x>243</x><y>374</y></pt><pt><x>246</x><y>397</y></pt><pt><x>250</x><y>396</y></pt><pt><x>251</x><y>389</y></pt><pt><x>257</x><y>402</y></pt><pt><x>262</x><y>404</y></pt><pt><x>266</x><y>402</y></pt><pt><x>267</x><y>398</y></pt><pt><x>264</x><y>380</y></pt><pt><x>258</x><y>365</y></pt><pt><x>301</x><y>367</y></pt><pt><x>312</x><y>369</y></pt><pt><x>318</x><y>374</y></pt><pt><x>325</x><y>378</y></pt><pt><x>334</x><y>378</y></pt><pt><x>341</x><y>378</y></pt><pt><x>348</x><y>378</y></pt><pt><x>354</x><y>374</y></pt><pt><x>360</x><y>372</y></pt><pt><x>368</x><y>372</y></pt><pt><x>377</x><y>372</y></pt><pt><x>378</x><y>369</y></pt><pt><x>374</x><y>367</y></pt><pt><x>366</x><y>358</y></pt><pt><x>370</x><y>358</y></pt><pt><x>377</x><y>357</y></pt><pt><x>380</x><y>353</y></pt><pt><x>380</x><y>349</y></pt><pt><x>371</x><y>347</y></pt><pt><x>356</x><y>344</y></pt><pt><x>339</x><y>340</y></pt><pt><x>325</x><y>341</y></pt><pt><x>298</x><y>338</y></pt><pt><x>269</x><y>331</y></pt><pt><x>260</x><y>328</y></pt><pt><x>231</x><y>316</y></pt><pt><x>230</x><y>280</y></pt><pt><x>229</x><y>248</y></pt><pt><x>233</x><y>233</y></pt><pt><x>233</x><y>206</y></pt><pt><x>229</x><y>187</y></pt><pt><x>226</x><y>180</y></pt><pt><x>224</x><y>172</y></pt><pt><x>222</x><y>163</y></pt></polygon></object><object><name>towel</name><deleted>0</deleted><verified>0</verified><date>15-Jul-2012 17:29:46</date><id>14</id><polygon><username>sandy</username><pt><x>390</x><y>439</y></pt><pt><x>391</x><y>409</y></pt><pt><x>394</x><y>405</y></pt><pt><x>400</x><y>405</y></pt><pt><x>411</x><y>429</y></pt><pt><x>411</x><y>457</y></pt><pt><x>416</x><y>482</y></pt><pt><x>422</x><y>498</y></pt><pt><x>418</x><y>504</y></pt><pt><x>414</x><y>527</y></pt><pt><x>409</x><y>532</y></pt><pt><x>415</x><y>546</y></pt><pt><x>412</x><y>553</y></pt><pt><x>405</x><y>557</y></pt><pt><x>396</x><y>561</y></pt><pt><x>393</x><y>561</y></pt><pt><x>393</x><y>557</y></pt><pt><x>391</x><y>534</y></pt><pt><x>394</x><y>521</y></pt><pt><x>394</x><y>481</y></pt><pt><x>392</x><y>456</y></pt></polygon></object><object><name>plate</name><deleted>0</deleted><verified>0</verified><date>15-Jul-2012 17:29:46</date><id>15</id><polygon><username>sandy</username><pt><x>752</x><y>472</y></pt><pt><x>771</x><y>473</y></pt><pt><x>788</x><y>477</y></pt><pt><x>799</x><y>480</y></pt><pt><x>799</x><y>514</y></pt><pt><x>765</x><y>516</y></pt><pt><x>749</x><y>514</y></pt><pt><x>737</x><y>512</y></pt><pt><x>724</x><y>507</y></pt><pt><x>719</x><y>500</y></pt><pt><x>714</x><y>496</y></pt><pt><x>711</x><y>490</y></pt><pt><x>713</x><y>484</y></pt><pt><x>717</x><y>479</y></pt><pt><x>724</x><y>475</y></pt><pt><x>734</x><y>473</y></pt><pt><x>745</x><y>472</y></pt></polygon></object><object><name>cutlery</name><deleted>0</deleted><verified>0</verified><date>15-Jul-2012 17:29:46</date><id>16</id><polygon><username>sandy</username><pt><x>503</x><y>511</y></pt><pt><x>512</x><y>516</y></pt><pt><x>525</x><y>513</y></pt><pt><x>552</x><y>536</y></pt><pt><x>548</x><y>542</y></pt><pt><x>527</x><y>530</y></pt><pt><x>521</x><y>527</y></pt><pt><x>521</x><y>530</y></pt><pt><x>534</x><y>547</y></pt><pt><x>532</x><y>550</y></pt><pt><x>528</x><y>550</y></pt><pt><x>525</x><y>549</y></pt><pt><x>515</x><y>533</y></pt><pt><x>509</x><y>531</y></pt><pt><x>504</x><y>529</y></pt><pt><x>501</x><y>526</y></pt><pt><x>500</x><y>523</y></pt><pt><x>500</x><y>518</y></pt></polygon></object><object><name>road</name><deleted>0</deleted><verified>0</verified><date>15-Jul-2012 17:29:46</date><id>17</id><polygon><username>sandy</username><pt><x>2</x><y>248</y></pt><pt><x>251</x><y>220</y></pt><pt><x>297</x><y>217</y></pt><pt><x>387</x><y>207</y></pt><pt><x>474</x><y>204</y></pt><pt><x>563</x><y>206</y></pt><pt><x>596</x><y>208</y></pt><pt><x>629</x><y>214</y></pt><pt><x>691</x><y>222</y></pt><pt><x>689</x><y>196</y></pt><pt><x>578</x><y>193</y></pt><pt><x>471</x><y>196</y></pt><pt><x>369</x><y>197</y></pt><pt><x>284</x><y>204</y></pt><pt><x>109</x><y>224</y></pt><pt><x>2</x><y>234</y></pt></polygon></object><object><name>washbasin</name><deleted>0</deleted><verified>0</verified><date>15-Jul-2012 17:29:46</date><id>18</id><polygon><username>sandy</username><pt><x>570</x><y>470</y></pt><pt><x>590</x><y>470</y></pt><pt><x>601</x><y>470</y></pt><pt><x>609</x><y>474</y></pt><pt><x>619</x><y>492</y></pt><pt><x>619</x><y>503</y></pt><pt><x>615</x><y>508</y></pt><pt><x>618</x><y>528</y></pt><pt><x>610</x><y>534</y></pt><pt><x>599</x><y>536</y></pt><pt><x>573</x><y>539</y></pt><pt><x>563</x><y>539</y></pt><pt><x>558</x><y>536</y></pt><pt><x>551</x><y>530</y></pt><pt><x>545</x><y>520</y></pt><pt><x>546</x><y>514</y></pt><pt><x>543</x><y>507</y></pt><pt><x>541</x><y>499</y></pt><pt><x>539</x><y>492</y></pt><pt><x>540</x><y>483</y></pt><pt><x>544</x><y>478</y></pt><pt><x>548</x><y>473</y></pt><pt><x>554</x><y>470</y></pt></polygon></object><object><name>tree</name><deleted>0</deleted><verified>0</verified><date>15-Jul-2012 17:29:46</date><id>19</id><polygon><username>sandy</username><pt><x>403</x><y>59</y></pt><pt><x>414</x><y>55</y></pt><pt><x>419</x><y>50</y></pt><pt><x>428</x><y>49</y></pt><pt><x>434</x><y>46</y></pt><pt><x>440</x><y>40</y></pt><pt><x>447</x><y>40</y></pt><pt><x>452</x><y>34</y></pt><pt><x>458</x><y>33</y></pt><pt><x>463</x><y>30</y></pt><pt><x>475</x><y>31</y></pt><pt><x>485</x><y>32</y></pt><pt><x>492</x><y>37</y></pt><pt><x>499</x><y>38</y></pt><pt><x>510</x><y>30</y></pt><pt><x>519</x><y>29</y></pt><pt><x>528</x><y>21</y></pt><pt><x>523</x><y>17</y></pt><pt><x>522</x><y>12</y></pt><pt><x>525</x><y>8</y></pt><pt><x>530</x><y>1</y></pt><pt><x>765</x><y>2</y></pt><pt><x>768</x><y>11</y></pt><pt><x>774</x><y>18</y></pt><pt><x>775</x><y>26</y></pt><pt><x>786</x><y>23</y></pt><pt><x>788</x><y>18</y></pt><pt><x>795</x><y>15</y></pt><pt><x>800</x><y>144</y></pt><pt><x>768</x><y>162</y></pt><pt><x>706</x><y>176</y></pt><pt><x>664</x><y>177</y></pt><pt><x>664</x><y>180</y></pt><pt><x>670</x><y>185</y></pt><pt><x>677</x><y>190</y></pt><pt><x>684</x><y>193</y></pt><pt><x>683</x><y>195</y></pt><pt><x>625</x><y>192</y></pt><pt><x>627</x><y>191</y></pt><pt><x>634</x><y>184</y></pt><pt><x>636</x><y>179</y></pt><pt><x>612</x><y>176</y></pt><pt><x>610</x><y>199</y></pt><pt><x>608</x><y>242</y></pt><pt><x>597</x><y>242</y></pt><pt><x>595</x><y>200</y></pt><pt><x>595</x><y>188</y></pt><pt><x>593</x><y>175</y></pt><pt><x>548</x><y>173</y></pt><pt><x>481</x><y>171</y></pt><pt><x>481</x><y>182</y></pt><pt><x>476</x><y>188</y></pt><pt><x>464</x><y>190</y></pt><pt><x>342</x><y>195</y></pt><pt><x>244</x><y>203</y></pt><pt><x>114</x><y>217</y></pt><pt><x>2</x><y>212</y></pt><pt><x>2</x><y>111</y></pt><pt><x>12</x><y>115</y></pt><pt><x>14</x><y>119</y></pt><pt><x>23</x><y>121</y></pt><pt><x>37</x><y>122</y></pt><pt><x>45</x><y>122</y></pt><pt><x>44</x><y>118</y></pt><pt><x>46</x><y>113</y></pt><pt><x>55</x><y>113</y></pt><pt><x>60</x><y>113</y></pt><pt><x>70</x><y>107</y></pt><pt><x>74</x><y>99</y></pt><pt><x>70</x><y>97</y></pt><pt><x>77</x><y>92</y></pt><pt><x>82</x><y>93</y></pt><pt><x>86</x><y>91</y></pt><pt><x>93</x><y>88</y></pt><pt><x>97</x><y>86</y></pt><pt><x>104</x><y>84</y></pt><pt><x>139</x><y>86</y></pt><pt><x>137</x><y>79</y></pt><pt><x>129</x><y>66</y></pt><pt><x>122</x><y>58</y></pt><pt><x>115</x><y>53</y></pt><pt><x>115</x><y>48</y></pt><pt><x>113</x><y>46</y></pt><pt><x>106</x><y>37</y></pt><pt><x>107</x><y>30</y></pt><pt><x>110</x><y>25</y></pt><pt><x>114</x><y>23</y></pt><pt><x>119</x><y>19</y></pt><pt><x>155</x><y>15</y></pt><pt><x>169</x><y>14</y></pt><pt><x>184</x><y>19</y></pt><pt><x>191</x><y>24</y></pt><pt><x>193</x><y>30</y></pt><pt><x>180</x><y>55</y></pt><pt><x>174</x><y>60</y></pt><pt><x>164</x><y>67</y></pt><pt><x>164</x><y>73</y></pt><pt><x>171</x><y>76</y></pt><pt><x>258</x><y>75</y></pt><pt><x>262</x><y>63</y></pt><pt><x>266</x><y>61</y></pt><pt><x>269</x><y>62</y></pt><pt><x>272</x><y>56</y></pt><pt><x>275</x><y>51</y></pt><pt><x>273</x><y>49</y></pt><pt><x>270</x><y>46</y></pt><pt><x>273</x><y>40</y></pt><pt><x>284</x><y>40</y></pt><pt><x>300</x><y>31</y></pt><pt><x>308</x><y>30</y></pt><pt><x>315</x><y>28</y></pt><pt><x>320</x><y>24</y></pt><pt><x>327</x><y>30</y></pt><pt><x>322</x><y>34</y></pt><pt><x>340</x><y>33</y></pt><pt><x>351</x><y>37</y></pt><pt><x>351</x><y>40</y></pt><pt><x>360</x><y>41</y></pt><pt><x>371</x><y>43</y></pt><pt><x>372</x><y>48</y></pt><pt><x>370</x><y>54</y></pt><pt><x>371</x><y>62</y></pt><pt><x>374</x><y>67</y></pt><pt><x>381</x><y>67</y></pt><pt><x>385</x><y>70</y></pt><pt><x>389</x><y>73</y></pt><pt><x>394</x><y>69</y></pt><pt><x>396</x><y>64</y></pt></polygon></object><imagesize><nrows>600</nrows><ncols>800</ncols></imagesize></annotation>