<annotation><filename>p_park_mum.jpg</filename><folder>100images</folder><source><sourceImage>The MIT-CSAIL database of objects and scenes</sourceImage><sourceAnnotation>LabelMe Webtool</sourceAnnotation></source><object><name>pram</name><deleted>0</deleted><verified>0</verified><date>15-Jul-2012 17:15:34</date><id>0</id><polygon><username>sandy</username><pt><x>508</x><y>144</y></pt><pt><x>522</x><y>135</y></pt><pt><x>552</x><y>129</y></pt><pt><x>583</x><y>129</y></pt><pt><x>606</x><y>135</y></pt><pt><x>628</x><y>147</y></pt><pt><x>642</x><y>154</y></pt><pt><x>672</x><y>159</y></pt><pt><x>684</x><y>167</y></pt><pt><x>693</x><y>175</y></pt><pt><x>697</x><y>196</y></pt><pt><x>719</x><y>271</y></pt><pt><x>719</x><y>294</y></pt><pt><x>719</x><y>298</y></pt><pt><x>708</x><y>299</y></pt><pt><x>698</x><y>306</y></pt><pt><x>697</x><y>369</y></pt><pt><x>670</x><y>379</y></pt><pt><x>667</x><y>389</y></pt><pt><x>660</x><y>390</y></pt><pt><x>656</x><y>389</y></pt><pt><x>655</x><y>384</y></pt><pt><x>645</x><y>386</y></pt><pt><x>652</x><y>392</y></pt><pt><x>655</x><y>398</y></pt><pt><x>654</x><y>408</y></pt><pt><x>655</x><y>412</y></pt><pt><x>670</x><y>414</y></pt><pt><x>674</x><y>423</y></pt><pt><x>674</x><y>437</y></pt><pt><x>674</x><y>445</y></pt><pt><x>685</x><y>456</y></pt><pt><x>691</x><y>460</y></pt><pt><x>690</x><y>442</y></pt><pt><x>696</x><y>441</y></pt><pt><x>693</x><y>428</y></pt><pt><x>699</x><y>426</y></pt><pt><x>704</x><y>427</y></pt><pt><x>704</x><y>438</y></pt><pt><x>706</x><y>442</y></pt><pt><x>711</x><y>466</y></pt><pt><x>714</x><y>470</y></pt><pt><x>716</x><y>496</y></pt><pt><x>723</x><y>499</y></pt><pt><x>726</x><y>503</y></pt><pt><x>725</x><y>508</y></pt><pt><x>725</x><y>512</y></pt><pt><x>717</x><y>521</y></pt><pt><x>715</x><y>537</y></pt><pt><x>712</x><y>545</y></pt><pt><x>707</x><y>551</y></pt><pt><x>701</x><y>554</y></pt><pt><x>695</x><y>554</y></pt><pt><x>688</x><y>554</y></pt><pt><x>684</x><y>553</y></pt><pt><x>677</x><y>543</y></pt><pt><x>673</x><y>534</y></pt><pt><x>671</x><y>525</y></pt><pt><x>672</x><y>514</y></pt><pt><x>675</x><y>505</y></pt><pt><x>679</x><y>500</y></pt><pt><x>684</x><y>499</y></pt><pt><x>686</x><y>497</y></pt><pt><x>687</x><y>479</y></pt><pt><x>681</x><y>474</y></pt><pt><x>677</x><y>472</y></pt><pt><x>672</x><y>474</y></pt><pt><x>666</x><y>470</y></pt><pt><x>665</x><y>468</y></pt><pt><x>653</x><y>484</y></pt><pt><x>645</x><y>492</y></pt><pt><x>639</x><y>498</y></pt><pt><x>634</x><y>502</y></pt><pt><x>634</x><y>523</y></pt><pt><x>630</x><y>543</y></pt><pt><x>623</x><y>557</y></pt><pt><x>616</x><y>568</y></pt><pt><x>608</x><y>574</y></pt><pt><x>597</x><y>579</y></pt><pt><x>586</x><y>581</y></pt><pt><x>577</x><y>580</y></pt><pt><x>562</x><y>570</y></pt><pt><x>554</x><y>557</y></pt><pt><x>551</x><y>543</y></pt><pt><x>547</x><y>530</y></pt><pt><x>547</x><y>516</y></pt><pt><x>457</x><y>511</y></pt><pt><x>454</x><y>528</y></pt><pt><x>448</x><y>539</y></pt><pt><x>441</x><y>549</y></pt><pt><x>434</x><y>557</y></pt><pt><x>429</x><y>559</y></pt><pt><x>403</x><y>557</y></pt><pt><x>378</x><y>521</y></pt><pt><x>371</x><y>504</y></pt><pt><x>379</x><y>476</y></pt><pt><x>382</x><y>466</y></pt><pt><x>389</x><y>455</y></pt><pt><x>412</x><y>444</y></pt><pt><x>424</x><y>442</y></pt><pt><x>434</x><y>445</y></pt><pt><x>441</x><y>449</y></pt><pt><x>449</x><y>455</y></pt><pt><x>454</x><y>467</y></pt><pt><x>460</x><y>467</y></pt><pt><x>459</x><y>463</y></pt><pt><x>454</x><y>455</y></pt><pt><x>452</x><y>443</y></pt><pt><x>452</x><y>436</y></pt><pt><x>451</x><y>430</y></pt><pt><x>452</x><y>426</y></pt><pt><x>456</x><y>423</y></pt><pt><x>450</x><y>409</y></pt><pt><x>418</x><y>406</y></pt><pt><x>405</x><y>333</y></pt><pt><x>397</x><y>331</y></pt><pt><x>394</x><y>329</y></pt><pt><x>390</x><y>318</y></pt><pt><x>395</x><y>314</y></pt><pt><x>384</x><y>199</y></pt><pt><x>374</x><y>186</y></pt><pt><x>367</x><y>174</y></pt><pt><x>365</x><y>166</y></pt><pt><x>361</x><y>161</y></pt><pt><x>360</x><y>154</y></pt><pt><x>361</x><y>146</y></pt><pt><x>367</x><y>138</y></pt><pt><x>374</x><y>132</y></pt><pt><x>405</x><y>117</y></pt><pt><x>428</x><y>117</y></pt><pt><x>447</x><y>121</y></pt><pt><x>476</x><y>130</y></pt><pt><x>494</x><y>138</y></pt></polygon></object><object><name>woman</name><deleted>0</deleted><verified>0</verified><date>15-Jul-2012 17:15:34</date><id>1</id><polygon><username>sandy</username><pt><x>191</x><y>141</y></pt><pt><x>203</x><y>153</y></pt><pt><x>207</x><y>163</y></pt><pt><x>217</x><y>219</y></pt><pt><x>222</x><y>252</y></pt><pt><x>234</x><y>268</y></pt><pt><x>240</x><y>282</y></pt><pt><x>246</x><y>294</y></pt><pt><x>254</x><y>303</y></pt><pt><x>273</x><y>317</y></pt><pt><x>288</x><y>320</y></pt><pt><x>321</x><y>327</y></pt><pt><x>353</x><y>332</y></pt><pt><x>368</x><y>340</y></pt><pt><x>375</x><y>345</y></pt><pt><x>382</x><y>360</y></pt><pt><x>411</x><y>456</y></pt><pt><x>380</x><y>472</y></pt><pt><x>380</x><y>515</y></pt><pt><x>385</x><y>525</y></pt><pt><x>391</x><y>531</y></pt><pt><x>412</x><y>558</y></pt><pt><x>437</x><y>555</y></pt><pt><x>440</x><y>561</y></pt><pt><x>439</x><y>567</y></pt><pt><x>429</x><y>571</y></pt><pt><x>421</x><y>576</y></pt><pt><x>406</x><y>576</y></pt><pt><x>385</x><y>572</y></pt><pt><x>343</x><y>570</y></pt><pt><x>335</x><y>574</y></pt><pt><x>326</x><y>577</y></pt><pt><x>302</x><y>578</y></pt><pt><x>296</x><y>577</y></pt><pt><x>280</x><y>552</y></pt><pt><x>265</x><y>538</y></pt><pt><x>266</x><y>532</y></pt><pt><x>269</x><y>526</y></pt><pt><x>272</x><y>519</y></pt><pt><x>274</x><y>511</y></pt><pt><x>277</x><y>493</y></pt><pt><x>272</x><y>477</y></pt><pt><x>264</x><y>445</y></pt><pt><x>257</x><y>402</y></pt><pt><x>251</x><y>397</y></pt><pt><x>243</x><y>395</y></pt><pt><x>230</x><y>391</y></pt><pt><x>211</x><y>388</y></pt><pt><x>128</x><y>397</y></pt><pt><x>119</x><y>388</y></pt><pt><x>112</x><y>372</y></pt><pt><x>107</x><y>346</y></pt><pt><x>104</x><y>336</y></pt><pt><x>96</x><y>294</y></pt><pt><x>79</x><y>264</y></pt><pt><x>74</x><y>245</y></pt><pt><x>71</x><y>188</y></pt><pt><x>76</x><y>167</y></pt><pt><x>82</x><y>155</y></pt><pt><x>91</x><y>148</y></pt><pt><x>92</x><y>147</y></pt><pt><x>94</x><y>130</y></pt><pt><x>99</x><y>122</y></pt><pt><x>103</x><y>101</y></pt><pt><x>108</x><y>91</y></pt><pt><x>119</x><y>88</y></pt><pt><x>125</x><y>87</y></pt><pt><x>127</x><y>64</y></pt><pt><x>130</x><y>55</y></pt><pt><x>131</x><y>48</y></pt><pt><x>137</x><y>43</y></pt><pt><x>143</x><y>38</y></pt><pt><x>149</x><y>34</y></pt><pt><x>156</x><y>30</y></pt><pt><x>167</x><y>30</y></pt><pt><x>176</x><y>31</y></pt><pt><x>183</x><y>34</y></pt><pt><x>190</x><y>37</y></pt><pt><x>196</x><y>42</y></pt><pt><x>201</x><y>46</y></pt><pt><x>206</x><y>52</y></pt><pt><x>212</x><y>58</y></pt><pt><x>215</x><y>61</y></pt><pt><x>214</x><y>67</y></pt><pt><x>212</x><y>76</y></pt><pt><x>208</x><y>79</y></pt><pt><x>205</x><y>83</y></pt><pt><x>208</x><y>88</y></pt><pt><x>211</x><y>96</y></pt><pt><x>213</x><y>103</y></pt><pt><x>208</x><y>107</y></pt><pt><x>205</x><y>108</y></pt><pt><x>204</x><y>113</y></pt><pt><x>204</x><y>120</y></pt><pt><x>200</x><y>127</y></pt><pt><x>199</x><y>131</y></pt><pt><x>199</x><y>139</y></pt></polygon></object><object><name>umbrella</name><deleted>0</deleted><verified>0</verified><date>15-Jul-2012 17:15:34</date><id>2</id><polygon><username>sandy</username><pt><x>467</x><y>93</y></pt><pt><x>474</x><y>98</y></pt><pt><x>481</x><y>98</y></pt><pt><x>485</x><y>97</y></pt><pt><x>505</x><y>91</y></pt><pt><x>542</x><y>90</y></pt><pt><x>565</x><y>91</y></pt><pt><x>591</x><y>95</y></pt><pt><x>598</x><y>97</y></pt><pt><x>598</x><y>95</y></pt><pt><x>582</x><y>82</y></pt><pt><x>569</x><y>70</y></pt><pt><x>549</x><y>55</y></pt><pt><x>517</x><y>40</y></pt><pt><x>492</x><y>36</y></pt><pt><x>469</x><y>34</y></pt><pt><x>465</x><y>34</y></pt><pt><x>462</x><y>28</y></pt><pt><x>459</x><y>35</y></pt><pt><x>433</x><y>34</y></pt><pt><x>405</x><y>36</y></pt><pt><x>377</x><y>47</y></pt><pt><x>354</x><y>58</y></pt><pt><x>328</x><y>77</y></pt><pt><x>324</x><y>84</y></pt><pt><x>326</x><y>85</y></pt><pt><x>334</x><y>83</y></pt><pt><x>344</x><y>83</y></pt><pt><x>350</x><y>83</y></pt><pt><x>354</x><y>84</y></pt><pt><x>353</x><y>89</y></pt><pt><x>352</x><y>94</y></pt><pt><x>356</x><y>93</y></pt><pt><x>363</x><y>91</y></pt><pt><x>396</x><y>88</y></pt><pt><x>435</x><y>89</y></pt><pt><x>455</x><y>92</y></pt><pt><x>458</x><y>91</y></pt><pt><x>458</x><y>191</y></pt><pt><x>459</x><y>191</y></pt></polygon></object><object><name>bench</name><deleted>0</deleted><verified>0</verified><date>15-Jul-2012 17:15:34</date><id>3</id><polygon><username>sandy</username><pt><x>2</x><y>198</y></pt><pt><x>236</x><y>182</y></pt><pt><x>238</x><y>178</y></pt><pt><x>241</x><y>177</y></pt><pt><x>248</x><y>178</y></pt><pt><x>252</x><y>181</y></pt><pt><x>283</x><y>179</y></pt><pt><x>288</x><y>203</y></pt><pt><x>283</x><y>204</y></pt><pt><x>268</x><y>207</y></pt><pt><x>272</x><y>226</y></pt><pt><x>304</x><y>265</y></pt><pt><x>314</x><y>265</y></pt><pt><x>324</x><y>255</y></pt><pt><x>342</x><y>249</y></pt><pt><x>356</x><y>248</y></pt><pt><x>363</x><y>249</y></pt><pt><x>422</x><y>393</y></pt><pt><x>415</x><y>401</y></pt><pt><x>409</x><y>406</y></pt><pt><x>403</x><y>412</y></pt><pt><x>401</x><y>417</y></pt><pt><x>399</x><y>420</y></pt><pt><x>264</x><y>439</y></pt><pt><x>139</x><y>457</y></pt><pt><x>141</x><y>476</y></pt><pt><x>157</x><y>492</y></pt><pt><x>167</x><y>509</y></pt><pt><x>175</x><y>527</y></pt><pt><x>185</x><y>559</y></pt><pt><x>185</x><y>568</y></pt><pt><x>191</x><y>567</y></pt><pt><x>195</x><y>570</y></pt><pt><x>197</x><y>574</y></pt><pt><x>201</x><y>579</y></pt><pt><x>204</x><y>584</y></pt><pt><x>191</x><y>586</y></pt><pt><x>161</x><y>584</y></pt><pt><x>163</x><y>578</y></pt><pt><x>168</x><y>574</y></pt><pt><x>171</x><y>574</y></pt><pt><x>171</x><y>557</y></pt><pt><x>167</x><y>539</y></pt><pt><x>155</x><y>515</y></pt><pt><x>143</x><y>497</y></pt><pt><x>130</x><y>489</y></pt><pt><x>122</x><y>485</y></pt><pt><x>107</x><y>479</y></pt><pt><x>87</x><y>474</y></pt><pt><x>73</x><y>474</y></pt><pt><x>54</x><y>484</y></pt><pt><x>42</x><y>491</y></pt><pt><x>23</x><y>518</y></pt><pt><x>19</x><y>534</y></pt><pt><x>18</x><y>548</y></pt><pt><x>18</x><y>556</y></pt><pt><x>22</x><y>558</y></pt><pt><x>26</x><y>560</y></pt><pt><x>25</x><y>565</y></pt><pt><x>2</x><y>568</y></pt><pt><x>2</x><y>538</y></pt><pt><x>8</x><y>481</y></pt><pt><x>3</x><y>485</y></pt><pt><x>0</x><y>476</y></pt><pt><x>9</x><y>475</y></pt><pt><x>10</x><y>441</y></pt><pt><x>2</x><y>443</y></pt></polygon></object><object><name>bag</name><deleted>0</deleted><verified>0</verified><date>15-Jul-2012 17:15:34</date><id>4</id><polygon><username>sandy</username><pt><x>496</x><y>326</y></pt><pt><x>538</x><y>316</y></pt><pt><x>541</x><y>312</y></pt><pt><x>521</x><y>244</y></pt><pt><x>512</x><y>217</y></pt><pt><x>516</x><y>208</y></pt><pt><x>530</x><y>200</y></pt><pt><x>537</x><y>191</y></pt><pt><x>538</x><y>185</y></pt><pt><x>529</x><y>176</y></pt><pt><x>515</x><y>183</y></pt><pt><x>508</x><y>191</y></pt><pt><x>505</x><y>200</y></pt><pt><x>499</x><y>203</y></pt><pt><x>489</x><y>192</y></pt><pt><x>456</x><y>195</y></pt><pt><x>434</x><y>196</y></pt><pt><x>417</x><y>203</y></pt><pt><x>395</x><y>203</y></pt><pt><x>386</x><y>203</y></pt><pt><x>377</x><y>203</y></pt><pt><x>368</x><y>206</y></pt><pt><x>364</x><y>233</y></pt><pt><x>356</x><y>251</y></pt><pt><x>365</x><y>320</y></pt><pt><x>383</x><y>323</y></pt><pt><x>421</x><y>324</y></pt><pt><x>473</x><y>328</y></pt><pt><x>485</x><y>328</y></pt></polygon></object><object><name>tree</name><deleted>0</deleted><verified>0</verified><date>15-Jul-2012 17:15:34</date><id>5</id><polygon><username>sandy</username><pt><x>671</x><y>3</y></pt><pt><x>669</x><y>71</y></pt><pt><x>675</x><y>134</y></pt><pt><x>667</x><y>157</y></pt><pt><x>714</x><y>278</y></pt><pt><x>780</x><y>279</y></pt><pt><x>784</x><y>199</y></pt><pt><x>786</x><y>123</y></pt><pt><x>796</x><y>49</y></pt><pt><x>798</x><y>35</y></pt><pt><x>797</x><y>1</y></pt></polygon></object><object><name>fence</name><deleted>0</deleted><verified>0</verified><date>15-Jul-2012 17:15:34</date><id>6</id><polygon><username>sandy</username><pt><x>3</x><y>152</y></pt><pt><x>61</x><y>159</y></pt><pt><x>75</x><y>150</y></pt><pt><x>87</x><y>145</y></pt><pt><x>205</x><y>127</y></pt><pt><x>251</x><y>145</y></pt><pt><x>323</x><y>158</y></pt><pt><x>424</x><y>153</y></pt><pt><x>494</x><y>155</y></pt><pt><x>619</x><y>135</y></pt><pt><x>665</x><y>137</y></pt><pt><x>733</x><y>146</y></pt><pt><x>799</x><y>143</y></pt><pt><x>797</x><y>457</y></pt><pt><x>651</x><y>481</y></pt><pt><x>385</x><y>469</y></pt><pt><x>183</x><y>473</y></pt><pt><x>2</x><y>486</y></pt></polygon></object><object><name>grass</name><deleted>1</deleted><verified>0</verified><date>15-Jul-2012 17:15:34</date><id>7</id><polygon><username>sandy</username><pt><x>5</x><y>50</y></pt><pt><x>99</x><y>51</y></pt><pt><x>282</x><y>62</y></pt><pt><x>335</x><y>79</y></pt><pt><x>565</x><y>100</y></pt><pt><x>652</x><y>118</y></pt><pt><x>799</x><y>126</y></pt><pt><x>794</x><y>470</y></pt><pt><x>721</x><y>489</y></pt><pt><x>631</x><y>505</y></pt><pt><x>455</x><y>497</y></pt><pt><x>312</x><y>476</y></pt><pt><x>233</x><y>481</y></pt><pt><x>5</x><y>519</y></pt></polygon></object><imagesize><nrows>600
</nrows><ncols>800
</ncols></imagesize></annotation>
