<annotation><filename>p_park_people.jpg</filename><folder>100images</folder><source><sourceImage>The MIT-CSAIL database of objects and scenes</sourceImage><sourceAnnotation>LabelMe Webtool</sourceAnnotation></source><object><name>people</name><deleted>0</deleted><verified>0</verified><date>15-Jul-2012 18:32:00</date><id>0</id><polygon><username>sandy</username><pt><x>496</x><y>522</y></pt><pt><x>499</x><y>511</y></pt><pt><x>498</x><y>495</y></pt><pt><x>499</x><y>484</y></pt><pt><x>500</x><y>477</y></pt><pt><x>499</x><y>474</y></pt><pt><x>496</x><y>471</y></pt><pt><x>495</x><y>469</y></pt><pt><x>495</x><y>466</y></pt><pt><x>494</x><y>464</y></pt><pt><x>493</x><y>464</y></pt><pt><x>490</x><y>464</y></pt><pt><x>488</x><y>466</y></pt><pt><x>487</x><y>469</y></pt><pt><x>484</x><y>469</y></pt><pt><x>482</x><y>471</y></pt><pt><x>480</x><y>476</y></pt><pt><x>478</x><y>476</y></pt><pt><x>477</x><y>474</y></pt><pt><x>474</x><y>474</y></pt><pt><x>470</x><y>473</y></pt><pt><x>467</x><y>471</y></pt><pt><x>465</x><y>470</y></pt><pt><x>461</x><y>472</y></pt><pt><x>457</x><y>471</y></pt><pt><x>453</x><y>470</y></pt><pt><x>451</x><y>468</y></pt><pt><x>446</x><y>469</y></pt><pt><x>442</x><y>471</y></pt><pt><x>438</x><y>471</y></pt><pt><x>436</x><y>469</y></pt><pt><x>434</x><y>468</y></pt><pt><x>432</x><y>470</y></pt><pt><x>431</x><y>474</y></pt><pt><x>430</x><y>476</y></pt><pt><x>429</x><y>479</y></pt><pt><x>428</x><y>492</y></pt><pt><x>431</x><y>496</y></pt><pt><x>431</x><y>518</y></pt><pt><x>440</x><y>515</y></pt><pt><x>446</x><y>513</y></pt><pt><x>449</x><y>512</y></pt><pt><x>451</x><y>517</y></pt><pt><x>452</x><y>521</y></pt><pt><x>456</x><y>520</y></pt><pt><x>459</x><y>519</y></pt><pt><x>465</x><y>530</y></pt><pt><x>479</x><y>525</y></pt><pt><x>477</x><y>517</y></pt><pt><x>478</x><y>514</y></pt><pt><x>479</x><y>496</y></pt><pt><x>480</x><y>492</y></pt><pt><x>483</x><y>510</y></pt><pt><x>485</x><y>528</y></pt><pt><x>487</x><y>529</y></pt><pt><x>490</x><y>525</y></pt></polygon></object><object><name>people</name><deleted>0</deleted><verified>0</verified><date>15-Jul-2012 18:32:00</date><id>1</id><polygon><username>sandy</username><pt><x>550</x><y>526</y></pt><pt><x>556</x><y>529</y></pt><pt><x>561</x><y>542</y></pt><pt><x>562</x><y>552</y></pt><pt><x>561</x><y>561</y></pt><pt><x>551</x><y>563</y></pt><pt><x>538</x><y>565</y></pt><pt><x>529</x><y>564</y></pt><pt><x>522</x><y>564</y></pt><pt><x>519</x><y>562</y></pt><pt><x>521</x><y>559</y></pt><pt><x>525</x><y>558</y></pt><pt><x>527</x><y>556</y></pt><pt><x>522</x><y>555</y></pt><pt><x>523</x><y>549</y></pt><pt><x>523</x><y>546</y></pt><pt><x>522</x><y>543</y></pt><pt><x>522</x><y>539</y></pt><pt><x>537</x><y>542</y></pt><pt><x>541</x><y>534</y></pt><pt><x>538</x><y>531</y></pt><pt><x>537</x><y>527</y></pt><pt><x>536</x><y>522</y></pt><pt><x>537</x><y>518</y></pt><pt><x>542</x><y>517</y></pt><pt><x>545</x><y>516</y></pt><pt><x>549</x><y>516</y></pt></polygon></object><object><name>people</name><deleted>0</deleted><verified>0</verified><date>15-Jul-2012 18:32:00</date><id>2</id><polygon><username>sandy</username><pt><x>588</x><y>463</y></pt><pt><x>596</x><y>466</y></pt><pt><x>601</x><y>465</y></pt><pt><x>602</x><y>463</y></pt><pt><x>607</x><y>463</y></pt><pt><x>607</x><y>467</y></pt><pt><x>608</x><y>484</y></pt><pt><x>601</x><y>483</y></pt><pt><x>595</x><y>482</y></pt><pt><x>587</x><y>480</y></pt><pt><x>585</x><y>479</y></pt><pt><x>585</x><y>473</y></pt><pt><x>586</x><y>469</y></pt></polygon></object><object><name>people</name><deleted>0</deleted><verified>0</verified><date>15-Jul-2012 18:32:00</date><id>3</id><polygon><username>sandy</username><pt><x>552</x><y>455</y></pt><pt><x>556</x><y>456</y></pt><pt><x>556</x><y>457</y></pt><pt><x>557</x><y>466</y></pt><pt><x>564</x><y>486</y></pt><pt><x>560</x><y>485</y></pt><pt><x>550</x><y>466</y></pt><pt><x>545</x><y>474</y></pt><pt><x>543</x><y>490</y></pt><pt><x>540</x><y>488</y></pt><pt><x>541</x><y>470</y></pt><pt><x>544</x><y>465</y></pt><pt><x>542</x><y>457</y></pt><pt><x>545</x><y>454</y></pt><pt><x>546</x><y>449</y></pt><pt><x>546</x><y>447</y></pt><pt><x>549</x><y>448</y></pt></polygon></object><object><name>horse</name><deleted>0</deleted><verified>0</verified><date>15-Jul-2012 18:32:00</date><id>4</id><polygon><username>sandy</username><pt><x>559</x><y>504</y></pt><pt><x>559</x><y>467</y></pt><pt><x>550</x><y>466</y></pt><pt><x>540</x><y>470</y></pt><pt><x>540</x><y>500</y></pt></polygon></object><object><name>people</name><deleted>0</deleted><verified>0</verified><date>15-Jul-2012 18:32:00</date><id>5</id><polygon><username>sandy</username><pt><x>402</x><y>468</y></pt><pt><x>408</x><y>474</y></pt><pt><x>409</x><y>487</y></pt><pt><x>392</x><y>487</y></pt><pt><x>394</x><y>475</y></pt><pt><x>394</x><y>470</y></pt></polygon></object><object><name>people</name><deleted>0</deleted><verified>0</verified><date>15-Jul-2012 18:32:00</date><id>6</id><polygon><username>sandy</username><pt><x>212</x><y>494</y></pt><pt><x>215</x><y>491</y></pt><pt><x>215</x><y>485</y></pt><pt><x>215</x><y>479</y></pt><pt><x>220</x><y>477</y></pt><pt><x>222</x><y>484</y></pt><pt><x>224</x><y>490</y></pt><pt><x>227</x><y>489</y></pt><pt><x>234</x><y>494</y></pt><pt><x>234</x><y>502</y></pt><pt><x>235</x><y>507</y></pt><pt><x>238</x><y>506</y></pt><pt><x>240</x><y>495</y></pt><pt><x>243</x><y>491</y></pt><pt><x>244</x><y>486</y></pt><pt><x>244</x><y>482</y></pt><pt><x>244</x><y>473</y></pt><pt><x>246</x><y>467</y></pt><pt><x>249</x><y>463</y></pt><pt><x>254</x><y>463</y></pt><pt><x>257</x><y>467</y></pt><pt><x>257</x><y>474</y></pt><pt><x>258</x><y>476</y></pt><pt><x>262</x><y>477</y></pt><pt><x>261</x><y>473</y></pt><pt><x>260</x><y>470</y></pt><pt><x>261</x><y>467</y></pt><pt><x>265</x><y>465</y></pt><pt><x>271</x><y>468</y></pt><pt><x>271</x><y>474</y></pt><pt><x>272</x><y>477</y></pt><pt><x>283</x><y>476</y></pt><pt><x>286</x><y>482</y></pt><pt><x>291</x><y>487</y></pt><pt><x>295</x><y>494</y></pt><pt><x>295</x><y>500</y></pt><pt><x>293</x><y>506</y></pt><pt><x>292</x><y>509</y></pt><pt><x>296</x><y>516</y></pt><pt><x>296</x><y>525</y></pt><pt><x>297</x><y>532</y></pt><pt><x>295</x><y>539</y></pt><pt><x>294</x><y>544</y></pt><pt><x>292</x><y>548</y></pt><pt><x>290</x><y>553</y></pt><pt><x>288</x><y>559</y></pt><pt><x>283</x><y>565</y></pt><pt><x>278</x><y>566</y></pt><pt><x>276</x><y>562</y></pt><pt><x>276</x><y>559</y></pt><pt><x>278</x><y>555</y></pt><pt><x>278</x><y>533</y></pt><pt><x>274</x><y>527</y></pt><pt><x>274</x><y>527</y></pt><pt><x>271</x><y>534</y></pt><pt><x>271</x><y>542</y></pt><pt><x>269</x><y>561</y></pt><pt><x>262</x><y>571</y></pt><pt><x>258</x><y>574</y></pt><pt><x>251</x><y>573</y></pt><pt><x>245</x><y>573</y></pt><pt><x>239</x><y>573</y></pt><pt><x>239</x><y>570</y></pt><pt><x>240</x><y>566</y></pt><pt><x>240</x><y>562</y></pt><pt><x>236</x><y>563</y></pt><pt><x>231</x><y>566</y></pt><pt><x>226</x><y>565</y></pt><pt><x>223</x><y>564</y></pt><pt><x>224</x><y>559</y></pt><pt><x>224</x><y>553</y></pt><pt><x>223</x><y>549</y></pt><pt><x>220</x><y>547</y></pt><pt><x>216</x><y>554</y></pt><pt><x>214</x><y>556</y></pt><pt><x>213</x><y>559</y></pt><pt><x>213</x><y>564</y></pt><pt><x>207</x><y>566</y></pt><pt><x>202</x><y>565</y></pt><pt><x>201</x><y>562</y></pt><pt><x>206</x><y>558</y></pt><pt><x>208</x><y>554</y></pt><pt><x>209</x><y>549</y></pt><pt><x>209</x><y>542</y></pt><pt><x>209</x><y>535</y></pt><pt><x>210</x><y>504</y></pt></polygon></object><object><name>people</name><deleted>0</deleted><verified>0</verified><date>15-Jul-2012 18:32:00</date><id>7</id><polygon><username>sandy</username><pt><x>309</x><y>489</y></pt><pt><x>314</x><y>490</y></pt><pt><x>317</x><y>474</y></pt><pt><x>320</x><y>469</y></pt><pt><x>322</x><y>464</y></pt><pt><x>328</x><y>463</y></pt><pt><x>334</x><y>461</y></pt><pt><x>339</x><y>465</y></pt><pt><x>341</x><y>469</y></pt><pt><x>339</x><y>474</y></pt><pt><x>343</x><y>476</y></pt><pt><x>346</x><y>479</y></pt><pt><x>349</x><y>481</y></pt><pt><x>351</x><y>487</y></pt><pt><x>352</x><y>493</y></pt><pt><x>351</x><y>508</y></pt><pt><x>349</x><y>517</y></pt><pt><x>349</x><y>529</y></pt><pt><x>351</x><y>550</y></pt><pt><x>348</x><y>555</y></pt><pt><x>342</x><y>556</y></pt><pt><x>335</x><y>556</y></pt><pt><x>331</x><y>556</y></pt><pt><x>322</x><y>556</y></pt><pt><x>318</x><y>556</y></pt><pt><x>316</x><y>542</y></pt><pt><x>305</x><y>543</y></pt><pt><x>303</x><y>534</y></pt><pt><x>305</x><y>519</y></pt><pt><x>302</x><y>502</y></pt><pt><x>305</x><y>501</y></pt><pt><x>306</x><y>495</y></pt></polygon></object><object><name>people</name><deleted>0</deleted><verified>0</verified><date>15-Jul-2012 18:32:00</date><id>8</id><polygon><username>sandy</username><pt><x>184</x><y>483</y></pt><pt><x>192</x><y>490</y></pt><pt><x>192</x><y>494</y></pt><pt><x>199</x><y>498</y></pt><pt><x>203</x><y>521</y></pt><pt><x>197</x><y>525</y></pt><pt><x>195</x><y>528</y></pt><pt><x>198</x><y>545</y></pt><pt><x>198</x><y>555</y></pt><pt><x>190</x><y>558</y></pt><pt><x>180</x><y>560</y></pt><pt><x>174</x><y>558</y></pt><pt><x>177</x><y>538</y></pt><pt><x>173</x><y>530</y></pt><pt><x>172</x><y>534</y></pt><pt><x>170</x><y>542</y></pt><pt><x>173</x><y>559</y></pt><pt><x>170</x><y>563</y></pt><pt><x>164</x><y>559</y></pt><pt><x>146</x><y>560</y></pt><pt><x>145</x><y>545</y></pt><pt><x>146</x><y>528</y></pt><pt><x>146</x><y>524</y></pt><pt><x>143</x><y>516</y></pt><pt><x>138</x><y>509</y></pt><pt><x>146</x><y>499</y></pt><pt><x>149</x><y>494</y></pt><pt><x>149</x><y>489</y></pt><pt><x>150</x><y>485</y></pt><pt><x>152</x><y>484</y></pt><pt><x>155</x><y>485</y></pt><pt><x>156</x><y>490</y></pt><pt><x>157</x><y>491</y></pt><pt><x>161</x><y>485</y></pt><pt><x>170</x><y>482</y></pt><pt><x>172</x><y>477</y></pt><pt><x>172</x><y>474</y></pt><pt><x>172</x><y>472</y></pt><pt><x>177</x><y>473</y></pt><pt><x>180</x><y>473</y></pt><pt><x>181</x><y>475</y></pt><pt><x>181</x><y>479</y></pt></polygon></object><object><name>people</name><deleted>0</deleted><verified>0</verified><date>15-Jul-2012 18:32:00</date><id>9</id><polygon><username>sandy</username><pt><x>9</x><y>474</y></pt><pt><x>21</x><y>472</y></pt><pt><x>25</x><y>475</y></pt><pt><x>32</x><y>476</y></pt><pt><x>33</x><y>473</y></pt><pt><x>35</x><y>471</y></pt><pt><x>39</x><y>472</y></pt><pt><x>42</x><y>473</y></pt><pt><x>47</x><y>476</y></pt><pt><x>49</x><y>477</y></pt><pt><x>51</x><y>476</y></pt><pt><x>53</x><y>474</y></pt><pt><x>56</x><y>472</y></pt><pt><x>60</x><y>471</y></pt><pt><x>61</x><y>476</y></pt><pt><x>64</x><y>474</y></pt><pt><x>70</x><y>474</y></pt><pt><x>70</x><y>479</y></pt><pt><x>73</x><y>480</y></pt><pt><x>77</x><y>479</y></pt><pt><x>83</x><y>481</y></pt><pt><x>85</x><y>485</y></pt><pt><x>87</x><y>493</y></pt><pt><x>87</x><y>498</y></pt><pt><x>85</x><y>504</y></pt><pt><x>83</x><y>511</y></pt><pt><x>81</x><y>521</y></pt><pt><x>75</x><y>524</y></pt><pt><x>70</x><y>528</y></pt><pt><x>59</x><y>529</y></pt><pt><x>56</x><y>536</y></pt><pt><x>50</x><y>539</y></pt><pt><x>49</x><y>533</y></pt><pt><x>50</x><y>511</y></pt><pt><x>44</x><y>522</y></pt><pt><x>42</x><y>528</y></pt><pt><x>31</x><y>530</y></pt><pt><x>27</x><y>530</y></pt><pt><x>32</x><y>539</y></pt><pt><x>27</x><y>542</y></pt><pt><x>23</x><y>541</y></pt><pt><x>22</x><y>535</y></pt><pt><x>16</x><y>534</y></pt><pt><x>10</x><y>535</y></pt><pt><x>8</x><y>542</y></pt><pt><x>3</x><y>542</y></pt><pt><x>10</x><y>552</y></pt><pt><x>2</x><y>554</y></pt><pt><x>2</x><y>469</y></pt></polygon></object><object><name>people</name><deleted>0</deleted><verified>0</verified><date>15-Jul-2012 18:32:00</date><id>10</id><polygon><username>sandy</username><pt><x>105</x><y>483</y></pt><pt><x>105</x><y>487</y></pt><pt><x>103</x><y>491</y></pt><pt><x>103</x><y>498</y></pt><pt><x>103</x><y>503</y></pt><pt><x>94</x><y>503</y></pt><pt><x>93</x><y>491</y></pt><pt><x>92</x><y>486</y></pt><pt><x>96</x><y>482</y></pt><pt><x>96</x><y>480</y></pt><pt><x>99</x><y>476</y></pt><pt><x>101</x><y>475</y></pt><pt><x>103</x><y>477</y></pt></polygon></object><object><name>people</name><deleted>0</deleted><verified>0</verified><date>15-Jul-2012 18:32:00</date><id>11</id><polygon><username>sandy</username><pt><x>122</x><y>473</y></pt><pt><x>123</x><y>478</y></pt><pt><x>125</x><y>480</y></pt><pt><x>127</x><y>477</y></pt><pt><x>129</x><y>475</y></pt><pt><x>130</x><y>474</y></pt><pt><x>131</x><y>472</y></pt><pt><x>136</x><y>470</y></pt><pt><x>141</x><y>469</y></pt><pt><x>128</x><y>501</y></pt><pt><x>117</x><y>502</y></pt><pt><x>116</x><y>499</y></pt><pt><x>116</x><y>491</y></pt><pt><x>112</x><y>490</y></pt><pt><x>110</x><y>488</y></pt><pt><x>111</x><y>484</y></pt><pt><x>114</x><y>480</y></pt><pt><x>117</x><y>476</y></pt><pt><x>119</x><y>475</y></pt></polygon></object><object><name>people</name><deleted>0</deleted><verified>0</verified><date>15-Jul-2012 18:32:00</date><id>12</id><polygon><username>sandy</username><pt><x>22</x><y>451</y></pt><pt><x>27</x><y>455</y></pt><pt><x>29</x><y>458</y></pt><pt><x>27</x><y>464</y></pt><pt><x>26</x><y>475</y></pt><pt><x>8</x><y>472</y></pt><pt><x>9</x><y>459</y></pt><pt><x>11</x><y>457</y></pt><pt><x>13</x><y>454</y></pt><pt><x>16</x><y>453</y></pt></polygon></object><object><name>tent</name><deleted>0</deleted><verified>0</verified><date>15-Jul-2012 18:32:00</date><id>13</id><polygon><username>sandy</username><pt><x>612</x><y>449</y></pt><pt><x>628</x><y>441</y></pt><pt><x>646</x><y>427</y></pt><pt><x>664</x><y>401</y></pt><pt><x>673</x><y>387</y></pt><pt><x>683</x><y>393</y></pt><pt><x>697</x><y>405</y></pt><pt><x>726</x><y>420</y></pt><pt><x>747</x><y>438</y></pt><pt><x>767</x><y>441</y></pt><pt><x>780</x><y>500</y></pt><pt><x>769</x><y>509</y></pt><pt><x>714</x><y>510</y></pt><pt><x>672</x><y>512</y></pt><pt><x>664</x><y>501</y></pt><pt><x>613</x><y>509</y></pt><pt><x>611</x><y>507</y></pt></polygon></object><object><name>trebuchet</name><deleted>0</deleted><verified>0</verified><date>15-Jul-2012 18:32:00</date><id>14</id><polygon><username>sandy</username><pt><x>244</x><y>276</y></pt><pt><x>256</x><y>276</y></pt><pt><x>255</x><y>286</y></pt><pt><x>271</x><y>338</y></pt><pt><x>381</x><y>507</y></pt><pt><x>383</x><y>517</y></pt><pt><x>139</x><y>529</y></pt><pt><x>113</x><y>524</y></pt><pt><x>99</x><y>525</y></pt><pt><x>90</x><y>524</y></pt><pt><x>91</x><y>513</y></pt><pt><x>102</x><y>512</y></pt><pt><x>104</x><y>505</y></pt><pt><x>130</x><y>502</y></pt><pt><x>146</x><y>456</y></pt><pt><x>148</x><y>448</y></pt><pt><x>148</x><y>441</y></pt><pt><x>150</x><y>434</y></pt><pt><x>153</x><y>427</y></pt><pt><x>155</x><y>423</y></pt><pt><x>157</x><y>417</y></pt><pt><x>171</x><y>409</y></pt><pt><x>174</x><y>401</y></pt><pt><x>226</x><y>282</y></pt><pt><x>230</x><y>282</y></pt><pt><x>231</x><y>260</y></pt><pt><x>229</x><y>241</y></pt><pt><x>233</x><y>221</y></pt><pt><x>238</x><y>113</y></pt><pt><x>239</x><y>59</y></pt><pt><x>244</x><y>59</y></pt><pt><x>244</x><y>151</y></pt></polygon></object><object><name>castle</name><deleted>0</deleted><verified>0</verified><date>15-Jul-2012 18:32:00</date><id>15</id><polygon><username>sandy</username><pt><x>557</x><y>354</y></pt><pt><x>563</x><y>410</y></pt><pt><x>570</x><y>420</y></pt><pt><x>572</x><y>420</y></pt><pt><x>575</x><y>429</y></pt><pt><x>599</x><y>433</y></pt><pt><x>628</x><y>432</y></pt><pt><x>629</x><y>467</y></pt><pt><x>569</x><y>475</y></pt><pt><x>509</x><y>478</y></pt><pt><x>411</x><y>484</y></pt><pt><x>315</x><y>487</y></pt><pt><x>260</x><y>303</y></pt><pt><x>288</x><y>295</y></pt><pt><x>299</x><y>296</y></pt><pt><x>314</x><y>300</y></pt><pt><x>320</x><y>282</y></pt><pt><x>327</x><y>282</y></pt><pt><x>329</x><y>310</y></pt><pt><x>354</x><y>313</y></pt><pt><x>355</x><y>298</y></pt><pt><x>363</x><y>298</y></pt><pt><x>371</x><y>300</y></pt><pt><x>372</x><y>322</y></pt><pt><x>382</x><y>325</y></pt><pt><x>384</x><y>320</y></pt><pt><x>392</x><y>322</y></pt><pt><x>396</x><y>327</y></pt><pt><x>405</x><y>329</y></pt><pt><x>406</x><y>323</y></pt><pt><x>411</x><y>323</y></pt><pt><x>411</x><y>330</y></pt><pt><x>416</x><y>331</y></pt><pt><x>419</x><y>320</y></pt><pt><x>426</x><y>320</y></pt><pt><x>432</x><y>322</y></pt><pt><x>434</x><y>333</y></pt><pt><x>436</x><y>337</y></pt><pt><x>447</x><y>339</y></pt><pt><x>446</x><y>329</y></pt><pt><x>449</x><y>329</y></pt><pt><x>449</x><y>340</y></pt><pt><x>473</x><y>343</y></pt><pt><x>472</x><y>332</y></pt><pt><x>478</x><y>334</y></pt><pt><x>480</x><y>339</y></pt><pt><x>503</x><y>338</y></pt><pt><x>505</x><y>346</y></pt><pt><x>509</x><y>347</y></pt><pt><x>510</x><y>342</y></pt><pt><x>514</x><y>342</y></pt><pt><x>516</x><y>347</y></pt><pt><x>520</x><y>349</y></pt><pt><x>519</x><y>329</y></pt><pt><x>524</x><y>331</y></pt><pt><x>527</x><y>319</y></pt><pt><x>536</x><y>316</y></pt><pt><x>545</x><y>316</y></pt><pt><x>551</x><y>318</y></pt><pt><x>552</x><y>337</y></pt><pt><x>557</x><y>338</y></pt><pt><x>559</x><y>349</y></pt></polygon></object><object><name>flag</name><deleted>0</deleted><verified>0</verified><date>15-Jul-2012 18:32:00</date><id>16</id><polygon><username>sandy</username><pt><x>559</x><y>428</y></pt><pt><x>565</x><y>446</y></pt><pt><x>578</x><y>461</y></pt><pt><x>571</x><y>464</y></pt><pt><x>561</x><y>463</y></pt><pt><x>559</x><y>462</y></pt><pt><x>557</x><y>439</y></pt></polygon></object><object><name>castle</name><deleted>0</deleted><verified>0</verified><date>15-Jul-2012 18:32:00</date><id>17</id><polygon><username>sandy</username><pt><x>4</x><y>299</y></pt><pt><x>19</x><y>300</y></pt><pt><x>23</x><y>291</y></pt><pt><x>20</x><y>288</y></pt><pt><x>20</x><y>280</y></pt><pt><x>27</x><y>279</y></pt><pt><x>38</x><y>279</y></pt><pt><x>37</x><y>289</y></pt><pt><x>38</x><y>300</y></pt><pt><x>42</x><y>298</y></pt><pt><x>42</x><y>303</y></pt><pt><x>56</x><y>305</y></pt><pt><x>55</x><y>318</y></pt><pt><x>2</x><y>314</y></pt></polygon></object><object><name>trees</name><deleted>0</deleted><verified>0</verified><date>15-Jul-2012 18:32:00</date><id>18</id><polygon><username>sandy</username><pt><x>2</x><y>224</y></pt><pt><x>26</x><y>225</y></pt><pt><x>39</x><y>227</y></pt><pt><x>51</x><y>237</y></pt><pt><x>59</x><y>249</y></pt><pt><x>67</x><y>255</y></pt><pt><x>72</x><y>260</y></pt><pt><x>72</x><y>267</y></pt><pt><x>67</x><y>271</y></pt><pt><x>58</x><y>272</y></pt><pt><x>48</x><y>274</y></pt><pt><x>40</x><y>278</y></pt><pt><x>41</x><y>291</y></pt><pt><x>46</x><y>301</y></pt><pt><x>54</x><y>307</y></pt><pt><x>66</x><y>307</y></pt><pt><x>86</x><y>307</y></pt><pt><x>104</x><y>311</y></pt><pt><x>114</x><y>314</y></pt><pt><x>124</x><y>313</y></pt><pt><x>134</x><y>313</y></pt><pt><x>142</x><y>320</y></pt><pt><x>149</x><y>325</y></pt><pt><x>162</x><y>319</y></pt><pt><x>164</x><y>308</y></pt><pt><x>166</x><y>297</y></pt><pt><x>171</x><y>290</y></pt><pt><x>177</x><y>288</y></pt><pt><x>186</x><y>289</y></pt><pt><x>191</x><y>273</y></pt><pt><x>197</x><y>263</y></pt><pt><x>213</x><y>257</y></pt><pt><x>223</x><y>258</y></pt><pt><x>230</x><y>264</y></pt><pt><x>249</x><y>254</y></pt><pt><x>269</x><y>256</y></pt><pt><x>280</x><y>261</y></pt><pt><x>293</x><y>265</y></pt><pt><x>304</x><y>269</y></pt><pt><x>315</x><y>293</y></pt><pt><x>329</x><y>318</y></pt><pt><x>324</x><y>342</y></pt><pt><x>327</x><y>355</y></pt><pt><x>353</x><y>391</y></pt><pt><x>360</x><y>410</y></pt><pt><x>362</x><y>426</y></pt><pt><x>367</x><y>442</y></pt><pt><x>367</x><y>451</y></pt><pt><x>72</x><y>467</y></pt><pt><x>0</x><y>462</y></pt></polygon></object><object><name>trees</name><deleted>0</deleted><verified>0</verified><date>15-Jul-2012 18:32:00</date><id>19</id><polygon><username>sandy</username><pt><x>534</x><y>2</y></pt><pt><x>526</x><y>16</y></pt><pt><x>530</x><y>24</y></pt><pt><x>528</x><y>37</y></pt><pt><x>523</x><y>40</y></pt><pt><x>519</x><y>51</y></pt><pt><x>517</x><y>70</y></pt><pt><x>521</x><y>81</y></pt><pt><x>529</x><y>91</y></pt><pt><x>541</x><y>95</y></pt><pt><x>563</x><y>93</y></pt><pt><x>580</x><y>97</y></pt><pt><x>596</x><y>100</y></pt><pt><x>595</x><y>115</y></pt><pt><x>588</x><y>128</y></pt><pt><x>574</x><y>129</y></pt><pt><x>571</x><y>140</y></pt><pt><x>545</x><y>155</y></pt><pt><x>541</x><y>171</y></pt><pt><x>534</x><y>175</y></pt><pt><x>525</x><y>176</y></pt><pt><x>500</x><y>188</y></pt><pt><x>479</x><y>231</y></pt><pt><x>469</x><y>254</y></pt><pt><x>474</x><y>291</y></pt><pt><x>481</x><y>317</y></pt><pt><x>489</x><y>323</y></pt><pt><x>503</x><y>318</y></pt><pt><x>519</x><y>320</y></pt><pt><x>531</x><y>322</y></pt><pt><x>532</x><y>327</y></pt><pt><x>543</x><y>328</y></pt><pt><x>554</x><y>323</y></pt><pt><x>559</x><y>326</y></pt><pt><x>557</x><y>340</y></pt><pt><x>557</x><y>354</y></pt><pt><x>559</x><y>369</y></pt><pt><x>563</x><y>385</y></pt><pt><x>571</x><y>390</y></pt><pt><x>576</x><y>401</y></pt><pt><x>588</x><y>418</y></pt><pt><x>603</x><y>425</y></pt><pt><x>615</x><y>426</y></pt><pt><x>634</x><y>431</y></pt><pt><x>797</x><y>458</y></pt><pt><x>798</x><y>3</y></pt><pt><x>795</x><y>2</y></pt></polygon></object><imagesize><nrows>600</nrows><ncols>800</ncols></imagesize></annotation>