<annotation><filename>p_park_feeding.jpg</filename><folder>100images</folder><source><sourceImage>The MIT-CSAIL database of objects and scenes</sourceImage><sourceAnnotation>LabelMe Webtool</sourceAnnotation></source><object><name>goose</name><deleted>0</deleted><verified>0</verified><date>15-Jul-2012 17:02:28</date><id>0</id><polygon><username>sandy</username><pt><x>332</x><y>491</y></pt><pt><x>362</x><y>487</y></pt><pt><x>397</x><y>499</y></pt><pt><x>426</x><y>519</y></pt><pt><x>454</x><y>539</y></pt><pt><x>487</x><y>560</y></pt><pt><x>504</x><y>574</y></pt><pt><x>503</x><y>579</y></pt><pt><x>506</x><y>586</y></pt><pt><x>502</x><y>589</y></pt><pt><x>499</x><y>592</y></pt><pt><x>494</x><y>598</y></pt><pt><x>483</x><y>599</y></pt><pt><x>458</x><y>590</y></pt><pt><x>449</x><y>588</y></pt><pt><x>431</x><y>591</y></pt><pt><x>436</x><y>599</y></pt><pt><x>403</x><y>599</y></pt><pt><x>407</x><y>590</y></pt><pt><x>391</x><y>592</y></pt><pt><x>363</x><y>593</y></pt><pt><x>363</x><y>599</y></pt><pt><x>354</x><y>599</y></pt><pt><x>351</x><y>594</y></pt><pt><x>347</x><y>582</y></pt><pt><x>327</x><y>567</y></pt><pt><x>312</x><y>548</y></pt><pt><x>300</x><y>530</y></pt><pt><x>296</x><y>509</y></pt><pt><x>290</x><y>493</y></pt><pt><x>292</x><y>473</y></pt><pt><x>289</x><y>464</y></pt><pt><x>280</x><y>448</y></pt><pt><x>267</x><y>438</y></pt><pt><x>260</x><y>432</y></pt><pt><x>255</x><y>429</y></pt><pt><x>253</x><y>424</y></pt><pt><x>258</x><y>420</y></pt><pt><x>264</x><y>418</y></pt><pt><x>270</x><y>414</y></pt><pt><x>282</x><y>413</y></pt><pt><x>292</x><y>420</y></pt><pt><x>307</x><y>456</y></pt><pt><x>317</x><y>485</y></pt><pt><x>324</x><y>490</y></pt></polygon></object><object><name>goose</name><deleted>0</deleted><verified>0</verified><date>15-Jul-2012 17:02:28</date><id>1</id><polygon><username>sandy</username><pt><x>395</x><y>319</y></pt><pt><x>418</x><y>335</y></pt><pt><x>435</x><y>351</y></pt><pt><x>448</x><y>366</y></pt><pt><x>456</x><y>367</y></pt><pt><x>462</x><y>372</y></pt><pt><x>463</x><y>377</y></pt><pt><x>459</x><y>380</y></pt><pt><x>454</x><y>381</y></pt><pt><x>445</x><y>379</y></pt><pt><x>438</x><y>377</y></pt><pt><x>404</x><y>378</y></pt><pt><x>390</x><y>377</y></pt><pt><x>366</x><y>363</y></pt><pt><x>351</x><y>346</y></pt><pt><x>343</x><y>332</y></pt><pt><x>344</x><y>322</y></pt><pt><x>347</x><y>312</y></pt><pt><x>349</x><y>309</y></pt><pt><x>351</x><y>295</y></pt><pt><x>342</x><y>268</y></pt><pt><x>338</x><y>263</y></pt><pt><x>332</x><y>256</y></pt><pt><x>329</x><y>254</y></pt><pt><x>326</x><y>252</y></pt><pt><x>324</x><y>249</y></pt><pt><x>324</x><y>247</y></pt><pt><x>331</x><y>247</y></pt><pt><x>336</x><y>244</y></pt><pt><x>341</x><y>242</y></pt><pt><x>347</x><y>245</y></pt><pt><x>351</x><y>254</y></pt><pt><x>356</x><y>273</y></pt><pt><x>367</x><y>303</y></pt><pt><x>373</x><y>311</y></pt><pt><x>384</x><y>314</y></pt><pt><x>391</x><y>316</y></pt></polygon></object><object><name>goose</name><deleted>0</deleted><verified>0</verified><date>15-Jul-2012 17:02:28</date><id>2</id><polygon><username>sandy</username><pt><x>440</x><y>398</y></pt><pt><x>462</x><y>414</y></pt><pt><x>484</x><y>433</y></pt><pt><x>493</x><y>438</y></pt><pt><x>503</x><y>443</y></pt><pt><x>501</x><y>448</y></pt><pt><x>498</x><y>452</y></pt><pt><x>498</x><y>454</y></pt><pt><x>491</x><y>457</y></pt><pt><x>481</x><y>455</y></pt><pt><x>471</x><y>448</y></pt><pt><x>456</x><y>450</y></pt><pt><x>455</x><y>454</y></pt><pt><x>457</x><y>462</y></pt><pt><x>456</x><y>472</y></pt><pt><x>438</x><y>475</y></pt><pt><x>431</x><y>466</y></pt><pt><x>442</x><y>458</y></pt><pt><x>447</x><y>455</y></pt><pt><x>443</x><y>451</y></pt><pt><x>433</x><y>452</y></pt><pt><x>421</x><y>451</y></pt><pt><x>414</x><y>453</y></pt><pt><x>414</x><y>457</y></pt><pt><x>414</x><y>474</y></pt><pt><x>418</x><y>477</y></pt><pt><x>415</x><y>480</y></pt><pt><x>410</x><y>482</y></pt><pt><x>405</x><y>482</y></pt><pt><x>392</x><y>483</y></pt><pt><x>385</x><y>483</y></pt><pt><x>389</x><y>478</y></pt><pt><x>389</x><y>475</y></pt><pt><x>403</x><y>469</y></pt><pt><x>406</x><y>469</y></pt><pt><x>405</x><y>456</y></pt><pt><x>402</x><y>451</y></pt><pt><x>399</x><y>445</y></pt><pt><x>390</x><y>439</y></pt><pt><x>373</x><y>425</y></pt><pt><x>362</x><y>408</y></pt><pt><x>359</x><y>394</y></pt><pt><x>363</x><y>374</y></pt><pt><x>367</x><y>350</y></pt><pt><x>363</x><y>331</y></pt><pt><x>359</x><y>321</y></pt><pt><x>357</x><y>314</y></pt><pt><x>352</x><y>310</y></pt><pt><x>351</x><y>307</y></pt><pt><x>351</x><y>304</y></pt><pt><x>356</x><y>305</y></pt><pt><x>363</x><y>304</y></pt><pt><x>369</x><y>304</y></pt><pt><x>372</x><y>307</y></pt><pt><x>376</x><y>316</y></pt><pt><x>377</x><y>331</y></pt><pt><x>381</x><y>361</y></pt><pt><x>389</x><y>376</y></pt><pt><x>404</x><y>379</y></pt><pt><x>425</x><y>388</y></pt><pt><x>433</x><y>393</y></pt></polygon></object><object><name>goose</name><deleted>0</deleted><verified>0</verified><date>15-Jul-2012 17:02:28</date><id>3</id><polygon><username>sandy</username><pt><x>565</x><y>268</y></pt><pt><x>581</x><y>275</y></pt><pt><x>590</x><y>285</y></pt><pt><x>600</x><y>295</y></pt><pt><x>610</x><y>310</y></pt><pt><x>622</x><y>316</y></pt><pt><x>623</x><y>322</y></pt><pt><x>618</x><y>323</y></pt><pt><x>612</x><y>324</y></pt><pt><x>603</x><y>321</y></pt><pt><x>596</x><y>321</y></pt><pt><x>588</x><y>323</y></pt><pt><x>578</x><y>323</y></pt><pt><x>580</x><y>334</y></pt><pt><x>571</x><y>338</y></pt><pt><x>562</x><y>341</y></pt><pt><x>547</x><y>338</y></pt><pt><x>557</x><y>331</y></pt><pt><x>560</x><y>331</y></pt><pt><x>558</x><y>318</y></pt><pt><x>552</x><y>312</y></pt><pt><x>545</x><y>305</y></pt><pt><x>538</x><y>296</y></pt><pt><x>534</x><y>283</y></pt><pt><x>535</x><y>274</y></pt><pt><x>539</x><y>265</y></pt><pt><x>544</x><y>248</y></pt><pt><x>549</x><y>236</y></pt><pt><x>547</x><y>231</y></pt><pt><x>543</x><y>226</y></pt><pt><x>540</x><y>225</y></pt><pt><x>531</x><y>219</y></pt><pt><x>542</x><y>217</y></pt><pt><x>549</x><y>216</y></pt><pt><x>553</x><y>216</y></pt><pt><x>558</x><y>219</y></pt><pt><x>561</x><y>230</y></pt><pt><x>559</x><y>238</y></pt><pt><x>558</x><y>247</y></pt><pt><x>555</x><y>254</y></pt><pt><x>556</x><y>261</y></pt><pt><x>560</x><y>266</y></pt></polygon></object><object><name>bench</name><deleted>0</deleted><verified>0</verified><date>15-Jul-2012 17:02:28</date><id>4</id><polygon><username>sandy</username><pt><x>2</x><y>200</y></pt><pt><x>7</x><y>200</y></pt><pt><x>8</x><y>200</y></pt><pt><x>13</x><y>207</y></pt><pt><x>369</x><y>146</y></pt><pt><x>387</x><y>192</y></pt><pt><x>426</x><y>188</y></pt><pt><x>434</x><y>184</y></pt><pt><x>439</x><y>183</y></pt><pt><x>445</x><y>184</y></pt><pt><x>452</x><y>184</y></pt><pt><x>456</x><y>188</y></pt><pt><x>455</x><y>193</y></pt><pt><x>450</x><y>200</y></pt><pt><x>456</x><y>241</y></pt><pt><x>314</x><y>289</y></pt><pt><x>317</x><y>302</y></pt><pt><x>307</x><y>302</y></pt><pt><x>304</x><y>287</y></pt><pt><x>99</x><y>354</y></pt><pt><x>108</x><y>409</y></pt><pt><x>117</x><y>415</y></pt><pt><x>119</x><y>425</y></pt><pt><x>103</x><y>433</y></pt><pt><x>28</x><y>393</y></pt><pt><x>30</x><y>388</y></pt><pt><x>38</x><y>387</y></pt><pt><x>28</x><y>333</y></pt><pt><x>2</x><y>243</y></pt></polygon></object><object><name>woman</name><deleted>0</deleted><verified>0</verified><date>15-Jul-2012 17:02:28</date><id>5</id><polygon><username>sandy</username><pt><x>723</x><y>15</y></pt><pt><x>741</x><y>18</y></pt><pt><x>760</x><y>30</y></pt><pt><x>778</x><y>52</y></pt><pt><x>800</x><y>93</y></pt><pt><x>799</x><y>333</y></pt><pt><x>795</x><y>332</y></pt><pt><x>777</x><y>309</y></pt><pt><x>743</x><y>303</y></pt><pt><x>741</x><y>332</y></pt><pt><x>738</x><y>340</y></pt><pt><x>742</x><y>359</y></pt><pt><x>741</x><y>387</y></pt><pt><x>737</x><y>420</y></pt><pt><x>735</x><y>445</y></pt><pt><x>737</x><y>468</y></pt><pt><x>739</x><y>487</y></pt><pt><x>737</x><y>495</y></pt><pt><x>735</x><y>501</y></pt><pt><x>730</x><y>504</y></pt><pt><x>713</x><y>503</y></pt><pt><x>708</x><y>494</y></pt><pt><x>712</x><y>468</y></pt><pt><x>715</x><y>443</y></pt><pt><x>717</x><y>435</y></pt><pt><x>710</x><y>378</y></pt><pt><x>708</x><y>346</y></pt><pt><x>704</x><y>346</y></pt><pt><x>702</x><y>403</y></pt><pt><x>707</x><y>409</y></pt><pt><x>708</x><y>420</y></pt><pt><x>708</x><y>427</y></pt><pt><x>704</x><y>436</y></pt><pt><x>699</x><y>439</y></pt><pt><x>697</x><y>446</y></pt><pt><x>690</x><y>455</y></pt><pt><x>685</x><y>456</y></pt><pt><x>678</x><y>456</y></pt><pt><x>671</x><y>456</y></pt><pt><x>666</x><y>452</y></pt><pt><x>668</x><y>445</y></pt><pt><x>670</x><y>441</y></pt><pt><x>682</x><y>426</y></pt><pt><x>688</x><y>418</y></pt><pt><x>688</x><y>410</y></pt><pt><x>676</x><y>358</y></pt><pt><x>675</x><y>346</y></pt><pt><x>675</x><y>333</y></pt><pt><x>665</x><y>325</y></pt><pt><x>659</x><y>312</y></pt><pt><x>657</x><y>298</y></pt><pt><x>655</x><y>288</y></pt><pt><x>647</x><y>234</y></pt><pt><x>643</x><y>197</y></pt><pt><x>640</x><y>154</y></pt><pt><x>633</x><y>159</y></pt><pt><x>627</x><y>159</y></pt><pt><x>608</x><y>155</y></pt><pt><x>596</x><y>144</y></pt><pt><x>592</x><y>138</y></pt><pt><x>593</x><y>130</y></pt><pt><x>596</x><y>114</y></pt><pt><x>599</x><y>111</y></pt><pt><x>599</x><y>107</y></pt><pt><x>597</x><y>103</y></pt><pt><x>607</x><y>80</y></pt><pt><x>617</x><y>65</y></pt><pt><x>624</x><y>52</y></pt><pt><x>628</x><y>49</y></pt><pt><x>633</x><y>41</y></pt><pt><x>635</x><y>22</y></pt><pt><x>627</x><y>28</y></pt><pt><x>618</x><y>24</y></pt><pt><x>614</x><y>21</y></pt><pt><x>611</x><y>14</y></pt><pt><x>610</x><y>7</y></pt><pt><x>610</x><y>1</y></pt><pt><x>728</x><y>2</y></pt><pt><x>728</x><y>10</y></pt></polygon></object><object><name>man</name><deleted>0</deleted><verified>0</verified><date>15-Jul-2012 17:02:28</date><id>6</id><polygon><username>sandy</username><pt><x>370</x><y>139</y></pt><pt><x>384</x><y>141</y></pt><pt><x>390</x><y>149</y></pt><pt><x>403</x><y>174</y></pt><pt><x>410</x><y>182</y></pt><pt><x>418</x><y>192</y></pt><pt><x>424</x><y>199</y></pt><pt><x>421</x><y>205</y></pt><pt><x>420</x><y>207</y></pt><pt><x>444</x><y>211</y></pt><pt><x>460</x><y>212</y></pt><pt><x>466</x><y>217</y></pt><pt><x>466</x><y>236</y></pt><pt><x>472</x><y>260</y></pt><pt><x>444</x><y>251</y></pt><pt><x>442</x><y>243</y></pt><pt><x>443</x><y>237</y></pt><pt><x>431</x><y>234</y></pt><pt><x>433</x><y>273</y></pt><pt><x>431</x><y>276</y></pt><pt><x>430</x><y>282</y></pt><pt><x>414</x><y>278</y></pt><pt><x>403</x><y>239</y></pt><pt><x>347</x><y>229</y></pt><pt><x>339</x><y>219</y></pt><pt><x>321</x><y>175</y></pt><pt><x>322</x><y>166</y></pt><pt><x>343</x><y>143</y></pt><pt><x>342</x><y>140</y></pt><pt><x>338</x><y>136</y></pt><pt><x>336</x><y>130</y></pt><pt><x>336</x><y>126</y></pt><pt><x>334</x><y>124</y></pt><pt><x>334</x><y>123</y></pt><pt><x>340</x><y>114</y></pt><pt><x>345</x><y>110</y></pt><pt><x>352</x><y>109</y></pt><pt><x>362</x><y>111</y></pt><pt><x>368</x><y>115</y></pt><pt><x>370</x><y>117</y></pt><pt><x>367</x><y>121</y></pt><pt><x>367</x><y>125</y></pt><pt><x>368</x><y>131</y></pt></polygon></object><object><name>man</name><deleted>0</deleted><verified>0</verified><date>15-Jul-2012 17:02:28</date><id>7</id><polygon><username>sandy</username><pt><x>301</x><y>134</y></pt><pt><x>301</x><y>147</y></pt><pt><x>304</x><y>160</y></pt><pt><x>318</x><y>167</y></pt><pt><x>334</x><y>187</y></pt><pt><x>335</x><y>192</y></pt><pt><x>341</x><y>197</y></pt><pt><x>344</x><y>203</y></pt><pt><x>341</x><y>210</y></pt><pt><x>337</x><y>217</y></pt><pt><x>346</x><y>223</y></pt><pt><x>350</x><y>227</y></pt><pt><x>357</x><y>229</y></pt><pt><x>397</x><y>234</y></pt><pt><x>431</x><y>281</y></pt><pt><x>427</x><y>286</y></pt><pt><x>439</x><y>296</y></pt><pt><x>444</x><y>298</y></pt><pt><x>451</x><y>300</y></pt><pt><x>456</x><y>304</y></pt><pt><x>461</x><y>302</y></pt><pt><x>466</x><y>301</y></pt><pt><x>471</x><y>302</y></pt><pt><x>467</x><y>308</y></pt><pt><x>453</x><y>314</y></pt><pt><x>447</x><y>317</y></pt><pt><x>446</x><y>322</y></pt><pt><x>439</x><y>326</y></pt><pt><x>433</x><y>327</y></pt><pt><x>422</x><y>328</y></pt><pt><x>408</x><y>325</y></pt><pt><x>399</x><y>323</y></pt><pt><x>397</x><y>317</y></pt><pt><x>391</x><y>312</y></pt><pt><x>386</x><y>312</y></pt><pt><x>363</x><y>287</y></pt><pt><x>338</x><y>263</y></pt><pt><x>328</x><y>262</y></pt><pt><x>320</x><y>263</y></pt><pt><x>311</x><y>263</y></pt><pt><x>307</x><y>263</y></pt><pt><x>292</x><y>260</y></pt><pt><x>245</x><y>175</y></pt><pt><x>254</x><y>166</y></pt><pt><x>258</x><y>162</y></pt><pt><x>259</x><y>156</y></pt><pt><x>259</x><y>153</y></pt><pt><x>263</x><y>150</y></pt><pt><x>265</x><y>149</y></pt><pt><x>263</x><y>142</y></pt><pt><x>263</x><y>136</y></pt><pt><x>265</x><y>131</y></pt><pt><x>267</x><y>128</y></pt><pt><x>270</x><y>125</y></pt><pt><x>275</x><y>123</y></pt><pt><x>280</x><y>121</y></pt><pt><x>284</x><y>120</y></pt><pt><x>289</x><y>120</y></pt><pt><x>293</x><y>122</y></pt><pt><x>295</x><y>123</y></pt><pt><x>299</x><y>124</y></pt><pt><x>301</x><y>123</y></pt><pt><x>304</x><y>122</y></pt><pt><x>308</x><y>123</y></pt><pt><x>309</x><y>126</y></pt><pt><x>307</x><y>128</y></pt></polygon></object><object><name>man</name><deleted>0</deleted><verified>0</verified><date>15-Jul-2012 17:02:28</date><id>8</id><polygon><username>sandy</username><pt><x>199</x><y>137</y></pt><pt><x>199</x><y>131</y></pt><pt><x>199</x><y>124</y></pt><pt><x>200</x><y>121</y></pt><pt><x>202</x><y>118</y></pt><pt><x>210</x><y>115</y></pt><pt><x>221</x><y>111</y></pt><pt><x>233</x><y>113</y></pt><pt><x>240</x><y>119</y></pt><pt><x>245</x><y>124</y></pt><pt><x>247</x><y>130</y></pt><pt><x>247</x><y>139</y></pt><pt><x>243</x><y>143</y></pt><pt><x>247</x><y>147</y></pt><pt><x>245</x><y>151</y></pt><pt><x>242</x><y>155</y></pt><pt><x>241</x><y>161</y></pt><pt><x>239</x><y>169</y></pt><pt><x>246</x><y>171</y></pt><pt><x>251</x><y>173</y></pt><pt><x>246</x><y>172</y></pt><pt><x>250</x><y>174</y></pt><pt><x>256</x><y>188</y></pt><pt><x>262</x><y>205</y></pt><pt><x>268</x><y>214</y></pt><pt><x>281</x><y>243</y></pt><pt><x>292</x><y>254</y></pt><pt><x>299</x><y>254</y></pt><pt><x>305</x><y>256</y></pt><pt><x>311</x><y>259</y></pt><pt><x>315</x><y>264</y></pt><pt><x>317</x><y>271</y></pt><pt><x>317</x><y>277</y></pt><pt><x>315</x><y>285</y></pt><pt><x>312</x><y>295</y></pt><pt><x>308</x><y>305</y></pt><pt><x>292</x><y>364</y></pt><pt><x>283</x><y>366</y></pt><pt><x>274</x><y>368</y></pt><pt><x>265</x><y>361</y></pt><pt><x>258</x><y>362</y></pt><pt><x>262</x><y>367</y></pt><pt><x>270</x><y>377</y></pt><pt><x>273</x><y>380</y></pt><pt><x>274</x><y>385</y></pt><pt><x>272</x><y>388</y></pt><pt><x>259</x><y>388</y></pt><pt><x>251</x><y>390</y></pt><pt><x>244</x><y>389</y></pt><pt><x>241</x><y>385</y></pt><pt><x>238</x><y>380</y></pt><pt><x>234</x><y>377</y></pt><pt><x>229</x><y>375</y></pt><pt><x>227</x><y>371</y></pt><pt><x>226</x><y>364</y></pt><pt><x>226</x><y>359</y></pt><pt><x>229</x><y>354</y></pt><pt><x>230</x><y>350</y></pt><pt><x>233</x><y>309</y></pt><pt><x>210</x><y>307</y></pt><pt><x>202</x><y>307</y></pt><pt><x>194</x><y>306</y></pt><pt><x>188</x><y>305</y></pt><pt><x>181</x><y>301</y></pt><pt><x>170</x><y>289</y></pt><pt><x>168</x><y>268</y></pt><pt><x>164</x><y>255</y></pt><pt><x>164</x><y>239</y></pt><pt><x>157</x><y>205</y></pt><pt><x>166</x><y>181</y></pt><pt><x>180</x><y>162</y></pt><pt><x>187</x><y>151</y></pt><pt><x>188</x><y>147</y></pt><pt><x>190</x><y>143</y></pt><pt><x>192</x><y>140</y></pt></polygon></object><object><name>poppy</name><deleted>0</deleted><verified>0</verified><date>15-Jul-2012 17:02:28</date><id>9</id><polygon><username>sandy</username><pt><x>675</x><y>93</y></pt><pt><x>683</x><y>94</y></pt><pt><x>685</x><y>96</y></pt><pt><x>684</x><y>100</y></pt><pt><x>685</x><y>103</y></pt><pt><x>683</x><y>107</y></pt><pt><x>681</x><y>110</y></pt><pt><x>680</x><y>113</y></pt><pt><x>678</x><y>115</y></pt><pt><x>675</x><y>115</y></pt><pt><x>671</x><y>114</y></pt><pt><x>670</x><y>111</y></pt><pt><x>670</x><y>107</y></pt><pt><x>670</x><y>104</y></pt><pt><x>671</x><y>102</y></pt><pt><x>671</x><y>100</y></pt><pt><x>670</x><y>97</y></pt></polygon></object><object><name>poppy</name><deleted>0</deleted><verified>0</verified><date>15-Jul-2012 17:02:28</date><id>10</id><polygon><username>sandy</username><pt><x>376</x><y>149</y></pt><pt><x>380</x><y>154</y></pt><pt><x>377</x><y>157</y></pt><pt><x>375</x><y>156</y></pt><pt><x>373</x><y>154</y></pt><pt><x>373</x><y>151</y></pt></polygon></object><object><name>pigeon</name><deleted>0</deleted><verified>0</verified><date>15-Jul-2012 17:02:28</date><id>11</id><polygon><username>sandy</username><pt><x>220</x><y>438</y></pt><pt><x>223</x><y>432</y></pt><pt><x>226</x><y>426</y></pt><pt><x>227</x><y>421</y></pt><pt><x>228</x><y>415</y></pt><pt><x>228</x><y>410</y></pt><pt><x>227</x><y>403</y></pt><pt><x>224</x><y>397</y></pt><pt><x>225</x><y>388</y></pt><pt><x>224</x><y>386</y></pt><pt><x>223</x><y>383</y></pt><pt><x>222</x><y>380</y></pt><pt><x>221</x><y>380</y></pt><pt><x>218</x><y>381</y></pt><pt><x>217</x><y>382</y></pt><pt><x>216</x><y>386</y></pt><pt><x>215</x><y>389</y></pt><pt><x>211</x><y>394</y></pt><pt><x>208</x><y>398</y></pt><pt><x>205</x><y>402</y></pt><pt><x>204</x><y>408</y></pt><pt><x>205</x><y>415</y></pt><pt><x>207</x><y>426</y></pt><pt><x>209</x><y>432</y></pt><pt><x>210</x><y>438</y></pt><pt><x>211</x><y>443</y></pt><pt><x>215</x><y>443</y></pt><pt><x>219</x><y>442</y></pt></polygon></object><object><name>pigeon</name><deleted>0</deleted><verified>0</verified><date>15-Jul-2012 17:02:28</date><id>12</id><polygon><username>sandy</username><pt><x>456</x><y>325</y></pt><pt><x>464</x><y>330</y></pt><pt><x>469</x><y>334</y></pt><pt><x>473</x><y>339</y></pt><pt><x>476</x><y>341</y></pt><pt><x>481</x><y>342</y></pt><pt><x>486</x><y>345</y></pt><pt><x>491</x><y>347</y></pt><pt><x>494</x><y>350</y></pt><pt><x>493</x><y>353</y></pt><pt><x>487</x><y>355</y></pt><pt><x>483</x><y>356</y></pt><pt><x>478</x><y>356</y></pt><pt><x>470</x><y>352</y></pt><pt><x>470</x><y>353</y></pt><pt><x>470</x><y>357</y></pt><pt><x>465</x><y>358</y></pt><pt><x>461</x><y>359</y></pt><pt><x>458</x><y>358</y></pt><pt><x>454</x><y>359</y></pt><pt><x>453</x><y>356</y></pt><pt><x>456</x><y>355</y></pt><pt><x>458</x><y>353</y></pt><pt><x>456</x><y>351</y></pt><pt><x>453</x><y>349</y></pt><pt><x>450</x><y>343</y></pt><pt><x>446</x><y>340</y></pt><pt><x>445</x><y>334</y></pt><pt><x>444</x><y>331</y></pt><pt><x>443</x><y>321</y></pt><pt><x>438</x><y>320</y></pt><pt><x>437</x><y>317</y></pt><pt><x>439</x><y>315</y></pt><pt><x>441</x><y>313</y></pt><pt><x>445</x><y>312</y></pt><pt><x>449</x><y>315</y></pt><pt><x>452</x><y>318</y></pt></polygon></object><object><name>bottle</name><deleted>0</deleted><verified>0</verified><date>15-Jul-2012 17:02:28</date><id>13</id><polygon><username>sandy</username><pt><x>39</x><y>440</y></pt><pt><x>27</x><y>463</y></pt><pt><x>17</x><y>468</y></pt><pt><x>5</x><y>477</y></pt><pt><x>2</x><y>479</y></pt><pt><x>2</x><y>465</y></pt><pt><x>3</x><y>456</y></pt><pt><x>4</x><y>449</y></pt><pt><x>16</x><y>430</y></pt><pt><x>29</x><y>430</y></pt><pt><x>34</x><y>432</y></pt><pt><x>37</x><y>434</y></pt></polygon></object><object><name>bread</name><deleted>0</deleted><verified>0</verified><date>15-Jul-2012 17:02:28</date><id>14</id><polygon><username>sandy</username><pt><x>287</x><y>303</y></pt><pt><x>305</x><y>307</y></pt><pt><x>308</x><y>306</y></pt><pt><x>308</x><y>276</y></pt><pt><x>291</x><y>275</y></pt><pt><x>284</x><y>275</y></pt><pt><x>277</x><y>279</y></pt><pt><x>275</x><y>282</y></pt></polygon></object><object><name>fence</name><deleted>0</deleted><verified>0</verified><date>15-Jul-2012 17:02:28</date><id>15</id><polygon><username>sandy</username><pt><x>0</x><y>390</y></pt><pt><x>640</x><y>183</y></pt><pt><x>636</x><y>112</y></pt><pt><x>4</x><y>215</y></pt></polygon></object><object><name>tree</name><deleted>0</deleted><verified>0</verified><date>15-Jul-2012 17:02:28</date><id>16</id><polygon><username>sandy</username><pt><x>2</x><y>118</y></pt><pt><x>187</x><y>98</y></pt><pt><x>300</x><y>89</y></pt><pt><x>372</x><y>77</y></pt><pt><x>396</x><y>74</y></pt><pt><x>393</x><y>80</y></pt><pt><x>514</x><y>80</y></pt><pt><x>514</x><y>74</y></pt><pt><x>504</x><y>69</y></pt><pt><x>493</x><y>49</y></pt><pt><x>563</x><y>30</y></pt><pt><x>595</x><y>21</y></pt><pt><x>609</x><y>15</y></pt><pt><x>612</x><y>4</y></pt><pt><x>613</x><y>1</y></pt><pt><x>2</x><y>0</y></pt></polygon></object><object><name>grass</name><deleted>0</deleted><verified>0</verified><date>15-Jul-2012 17:02:28</date><id>17</id><polygon><username>sandy</username><pt><x>19</x><y>327</y></pt><pt><x>2</x><y>330</y></pt><pt><x>2</x><y>119</y></pt><pt><x>190</x><y>98</y></pt><pt><x>300</x><y>89</y></pt><pt><x>397</x><y>73</y></pt><pt><x>497</x><y>49</y></pt><pt><x>573</x><y>29</y></pt><pt><x>595</x><y>24</y></pt><pt><x>588</x><y>41</y></pt><pt><x>571</x><y>45</y></pt><pt><x>553</x><y>70</y></pt><pt><x>592</x><y>71</y></pt><pt><x>616</x><y>74</y></pt><pt><x>616</x><y>155</y></pt><pt><x>502</x><y>189</y></pt><pt><x>439</x><y>200</y></pt></polygon></object><imagesize><nrows>600</nrows><ncols>800</ncols></imagesize></annotation>