<annotation><filename>p_pedestrian_crossing_pedestrian_crossing_000110.jpg</filename><folder>100images</folder><source><sourceImage>The MIT-CSAIL database of objects and scenes</sourceImage><sourceAnnotation>LabelMe Webtool</sourceAnnotation></source><object><name>person</name><deleted>0</deleted><verified>0</verified><date>15-Jul-2012 20:25:04</date><id>0</id><polygon><username>sandy</username><pt><x>344</x><y>274</y></pt><pt><x>349</x><y>275</y></pt><pt><x>352</x><y>285</y></pt><pt><x>356</x><y>285</y></pt><pt><x>361</x><y>303</y></pt><pt><x>356</x><y>314</y></pt><pt><x>358</x><y>344</y></pt><pt><x>359</x><y>349</y></pt><pt><x>352</x><y>349</y></pt><pt><x>351</x><y>328</y></pt><pt><x>349</x><y>314</y></pt><pt><x>346</x><y>329</y></pt><pt><x>346</x><y>346</y></pt><pt><x>342</x><y>348</y></pt><pt><x>338</x><y>314</y></pt><pt><x>337</x><y>289</y></pt><pt><x>340</x><y>286</y></pt><pt><x>341</x><y>280</y></pt></polygon></object><object><name>person</name><deleted>0</deleted><verified>0</verified><date>15-Jul-2012 20:25:04</date><id>1</id><polygon><username>sandy</username><pt><x>333</x><y>314</y></pt><pt><x>339</x><y>312</y></pt><pt><x>339</x><y>300</y></pt><pt><x>337</x><y>289</y></pt><pt><x>331</x><y>283</y></pt><pt><x>331</x><y>275</y></pt><pt><x>329</x><y>272</y></pt><pt><x>325</x><y>274</y></pt><pt><x>322</x><y>280</y></pt><pt><x>322</x><y>283</y></pt><pt><x>317</x><y>286</y></pt><pt><x>312</x><y>289</y></pt><pt><x>312</x><y>304</y></pt><pt><x>317</x><y>311</y></pt><pt><x>316</x><y>327</y></pt><pt><x>319</x><y>345</y></pt><pt><x>319</x><y>348</y></pt><pt><x>321</x><y>347</y></pt><pt><x>322</x><y>332</y></pt><pt><x>324</x><y>322</y></pt><pt><x>326</x><y>334</y></pt><pt><x>327</x><y>350</y></pt><pt><x>330</x><y>350</y></pt><pt><x>332</x><y>348</y></pt><pt><x>331</x><y>332</y></pt></polygon></object><object><name>person</name><deleted>0</deleted><verified>0</verified><date>15-Jul-2012 20:25:04</date><id>2</id><polygon><username>sandy</username><pt><x>307</x><y>287</y></pt><pt><x>310</x><y>279</y></pt><pt><x>314</x><y>278</y></pt><pt><x>313</x><y>275</y></pt><pt><x>317</x><y>275</y></pt><pt><x>316</x><y>278</y></pt><pt><x>319</x><y>279</y></pt><pt><x>319</x><y>284</y></pt><pt><x>311</x><y>292</y></pt></polygon></object><object><name>person</name><deleted>0</deleted><verified>0</verified><date>15-Jul-2012 20:25:04</date><id>3</id><polygon><username>sandy</username><pt><x>411</x><y>300</y></pt><pt><x>412</x><y>291</y></pt><pt><x>414</x><y>288</y></pt><pt><x>417</x><y>285</y></pt><pt><x>420</x><y>285</y></pt><pt><x>418</x><y>403</y></pt><pt><x>415</x><y>402</y></pt><pt><x>412</x><y>403</y></pt><pt><x>408</x><y>403</y></pt><pt><x>407</x><y>401</y></pt><pt><x>408</x><y>388</y></pt><pt><x>406</x><y>385</y></pt><pt><x>406</x><y>363</y></pt><pt><x>404</x><y>359</y></pt><pt><x>402</x><y>346</y></pt><pt><x>398</x><y>329</y></pt><pt><x>399</x><y>322</y></pt><pt><x>400</x><y>312</y></pt><pt><x>402</x><y>306</y></pt><pt><x>403</x><y>302</y></pt></polygon></object><object><name>trafficwarden</name><deleted>0</deleted><verified>0</verified><date>15-Jul-2012 20:25:04</date><id>4</id><polygon><username>sandy</username><pt><x>504</x><y>298</y></pt><pt><x>507</x><y>311</y></pt><pt><x>507</x><y>321</y></pt><pt><x>511</x><y>346</y></pt><pt><x>502</x><y>350</y></pt><pt><x>499</x><y>356</y></pt><pt><x>501</x><y>360</y></pt><pt><x>503</x><y>362</y></pt><pt><x>504</x><y>364</y></pt><pt><x>491</x><y>366</y></pt><pt><x>488</x><y>358</y></pt><pt><x>487</x><y>346</y></pt><pt><x>488</x><y>305</y></pt><pt><x>494</x><y>295</y></pt><pt><x>493</x><y>283</y></pt><pt><x>496</x><y>280</y></pt><pt><x>501</x><y>279</y></pt><pt><x>505</x><y>280</y></pt><pt><x>505</x><y>283</y></pt><pt><x>504</x><y>288</y></pt></polygon></object><object><name>person</name><deleted>0</deleted><verified>0</verified><date>15-Jul-2012 20:25:04</date><id>5</id><polygon><username>sandy</username><pt><x>769</x><y>392</y></pt><pt><x>778</x><y>387</y></pt><pt><x>783</x><y>369</y></pt><pt><x>783</x><y>359</y></pt><pt><x>782</x><y>349</y></pt><pt><x>774</x><y>329</y></pt><pt><x>769</x><y>323</y></pt><pt><x>757</x><y>319</y></pt><pt><x>752</x><y>305</y></pt><pt><x>751</x><y>300</y></pt><pt><x>752</x><y>292</y></pt><pt><x>750</x><y>285</y></pt><pt><x>746</x><y>277</y></pt><pt><x>745</x><y>276</y></pt><pt><x>741</x><y>274</y></pt><pt><x>736</x><y>274</y></pt><pt><x>728</x><y>275</y></pt><pt><x>723</x><y>278</y></pt><pt><x>721</x><y>285</y></pt><pt><x>723</x><y>295</y></pt><pt><x>723</x><y>300</y></pt><pt><x>708</x><y>311</y></pt><pt><x>707</x><y>318</y></pt><pt><x>701</x><y>325</y></pt><pt><x>696</x><y>331</y></pt><pt><x>693</x><y>337</y></pt><pt><x>683</x><y>384</y></pt><pt><x>684</x><y>395</y></pt><pt><x>678</x><y>442</y></pt><pt><x>685</x><y>443</y></pt><pt><x>684</x><y>450</y></pt><pt><x>687</x><y>455</y></pt><pt><x>702</x><y>463</y></pt><pt><x>707</x><y>514</y></pt><pt><x>713</x><y>521</y></pt><pt><x>720</x><y>567</y></pt><pt><x>718</x><y>578</y></pt><pt><x>719</x><y>582</y></pt><pt><x>712</x><y>583</y></pt><pt><x>708</x><y>583</y></pt><pt><x>705</x><y>584</y></pt><pt><x>702</x><y>586</y></pt><pt><x>701</x><y>589</y></pt><pt><x>703</x><y>595</y></pt><pt><x>707</x><y>598</y></pt><pt><x>715</x><y>598</y></pt><pt><x>744</x><y>598</y></pt><pt><x>747</x><y>587</y></pt><pt><x>754</x><y>584</y></pt><pt><x>756</x><y>580</y></pt><pt><x>756</x><y>558</y></pt><pt><x>750</x><y>542</y></pt><pt><x>750</x><y>518</y></pt><pt><x>745</x><y>489</y></pt><pt><x>756</x><y>453</y></pt><pt><x>757</x><y>453</y></pt></polygon></object><object><name>cars</name><deleted>0</deleted><verified>0</verified><date>15-Jul-2012 20:25:04</date><id>6</id><polygon><username>sandy</username><pt><x>361</x><y>292</y></pt><pt><x>368</x><y>291</y></pt><pt><x>383</x><y>284</y></pt><pt><x>414</x><y>286</y></pt><pt><x>416</x><y>289</y></pt><pt><x>414</x><y>309</y></pt><pt><x>371</x><y>307</y></pt><pt><x>366</x><y>311</y></pt><pt><x>359</x><y>311</y></pt><pt><x>357</x><y>308</y></pt><pt><x>355</x><y>302</y></pt></polygon></object><object><name>cars</name><deleted>0</deleted><verified>0</verified><date>15-Jul-2012 20:25:04</date><id>7</id><polygon><username>sandy</username><pt><x>421</x><y>276</y></pt><pt><x>492</x><y>275</y></pt><pt><x>499</x><y>280</y></pt><pt><x>502</x><y>348</y></pt><pt><x>494</x><y>352</y></pt><pt><x>487</x><y>352</y></pt><pt><x>483</x><y>344</y></pt><pt><x>472</x><y>340</y></pt><pt><x>470</x><y>346</y></pt><pt><x>462</x><y>345</y></pt><pt><x>457</x><y>343</y></pt><pt><x>449</x><y>345</y></pt><pt><x>443</x><y>342</y></pt><pt><x>402</x><y>347</y></pt><pt><x>410</x><y>302</y></pt></polygon></object><object><name>cars</name><deleted>0</deleted><verified>0</verified><date>15-Jul-2012 20:25:04</date><id>8</id><polygon><username>sandy</username><pt><x>607</x><y>343</y></pt><pt><x>630</x><y>342</y></pt><pt><x>632</x><y>348</y></pt><pt><x>636</x><y>349</y></pt><pt><x>641</x><y>346</y></pt><pt><x>645</x><y>342</y></pt><pt><x>651</x><y>331</y></pt><pt><x>679</x><y>331</y></pt><pt><x>680</x><y>335</y></pt><pt><x>688</x><y>334</y></pt><pt><x>690</x><y>329</y></pt><pt><x>689</x><y>326</y></pt><pt><x>694</x><y>320</y></pt><pt><x>694</x><y>314</y></pt><pt><x>695</x><y>310</y></pt><pt><x>704</x><y>311</y></pt><pt><x>769</x><y>331</y></pt><pt><x>777</x><y>329</y></pt><pt><x>800</x><y>331</y></pt><pt><x>798</x><y>297</y></pt><pt><x>795</x><y>293</y></pt><pt><x>781</x><y>283</y></pt><pt><x>726</x><y>280</y></pt><pt><x>721</x><y>283</y></pt><pt><x>714</x><y>286</y></pt><pt><x>704</x><y>285</y></pt><pt><x>697</x><y>286</y></pt><pt><x>693</x><y>290</y></pt><pt><x>685</x><y>286</y></pt><pt><x>668</x><y>286</y></pt><pt><x>657</x><y>281</y></pt><pt><x>619</x><y>281</y></pt><pt><x>610</x><y>284</y></pt><pt><x>585</x><y>283</y></pt><pt><x>551</x><y>281</y></pt><pt><x>511</x><y>281</y></pt><pt><x>499</x><y>278</y></pt><pt><x>494</x><y>273</y></pt><pt><x>477</x><y>272</y></pt><pt><x>475</x><y>264</y></pt><pt><x>447</x><y>263</y></pt><pt><x>399</x><y>266</y></pt><pt><x>390</x><y>274</y></pt><pt><x>363</x><y>272</y></pt><pt><x>358</x><y>285</y></pt><pt><x>551</x><y>342</y></pt><pt><x>588</x><y>348</y></pt></polygon></object><object><name>zebracrossing</name><deleted>0</deleted><verified>0</verified><date>15-Jul-2012 20:25:04</date><id>9</id><polygon><username>sandy</username><pt><x>339</x><y>414</y></pt><pt><x>376</x><y>474</y></pt><pt><x>435</x><y>570</y></pt><pt><x>798</x><y>550</y></pt><pt><x>799</x><y>524</y></pt><pt><x>676</x><y>460</y></pt><pt><x>555</x><y>408</y></pt></polygon></object><object><name>zebracrossing</name><deleted>0</deleted><verified>0</verified><date>15-Jul-2012 20:25:04</date><id>10</id><polygon><username>sandy</username><pt><x>616</x><y>357</y></pt><pt><x>799</x><y>339</y></pt><pt><x>800</x><y>365</y></pt><pt><x>679</x><y>379</y></pt></polygon></object><object><name>buildings</name><deleted>0</deleted><verified>0</verified><date>15-Jul-2012 20:25:04</date><id>11</id><polygon><username>sandy</username><pt><x>618</x><y>140</y></pt><pt><x>790</x><y>76</y></pt><pt><x>799</x><y>73</y></pt><pt><x>800</x><y>308</y></pt><pt><x>370</x><y>274</y></pt><pt><x>371</x><y>231</y></pt><pt><x>391</x><y>216</y></pt><pt><x>399</x><y>206</y></pt><pt><x>403</x><y>210</y></pt><pt><x>575</x><y>159</y></pt><pt><x>573</x><y>153</y></pt><pt><x>571</x><y>148</y></pt><pt><x>572</x><y>145</y></pt><pt><x>575</x><y>141</y></pt><pt><x>584</x><y>141</y></pt><pt><x>592</x><y>141</y></pt><pt><x>608</x><y>144</y></pt><pt><x>611</x><y>141</y></pt></polygon></object><object><name>buildings</name><deleted>0</deleted><verified>0</verified><date>15-Jul-2012 20:25:04</date><id>12</id><polygon><username>sandy</username><pt><x>468</x><y>69</y></pt><pt><x>520</x><y>71</y></pt><pt><x>520</x><y>178</y></pt><pt><x>451</x><y>198</y></pt><pt><x>456</x><y>76</y></pt></polygon></object><object><name>buildings</name><deleted>0</deleted><verified>0</verified><date>15-Jul-2012 20:25:04</date><id>13</id><polygon><username>sandy</username><pt><x>156</x><y>1</y></pt><pt><x>147</x><y>319</y></pt><pt><x>150</x><y>343</y></pt><pt><x>156</x><y>348</y></pt><pt><x>156</x><y>354</y></pt><pt><x>155</x><y>361</y></pt><pt><x>149</x><y>364</y></pt><pt><x>147</x><y>368</y></pt><pt><x>146</x><y>379</y></pt><pt><x>145</x><y>399</y></pt><pt><x>155</x><y>423</y></pt><pt><x>159</x><y>431</y></pt><pt><x>160</x><y>450</y></pt><pt><x>157</x><y>455</y></pt><pt><x>150</x><y>467</y></pt><pt><x>152</x><y>469</y></pt><pt><x>155</x><y>470</y></pt><pt><x>157</x><y>477</y></pt><pt><x>160</x><y>485</y></pt><pt><x>167</x><y>485</y></pt><pt><x>172</x><y>488</y></pt><pt><x>175</x><y>490</y></pt><pt><x>177</x><y>525</y></pt><pt><x>160</x><y>570</y></pt><pt><x>161</x><y>598</y></pt><pt><x>2</x><y>599</y></pt><pt><x>2</x><y>1</y></pt></polygon></object><object><name>buildings</name><deleted>0</deleted><verified>0</verified><date>15-Jul-2012 20:25:04</date><id>14</id><polygon><username>sandy</username><pt><x>250</x><y>375</y></pt><pt><x>265</x><y>306</y></pt><pt><x>271</x><y>276</y></pt><pt><x>273</x><y>247</y></pt><pt><x>276</x><y>232</y></pt><pt><x>279</x><y>226</y></pt><pt><x>278</x><y>203</y></pt><pt><x>288</x><y>201</y></pt><pt><x>288</x><y>163</y></pt><pt><x>289</x><y>155</y></pt><pt><x>294</x><y>96</y></pt><pt><x>298</x><y>84</y></pt><pt><x>294</x><y>82</y></pt><pt><x>295</x><y>54</y></pt><pt><x>291</x><y>49</y></pt><pt><x>294</x><y>36</y></pt><pt><x>282</x><y>32</y></pt><pt><x>284</x><y>5</y></pt><pt><x>287</x><y>0</y></pt><pt><x>155</x><y>2</y></pt><pt><x>143</x><y>374</y></pt></polygon></object><object><name>trafficlight</name><deleted>0</deleted><verified>0</verified><date>15-Jul-2012 20:25:04</date><id>15</id><polygon><username>sandy</username><pt><x>411</x><y>32</y></pt><pt><x>412</x><y>186</y></pt><pt><x>383</x><y>190</y></pt><pt><x>377</x><y>183</y></pt><pt><x>375</x><y>181</y></pt><pt><x>375</x><y>172</y></pt><pt><x>345</x><y>168</y></pt><pt><x>342</x><y>162</y></pt><pt><x>337</x><y>161</y></pt><pt><x>334</x><y>152</y></pt><pt><x>333</x><y>139</y></pt><pt><x>376</x><y>135</y></pt><pt><x>376</x><y>122</y></pt><pt><x>348</x><y>119</y></pt><pt><x>346</x><y>117</y></pt><pt><x>345</x><y>110</y></pt><pt><x>336</x><y>110</y></pt><pt><x>335</x><y>107</y></pt><pt><x>334</x><y>91</y></pt><pt><x>376</x><y>86</y></pt><pt><x>376</x><y>80</y></pt><pt><x>376</x><y>75</y></pt><pt><x>346</x><y>69</y></pt><pt><x>343</x><y>61</y></pt><pt><x>338</x><y>59</y></pt><pt><x>335</x><y>41</y></pt><pt><x>375</x><y>36</y></pt><pt><x>377</x><y>30</y></pt><pt><x>389</x><y>29</y></pt><pt><x>392</x><y>32</y></pt></polygon></object><object><name>trafficlight</name><deleted>0</deleted><verified>0</verified><date>15-Jul-2012 20:25:04</date><id>16</id><polygon><username>sandy</username><pt><x>447</x><y>94</y></pt><pt><x>462</x><y>92</y></pt><pt><x>466</x><y>89</y></pt><pt><x>473</x><y>90</y></pt><pt><x>477</x><y>92</y></pt><pt><x>491</x><y>93</y></pt><pt><x>496</x><y>97</y></pt><pt><x>496</x><y>192</y></pt><pt><x>488</x><y>192</y></pt><pt><x>450</x><y>191</y></pt><pt><x>442</x><y>190</y></pt></polygon></object><object><name>trafficlight</name><deleted>0</deleted><verified>0</verified><date>15-Jul-2012 20:25:04</date><id>17</id><polygon><username>sandy</username><pt><x>543</x><y>195</y></pt><pt><x>559</x><y>197</y></pt><pt><x>557</x><y>218</y></pt><pt><x>559</x><y>222</y></pt><pt><x>556</x><y>225</y></pt><pt><x>557</x><y>234</y></pt><pt><x>541</x><y>234</y></pt><pt><x>541</x><y>234</y></pt></polygon></object><object><name>trafficlight</name><deleted>0</deleted><verified>0</verified><date>15-Jul-2012 20:25:04</date><id>18</id><polygon><username>sandy</username><pt><x>577</x><y>217</y></pt><pt><x>585</x><y>217</y></pt><pt><x>591</x><y>223</y></pt><pt><x>593</x><y>229</y></pt><pt><x>602</x><y>232</y></pt><pt><x>599</x><y>238</y></pt><pt><x>591</x><y>240</y></pt><pt><x>592</x><y>243</y></pt><pt><x>602</x><y>242</y></pt><pt><x>599</x><y>246</y></pt><pt><x>592</x><y>251</y></pt><pt><x>590</x><y>260</y></pt><pt><x>587</x><y>264</y></pt><pt><x>581</x><y>265</y></pt><pt><x>577</x><y>264</y></pt><pt><x>573</x><y>263</y></pt><pt><x>571</x><y>260</y></pt><pt><x>569</x><y>256</y></pt><pt><x>568</x><y>223</y></pt><pt><x>570</x><y>221</y></pt></polygon></object><object><name>greenman</name><deleted>0</deleted><verified>0</verified><date>15-Jul-2012 20:25:04</date><id>19</id><polygon><username>sandy</username><pt><x>550</x><y>217</y></pt><pt><x>553</x><y>221</y></pt><pt><x>553</x><y>229</y></pt><pt><x>551</x><y>230</y></pt><pt><x>550</x><y>228</y></pt><pt><x>548</x><y>231</y></pt><pt><x>546</x><y>230</y></pt><pt><x>545</x><y>230</y></pt><pt><x>546</x><y>223</y></pt><pt><x>548</x><y>221</y></pt></polygon></object><object><name>sign</name><deleted>0</deleted><verified>0</verified><date>15-Jul-2012 20:25:04</date><id>20</id><polygon><username>sandy</username><pt><x>269</x><y>198</y></pt><pt><x>287</x><y>200</y></pt><pt><x>287</x><y>162</y></pt><pt><x>271</x><y>163</y></pt><pt><x>269</x><y>164</y></pt></polygon></object><object><name>sign</name><deleted>0</deleted><verified>0</verified><date>15-Jul-2012 20:25:04</date><id>21</id><polygon><username>sandy</username><pt><x>226</x><y>115</y></pt><pt><x>225</x><y>135</y></pt><pt><x>262</x><y>136</y></pt><pt><x>262</x><y>117</y></pt></polygon></object><object><name>sign</name><deleted>0</deleted><verified>0</verified><date>15-Jul-2012 20:25:04</date><id>22</id><polygon><username>sandy</username><pt><x>719</x><y>256</y></pt><pt><x>721</x><y>262</y></pt><pt><x>719</x><y>264</y></pt><pt><x>717</x><y>265</y></pt><pt><x>715</x><y>264</y></pt><pt><x>714</x><y>264</y></pt><pt><x>713</x><y>261</y></pt></polygon></object><object><name>briefcase</name><deleted>0</deleted><verified>0</verified><date>15-Jul-2012 20:25:04</date><id>23</id><polygon><username>sandy</username><pt><x>676</x><y>456</y></pt><pt><x>677</x><y>510</y></pt><pt><x>693</x><y>523</y></pt><pt><x>713</x><y>521</y></pt><pt><x>711</x><y>463</y></pt><pt><x>691</x><y>455</y></pt></polygon></object><object><name>backpack</name><deleted>0</deleted><verified>0</verified><date>15-Jul-2012 20:25:04</date><id>24</id><polygon><username>sandy</username><pt><x>726</x><y>337</y></pt><pt><x>721</x><y>344</y></pt><pt><x>717</x><y>356</y></pt><pt><x>719</x><y>423</y></pt><pt><x>725</x><y>428</y></pt><pt><x>747</x><y>429</y></pt><pt><x>762</x><y>429</y></pt><pt><x>768</x><y>427</y></pt><pt><x>767</x><y>394</y></pt><pt><x>767</x><y>388</y></pt><pt><x>771</x><y>376</y></pt><pt><x>771</x><y>362</y></pt><pt><x>764</x><y>338</y></pt><pt><x>768</x><y>322</y></pt><pt><x>757</x><y>317</y></pt><pt><x>749</x><y>336</y></pt><pt><x>734</x><y>333</y></pt><pt><x>724</x><y>325</y></pt><pt><x>718</x><y>317</y></pt><pt><x>702</x><y>318</y></pt><pt><x>710</x><y>324</y></pt><pt><x>717</x><y>329</y></pt></polygon></object><object><name>graffiti</name><deleted>0</deleted><verified>0</verified><date>15-Jul-2012 20:25:04</date><id>25</id><polygon><username>sandy</username><pt><x>160</x><y>327</y></pt><pt><x>172</x><y>334</y></pt><pt><x>179</x><y>331</y></pt><pt><x>187</x><y>333</y></pt><pt><x>191</x><y>338</y></pt><pt><x>192</x><y>346</y></pt><pt><x>189</x><y>354</y></pt><pt><x>183</x><y>357</y></pt><pt><x>177</x><y>358</y></pt><pt><x>172</x><y>358</y></pt><pt><x>164</x><y>362</y></pt><pt><x>153</x><y>363</y></pt></polygon></object><object><name>greenlight</name><deleted>0</deleted><verified>0</verified><date>15-Jul-2012 20:25:04</date><id>26</id><polygon><username>sandy</username><pt><x>580</x><y>243</y></pt><pt><x>587</x><y>246</y></pt><pt><x>587</x><y>250</y></pt><pt><x>583</x><y>251</y></pt><pt><x>579</x><y>251</y></pt><pt><x>576</x><y>251</y></pt><pt><x>576</x><y>247</y></pt></polygon></object><object><name>pole</name><deleted>0</deleted><verified>0</verified><date>15-Jul-2012 20:25:04</date><id>27</id><polygon><username>sandy</username><pt><x>435</x><y>449</y></pt><pt><x>442</x><y>32</y></pt><pt><x>447</x><y>32</y></pt><pt><x>448</x><y>23</y></pt><pt><x>443</x><y>19</y></pt><pt><x>441</x><y>14</y></pt><pt><x>431</x><y>14</y></pt><pt><x>425</x><y>15</y></pt><pt><x>424</x><y>19</y></pt><pt><x>420</x><y>21</y></pt><pt><x>419</x><y>35</y></pt><pt><x>424</x><y>34</y></pt><pt><x>418</x><y>448</y></pt><pt><x>406</x><y>453</y></pt><pt><x>403</x><y>599</y></pt><pt><x>440</x><y>598</y></pt><pt><x>444</x><y>452</y></pt></polygon></object><object><name>pole</name><deleted>0</deleted><verified>0</verified><date>15-Jul-2012 20:25:04</date><id>28</id><polygon><username>sandy</username><pt><x>566</x><y>351</y></pt><pt><x>567</x><y>317</y></pt><pt><x>564</x><y>312</y></pt><pt><x>568</x><y>172</y></pt><pt><x>562</x><y>172</y></pt><pt><x>558</x><y>314</y></pt><pt><x>555</x><y>317</y></pt><pt><x>551</x><y>395</y></pt><pt><x>557</x><y>395</y></pt><pt><x>562</x><y>396</y></pt><pt><x>563</x><y>395</y></pt></polygon></object><object><name>redlight</name><deleted>0</deleted><verified>0</verified><date>15-Jul-2012 20:25:04</date><id>29</id><polygon><username>sandy</username><pt><x>352</x><y>62</y></pt><pt><x>376</x><y>67</y></pt><pt><x>378</x><y>53</y></pt><pt><x>381</x><y>52</y></pt><pt><x>380</x><y>77</y></pt><pt><x>378</x><y>77</y></pt><pt><x>377</x><y>74</y></pt><pt><x>350</x><y>68</y></pt></polygon></object><object><name>trees</name><deleted>0</deleted><verified>0</verified><date>15-Jul-2012 20:25:04</date><id>30</id><polygon><username>sandy</username><pt><x>285</x><y>258</y></pt><pt><x>310</x><y>242</y></pt><pt><x>362</x><y>205</y></pt><pt><x>422</x><y>175</y></pt><pt><x>500</x><y>97</y></pt><pt><x>510</x><y>91</y></pt><pt><x>519</x><y>89</y></pt><pt><x>526</x><y>88</y></pt><pt><x>528</x><y>84</y></pt><pt><x>525</x><y>70</y></pt><pt><x>527</x><y>68</y></pt><pt><x>534</x><y>70</y></pt><pt><x>537</x><y>75</y></pt><pt><x>541</x><y>76</y></pt><pt><x>544</x><y>74</y></pt><pt><x>548</x><y>72</y></pt><pt><x>554</x><y>70</y></pt><pt><x>570</x><y>64</y></pt><pt><x>593</x><y>63</y></pt><pt><x>598</x><y>81</y></pt><pt><x>601</x><y>101</y></pt><pt><x>602</x><y>131</y></pt><pt><x>583</x><y>145</y></pt><pt><x>559</x><y>196</y></pt><pt><x>556</x><y>199</y></pt><pt><x>548</x><y>275</y></pt><pt><x>544</x><y>342</y></pt><pt><x>535</x><y>340</y></pt><pt><x>540</x><y>221</y></pt><pt><x>532</x><y>215</y></pt><pt><x>495</x><y>238</y></pt><pt><x>494</x><y>276</y></pt><pt><x>489</x><y>276</y></pt><pt><x>487</x><y>237</y></pt><pt><x>460</x><y>250</y></pt><pt><x>459</x><y>275</y></pt><pt><x>453</x><y>276</y></pt><pt><x>456</x><y>233</y></pt><pt><x>406</x><y>264</y></pt><pt><x>403</x><y>298</y></pt><pt><x>284</x><y>277</y></pt></polygon></object><object><name>trees</name><deleted>0</deleted><verified>0</verified><date>15-Jul-2012 20:25:04</date><id>31</id><polygon><username>sandy</username><pt><x>474</x><y>251</y></pt><pt><x>612</x><y>226</y></pt><pt><x>706</x><y>215</y></pt><pt><x>717</x><y>244</y></pt><pt><x>713</x><y>256</y></pt><pt><x>710</x><y>272</y></pt><pt><x>706</x><y>287</y></pt><pt><x>699</x><y>313</y></pt><pt><x>467</x><y>279</y></pt></polygon></object><imagesize><nrows>600</nrows><ncols>800</ncols></imagesize></annotation>