<annotation><filename>r_riverbank_reading.jpg</filename><folder>100images</folder><source><sourceImage>The MIT-CSAIL database of objects and scenes</sourceImage><sourceAnnotation>LabelMe Webtool</sourceAnnotation></source><object><name>bench</name><deleted>0</deleted><verified>0</verified><date>15-Jul-2012 20:34:26</date><id>0</id><polygon><username>sandy</username><pt><x>14</x><y>236</y></pt><pt><x>26</x><y>246</y></pt><pt><x>36</x><y>249</y></pt><pt><x>52</x><y>251</y></pt><pt><x>67</x><y>248</y></pt><pt><x>77</x><y>246</y></pt><pt><x>92</x><y>252</y></pt><pt><x>96</x><y>247</y></pt><pt><x>107</x><y>258</y></pt><pt><x>121</x><y>265</y></pt><pt><x>137</x><y>266</y></pt><pt><x>153</x><y>264</y></pt><pt><x>167</x><y>258</y></pt><pt><x>176</x><y>268</y></pt><pt><x>179</x><y>266</y></pt><pt><x>186</x><y>266</y></pt><pt><x>198</x><y>277</y></pt><pt><x>214</x><y>284</y></pt><pt><x>239</x><y>286</y></pt><pt><x>264</x><y>282</y></pt><pt><x>271</x><y>283</y></pt><pt><x>282</x><y>300</y></pt><pt><x>289</x><y>287</y></pt><pt><x>298</x><y>288</y></pt><pt><x>308</x><y>298</y></pt><pt><x>317</x><y>304</y></pt><pt><x>335</x><y>308</y></pt><pt><x>354</x><y>308</y></pt><pt><x>368</x><y>307</y></pt><pt><x>387</x><y>304</y></pt><pt><x>403</x><y>331</y></pt><pt><x>415</x><y>362</y></pt><pt><x>421</x><y>387</y></pt><pt><x>423</x><y>409</y></pt><pt><x>555</x><y>449</y></pt><pt><x>568</x><y>463</y></pt><pt><x>570</x><y>469</y></pt><pt><x>562</x><y>473</y></pt><pt><x>554</x><y>471</y></pt><pt><x>546</x><y>469</y></pt><pt><x>537</x><y>466</y></pt><pt><x>526</x><y>466</y></pt><pt><x>499</x><y>472</y></pt><pt><x>481</x><y>477</y></pt><pt><x>480</x><y>493</y></pt><pt><x>485</x><y>499</y></pt><pt><x>485</x><y>512</y></pt><pt><x>481</x><y>527</y></pt><pt><x>473</x><y>531</y></pt><pt><x>464</x><y>531</y></pt><pt><x>456</x><y>530</y></pt><pt><x>456</x><y>526</y></pt><pt><x>432</x><y>521</y></pt><pt><x>430</x><y>518</y></pt><pt><x>433</x><y>599</y></pt><pt><x>406</x><y>599</y></pt><pt><x>405</x><y>510</y></pt><pt><x>318</x><y>482</y></pt><pt><x>322</x><y>558</y></pt><pt><x>371</x><y>551</y></pt><pt><x>379</x><y>554</y></pt><pt><x>381</x><y>554</y></pt><pt><x>385</x><y>558</y></pt><pt><x>384</x><y>560</y></pt><pt><x>378</x><y>562</y></pt><pt><x>239</x><y>585</y></pt><pt><x>229</x><y>583</y></pt><pt><x>223</x><y>582</y></pt><pt><x>223</x><y>577</y></pt><pt><x>226</x><y>574</y></pt><pt><x>296</x><y>563</y></pt><pt><x>294</x><y>472</y></pt><pt><x>221</x><y>448</y></pt><pt><x>224</x><y>521</y></pt><pt><x>273</x><y>513</y></pt><pt><x>281</x><y>514</y></pt><pt><x>284</x><y>517</y></pt><pt><x>282</x><y>523</y></pt><pt><x>279</x><y>525</y></pt><pt><x>147</x><y>544</y></pt><pt><x>144</x><y>546</y></pt><pt><x>139</x><y>545</y></pt><pt><x>137</x><y>541</y></pt><pt><x>135</x><y>538</y></pt><pt><x>138</x><y>535</y></pt><pt><x>201</x><y>526</y></pt><pt><x>199</x><y>491</y></pt><pt><x>63</x><y>513</y></pt><pt><x>56</x><y>513</y></pt><pt><x>50</x><y>512</y></pt><pt><x>49</x><y>508</y></pt><pt><x>50</x><y>505</y></pt><pt><x>58</x><y>500</y></pt><pt><x>113</x><y>493</y></pt><pt><x>113</x><y>461</y></pt><pt><x>30</x><y>477</y></pt><pt><x>2</x><y>483</y></pt><pt><x>0</x><y>473</y></pt><pt><x>34</x><y>467</y></pt><pt><x>34</x><y>441</y></pt><pt><x>32</x><y>392</y></pt><pt><x>0</x><y>382</y></pt><pt><x>2</x><y>234</y></pt><pt><x>7</x><y>240</y></pt></polygon></object><object><name>water</name><deleted>0</deleted><verified>0</verified><date>15-Jul-2012 20:34:26</date><id>1</id><polygon><username>sandy</username><pt><x>68</x><y>72</y></pt><pt><x>71</x><y>75</y></pt><pt><x>72</x><y>80</y></pt><pt><x>266</x><y>92</y></pt><pt><x>497</x><y>99</y></pt><pt><x>797</x><y>90</y></pt><pt><x>799</x><y>453</y></pt><pt><x>664</x><y>421</y></pt><pt><x>18</x><y>267</y></pt><pt><x>2</x><y>262</y></pt><pt><x>2</x><y>78</y></pt></polygon></object><object><name>book</name><deleted>0</deleted><verified>0</verified><date>15-Jul-2012 20:34:26</date><id>2</id><polygon><username>sandy</username><pt><x>576</x><y>291</y></pt><pt><x>605</x><y>322</y></pt><pt><x>612</x><y>328</y></pt><pt><x>623</x><y>332</y></pt><pt><x>627</x><y>331</y></pt><pt><x>556</x><y>386</y></pt><pt><x>534</x><y>368</y></pt><pt><x>508</x><y>345</y></pt></polygon></object><object><name>sunglasses</name><deleted>0</deleted><verified>0</verified><date>15-Jul-2012 20:34:26</date><id>3</id><polygon><username>sandy</username><pt><x>401</x><y>173</y></pt><pt><x>433</x><y>188</y></pt><pt><x>440</x><y>190</y></pt><pt><x>442</x><y>191</y></pt><pt><x>441</x><y>196</y></pt><pt><x>437</x><y>201</y></pt><pt><x>430</x><y>197</y></pt><pt><x>430</x><y>193</y></pt></polygon></object><object><name>watch</name><deleted>0</deleted><verified>0</verified><date>15-Jul-2012 20:34:26</date><id>4</id><polygon><username>sandy</username><pt><x>545</x><y>360</y></pt><pt><x>549</x><y>369</y></pt><pt><x>554</x><y>372</y></pt><pt><x>554</x><y>376</y></pt><pt><x>553</x><y>379</y></pt><pt><x>552</x><y>383</y></pt><pt><x>552</x><y>386</y></pt><pt><x>552</x><y>391</y></pt><pt><x>544</x><y>393</y></pt><pt><x>543</x><y>387</y></pt><pt><x>540</x><y>384</y></pt><pt><x>538</x><y>382</y></pt><pt><x>538</x><y>379</y></pt><pt><x>536</x><y>376</y></pt><pt><x>538</x><y>372</y></pt><pt><x>538</x><y>366</y></pt><pt><x>534</x><y>362</y></pt></polygon></object><object><name>earphones</name><deleted>0</deleted><verified>0</verified><date>15-Jul-2012 20:34:26</date><id>5</id><polygon><username>sandy</username><pt><x>403</x><y>183</y></pt><pt><x>404</x><y>191</y></pt><pt><x>407</x><y>204</y></pt><pt><x>413</x><y>252</y></pt><pt><x>401</x><y>197</y></pt><pt><x>400</x><y>192</y></pt><pt><x>399</x><y>189</y></pt><pt><x>397</x><y>188</y></pt><pt><x>397</x><y>184</y></pt></polygon></object><object><name>sunglasses</name><deleted>0</deleted><verified>0</verified><date>15-Jul-2012 20:34:26</date><id>6</id><polygon><username>sandy</username><pt><x>119</x><y>174</y></pt><pt><x>141</x><y>178</y></pt><pt><x>144</x><y>177</y></pt><pt><x>149</x><y>177</y></pt><pt><x>149</x><y>181</y></pt><pt><x>144</x><y>186</y></pt><pt><x>142</x><y>188</y></pt><pt><x>141</x><y>187</y></pt><pt><x>140</x><y>183</y></pt><pt><x>123</x><y>179</y></pt></polygon></object><object><name>kindle</name><deleted>0</deleted><verified>0</verified><date>15-Jul-2012 20:34:26</date><id>7</id><polygon><username>sandy</username><pt><x>218</x><y>246</y></pt><pt><x>232</x><y>254</y></pt><pt><x>232</x><y>258</y></pt><pt><x>235</x><y>260</y></pt><pt><x>201</x><y>286</y></pt><pt><x>182</x><y>274</y></pt><pt><x>210</x><y>250</y></pt></polygon></object><object><name>man</name><deleted>0</deleted><verified>0</verified><date>15-Jul-2012 20:34:26</date><id>8</id><polygon><username>sandy</username><pt><x>412</x><y>127</y></pt><pt><x>427</x><y>135</y></pt><pt><x>443</x><y>145</y></pt><pt><x>450</x><y>152</y></pt><pt><x>451</x><y>159</y></pt><pt><x>449</x><y>167</y></pt><pt><x>445</x><y>171</y></pt><pt><x>441</x><y>187</y></pt><pt><x>435</x><y>199</y></pt><pt><x>437</x><y>209</y></pt><pt><x>436</x><y>214</y></pt><pt><x>431</x><y>216</y></pt><pt><x>428</x><y>222</y></pt><pt><x>424</x><y>226</y></pt><pt><x>421</x><y>229</y></pt><pt><x>421</x><y>235</y></pt><pt><x>415</x><y>237</y></pt><pt><x>402</x><y>237</y></pt><pt><x>400</x><y>241</y></pt><pt><x>403</x><y>246</y></pt><pt><x>422</x><y>260</y></pt><pt><x>433</x><y>278</y></pt><pt><x>448</x><y>295</y></pt><pt><x>453</x><y>308</y></pt><pt><x>456</x><y>320</y></pt><pt><x>469</x><y>349</y></pt><pt><x>485</x><y>339</y></pt><pt><x>508</x><y>328</y></pt><pt><x>529</x><y>328</y></pt><pt><x>545</x><y>332</y></pt><pt><x>532</x><y>340</y></pt><pt><x>526</x><y>343</y></pt><pt><x>518</x><y>346</y></pt><pt><x>514</x><y>354</y></pt><pt><x>513</x><y>360</y></pt><pt><x>550</x><y>360</y></pt><pt><x>554</x><y>354</y></pt><pt><x>561</x><y>352</y></pt><pt><x>571</x><y>350</y></pt><pt><x>580</x><y>352</y></pt><pt><x>588</x><y>354</y></pt><pt><x>592</x><y>358</y></pt><pt><x>595</x><y>360</y></pt><pt><x>591</x><y>375</y></pt><pt><x>634</x><y>378</y></pt><pt><x>651</x><y>383</y></pt><pt><x>660</x><y>390</y></pt><pt><x>662</x><y>412</y></pt><pt><x>662</x><y>429</y></pt><pt><x>666</x><y>449</y></pt><pt><x>663</x><y>497</y></pt><pt><x>657</x><y>525</y></pt><pt><x>658</x><y>546</y></pt><pt><x>666</x><y>564</y></pt><pt><x>673</x><y>569</y></pt><pt><x>686</x><y>577</y></pt><pt><x>714</x><y>586</y></pt><pt><x>723</x><y>586</y></pt><pt><x>727</x><y>597</y></pt><pt><x>618</x><y>596</y></pt><pt><x>621</x><y>587</y></pt><pt><x>625</x><y>580</y></pt><pt><x>628</x><y>564</y></pt><pt><x>601</x><y>566</y></pt><pt><x>586</x><y>570</y></pt><pt><x>573</x><y>572</y></pt><pt><x>558</x><y>573</y></pt><pt><x>541</x><y>570</y></pt><pt><x>543</x><y>552</y></pt><pt><x>547</x><y>542</y></pt><pt><x>554</x><y>540</y></pt><pt><x>556</x><y>510</y></pt><pt><x>552</x><y>454</y></pt><pt><x>553</x><y>451</y></pt><pt><x>503</x><y>450</y></pt><pt><x>457</x><y>457</y></pt><pt><x>439</x><y>459</y></pt><pt><x>401</x><y>465</y></pt><pt><x>387</x><y>464</y></pt><pt><x>379</x><y>458</y></pt><pt><x>348</x><y>441</y></pt><pt><x>339</x><y>407</y></pt><pt><x>330</x><y>352</y></pt><pt><x>316</x><y>289</y></pt><pt><x>315</x><y>267</y></pt><pt><x>318</x><y>259</y></pt><pt><x>337</x><y>236</y></pt><pt><x>355</x><y>223</y></pt><pt><x>359</x><y>196</y></pt><pt><x>357</x><y>171</y></pt><pt><x>362</x><y>151</y></pt><pt><x>374</x><y>131</y></pt><pt><x>385</x><y>130</y></pt><pt><x>396</x><y>125</y></pt><pt><x>405</x><y>123</y></pt></polygon></object><object><name>woman</name><deleted>0</deleted><verified>0</verified><date>15-Jul-2012 20:34:26</date><id>9</id><polygon><username>sandy</username><pt><x>91</x><y>144</y></pt><pt><x>102</x><y>137</y></pt><pt><x>115</x><y>135</y></pt><pt><x>129</x><y>142</y></pt><pt><x>145</x><y>154</y></pt><pt><x>148</x><y>169</y></pt><pt><x>145</x><y>185</y></pt><pt><x>149</x><y>191</y></pt><pt><x>141</x><y>195</y></pt><pt><x>139</x><y>203</y></pt><pt><x>132</x><y>214</y></pt><pt><x>131</x><y>215</y></pt><pt><x>120</x><y>213</y></pt><pt><x>113</x><y>215</y></pt><pt><x>115</x><y>219</y></pt><pt><x>124</x><y>223</y></pt><pt><x>135</x><y>228</y></pt><pt><x>142</x><y>232</y></pt><pt><x>153</x><y>260</y></pt><pt><x>167</x><y>256</y></pt><pt><x>194</x><y>256</y></pt><pt><x>202</x><y>256</y></pt><pt><x>194</x><y>270</y></pt><pt><x>220</x><y>279</y></pt><pt><x>228</x><y>300</y></pt><pt><x>240</x><y>312</y></pt><pt><x>276</x><y>371</y></pt><pt><x>291</x><y>465</y></pt><pt><x>323</x><y>479</y></pt><pt><x>326</x><y>484</y></pt><pt><x>324</x><y>489</y></pt><pt><x>287</x><y>494</y></pt><pt><x>276</x><y>496</y></pt><pt><x>250</x><y>494</y></pt><pt><x>248</x><y>493</y></pt><pt><x>252</x><y>461</y></pt><pt><x>253</x><y>451</y></pt><pt><x>246</x><y>383</y></pt><pt><x>173</x><y>401</y></pt><pt><x>163</x><y>399</y></pt><pt><x>135</x><y>394</y></pt><pt><x>90</x><y>366</y></pt><pt><x>80</x><y>352</y></pt><pt><x>59</x><y>311</y></pt><pt><x>41</x><y>260</y></pt><pt><x>43</x><y>243</y></pt><pt><x>54</x><y>218</y></pt><pt><x>66</x><y>206</y></pt><pt><x>77</x><y>203</y></pt><pt><x>86</x><y>187</y></pt><pt><x>81</x><y>187</y></pt><pt><x>74</x><y>187</y></pt><pt><x>72</x><y>183</y></pt><pt><x>71</x><y>178</y></pt><pt><x>70</x><y>171</y></pt><pt><x>70</x><y>165</y></pt><pt><x>63</x><y>171</y></pt><pt><x>58</x><y>171</y></pt><pt><x>54</x><y>168</y></pt><pt><x>53</x><y>164</y></pt><pt><x>55</x><y>159</y></pt><pt><x>54</x><y>153</y></pt><pt><x>56</x><y>147</y></pt><pt><x>59</x><y>141</y></pt><pt><x>65</x><y>137</y></pt><pt><x>69</x><y>135</y></pt><pt><x>76</x><y>135</y></pt><pt><x>81</x><y>135</y></pt></polygon></object><object><name>railing</name><deleted>0</deleted><verified>0</verified><date>15-Jul-2012 20:34:26</date><id>10</id><polygon><username>sandy</username><pt><x>172</x><y>120</y></pt><pt><x>511</x><y>137</y></pt><pt><x>799</x><y>153</y></pt><pt><x>799</x><y>426</y></pt><pt><x>779</x><y>423</y></pt><pt><x>779</x><y>441</y></pt><pt><x>787</x><y>442</y></pt><pt><x>794</x><y>450</y></pt><pt><x>792</x><y>453</y></pt><pt><x>750</x><y>455</y></pt><pt><x>711</x><y>449</y></pt><pt><x>716</x><y>442</y></pt><pt><x>720</x><y>441</y></pt><pt><x>719</x><y>407</y></pt><pt><x>662</x><y>394</y></pt><pt><x>0</x><y>274</y></pt><pt><x>2</x><y>113</y></pt></polygon></object><object><name>jetty</name><deleted>0</deleted><verified>0</verified><date>15-Jul-2012 20:34:26</date><id>11</id><polygon><username>sandy</username><pt><x>67</x><y>26</y></pt><pt><x>124</x><y>29</y></pt><pt><x>128</x><y>47</y></pt><pt><x>150</x><y>51</y></pt><pt><x>153</x><y>29</y></pt><pt><x>164</x><y>29</y></pt><pt><x>165</x><y>46</y></pt><pt><x>177</x><y>51</y></pt><pt><x>182</x><y>32</y></pt><pt><x>190</x><y>29</y></pt><pt><x>194</x><y>48</y></pt><pt><x>361</x><y>52</y></pt><pt><x>363</x><y>26</y></pt><pt><x>375</x><y>29</y></pt><pt><x>372</x><y>50</y></pt><pt><x>384</x><y>50</y></pt><pt><x>385</x><y>29</y></pt><pt><x>395</x><y>27</y></pt><pt><x>397</x><y>47</y></pt><pt><x>408</x><y>48</y></pt><pt><x>410</x><y>28</y></pt><pt><x>424</x><y>28</y></pt><pt><x>422</x><y>51</y></pt><pt><x>442</x><y>51</y></pt><pt><x>447</x><y>28</y></pt><pt><x>459</x><y>29</y></pt><pt><x>461</x><y>54</y></pt><pt><x>483</x><y>53</y></pt><pt><x>481</x><y>26</y></pt><pt><x>492</x><y>27</y></pt><pt><x>490</x><y>52</y></pt><pt><x>505</x><y>53</y></pt><pt><x>505</x><y>28</y></pt><pt><x>515</x><y>26</y></pt><pt><x>521</x><y>58</y></pt><pt><x>542</x><y>51</y></pt><pt><x>539</x><y>27</y></pt><pt><x>555</x><y>28</y></pt><pt><x>558</x><y>51</y></pt><pt><x>576</x><y>50</y></pt><pt><x>578</x><y>22</y></pt><pt><x>593</x><y>25</y></pt><pt><x>595</x><y>48</y></pt><pt><x>619</x><y>42</y></pt><pt><x>618</x><y>22</y></pt><pt><x>634</x><y>22</y></pt><pt><x>629</x><y>46</y></pt><pt><x>661</x><y>46</y></pt><pt><x>665</x><y>20</y></pt><pt><x>697</x><y>25</y></pt><pt><x>695</x><y>45</y></pt><pt><x>701</x><y>47</y></pt><pt><x>704</x><y>24</y></pt><pt><x>718</x><y>22</y></pt><pt><x>721</x><y>48</y></pt><pt><x>771</x><y>46</y></pt><pt><x>773</x><y>25</y></pt><pt><x>785</x><y>25</y></pt><pt><x>785</x><y>40</y></pt><pt><x>797</x><y>45</y></pt><pt><x>798</x><y>101</y></pt><pt><x>628</x><y>105</y></pt><pt><x>484</x><y>99</y></pt><pt><x>298</x><y>93</y></pt><pt><x>75</x><y>84</y></pt></polygon></object><imagesize><nrows>600
</nrows><ncols>800
</ncols></imagesize></annotation>