<annotation><filename>r_row_house_row_house.jpg</filename><folder>100images</folder><source><sourceImage>The MIT-CSAIL database of objects and scenes</sourceImage><sourceAnnotation>LabelMe Webtool</sourceAnnotation></source><object><name>car</name><deleted>0</deleted><verified>0</verified><date>15-Jul-2012 20:47:16</date><id>0</id><polygon><username>sandy</username><pt><x>59</x><y>393</y></pt><pt><x>94</x><y>397</y></pt><pt><x>98</x><y>405</y></pt><pt><x>104</x><y>413</y></pt><pt><x>106</x><y>418</y></pt><pt><x>105</x><y>425</y></pt><pt><x>101</x><y>436</y></pt><pt><x>98</x><y>437</y></pt><pt><x>61</x><y>438</y></pt><pt><x>53</x><y>438</y></pt><pt><x>35</x><y>435</y></pt><pt><x>32</x><y>427</y></pt><pt><x>32</x><y>418</y></pt><pt><x>40</x><y>413</y></pt><pt><x>46</x><y>403</y></pt><pt><x>50</x><y>398</y></pt></polygon></object><object><name>car</name><deleted>0</deleted><verified>0</verified><date>15-Jul-2012 20:47:16</date><id>1</id><polygon><username>sandy</username><pt><x>383</x><y>396</y></pt><pt><x>396</x><y>424</y></pt><pt><x>403</x><y>427</y></pt><pt><x>403</x><y>456</y></pt><pt><x>395</x><y>461</y></pt><pt><x>392</x><y>464</y></pt><pt><x>386</x><y>466</y></pt><pt><x>386</x><y>470</y></pt><pt><x>369</x><y>472</y></pt><pt><x>362</x><y>464</y></pt><pt><x>330</x><y>466</y></pt><pt><x>327</x><y>473</y></pt><pt><x>321</x><y>478</y></pt><pt><x>316</x><y>480</y></pt><pt><x>303</x><y>480</y></pt><pt><x>298</x><y>474</y></pt><pt><x>296</x><y>468</y></pt><pt><x>296</x><y>461</y></pt><pt><x>260</x><y>458</y></pt><pt><x>258</x><y>463</y></pt><pt><x>255</x><y>467</y></pt><pt><x>249</x><y>467</y></pt><pt><x>240</x><y>468</y></pt><pt><x>239</x><y>454</y></pt><pt><x>235</x><y>454</y></pt><pt><x>233</x><y>449</y></pt><pt><x>231</x><y>446</y></pt><pt><x>231</x><y>441</y></pt><pt><x>233</x><y>438</y></pt><pt><x>232</x><y>433</y></pt><pt><x>234</x><y>429</y></pt><pt><x>236</x><y>426</y></pt><pt><x>253</x><y>421</y></pt><pt><x>253</x><y>416</y></pt><pt><x>258</x><y>416</y></pt><pt><x>261</x><y>416</y></pt><pt><x>279</x><y>399</y></pt><pt><x>292</x><y>396</y></pt></polygon></object><object><name>house</name><deleted>0</deleted><verified>0</verified><date>15-Jul-2012 20:47:16</date><id>2</id><polygon><username>sandy</username><pt><x>157</x><y>234</y></pt><pt><x>211</x><y>240</y></pt><pt><x>211</x><y>220</y></pt><pt><x>209</x><y>217</y></pt><pt><x>216</x><y>208</y></pt><pt><x>231</x><y>211</y></pt><pt><x>234</x><y>195</y></pt><pt><x>239</x><y>193</y></pt><pt><x>254</x><y>196</y></pt><pt><x>253</x><y>213</y></pt><pt><x>275</x><y>215</y></pt><pt><x>284</x><y>212</y></pt><pt><x>287</x><y>186</y></pt><pt><x>282</x><y>186</y></pt><pt><x>293</x><y>171</y></pt><pt><x>297</x><y>168</y></pt><pt><x>304</x><y>163</y></pt><pt><x>318</x><y>166</y></pt><pt><x>321</x><y>176</y></pt><pt><x>358</x><y>184</y></pt><pt><x>381</x><y>175</y></pt><pt><x>379</x><y>128</y></pt><pt><x>393</x><y>124</y></pt><pt><x>400</x><y>128</y></pt><pt><x>404</x><y>120</y></pt><pt><x>478</x><y>139</y></pt><pt><x>493</x><y>133</y></pt><pt><x>495</x><y>130</y></pt><pt><x>493</x><y>78</y></pt><pt><x>510</x><y>72</y></pt><pt><x>527</x><y>76</y></pt><pt><x>528</x><y>119</y></pt><pt><x>560</x><y>108</y></pt><pt><x>561</x><y>74</y></pt><pt><x>554</x><y>70</y></pt><pt><x>574</x><y>49</y></pt><pt><x>595</x><y>56</y></pt><pt><x>650</x><y>77</y></pt><pt><x>655</x><y>72</y></pt><pt><x>659</x><y>68</y></pt><pt><x>655</x><y>11</y></pt><pt><x>652</x><y>6</y></pt><pt><x>674</x><y>1</y></pt><pt><x>691</x><y>8</y></pt><pt><x>697</x><y>59</y></pt><pt><x>767</x><y>33</y></pt><pt><x>799</x><y>90</y></pt><pt><x>800</x><y>472</y></pt><pt><x>677</x><y>472</y></pt><pt><x>107</x><y>424</y></pt><pt><x>108</x><y>312</y></pt><pt><x>101</x><y>304</y></pt><pt><x>101</x><y>298</y></pt><pt><x>151</x><y>270</y></pt><pt><x>156</x><y>246</y></pt><pt><x>154</x><y>244</y></pt></polygon></object><object><name>lamppost</name><deleted>0</deleted><verified>0</verified><date>15-Jul-2012 20:47:16</date><id>3</id><polygon><username>sandy</username><pt><x>216</x><y>349</y></pt><pt><x>224</x><y>336</y></pt><pt><x>216</x><y>325</y></pt><pt><x>215</x><y>322</y></pt><pt><x>212</x><y>323</y></pt><pt><x>211</x><y>326</y></pt><pt><x>204</x><y>335</y></pt><pt><x>209</x><y>348</y></pt><pt><x>211</x><y>348</y></pt><pt><x>213</x><y>428</y></pt><pt><x>210</x><y>430</y></pt><pt><x>209</x><y>440</y></pt><pt><x>219</x><y>440</y></pt><pt><x>217</x><y>428</y></pt><pt><x>216</x><y>427</y></pt><pt><x>215</x><y>353</y></pt></polygon></object><object><name>lamppost</name><deleted>0</deleted><verified>0</verified><date>15-Jul-2012 20:47:16</date><id>4</id><polygon><username>sandy</username><pt><x>101</x><y>362</y></pt><pt><x>105</x><y>353</y></pt><pt><x>101</x><y>346</y></pt><pt><x>101</x><y>343</y></pt><pt><x>100</x><y>341</y></pt><pt><x>97</x><y>342</y></pt><pt><x>97</x><y>345</y></pt><pt><x>93</x><y>352</y></pt><pt><x>97</x><y>362</y></pt><pt><x>98</x><y>406</y></pt><pt><x>101</x><y>406</y></pt></polygon></object><object><name>lamppost</name><deleted>0</deleted><verified>0</verified><date>15-Jul-2012 20:47:16</date><id>5</id><polygon><username>sandy</username><pt><x>523</x><y>322</y></pt><pt><x>527</x><y>322</y></pt><pt><x>535</x><y>302</y></pt><pt><x>525</x><y>287</y></pt><pt><x>526</x><y>279</y></pt><pt><x>521</x><y>278</y></pt><pt><x>515</x><y>280</y></pt><pt><x>515</x><y>283</y></pt><pt><x>504</x><y>300</y></pt><pt><x>512</x><y>322</y></pt><pt><x>514</x><y>322</y></pt><pt><x>512</x><y>428</y></pt><pt><x>510</x><y>473</y></pt><pt><x>519</x><y>474</y></pt><pt><x>519</x><y>430</y></pt></polygon></object><object><name>pole</name><deleted>0</deleted><verified>0</verified><date>15-Jul-2012 20:47:16</date><id>6</id><polygon><username>sandy</username><pt><x>631</x><y>505</y></pt><pt><x>639</x><y>325</y></pt><pt><x>626</x><y>2</y></pt><pt><x>637</x><y>1</y></pt><pt><x>640</x><y>2</y></pt><pt><x>652</x><y>258</y></pt><pt><x>654</x><y>289</y></pt><pt><x>652</x><y>506</y></pt></polygon></object><object><name>grass</name><deleted>0</deleted><verified>0</verified><date>15-Jul-2012 20:47:16</date><id>7</id><polygon><username>sandy</username><pt><x>393</x><y>465</y></pt><pt><x>428</x><y>473</y></pt><pt><x>427</x><y>483</y></pt><pt><x>479</x><y>492</y></pt><pt><x>523</x><y>510</y></pt><pt><x>574</x><y>499</y></pt><pt><x>589</x><y>500</y></pt><pt><x>608</x><y>485</y></pt><pt><x>539</x><y>469</y></pt><pt><x>403</x><y>454</y></pt></polygon></object><object><name>flowers</name><deleted>0</deleted><verified>0</verified><date>15-Jul-2012 20:47:16</date><id>8</id><polygon><username>sandy</username><pt><x>430</x><y>412</y></pt><pt><x>437</x><y>409</y></pt><pt><x>444</x><y>409</y></pt><pt><x>448</x><y>411</y></pt><pt><x>451</x><y>417</y></pt><pt><x>449</x><y>422</y></pt><pt><x>445</x><y>424</y></pt><pt><x>440</x><y>429</y></pt><pt><x>435</x><y>430</y></pt><pt><x>431</x><y>429</y></pt><pt><x>428</x><y>428</y></pt><pt><x>426</x><y>425</y></pt><pt><x>424</x><y>422</y></pt><pt><x>424</x><y>417</y></pt></polygon></object><object><name>flowers</name><deleted>0</deleted><verified>0</verified><date>15-Jul-2012 20:47:16</date><id>9</id><polygon><username>sandy</username><pt><x>414</x><y>428</y></pt><pt><x>422</x><y>429</y></pt><pt><x>427</x><y>431</y></pt><pt><x>429</x><y>432</y></pt><pt><x>431</x><y>440</y></pt><pt><x>431</x><y>445</y></pt><pt><x>430</x><y>449</y></pt><pt><x>423</x><y>453</y></pt><pt><x>410</x><y>453</y></pt><pt><x>404</x><y>453</y></pt><pt><x>402</x><y>449</y></pt><pt><x>402</x><y>445</y></pt><pt><x>401</x><y>442</y></pt><pt><x>403</x><y>439</y></pt><pt><x>404</x><y>435</y></pt><pt><x>405</x><y>432</y></pt></polygon></object><object><name>flowers</name><deleted>0</deleted><verified>0</verified><date>15-Jul-2012 20:47:16</date><id>10</id><polygon><username>sandy</username><pt><x>469</x><y>439</y></pt><pt><x>476</x><y>437</y></pt><pt><x>478</x><y>438</y></pt><pt><x>483</x><y>441</y></pt><pt><x>484</x><y>446</y></pt><pt><x>485</x><y>450</y></pt><pt><x>486</x><y>453</y></pt><pt><x>488</x><y>456</y></pt><pt><x>488</x><y>463</y></pt><pt><x>484</x><y>465</y></pt><pt><x>477</x><y>464</y></pt><pt><x>472</x><y>464</y></pt><pt><x>470</x><y>461</y></pt><pt><x>468</x><y>457</y></pt><pt><x>466</x><y>455</y></pt><pt><x>463</x><y>451</y></pt><pt><x>463</x><y>446</y></pt><pt><x>464</x><y>442</y></pt></polygon></object><object><name>flowers</name><deleted>0</deleted><verified>0</verified><date>15-Jul-2012 20:47:16</date><id>11</id><polygon><username>sandy</username><pt><x>543</x><y>401</y></pt><pt><x>552</x><y>399</y></pt><pt><x>558</x><y>400</y></pt><pt><x>563</x><y>401</y></pt><pt><x>568</x><y>403</y></pt><pt><x>566</x><y>407</y></pt><pt><x>563</x><y>409</y></pt><pt><x>555</x><y>408</y></pt><pt><x>550</x><y>409</y></pt><pt><x>546</x><y>408</y></pt><pt><x>544</x><y>412</y></pt><pt><x>541</x><y>412</y></pt><pt><x>538</x><y>410</y></pt><pt><x>537</x><y>407</y></pt><pt><x>539</x><y>403</y></pt></polygon></object><object><name>flowers</name><deleted>0</deleted><verified>0</verified><date>15-Jul-2012 20:47:16</date><id>12</id><polygon><username>sandy</username><pt><x>529</x><y>443</y></pt><pt><x>557</x><y>446</y></pt><pt><x>579</x><y>441</y></pt><pt><x>590</x><y>441</y></pt><pt><x>595</x><y>443</y></pt><pt><x>600</x><y>445</y></pt><pt><x>602</x><y>469</y></pt><pt><x>600</x><y>476</y></pt><pt><x>592</x><y>476</y></pt><pt><x>584</x><y>477</y></pt><pt><x>553</x><y>473</y></pt><pt><x>532</x><y>467</y></pt><pt><x>496</x><y>466</y></pt><pt><x>494</x><y>462</y></pt><pt><x>496</x><y>458</y></pt><pt><x>517</x><y>444</y></pt></polygon></object><object><name>bushes</name><deleted>0</deleted><verified>0</verified><date>15-Jul-2012 20:47:16</date><id>13</id><polygon><username>sandy</username><pt><x>430</x><y>356</y></pt><pt><x>437</x><y>383</y></pt><pt><x>439</x><y>386</y></pt><pt><x>444</x><y>410</y></pt><pt><x>427</x><y>429</y></pt><pt><x>417</x><y>430</y></pt><pt><x>415</x><y>408</y></pt><pt><x>396</x><y>403</y></pt><pt><x>394</x><y>397</y></pt><pt><x>400</x><y>393</y></pt><pt><x>406</x><y>393</y></pt><pt><x>411</x><y>396</y></pt><pt><x>415</x><y>397</y></pt><pt><x>419</x><y>380</y></pt><pt><x>422</x><y>368</y></pt><pt><x>422</x><y>359</y></pt><pt><x>425</x><y>353</y></pt><pt><x>428</x><y>351</y></pt></polygon></object><object><name>bushes</name><deleted>0</deleted><verified>0</verified><date>15-Jul-2012 20:47:16</date><id>14</id><polygon><username>sandy</username><pt><x>485</x><y>434</y></pt><pt><x>489</x><y>431</y></pt><pt><x>491</x><y>426</y></pt><pt><x>489</x><y>421</y></pt><pt><x>493</x><y>417</y></pt><pt><x>499</x><y>418</y></pt><pt><x>503</x><y>421</y></pt><pt><x>513</x><y>422</y></pt><pt><x>524</x><y>422</y></pt><pt><x>530</x><y>425</y></pt><pt><x>534</x><y>431</y></pt><pt><x>540</x><y>437</y></pt><pt><x>550</x><y>442</y></pt><pt><x>558</x><y>440</y></pt><pt><x>565</x><y>436</y></pt><pt><x>568</x><y>430</y></pt><pt><x>568</x><y>409</y></pt><pt><x>579</x><y>380</y></pt><pt><x>582</x><y>368</y></pt><pt><x>585</x><y>363</y></pt><pt><x>594</x><y>376</y></pt><pt><x>598</x><y>383</y></pt><pt><x>605</x><y>388</y></pt><pt><x>609</x><y>397</y></pt><pt><x>610</x><y>405</y></pt><pt><x>606</x><y>412</y></pt><pt><x>606</x><y>423</y></pt><pt><x>608</x><y>431</y></pt><pt><x>616</x><y>433</y></pt><pt><x>625</x><y>437</y></pt><pt><x>631</x><y>444</y></pt><pt><x>632</x><y>457</y></pt><pt><x>631</x><y>468</y></pt><pt><x>625</x><y>478</y></pt><pt><x>464</x><y>459</y></pt><pt><x>466</x><y>450</y></pt><pt><x>468</x><y>445</y></pt><pt><x>475</x><y>440</y></pt><pt><x>482</x><y>440</y></pt></polygon></object><object><name>bushes</name><deleted>0</deleted><verified>0</verified><date>15-Jul-2012 20:47:16</date><id>15</id><polygon><username>sandy</username><pt><x>678</x><y>406</y></pt><pt><x>698</x><y>405</y></pt><pt><x>708</x><y>411</y></pt><pt><x>716</x><y>414</y></pt><pt><x>720</x><y>422</y></pt><pt><x>719</x><y>437</y></pt><pt><x>711</x><y>447</y></pt><pt><x>703</x><y>447</y></pt><pt><x>696</x><y>448</y></pt><pt><x>692</x><y>451</y></pt><pt><x>692</x><y>466</y></pt><pt><x>689</x><y>476</y></pt><pt><x>685</x><y>475</y></pt><pt><x>675</x><y>449</y></pt><pt><x>673</x><y>446</y></pt><pt><x>672</x><y>444</y></pt><pt><x>664</x><y>443</y></pt><pt><x>661</x><y>439</y></pt><pt><x>659</x><y>433</y></pt><pt><x>661</x><y>426</y></pt><pt><x>666</x><y>421</y></pt><pt><x>670</x><y>417</y></pt><pt><x>672</x><y>410</y></pt></polygon></object><object><name>tree</name><deleted>0</deleted><verified>0</verified><date>15-Jul-2012 20:47:16</date><id>16</id><polygon><username>sandy</username><pt><x>795</x><y>271</y></pt><pt><x>785</x><y>271</y></pt><pt><x>778</x><y>279</y></pt><pt><x>775</x><y>288</y></pt><pt><x>771</x><y>288</y></pt><pt><x>766</x><y>285</y></pt><pt><x>761</x><y>290</y></pt><pt><x>750</x><y>306</y></pt><pt><x>754</x><y>315</y></pt><pt><x>747</x><y>320</y></pt><pt><x>741</x><y>314</y></pt><pt><x>740</x><y>309</y></pt><pt><x>736</x><y>306</y></pt><pt><x>732</x><y>311</y></pt><pt><x>731</x><y>320</y></pt><pt><x>733</x><y>334</y></pt><pt><x>733</x><y>348</y></pt><pt><x>729</x><y>349</y></pt><pt><x>723</x><y>349</y></pt><pt><x>724</x><y>356</y></pt><pt><x>732</x><y>359</y></pt><pt><x>733</x><y>368</y></pt><pt><x>736</x><y>375</y></pt><pt><x>730</x><y>389</y></pt><pt><x>723</x><y>388</y></pt><pt><x>715</x><y>390</y></pt><pt><x>710</x><y>468</y></pt><pt><x>747</x><y>478</y></pt><pt><x>798</x><y>479</y></pt></polygon></object><object><name>tree</name><deleted>0</deleted><verified>0</verified><date>15-Jul-2012 20:47:16</date><id>17</id><polygon><username>sandy</username><pt><x>4</x><y>215</y></pt><pt><x>26</x><y>208</y></pt><pt><x>39</x><y>204</y></pt><pt><x>46</x><y>199</y></pt><pt><x>52</x><y>194</y></pt><pt><x>60</x><y>191</y></pt><pt><x>80</x><y>194</y></pt><pt><x>97</x><y>201</y></pt><pt><x>120</x><y>220</y></pt><pt><x>133</x><y>228</y></pt><pt><x>145</x><y>248</y></pt><pt><x>138</x><y>253</y></pt><pt><x>142</x><y>258</y></pt><pt><x>147</x><y>258</y></pt><pt><x>150</x><y>252</y></pt><pt><x>152</x><y>248</y></pt><pt><x>155</x><y>253</y></pt><pt><x>152</x><y>269</y></pt><pt><x>100</x><y>298</y></pt><pt><x>105</x><y>412</y></pt><pt><x>36</x><y>410</y></pt><pt><x>29</x><y>406</y></pt><pt><x>25</x><y>393</y></pt><pt><x>24</x><y>387</y></pt><pt><x>21</x><y>385</y></pt><pt><x>10</x><y>389</y></pt><pt><x>12</x><y>417</y></pt><pt><x>5</x><y>418</y></pt><pt><x>5</x><y>389</y></pt><pt><x>0</x><y>389</y></pt></polygon></object><object><name>door</name><deleted>0</deleted><verified>0</verified><date>15-Jul-2012 20:47:16</date><id>18</id><polygon><username>sandy</username><pt><x>457</x><y>331</y></pt><pt><x>481</x><y>329</y></pt><pt><x>485</x><y>426</y></pt><pt><x>456</x><y>425</y></pt></polygon></object><object><name>door</name><deleted>0</deleted><verified>0</verified><date>15-Jul-2012 20:47:16</date><id>19</id><polygon><username>sandy</username><pt><x>316</x><y>346</y></pt><pt><x>332</x><y>345</y></pt><pt><x>332</x><y>394</y></pt><pt><x>315</x><y>394</y></pt></polygon></object><object><name>door</name><deleted>0</deleted><verified>0</verified><date>15-Jul-2012 20:47:16</date><id>20</id><polygon><username>sandy</username><pt><x>225</x><y>356</y></pt><pt><x>235</x><y>355</y></pt><pt><x>235</x><y>421</y></pt><pt><x>223</x><y>420</y></pt></polygon></object><object><name>door</name><deleted>0</deleted><verified>0</verified><date>15-Jul-2012 20:47:16</date><id>21</id><polygon><username>sandy</username><pt><x>163</x><y>363</y></pt><pt><x>169</x><y>363</y></pt><pt><x>169</x><y>420</y></pt><pt><x>160</x><y>418</y></pt></polygon></object><object><name>door</name><deleted>0</deleted><verified>0</verified><date>15-Jul-2012 20:47:16</date><id>22</id><polygon><username>sandy</username><pt><x>113</x><y>366</y></pt><pt><x>121</x><y>365</y></pt><pt><x>120</x><y>416</y></pt><pt><x>112</x><y>414</y></pt></polygon></object><object><name>sign</name><deleted>0</deleted><verified>0</verified><date>15-Jul-2012 20:47:16</date><id>23</id><polygon><username>sandy</username><pt><x>646</x><y>257</y></pt><pt><x>655</x><y>261</y></pt><pt><x>654</x><y>266</y></pt><pt><x>655</x><y>274</y></pt><pt><x>640</x><y>278</y></pt><pt><x>638</x><y>271</y></pt><pt><x>642</x><y>268</y></pt><pt><x>634</x><y>263</y></pt><pt><x>635</x><y>253</y></pt></polygon></object><imagesize><nrows>600</nrows><ncols>800</ncols></imagesize><object><name>wire</name><deleted>0</deleted><verified>0</verified><date>18-Jul-2012 09:43:50</date><id>24</id><polygon><username>sandy</username><pt><x>4</x><y>211</y></pt><pt><x>60</x><y>190</y></pt><pt><x>107</x><y>210</y></pt><pt><x>136</x><y>240</y></pt><pt><x>562</x><y>2</y></pt><pt><x>225</x><y>1</y></pt><pt><x>1</x><y>202</y></pt></polygon></object><object><name>wire</name><deleted>0</deleted><verified>0</verified><date>18-Jul-2012 09:43:50</date><id>25</id><polygon><username>sandy</username><pt><x>798</x><y>188</y></pt><pt><x>726</x><y>76</y></pt><pt><x>684</x><y>0</y></pt><pt><x>693</x><y>0</y></pt><pt><x>796</x><y>174</y></pt></polygon></object></annotation>