<annotation><filename>s_shopping_mall_indoor_GUM_Department_Store.jpg</filename><folder>100images</folder><source><sourceImage>The MIT-CSAIL database of objects and scenes</sourceImage><sourceAnnotation>LabelMe Webtool</sourceAnnotation></source><object><name>people</name><deleted>0</deleted><verified>0</verified><date>15-Jul-2012 21:29:28</date><id>0</id><polygon><username>sandy</username><pt><x>253</x><y>165</y></pt><pt><x>253</x><y>160</y></pt><pt><x>251</x><y>160</y></pt><pt><x>249</x><y>160</y></pt><pt><x>250</x><y>165</y></pt><pt><x>247</x><y>171</y></pt><pt><x>247</x><y>184</y></pt><pt><x>249</x><y>202</y></pt><pt><x>253</x><y>201</y></pt><pt><x>255</x><y>177</y></pt><pt><x>256</x><y>173</y></pt><pt><x>255</x><y>170</y></pt></polygon></object><object><name>people</name><deleted>0</deleted><verified>0</verified><date>15-Jul-2012 21:29:28</date><id>1</id><polygon><username>sandy</username><pt><x>269</x><y>166</y></pt><pt><x>272</x><y>169</y></pt><pt><x>275</x><y>177</y></pt><pt><x>275</x><y>181</y></pt><pt><x>261</x><y>183</y></pt><pt><x>262</x><y>168</y></pt><pt><x>264</x><y>166</y></pt><pt><x>264</x><y>161</y></pt><pt><x>265</x><y>160</y></pt><pt><x>268</x><y>159</y></pt><pt><x>270</x><y>164</y></pt></polygon></object><object><name>people</name><deleted>0</deleted><verified>0</verified><date>15-Jul-2012 21:29:28</date><id>2</id><polygon><username>sandy</username><pt><x>332</x><y>157</y></pt><pt><x>341</x><y>158</y></pt><pt><x>342</x><y>171</y></pt><pt><x>329</x><y>174</y></pt><pt><x>326</x><y>167</y></pt><pt><x>328</x><y>161</y></pt><pt><x>330</x><y>160</y></pt><pt><x>329</x><y>159</y></pt></polygon></object><object><name>people</name><deleted>0</deleted><verified>0</verified><date>15-Jul-2012 21:29:28</date><id>3</id><polygon><username>sandy</username><pt><x>377</x><y>160</y></pt><pt><x>380</x><y>161</y></pt><pt><x>383</x><y>168</y></pt><pt><x>381</x><y>173</y></pt><pt><x>378</x><y>176</y></pt><pt><x>378</x><y>190</y></pt><pt><x>370</x><y>190</y></pt><pt><x>370</x><y>179</y></pt><pt><x>368</x><y>173</y></pt><pt><x>370</x><y>161</y></pt><pt><x>373</x><y>159</y></pt><pt><x>372</x><y>156</y></pt><pt><x>375</x><y>154</y></pt><pt><x>376</x><y>155</y></pt></polygon></object><object><name>people</name><deleted>0</deleted><verified>0</verified><date>15-Jul-2012 21:29:28</date><id>4</id><polygon><username>sandy</username><pt><x>427</x><y>155</y></pt><pt><x>430</x><y>157</y></pt><pt><x>435</x><y>162</y></pt><pt><x>436</x><y>165</y></pt><pt><x>430</x><y>171</y></pt><pt><x>429</x><y>178</y></pt><pt><x>433</x><y>185</y></pt><pt><x>431</x><y>187</y></pt><pt><x>421</x><y>187</y></pt><pt><x>422</x><y>170</y></pt><pt><x>423</x><y>156</y></pt><pt><x>423</x><y>153</y></pt><pt><x>424</x><y>152</y></pt><pt><x>425</x><y>151</y></pt></polygon></object><object><name>people</name><deleted>0</deleted><verified>0</verified><date>15-Jul-2012 21:29:28</date><id>5</id><polygon><username>sandy</username><pt><x>447</x><y>157</y></pt><pt><x>448</x><y>166</y></pt><pt><x>451</x><y>174</y></pt><pt><x>448</x><y>186</y></pt><pt><x>446</x><y>187</y></pt><pt><x>438</x><y>186</y></pt><pt><x>439</x><y>181</y></pt><pt><x>439</x><y>174</y></pt><pt><x>439</x><y>169</y></pt><pt><x>436</x><y>165</y></pt><pt><x>441</x><y>157</y></pt><pt><x>443</x><y>154</y></pt><pt><x>445</x><y>153</y></pt></polygon></object><object><name>people</name><deleted>0</deleted><verified>0</verified><date>15-Jul-2012 21:29:28</date><id>6</id><polygon><username>sandy</username><pt><x>501</x><y>158</y></pt><pt><x>507</x><y>158</y></pt><pt><x>517</x><y>164</y></pt><pt><x>516</x><y>173</y></pt><pt><x>515</x><y>180</y></pt><pt><x>501</x><y>176</y></pt><pt><x>499</x><y>165</y></pt></polygon></object><object><name>people</name><deleted>0</deleted><verified>0</verified><date>15-Jul-2012 21:29:28</date><id>7</id><polygon><username>sandy</username><pt><x>514</x><y>233</y></pt><pt><x>517</x><y>233</y></pt><pt><x>520</x><y>245</y></pt><pt><x>518</x><y>252</y></pt><pt><x>513</x><y>256</y></pt><pt><x>510</x><y>252</y></pt><pt><x>508</x><y>239</y></pt><pt><x>509</x><y>236</y></pt></polygon></object><object><name>people</name><deleted>0</deleted><verified>0</verified><date>15-Jul-2012 21:29:28</date><id>8</id><polygon><username>sandy</username><pt><x>527</x><y>261</y></pt><pt><x>529</x><y>262</y></pt><pt><x>527</x><y>268</y></pt><pt><x>527</x><y>281</y></pt><pt><x>521</x><y>282</y></pt><pt><x>519</x><y>267</y></pt><pt><x>522</x><y>262</y></pt><pt><x>523</x><y>261</y></pt><pt><x>523</x><y>258</y></pt><pt><x>524</x><y>256</y></pt><pt><x>527</x><y>256</y></pt></polygon></object><object><name>people</name><deleted>0</deleted><verified>0</verified><date>15-Jul-2012 21:29:28</date><id>9</id><polygon><username>sandy</username><pt><x>540</x><y>344</y></pt><pt><x>544</x><y>345</y></pt><pt><x>543</x><y>354</y></pt><pt><x>547</x><y>356</y></pt><pt><x>549</x><y>360</y></pt><pt><x>548</x><y>363</y></pt><pt><x>549</x><y>369</y></pt><pt><x>548</x><y>371</y></pt><pt><x>551</x><y>383</y></pt><pt><x>547</x><y>385</y></pt><pt><x>537</x><y>367</y></pt><pt><x>536</x><y>350</y></pt></polygon></object><object><name>people</name><deleted>0</deleted><verified>0</verified><date>15-Jul-2012 21:29:28</date><id>10</id><polygon><username>sandy</username><pt><x>449</x><y>236</y></pt><pt><x>450</x><y>240</y></pt><pt><x>455</x><y>243</y></pt><pt><x>455</x><y>254</y></pt><pt><x>453</x><y>255</y></pt><pt><x>447</x><y>248</y></pt><pt><x>447</x><y>242</y></pt></polygon></object><object><name>people</name><deleted>0</deleted><verified>0</verified><date>15-Jul-2012 21:29:28</date><id>11</id><polygon><username>sandy</username><pt><x>456</x><y>279</y></pt><pt><x>458</x><y>275</y></pt><pt><x>459</x><y>272</y></pt><pt><x>460</x><y>275</y></pt><pt><x>462</x><y>277</y></pt><pt><x>464</x><y>278</y></pt><pt><x>466</x><y>276</y></pt><pt><x>465</x><y>276</y></pt><pt><x>461</x><y>268</y></pt><pt><x>462</x><y>258</y></pt><pt><x>461</x><y>255</y></pt><pt><x>462</x><y>252</y></pt><pt><x>460</x><y>251</y></pt><pt><x>458</x><y>251</y></pt><pt><x>458</x><y>254</y></pt><pt><x>456</x><y>254</y></pt><pt><x>452</x><y>255</y></pt><pt><x>452</x><y>258</y></pt><pt><x>452</x><y>261</y></pt><pt><x>453</x><y>265</y></pt><pt><x>453</x><y>270</y></pt><pt><x>450</x><y>274</y></pt><pt><x>451</x><y>278</y></pt><pt><x>451</x><y>278</y></pt></polygon></object><object><name>people</name><deleted>0</deleted><verified>0</verified><date>15-Jul-2012 21:29:28</date><id>12</id><polygon><username>sandy</username><pt><x>431</x><y>282</y></pt><pt><x>435</x><y>285</y></pt><pt><x>435</x><y>287</y></pt><pt><x>434</x><y>302</y></pt><pt><x>431</x><y>302</y></pt><pt><x>429</x><y>291</y></pt><pt><x>428</x><y>289</y></pt><pt><x>429</x><y>285</y></pt></polygon></object><object><name>people</name><deleted>0</deleted><verified>0</verified><date>15-Jul-2012 21:29:28</date><id>13</id><polygon><username>sandy</username><pt><x>441</x><y>285</y></pt><pt><x>443</x><y>293</y></pt><pt><x>441</x><y>299</y></pt><pt><x>441</x><y>311</y></pt><pt><x>435</x><y>311</y></pt><pt><x>434</x><y>296</y></pt><pt><x>434</x><y>288</y></pt><pt><x>434</x><y>287</y></pt><pt><x>436</x><y>285</y></pt><pt><x>436</x><y>283</y></pt><pt><x>436</x><y>282</y></pt></polygon></object><object><name>people</name><deleted>0</deleted><verified>0</verified><date>15-Jul-2012 21:29:28</date><id>14</id><polygon><username>sandy</username><pt><x>454</x><y>337</y></pt><pt><x>454</x><y>343</y></pt><pt><x>454</x><y>346</y></pt><pt><x>456</x><y>358</y></pt><pt><x>459</x><y>358</y></pt><pt><x>472</x><y>357</y></pt><pt><x>474</x><y>339</y></pt><pt><x>471</x><y>336</y></pt><pt><x>464</x><y>335</y></pt><pt><x>463</x><y>338</y></pt><pt><x>460</x><y>338</y></pt><pt><x>460</x><y>335</y></pt><pt><x>459</x><y>334</y></pt><pt><x>456</x><y>335</y></pt></polygon></object><object><name>people</name><deleted>0</deleted><verified>0</verified><date>15-Jul-2012 21:29:28</date><id>15</id><polygon><username>sandy</username><pt><x>423</x><y>352</y></pt><pt><x>427</x><y>349</y></pt><pt><x>430</x><y>349</y></pt><pt><x>433</x><y>352</y></pt><pt><x>438</x><y>352</y></pt><pt><x>440</x><y>352</y></pt><pt><x>438</x><y>342</y></pt><pt><x>439</x><y>339</y></pt><pt><x>440</x><y>335</y></pt><pt><x>440</x><y>337</y></pt><pt><x>442</x><y>341</y></pt><pt><x>443</x><y>339</y></pt><pt><x>442</x><y>336</y></pt><pt><x>440</x><y>331</y></pt><pt><x>417</x><y>331</y></pt><pt><x>418</x><y>336</y></pt><pt><x>419</x><y>340</y></pt><pt><x>420</x><y>342</y></pt><pt><x>419</x><y>344</y></pt><pt><x>420</x><y>347</y></pt></polygon></object><object><name>people</name><deleted>0</deleted><verified>0</verified><date>15-Jul-2012 21:29:28</date><id>16</id><polygon><username>sandy</username><pt><x>409</x><y>363</y></pt><pt><x>410</x><y>361</y></pt><pt><x>410</x><y>358</y></pt><pt><x>408</x><y>353</y></pt><pt><x>407</x><y>351</y></pt><pt><x>406</x><y>349</y></pt><pt><x>405</x><y>350</y></pt><pt><x>403</x><y>350</y></pt><pt><x>404</x><y>354</y></pt><pt><x>404</x><y>355</y></pt><pt><x>402</x><y>356</y></pt><pt><x>403</x><y>360</y></pt><pt><x>401</x><y>361</y></pt><pt><x>402</x><y>363</y></pt><pt><x>403</x><y>363</y></pt><pt><x>403</x><y>378</y></pt><pt><x>408</x><y>380</y></pt><pt><x>410</x><y>376</y></pt><pt><x>409</x><y>369</y></pt></polygon></object><object><name>people</name><deleted>0</deleted><verified>0</verified><date>15-Jul-2012 21:29:28</date><id>17</id><polygon><username>sandy</username><pt><x>407</x><y>308</y></pt><pt><x>407</x><y>302</y></pt><pt><x>406</x><y>297</y></pt><pt><x>406</x><y>292</y></pt><pt><x>406</x><y>289</y></pt><pt><x>404</x><y>288</y></pt><pt><x>402</x><y>288</y></pt><pt><x>402</x><y>291</y></pt><pt><x>403</x><y>296</y></pt><pt><x>400</x><y>296</y></pt><pt><x>399</x><y>290</y></pt><pt><x>397</x><y>285</y></pt><pt><x>393</x><y>283</y></pt><pt><x>393</x><y>281</y></pt><pt><x>392</x><y>279</y></pt><pt><x>390</x><y>280</y></pt><pt><x>390</x><y>281</y></pt><pt><x>390</x><y>284</y></pt><pt><x>388</x><y>285</y></pt><pt><x>387</x><y>287</y></pt><pt><x>386</x><y>289</y></pt><pt><x>388</x><y>299</y></pt><pt><x>389</x><y>301</y></pt><pt><x>389</x><y>306</y></pt><pt><x>390</x><y>317</y></pt><pt><x>392</x><y>319</y></pt><pt><x>394</x><y>319</y></pt><pt><x>396</x><y>321</y></pt><pt><x>398</x><y>321</y></pt><pt><x>399</x><y>320</y></pt><pt><x>402</x><y>314</y></pt><pt><x>403</x><y>311</y></pt><pt><x>403</x><y>311</y></pt><pt><x>405</x><y>313</y></pt><pt><x>406</x><y>315</y></pt><pt><x>407</x><y>319</y></pt><pt><x>408</x><y>321</y></pt><pt><x>410</x><y>321</y></pt><pt><x>412</x><y>319</y></pt><pt><x>410</x><y>314</y></pt><pt><x>408</x><y>311</y></pt></polygon></object><object><name>people</name><deleted>0</deleted><verified>0</verified><date>15-Jul-2012 21:29:28</date><id>18</id><polygon><username>sandy</username><pt><x>396</x><y>221</y></pt><pt><x>403</x><y>221</y></pt><pt><x>405</x><y>215</y></pt><pt><x>404</x><y>210</y></pt><pt><x>404</x><y>209</y></pt><pt><x>399</x><y>211</y></pt><pt><x>397</x><y>212</y></pt><pt><x>395</x><y>215</y></pt></polygon></object><object><name>people</name><deleted>0</deleted><verified>0</verified><date>15-Jul-2012 21:29:28</date><id>19</id><polygon><username>sandy</username><pt><x>362</x><y>250</y></pt><pt><x>364</x><y>247</y></pt><pt><x>365</x><y>244</y></pt><pt><x>367</x><y>244</y></pt><pt><x>369</x><y>247</y></pt><pt><x>370</x><y>250</y></pt><pt><x>369</x><y>254</y></pt><pt><x>370</x><y>265</y></pt><pt><x>370</x><y>268</y></pt><pt><x>365</x><y>267</y></pt><pt><x>363</x><y>256</y></pt><pt><x>363</x><y>254</y></pt></polygon></object><object><name>people</name><deleted>0</deleted><verified>0</verified><date>15-Jul-2012 21:29:28</date><id>20</id><polygon><username>sandy</username><pt><x>353</x><y>251</y></pt><pt><x>354</x><y>248</y></pt><pt><x>356</x><y>247</y></pt><pt><x>355</x><y>245</y></pt><pt><x>356</x><y>244</y></pt><pt><x>358</x><y>246</y></pt><pt><x>358</x><y>248</y></pt><pt><x>361</x><y>250</y></pt><pt><x>361</x><y>254</y></pt><pt><x>361</x><y>265</y></pt><pt><x>356</x><y>267</y></pt><pt><x>353</x><y>258</y></pt><pt><x>352</x><y>257</y></pt></polygon></object><object><name>people</name><deleted>0</deleted><verified>0</verified><date>15-Jul-2012 21:29:28</date><id>21</id><polygon><username>sandy</username><pt><x>339</x><y>265</y></pt><pt><x>343</x><y>270</y></pt><pt><x>345</x><y>271</y></pt><pt><x>345</x><y>278</y></pt><pt><x>343</x><y>282</y></pt><pt><x>343</x><y>284</y></pt><pt><x>343</x><y>294</y></pt><pt><x>341</x><y>294</y></pt><pt><x>338</x><y>284</y></pt><pt><x>336</x><y>280</y></pt><pt><x>333</x><y>278</y></pt><pt><x>331</x><y>277</y></pt><pt><x>333</x><y>263</y></pt><pt><x>332</x><y>260</y></pt><pt><x>333</x><y>258</y></pt><pt><x>334</x><y>256</y></pt><pt><x>336</x><y>256</y></pt><pt><x>338</x><y>257</y></pt></polygon></object><object><name>people</name><deleted>0</deleted><verified>0</verified><date>15-Jul-2012 21:29:28</date><id>22</id><polygon><username>sandy</username><pt><x>312</x><y>278</y></pt><pt><x>312</x><y>290</y></pt><pt><x>314</x><y>296</y></pt><pt><x>312</x><y>302</y></pt><pt><x>309</x><y>302</y></pt><pt><x>309</x><y>295</y></pt><pt><x>307</x><y>300</y></pt><pt><x>304</x><y>301</y></pt><pt><x>304</x><y>290</y></pt><pt><x>303</x><y>290</y></pt><pt><x>303</x><y>279</y></pt><pt><x>305</x><y>276</y></pt><pt><x>305</x><y>275</y></pt><pt><x>306</x><y>273</y></pt><pt><x>308</x><y>273</y></pt><pt><x>308</x><y>275</y></pt></polygon></object><object><name>people</name><deleted>0</deleted><verified>0</verified><date>15-Jul-2012 21:29:28</date><id>23</id><polygon><username>sandy</username><pt><x>291</x><y>325</y></pt><pt><x>292</x><y>334</y></pt><pt><x>290</x><y>339</y></pt><pt><x>288</x><y>357</y></pt><pt><x>288</x><y>359</y></pt><pt><x>282</x><y>361</y></pt><pt><x>281</x><y>358</y></pt><pt><x>281</x><y>342</y></pt><pt><x>280</x><y>339</y></pt><pt><x>279</x><y>338</y></pt><pt><x>280</x><y>324</y></pt><pt><x>282</x><y>322</y></pt><pt><x>284</x><y>319</y></pt><pt><x>284</x><y>318</y></pt><pt><x>284</x><y>316</y></pt><pt><x>286</x><y>316</y></pt><pt><x>288</x><y>316</y></pt><pt><x>288</x><y>319</y></pt><pt><x>288</x><y>320</y></pt><pt><x>288</x><y>322</y></pt></polygon></object><object><name>people</name><deleted>0</deleted><verified>0</verified><date>15-Jul-2012 21:29:28</date><id>24</id><polygon><username>sandy</username><pt><x>238</x><y>388</y></pt><pt><x>243</x><y>410</y></pt><pt><x>240</x><y>411</y></pt><pt><x>239</x><y>411</y></pt><pt><x>238</x><y>409</y></pt><pt><x>235</x><y>398</y></pt><pt><x>235</x><y>409</y></pt><pt><x>232</x><y>434</y></pt><pt><x>233</x><y>437</y></pt><pt><x>232</x><y>440</y></pt><pt><x>229</x><y>440</y></pt><pt><x>228</x><y>440</y></pt><pt><x>228</x><y>438</y></pt><pt><x>228</x><y>434</y></pt><pt><x>228</x><y>429</y></pt><pt><x>229</x><y>427</y></pt><pt><x>223</x><y>422</y></pt><pt><x>222</x><y>401</y></pt><pt><x>219</x><y>409</y></pt><pt><x>217</x><y>409</y></pt><pt><x>217</x><y>408</y></pt><pt><x>218</x><y>395</y></pt><pt><x>221</x><y>393</y></pt><pt><x>219</x><y>387</y></pt><pt><x>222</x><y>385</y></pt><pt><x>224</x><y>385</y></pt><pt><x>225</x><y>383</y></pt><pt><x>224</x><y>380</y></pt><pt><x>224</x><y>379</y></pt><pt><x>226</x><y>378</y></pt><pt><x>227</x><y>377</y></pt><pt><x>228</x><y>376</y></pt><pt><x>230</x><y>376</y></pt><pt><x>231</x><y>378</y></pt><pt><x>232</x><y>380</y></pt><pt><x>232</x><y>383</y></pt><pt><x>232</x><y>385</y></pt></polygon></object><object><name>people</name><deleted>0</deleted><verified>0</verified><date>15-Jul-2012 21:29:28</date><id>25</id><polygon><username>sandy</username><pt><x>198</x><y>453</y></pt><pt><x>198</x><y>470</y></pt><pt><x>195</x><y>485</y></pt><pt><x>196</x><y>493</y></pt><pt><x>198</x><y>502</y></pt><pt><x>199</x><y>505</y></pt><pt><x>196</x><y>508</y></pt><pt><x>194</x><y>509</y></pt><pt><x>192</x><y>510</y></pt><pt><x>189</x><y>511</y></pt><pt><x>186</x><y>509</y></pt><pt><x>184</x><y>509</y></pt><pt><x>182</x><y>508</y></pt><pt><x>182</x><y>501</y></pt><pt><x>183</x><y>496</y></pt><pt><x>183</x><y>486</y></pt><pt><x>182</x><y>463</y></pt><pt><x>179</x><y>463</y></pt><pt><x>178</x><y>461</y></pt><pt><x>177</x><y>458</y></pt><pt><x>180</x><y>455</y></pt><pt><x>183</x><y>452</y></pt><pt><x>184</x><y>450</y></pt><pt><x>184</x><y>447</y></pt><pt><x>184</x><y>445</y></pt><pt><x>185</x><y>442</y></pt><pt><x>186</x><y>441</y></pt><pt><x>187</x><y>439</y></pt><pt><x>187</x><y>437</y></pt><pt><x>189</x><y>437</y></pt><pt><x>191</x><y>437</y></pt><pt><x>193</x><y>437</y></pt><pt><x>194</x><y>439</y></pt><pt><x>194</x><y>441</y></pt><pt><x>193</x><y>443</y></pt><pt><x>193</x><y>446</y></pt><pt><x>196</x><y>449</y></pt></polygon></object><object><name>shop</name><deleted>0</deleted><verified>0</verified><date>15-Jul-2012 21:29:28</date><id>26</id><polygon><username>sandy</username><pt><x>523</x><y>201</y></pt><pt><x>554</x><y>206</y></pt><pt><x>555</x><y>203</y></pt><pt><x>799</x><y>293</y></pt><pt><x>798</x><y>579</y></pt><pt><x>521</x><y>241</y></pt><pt><x>513</x><y>227</y></pt><pt><x>513</x><y>200</y></pt></polygon></object><object><name>shop</name><deleted>0</deleted><verified>0</verified><date>15-Jul-2012 21:29:28</date><id>27</id><polygon><username>sandy</username><pt><x>512</x><y>141</y></pt><pt><x>799</x><y>72</y></pt><pt><x>799</x><y>255</y></pt><pt><x>492</x><y>168</y></pt><pt><x>494</x><y>147</y></pt></polygon></object><object><name>shop</name><deleted>0</deleted><verified>0</verified><date>15-Jul-2012 21:29:28</date><id>28</id><polygon><username>sandy</username><pt><x>394</x><y>149</y></pt><pt><x>1</x><y>71</y></pt><pt><x>1</x><y>243</y></pt><pt><x>393</x><y>171</y></pt></polygon></object><object><name>shop</name><deleted>0</deleted><verified>0</verified><date>15-Jul-2012 21:29:28</date><id>29</id><polygon><username>sandy</username><pt><x>1</x><y>292</y></pt><pt><x>383</x><y>182</y></pt><pt><x>393</x><y>183</y></pt><pt><x>393</x><y>219</y></pt><pt><x>1</x><y>582</y></pt></polygon></object><object><name>escalator</name><deleted>0</deleted><verified>0</verified><date>15-Jul-2012 21:29:28</date><id>30</id><polygon><username>sandy</username><pt><x>4</x><y>426</y></pt><pt><x>156</x><y>504</y></pt><pt><x>166</x><y>495</y></pt><pt><x>170</x><y>492</y></pt><pt><x>176</x><y>493</y></pt><pt><x>178</x><y>496</y></pt><pt><x>184</x><y>516</y></pt><pt><x>203</x><y>516</y></pt><pt><x>220</x><y>496</y></pt><pt><x>228</x><y>495</y></pt><pt><x>229</x><y>499</y></pt><pt><x>230</x><y>507</y></pt><pt><x>230</x><y>520</y></pt><pt><x>229</x><y>524</y></pt><pt><x>197</x><y>579</y></pt><pt><x>191</x><y>583</y></pt><pt><x>2</x><y>583</y></pt></polygon></object><object><name>escalator</name><deleted>0</deleted><verified>0</verified><date>15-Jul-2012 21:29:28</date><id>31</id><polygon><username>sandy</username><pt><x>483</x><y>179</y></pt><pt><x>492</x><y>257</y></pt><pt><x>492</x><y>265</y></pt><pt><x>493</x><y>267</y></pt><pt><x>512</x><y>268</y></pt><pt><x>512</x><y>261</y></pt><pt><x>501</x><y>169</y></pt><pt><x>484</x><y>169</y></pt></polygon></object><object><name>railings</name><deleted>0</deleted><verified>0</verified><date>15-Jul-2012 21:29:28</date><id>32</id><polygon><username>sandy</username><pt><x>715</x><y>186</y></pt><pt><x>799</x><y>195</y></pt><pt><x>800</x><y>274</y></pt><pt><x>551</x><y>192</y></pt><pt><x>552</x><y>169</y></pt></polygon></object><object><name>railings</name><deleted>0</deleted><verified>0</verified><date>15-Jul-2012 21:29:28</date><id>33</id><polygon><username>sandy</username><pt><x>544</x><y>170</y></pt><pt><x>543</x><y>191</y></pt><pt><x>500</x><y>176</y></pt><pt><x>502</x><y>166</y></pt></polygon></object><object><name>railings</name><deleted>0</deleted><verified>0</verified><date>15-Jul-2012 21:29:28</date><id>34</id><polygon><username>sandy</username><pt><x>436</x><y>185</y></pt><pt><x>472</x><y>186</y></pt><pt><x>515</x><y>191</y></pt><pt><x>552</x><y>197</y></pt><pt><x>553</x><y>170</y></pt><pt><x>485</x><y>167</y></pt><pt><x>426</x><y>166</y></pt><pt><x>349</x><y>172</y></pt><pt><x>319</x><y>174</y></pt><pt><x>320</x><y>192</y></pt><pt><x>386</x><y>189</y></pt><pt><x>419</x><y>185</y></pt></polygon></object><object><name>railings</name><deleted>0</deleted><verified>0</verified><date>15-Jul-2012 21:29:28</date><id>35</id><polygon><username>sandy</username><pt><x>326</x><y>169</y></pt><pt><x>399</x><y>166</y></pt><pt><x>400</x><y>171</y></pt><pt><x>327</x><y>191</y></pt><pt><x>326</x><y>191</y></pt></polygon></object><object><name>railings</name><deleted>0</deleted><verified>0</verified><date>15-Jul-2012 21:29:28</date><id>36</id><polygon><username>sandy</username><pt><x>0</x><y>276</y></pt><pt><x>2</x><y>200</y></pt><pt><x>317</x><y>170</y></pt><pt><x>317</x><y>193</y></pt></polygon></object><object><name>railings</name><deleted>0</deleted><verified>0</verified><date>15-Jul-2012 21:29:28</date><id>37</id><polygon><username>sandy</username><pt><x>279</x><y>521</y></pt><pt><x>291</x><y>492</y></pt><pt><x>288</x><y>491</y></pt><pt><x>315</x><y>433</y></pt><pt><x>318</x><y>433</y></pt><pt><x>328</x><y>416</y></pt><pt><x>324</x><y>413</y></pt><pt><x>342</x><y>377</y></pt><pt><x>344</x><y>379</y></pt><pt><x>351</x><y>366</y></pt><pt><x>350</x><y>363</y></pt><pt><x>360</x><y>342</y></pt><pt><x>362</x><y>342</y></pt><pt><x>369</x><y>330</y></pt><pt><x>366</x><y>328</y></pt><pt><x>364</x><y>311</y></pt><pt><x>366</x><y>308</y></pt><pt><x>351</x><y>306</y></pt><pt><x>347</x><y>314</y></pt><pt><x>350</x><y>317</y></pt><pt><x>340</x><y>337</y></pt><pt><x>332</x><y>337</y></pt><pt><x>326</x><y>347</y></pt><pt><x>330</x><y>349</y></pt><pt><x>329</x><y>353</y></pt><pt><x>313</x><y>381</y></pt><pt><x>303</x><y>381</y></pt><pt><x>296</x><y>394</y></pt><pt><x>300</x><y>396</y></pt><pt><x>299</x><y>402</y></pt><pt><x>271</x><y>451</y></pt><pt><x>260</x><y>450</y></pt><pt><x>250</x><y>472</y></pt><pt><x>253</x><y>475</y></pt><pt><x>254</x><y>485</y></pt><pt><x>195</x><y>580</y></pt><pt><x>177</x><y>580</y></pt><pt><x>169</x><y>592</y></pt><pt><x>234</x><y>593</y></pt><pt><x>270</x><y>523</y></pt></polygon></object><object><name>railings</name><deleted>0</deleted><verified>0</verified><date>15-Jul-2012 21:29:28</date><id>38</id><polygon><username>sandy</username><pt><x>414</x><y>212</y></pt><pt><x>379</x><y>269</y></pt><pt><x>388</x><y>274</y></pt><pt><x>419</x><y>220</y></pt></polygon></object><object><name>railings</name><deleted>0</deleted><verified>0</verified><date>15-Jul-2012 21:29:28</date><id>39</id><polygon><username>sandy</username><pt><x>468</x><y>211</y></pt><pt><x>467</x><y>219</y></pt><pt><x>487</x><y>276</y></pt><pt><x>491</x><y>276</y></pt><pt><x>497</x><y>262</y></pt><pt><x>473</x><y>211</y></pt></polygon></object><object><name>railings</name><deleted>0</deleted><verified>0</verified><date>15-Jul-2012 21:29:28</date><id>40</id><polygon><username>sandy</username><pt><x>437</x><y>261</y></pt><pt><x>472</x><y>262</y></pt><pt><x>487</x><y>262</y></pt><pt><x>490</x><y>264</y></pt><pt><x>491</x><y>282</y></pt><pt><x>439</x><y>283</y></pt><pt><x>387</x><y>282</y></pt><pt><x>385</x><y>268</y></pt><pt><x>390</x><y>262</y></pt><pt><x>430</x><y>261</y></pt></polygon></object><object><name>bridge</name><deleted>0</deleted><verified>0</verified><date>15-Jul-2012 21:29:28</date><id>41</id><polygon><username>sandy</username><pt><x>478</x><y>288</y></pt><pt><x>483</x><y>290</y></pt><pt><x>489</x><y>291</y></pt><pt><x>490</x><y>276</y></pt><pt><x>443</x><y>274</y></pt><pt><x>396</x><y>275</y></pt><pt><x>388</x><y>283</y></pt><pt><x>391</x><y>288</y></pt><pt><x>395</x><y>291</y></pt><pt><x>409</x><y>286</y></pt><pt><x>434</x><y>282</y></pt><pt><x>457</x><y>284</y></pt><pt><x>470</x><y>287</y></pt></polygon></object><object><name>railings</name><deleted>0</deleted><verified>0</verified><date>15-Jul-2012 21:29:28</date><id>42</id><polygon><username>sandy</username><pt><x>449</x><y>296</y></pt><pt><x>483</x><y>297</y></pt><pt><x>505</x><y>298</y></pt><pt><x>508</x><y>325</y></pt><pt><x>444</x><y>325</y></pt><pt><x>363</x><y>326</y></pt><pt><x>364</x><y>310</y></pt><pt><x>368</x><y>296</y></pt><pt><x>422</x><y>295</y></pt></polygon></object><object><name>bridge</name><deleted>0</deleted><verified>0</verified><date>15-Jul-2012 21:29:28</date><id>43</id><polygon><username>sandy</username><pt><x>449</x><y>333</y></pt><pt><x>478</x><y>338</y></pt><pt><x>503</x><y>340</y></pt><pt><x>506</x><y>329</y></pt><pt><x>502</x><y>315</y></pt><pt><x>439</x><y>313</y></pt><pt><x>379</x><y>310</y></pt><pt><x>367</x><y>327</y></pt><pt><x>370</x><y>341</y></pt><pt><x>393</x><y>335</y></pt><pt><x>419</x><y>334</y></pt><pt><x>439</x><y>333</y></pt></polygon></object><object><name>railings</name><deleted>0</deleted><verified>0</verified><date>15-Jul-2012 21:29:28</date><id>44</id><polygon><username>sandy</username><pt><x>572</x><y>530</y></pt><pt><x>560</x><y>499</y></pt><pt><x>565</x><y>498</y></pt><pt><x>544</x><y>436</y></pt><pt><x>539</x><y>436</y></pt><pt><x>532</x><y>417</y></pt><pt><x>538</x><y>416</y></pt><pt><x>524</x><y>379</y></pt><pt><x>521</x><y>381</y></pt><pt><x>517</x><y>368</y></pt><pt><x>519</x><y>368</y></pt><pt><x>511</x><y>342</y></pt><pt><x>508</x><y>342</y></pt><pt><x>503</x><y>336</y></pt><pt><x>506</x><y>310</y></pt><pt><x>517</x><y>309</y></pt><pt><x>523</x><y>318</y></pt><pt><x>520</x><y>322</y></pt><pt><x>520</x><y>325</y></pt><pt><x>528</x><y>339</y></pt><pt><x>535</x><y>339</y></pt><pt><x>539</x><y>350</y></pt><pt><x>535</x><y>359</y></pt><pt><x>550</x><y>385</y></pt><pt><x>559</x><y>385</y></pt><pt><x>563</x><y>398</y></pt><pt><x>559</x><y>401</y></pt><pt><x>560</x><y>415</y></pt><pt><x>579</x><y>456</y></pt><pt><x>594</x><y>457</y></pt><pt><x>600</x><y>478</y></pt><pt><x>599</x><y>483</y></pt><pt><x>596</x><y>495</y></pt><pt><x>641</x><y>591</y></pt><pt><x>658</x><y>591</y></pt><pt><x>662</x><y>599</y></pt><pt><x>599</x><y>599</y></pt><pt><x>579</x><y>536</y></pt><pt><x>577</x><y>532</y></pt></polygon></object><object><name>bridge</name><deleted>0</deleted><verified>0</verified><date>15-Jul-2012 21:29:28</date><id>45</id><polygon><username>sandy</username><pt><x>319</x><y>205</y></pt><pt><x>373</x><y>197</y></pt><pt><x>422</x><y>194</y></pt><pt><x>469</x><y>194</y></pt><pt><x>515</x><y>200</y></pt><pt><x>551</x><y>205</y></pt><pt><x>550</x><y>193</y></pt><pt><x>543</x><y>190</y></pt><pt><x>462</x><y>183</y></pt><pt><x>412</x><y>184</y></pt><pt><x>341</x><y>186</y></pt><pt><x>319</x><y>192</y></pt></polygon></object><object><name>bridge</name><deleted>0</deleted><verified>0</verified><date>15-Jul-2012 21:29:28</date><id>46</id><polygon><username>sandy</username><pt><x>435</x><y>178</y></pt><pt><x>461</x><y>182</y></pt><pt><x>486</x><y>183</y></pt><pt><x>486</x><y>173</y></pt><pt><x>438</x><y>171</y></pt><pt><x>389</x><y>173</y></pt><pt><x>379</x><y>177</y></pt><pt><x>380</x><y>182</y></pt><pt><x>382</x><y>184</y></pt><pt><x>410</x><y>183</y></pt><pt><x>421</x><y>182</y></pt></polygon></object><object><name>cowstatue</name><deleted>0</deleted><verified>0</verified><date>15-Jul-2012 21:29:28</date><id>47</id><polygon><username>sandy</username><pt><x>391</x><y>368</y></pt><pt><x>402</x><y>370</y></pt><pt><x>406</x><y>372</y></pt><pt><x>406</x><y>376</y></pt><pt><x>404</x><y>381</y></pt><pt><x>406</x><y>391</y></pt><pt><x>396</x><y>395</y></pt><pt><x>377</x><y>387</y></pt><pt><x>382</x><y>386</y></pt><pt><x>383</x><y>382</y></pt><pt><x>382</x><y>375</y></pt><pt><x>382</x><y>372</y></pt><pt><x>379</x><y>371</y></pt><pt><x>377</x><y>369</y></pt><pt><x>377</x><y>366</y></pt><pt><x>376</x><y>363</y></pt><pt><x>377</x><y>361</y></pt><pt><x>381</x><y>360</y></pt><pt><x>383</x><y>360</y></pt><pt><x>385</x><y>360</y></pt><pt><x>387</x><y>363</y></pt></polygon></object><object><name>cowstatue</name><deleted>0</deleted><verified>0</verified><date>15-Jul-2012 21:29:28</date><id>48</id><polygon><username>sandy</username><pt><x>385</x><y>411</y></pt><pt><x>389</x><y>412</y></pt><pt><x>393</x><y>416</y></pt><pt><x>392</x><y>424</y></pt><pt><x>388</x><y>427</y></pt><pt><x>374</x><y>424</y></pt><pt><x>369</x><y>420</y></pt><pt><x>368</x><y>416</y></pt><pt><x>368</x><y>413</y></pt><pt><x>368</x><y>409</y></pt><pt><x>367</x><y>406</y></pt><pt><x>369</x><y>404</y></pt><pt><x>369</x><y>403</y></pt><pt><x>369</x><y>401</y></pt><pt><x>367</x><y>400</y></pt><pt><x>368</x><y>397</y></pt><pt><x>369</x><y>396</y></pt><pt><x>371</x><y>395</y></pt><pt><x>374</x><y>395</y></pt><pt><x>377</x><y>397</y></pt><pt><x>379</x><y>398</y></pt><pt><x>381</x><y>398</y></pt><pt><x>382</x><y>400</y></pt><pt><x>379</x><y>402</y></pt><pt><x>378</x><y>402</y></pt><pt><x>381</x><y>404</y></pt><pt><x>382</x><y>406</y></pt></polygon></object><object><name>cowstatue</name><deleted>0</deleted><verified>0</verified><date>15-Jul-2012 21:29:28</date><id>49</id><polygon><username>sandy</username><pt><x>480</x><y>348</y></pt><pt><x>492</x><y>349</y></pt><pt><x>495</x><y>347</y></pt><pt><x>497</x><y>347</y></pt><pt><x>500</x><y>351</y></pt><pt><x>501</x><y>354</y></pt><pt><x>499</x><y>357</y></pt><pt><x>498</x><y>359</y></pt><pt><x>495</x><y>357</y></pt><pt><x>492</x><y>357</y></pt><pt><x>490</x><y>358</y></pt><pt><x>489</x><y>362</y></pt><pt><x>490</x><y>365</y></pt><pt><x>491</x><y>368</y></pt><pt><x>494</x><y>368</y></pt><pt><x>494</x><y>371</y></pt><pt><x>492</x><y>372</y></pt><pt><x>462</x><y>370</y></pt><pt><x>463</x><y>364</y></pt><pt><x>461</x><y>358</y></pt><pt><x>460</x><y>357</y></pt><pt><x>459</x><y>355</y></pt><pt><x>459</x><y>351</y></pt><pt><x>460</x><y>349</y></pt><pt><x>463</x><y>348</y></pt><pt><x>465</x><y>347</y></pt></polygon></object><object><name>ceiling</name><deleted>0</deleted><verified>0</verified><date>15-Jul-2012 21:29:28</date><id>50</id><polygon><username>sandy</username><pt><x>443</x><y>77</y></pt><pt><x>460</x><y>81</y></pt><pt><x>472</x><y>86</y></pt><pt><x>486</x><y>98</y></pt><pt><x>495</x><y>112</y></pt><pt><x>632</x><y>0</y></pt><pt><x>222</x><y>0</y></pt><pt><x>389</x><y>113</y></pt><pt><x>400</x><y>95</y></pt><pt><x>413</x><y>87</y></pt><pt><x>423</x><y>81</y></pt><pt><x>437</x><y>79</y></pt></polygon></object><object><name>pillars</name><deleted>0</deleted><verified>0</verified><date>15-Jul-2012 21:29:28</date><id>51</id><polygon><username>sandy</username><pt><x>81</x><y>358</y></pt><pt><x>92</x><y>357</y></pt><pt><x>119</x><y>339</y></pt><pt><x>122</x><y>341</y></pt><pt><x>123</x><y>345</y></pt><pt><x>119</x><y>352</y></pt><pt><x>123</x><y>473</y></pt><pt><x>102</x><y>492</y></pt><pt><x>83</x><y>489</y></pt><pt><x>77</x><y>360</y></pt></polygon></object><object><name>pillars</name><deleted>0</deleted><verified>0</verified><date>15-Jul-2012 21:29:28</date><id>52</id><polygon><username>sandy</username><pt><x>171</x><y>305</y></pt><pt><x>186</x><y>304</y></pt><pt><x>197</x><y>297</y></pt><pt><x>201</x><y>408</y></pt><pt><x>186</x><y>423</y></pt><pt><x>170</x><y>424</y></pt></polygon></object><object><name>pillars</name><deleted>0</deleted><verified>0</verified><date>15-Jul-2012 21:29:28</date><id>53</id><polygon><username>sandy</username><pt><x>227</x><y>276</y></pt><pt><x>234</x><y>276</y></pt><pt><x>246</x><y>270</y></pt><pt><x>249</x><y>361</y></pt><pt><x>239</x><y>373</y></pt><pt><x>227</x><y>372</y></pt></polygon></object><object><name>pillars</name><deleted>0</deleted><verified>0</verified><date>15-Jul-2012 21:29:28</date><id>54</id><polygon><username>sandy</username><pt><x>264</x><y>257</y></pt><pt><x>271</x><y>258</y></pt><pt><x>281</x><y>252</y></pt><pt><x>284</x><y>325</y></pt><pt><x>274</x><y>338</y></pt><pt><x>265</x><y>339</y></pt></polygon></object><object><name>pillars</name><deleted>0</deleted><verified>0</verified><date>15-Jul-2012 21:29:28</date><id>55</id><polygon><username>sandy</username><pt><x>290</x><y>246</y></pt><pt><x>300</x><y>241</y></pt><pt><x>302</x><y>310</y></pt><pt><x>295</x><y>316</y></pt><pt><x>289</x><y>316</y></pt></polygon></object><object><name>pillars</name><deleted>0</deleted><verified>0</verified><date>15-Jul-2012 21:29:28</date><id>56</id><polygon><username>sandy</username><pt><x>316</x><y>231</y></pt><pt><x>315</x><y>288</y></pt><pt><x>322</x><y>286</y></pt><pt><x>391</x><y>220</y></pt><pt><x>389</x><y>194</y></pt><pt><x>321</x><y>229</y></pt></polygon></object><object><name>pillars</name><deleted>0</deleted><verified>0</verified><date>15-Jul-2012 21:29:28</date><id>57</id><polygon><username>sandy</username><pt><x>47</x><y>135</y></pt><pt><x>357</x><y>152</y></pt><pt><x>357</x><y>172</y></pt><pt><x>34</x><y>224</y></pt><pt><x>2</x><y>228</y></pt><pt><x>3</x><y>132</y></pt></polygon></object><object><name>pillars</name><deleted>0</deleted><verified>0</verified><date>15-Jul-2012 21:29:28</date><id>58</id><polygon><username>sandy</username><pt><x>787</x><y>132</y></pt><pt><x>497</x><y>151</y></pt><pt><x>499</x><y>167</y></pt><pt><x>797</x><y>244</y></pt><pt><x>799</x><y>133</y></pt></polygon></object><object><name>pillars</name><deleted>0</deleted><verified>0</verified><date>15-Jul-2012 21:29:28</date><id>59</id><polygon><username>sandy</username><pt><x>775</x><y>359</y></pt><pt><x>755</x><y>358</y></pt><pt><x>739</x><y>345</y></pt><pt><x>736</x><y>344</y></pt><pt><x>732</x><y>497</y></pt><pt><x>753</x><y>521</y></pt><pt><x>765</x><y>526</y></pt><pt><x>771</x><y>525</y></pt></polygon></object><object><name>pillars</name><deleted>0</deleted><verified>0</verified><date>15-Jul-2012 21:29:28</date><id>60</id><polygon><username>sandy</username><pt><x>666</x><y>298</y></pt><pt><x>678</x><y>308</y></pt><pt><x>691</x><y>308</y></pt><pt><x>692</x><y>433</y></pt><pt><x>683</x><y>433</y></pt><pt><x>673</x><y>429</y></pt><pt><x>662</x><y>414</y></pt><pt><x>663</x><y>408</y></pt><pt><x>666</x><y>308</y></pt><pt><x>663</x><y>306</y></pt><pt><x>663</x><y>302</y></pt></polygon></object><object><name>pillars</name><deleted>0</deleted><verified>0</verified><date>15-Jul-2012 21:29:28</date><id>61</id><polygon><username>sandy</username><pt><x>624</x><y>275</y></pt><pt><x>634</x><y>281</y></pt><pt><x>643</x><y>281</y></pt><pt><x>641</x><y>375</y></pt><pt><x>632</x><y>376</y></pt><pt><x>623</x><y>362</y></pt></polygon></object><object><name>pillars</name><deleted>0</deleted><verified>0</verified><date>15-Jul-2012 21:29:28</date><id>62</id><polygon><username>sandy</username><pt><x>606</x><y>262</y></pt><pt><x>608</x><y>341</y></pt><pt><x>600</x><y>340</y></pt><pt><x>590</x><y>327</y></pt><pt><x>589</x><y>261</y></pt><pt><x>587</x><y>256</y></pt><pt><x>589</x><y>252</y></pt><pt><x>597</x><y>260</y></pt></polygon></object><object><name>pillars</name><deleted>0</deleted><verified>0</verified><date>15-Jul-2012 21:29:28</date><id>63</id><polygon><username>sandy</username><pt><x>575</x><y>249</y></pt><pt><x>582</x><y>254</y></pt><pt><x>587</x><y>255</y></pt><pt><x>592</x><y>317</y></pt><pt><x>581</x><y>318</y></pt><pt><x>575</x><y>310</y></pt><pt><x>577</x><y>253</y></pt></polygon></object><object><name>pillars</name><deleted>0</deleted><verified>0</verified><date>15-Jul-2012 21:29:28</date><id>64</id><polygon><username>sandy</username><pt><x>564</x><y>229</y></pt><pt><x>565</x><y>287</y></pt><pt><x>559</x><y>288</y></pt><pt><x>555</x><y>286</y></pt><pt><x>510</x><y>225</y></pt><pt><x>509</x><y>198</y></pt><pt><x>556</x><y>230</y></pt></polygon></object><object><name>sign</name><deleted>0</deleted><verified>0</verified><date>15-Jul-2012 21:29:28</date><id>65</id><polygon><username>sandy</username><pt><x>681</x><y>83</y></pt><pt><x>683</x><y>95</y></pt><pt><x>729</x><y>84</y></pt><pt><x>728</x><y>65</y></pt></polygon></object><object><name>sign</name><deleted>0</deleted><verified>0</verified><date>15-Jul-2012 21:29:28</date><id>66</id><polygon><username>sandy</username><pt><x>639</x><y>116</y></pt><pt><x>641</x><y>133</y></pt><pt><x>666</x><y>133</y></pt><pt><x>664</x><y>116</y></pt></polygon></object><object><name>sign</name><deleted>0</deleted><verified>0</verified><date>15-Jul-2012 21:29:28</date><id>67</id><polygon><username>sandy</username><pt><x>773</x><y>51</y></pt><pt><x>774</x><y>70</y></pt><pt><x>799</x><y>62</y></pt><pt><x>800</x><y>41</y></pt></polygon></object><object><name>sign</name><deleted>0</deleted><verified>0</verified><date>15-Jul-2012 21:29:28</date><id>68</id><polygon><username>sandy</username><pt><x>694</x><y>313</y></pt><pt><x>737</x><y>341</y></pt><pt><x>735</x><y>359</y></pt><pt><x>690</x><y>330</y></pt></polygon></object><object><name>sign</name><deleted>0</deleted><verified>0</verified><date>15-Jul-2012 21:29:28</date><id>69</id><polygon><username>sandy</username><pt><x>648</x><y>284</y></pt><pt><x>666</x><y>298</y></pt><pt><x>664</x><y>310</y></pt><pt><x>641</x><y>293</y></pt><pt><x>641</x><y>282</y></pt></polygon></object><object><name>sign</name><deleted>0</deleted><verified>0</verified><date>15-Jul-2012 21:29:28</date><id>70</id><polygon><username>sandy</username><pt><x>608</x><y>259</y></pt><pt><x>625</x><y>270</y></pt><pt><x>624</x><y>282</y></pt><pt><x>606</x><y>271</y></pt></polygon></object><object><name>sign</name><deleted>0</deleted><verified>0</verified><date>15-Jul-2012 21:29:28</date><id>71</id><polygon><username>sandy</username><pt><x>779</x><y>444</y></pt><pt><x>779</x><y>471</y></pt><pt><x>798</x><y>489</y></pt><pt><x>799</x><y>456</y></pt></polygon></object><object><name>sign</name><deleted>0</deleted><verified>0</verified><date>15-Jul-2012 21:29:28</date><id>72</id><polygon><username>sandy</username><pt><x>781</x><y>369</y></pt><pt><x>799</x><y>380</y></pt><pt><x>799</x><y>405</y></pt><pt><x>774</x><y>387</y></pt><pt><x>774</x><y>365</y></pt></polygon></object><object><name>sign</name><deleted>0</deleted><verified>0</verified><date>15-Jul-2012 21:29:28</date><id>73</id><polygon><username>sandy</username><pt><x>697</x><y>375</y></pt><pt><x>708</x><y>382</y></pt><pt><x>705</x><y>400</y></pt><pt><x>691</x><y>388</y></pt></polygon></object><object><name>sign</name><deleted>0</deleted><verified>0</verified><date>15-Jul-2012 21:29:28</date><id>74</id><polygon><username>sandy</username><pt><x>653</x><y>331</y></pt><pt><x>651</x><y>348</y></pt><pt><x>642</x><y>341</y></pt><pt><x>642</x><y>326</y></pt></polygon></object><object><name>sign</name><deleted>0</deleted><verified>0</verified><date>15-Jul-2012 21:29:28</date><id>75</id><polygon><username>sandy</username><pt><x>332</x><y>443</y></pt><pt><x>334</x><y>462</y></pt><pt><x>352</x><y>461</y></pt><pt><x>351</x><y>444</y></pt></polygon></object><object><name>sign</name><deleted>0</deleted><verified>0</verified><date>15-Jul-2012 21:29:28</date><id>76</id><polygon><username>sandy</username><pt><x>371</x><y>347</y></pt><pt><x>371</x><y>358</y></pt><pt><x>385</x><y>360</y></pt><pt><x>384</x><y>347</y></pt></polygon></object><object><name>pillars</name><deleted>0</deleted><verified>0</verified><date>15-Jul-2012 21:29:28</date><id>77</id><polygon><username>sandy</username><pt><x>508</x><y>366</y></pt><pt><x>548</x><y>493</y></pt><pt><x>556</x><y>510</y></pt><pt><x>556</x><y>575</y></pt><pt><x>544</x><y>574</y></pt><pt><x>536</x><y>542</y></pt><pt><x>538</x><y>478</y></pt><pt><x>537</x><y>471</y></pt><pt><x>534</x><y>454</y></pt><pt><x>532</x><y>493</y></pt><pt><x>522</x><y>492</y></pt><pt><x>519</x><y>471</y></pt><pt><x>523</x><y>446</y></pt><pt><x>517</x><y>437</y></pt><pt><x>512</x><y>436</y></pt><pt><x>505</x><y>418</y></pt></polygon></object><object><name>shop</name><deleted>0</deleted><verified>0</verified><date>15-Jul-2012 21:29:28</date><id>78</id><polygon><username>sandy</username><pt><x>497</x><y>378</y></pt><pt><x>562</x><y>598</y></pt><pt><x>578</x><y>598</y></pt><pt><x>503</x><y>351</y></pt></polygon></object><object><name>shop</name><deleted>0</deleted><verified>0</verified><date>15-Jul-2012 21:29:28</date><id>79</id><polygon><username>sandy</username><pt><x>257</x><y>599</y></pt><pt><x>363</x><y>355</y></pt><pt><x>367</x><y>419</y></pt><pt><x>304</x><y>598</y></pt></polygon></object><object><name>pillars</name><deleted>0</deleted><verified>0</verified><date>15-Jul-2012 21:29:28</date><id>80</id><polygon><username>sandy</username><pt><x>324</x><y>564</y></pt><pt><x>328</x><y>548</y></pt><pt><x>324</x><y>487</y></pt><pt><x>337</x><y>487</y></pt><pt><x>344</x><y>486</y></pt><pt><x>353</x><y>476</y></pt><pt><x>350</x><y>469</y></pt><pt><x>350</x><y>443</y></pt><pt><x>354</x><y>438</y></pt><pt><x>359</x><y>429</y></pt><pt><x>366</x><y>420</y></pt><pt><x>363</x><y>357</y></pt><pt><x>259</x><y>599</y></pt><pt><x>290</x><y>599</y></pt><pt><x>289</x><y>572</y></pt><pt><x>316</x><y>573</y></pt></polygon></object><object><name>sign</name><deleted>0</deleted><verified>0</verified><date>15-Jul-2012 21:29:28</date><id>81</id><polygon><username>sandy</username><pt><x>121</x><y>361</y></pt><pt><x>177</x><y>329</y></pt><pt><x>176</x><y>311</y></pt><pt><x>122</x><y>341</y></pt></polygon></object><object><name>sign</name><deleted>0</deleted><verified>0</verified><date>15-Jul-2012 21:29:28</date><id>82</id><polygon><username>sandy</username><pt><x>26</x><y>393</y></pt><pt><x>85</x><y>359</y></pt><pt><x>87</x><y>381</y></pt><pt><x>3</x><y>429</y></pt><pt><x>2</x><y>407</y></pt></polygon></object><object><name>sign</name><deleted>0</deleted><verified>0</verified><date>15-Jul-2012 21:29:28</date><id>83</id><polygon><username>sandy</username><pt><x>205</x><y>310</y></pt><pt><x>229</x><y>292</y></pt><pt><x>230</x><y>282</y></pt><pt><x>197</x><y>301</y></pt><pt><x>198</x><y>316</y></pt></polygon></object><object><name>sign</name><deleted>0</deleted><verified>0</verified><date>15-Jul-2012 21:29:28</date><id>84</id><polygon><username>sandy</username><pt><x>192</x><y>136</y></pt><pt><x>217</x><y>135</y></pt><pt><x>216</x><y>118</y></pt><pt><x>194</x><y>119</y></pt></polygon></object><object><name>sign</name><deleted>0</deleted><verified>0</verified><date>15-Jul-2012 21:29:28</date><id>85</id><polygon><username>sandy</username><pt><x>245</x><y>140</y></pt><pt><x>263</x><y>139</y></pt><pt><x>263</x><y>125</y></pt><pt><x>244</x><y>126</y></pt></polygon></object><object><name>sign</name><deleted>0</deleted><verified>0</verified><date>15-Jul-2012 21:29:28</date><id>86</id><polygon><username>sandy</username><pt><x>298</x><y>134</y></pt><pt><x>299</x><y>145</y></pt><pt><x>312</x><y>145</y></pt><pt><x>312</x><y>135</y></pt></polygon></object><object><name>sign</name><deleted>0</deleted><verified>0</verified><date>15-Jul-2012 21:29:28</date><id>87</id><polygon><username>sandy</username><pt><x>326</x><y>142</y></pt><pt><x>326</x><y>146</y></pt><pt><x>341</x><y>146</y></pt><pt><x>340</x><y>141</y></pt></polygon></object><object><name>sign</name><deleted>0</deleted><verified>0</verified><date>15-Jul-2012 21:29:28</date><id>88</id><polygon><username>sandy</username><pt><x>112</x><y>106</y></pt><pt><x>112</x><y>129</y></pt><pt><x>144</x><y>129</y></pt><pt><x>146</x><y>109</y></pt></polygon></object><object><name>sign</name><deleted>0</deleted><verified>0</verified><date>15-Jul-2012 21:29:28</date><id>89</id><polygon><username>sandy</username><pt><x>75</x><y>59</y></pt><pt><x>74</x><y>75</y></pt><pt><x>0</x><y>59</y></pt><pt><x>2</x><y>42</y></pt></polygon></object><object><name>sign</name><deleted>0</deleted><verified>0</verified><date>15-Jul-2012 21:29:28</date><id>90</id><polygon><username>sandy</username><pt><x>123</x><y>72</y></pt><pt><x>124</x><y>91</y></pt><pt><x>170</x><y>98</y></pt><pt><x>172</x><y>88</y></pt></polygon></object><object><name>sign</name><deleted>0</deleted><verified>0</verified><date>15-Jul-2012 21:29:28</date><id>91</id><polygon><username>sandy</username><pt><x>201</x><y>93</y></pt><pt><x>200</x><y>106</y></pt><pt><x>227</x><y>111</y></pt><pt><x>226</x><y>99</y></pt></polygon></object><object><name>displaycase</name><deleted>0</deleted><verified>0</verified><date>15-Jul-2012 21:29:28</date><id>92</id><polygon><username>sandy</username><pt><x>465</x><y>413</y></pt><pt><x>460</x><y>466</y></pt><pt><x>463</x><y>468</y></pt><pt><x>461</x><y>597</y></pt><pt><x>388</x><y>598</y></pt><pt><x>391</x><y>506</y></pt><pt><x>386</x><y>502</y></pt><pt><x>391</x><y>472</y></pt><pt><x>387</x><y>441</y></pt><pt><x>386</x><y>435</y></pt><pt><x>389</x><y>424</y></pt><pt><x>397</x><y>390</y></pt><pt><x>453</x><y>392</y></pt><pt><x>452</x><y>401</y></pt><pt><x>457</x><y>402</y></pt></polygon></object><object><name>window</name><deleted>0</deleted><verified>0</verified><date>15-Jul-2012 21:29:28</date><id>93</id><polygon><username>sandy</username><pt><x>77</x><y>355</y></pt><pt><x>74</x><y>343</y></pt><pt><x>71</x><y>332</y></pt><pt><x>67</x><y>326</y></pt><pt><x>61</x><y>320</y></pt><pt><x>46</x><y>313</y></pt><pt><x>38</x><y>312</y></pt><pt><x>18</x><y>322</y></pt><pt><x>10</x><y>334</y></pt><pt><x>3</x><y>341</y></pt><pt><x>2</x><y>397</y></pt></polygon></object><object><name>doorway</name><deleted>0</deleted><verified>0</verified><date>15-Jul-2012 21:29:28</date><id>94</id><polygon><username>sandy</username><pt><x>48</x><y>424</y></pt><pt><x>57</x><y>522</y></pt><pt><x>82</x><y>505</y></pt><pt><x>76</x><y>407</y></pt></polygon></object><object><name>window</name><deleted>0</deleted><verified>0</verified><date>15-Jul-2012 21:29:28</date><id>95</id><polygon><username>sandy</username><pt><x>55</x><y>521</y></pt><pt><x>50</x><y>421</y></pt><pt><x>77</x><y>407</y></pt><pt><x>77</x><y>386</y></pt><pt><x>2</x><y>429</y></pt><pt><x>0</x><y>573</y></pt></polygon></object><object><name>window</name><deleted>0</deleted><verified>0</verified><date>15-Jul-2012 21:29:28</date><id>96</id><polygon><username>sandy</username><pt><x>155</x><y>270</y></pt><pt><x>163</x><y>278</y></pt><pt><x>167</x><y>285</y></pt><pt><x>168</x><y>291</y></pt><pt><x>169</x><y>303</y></pt><pt><x>169</x><y>308</y></pt><pt><x>119</x><y>335</y></pt><pt><x>118</x><y>320</y></pt><pt><x>126</x><y>293</y></pt><pt><x>141</x><y>275</y></pt><pt><x>146</x><y>271</y></pt></polygon></object><object><name>doorway</name><deleted>0</deleted><verified>0</verified><date>15-Jul-2012 21:29:28</date><id>97</id><polygon><username>sandy</username><pt><x>130</x><y>374</y></pt><pt><x>133</x><y>461</y></pt><pt><x>123</x><y>469</y></pt><pt><x>119</x><y>378</y></pt></polygon></object><object><name>window</name><deleted>0</deleted><verified>0</verified><date>15-Jul-2012 21:29:28</date><id>98</id><polygon><username>sandy</username><pt><x>161</x><y>435</y></pt><pt><x>171</x><y>424</y></pt><pt><x>171</x><y>330</y></pt><pt><x>120</x><y>361</y></pt><pt><x>118</x><y>378</y></pt><pt><x>129</x><y>372</y></pt><pt><x>133</x><y>461</y></pt></polygon></object><object><name>window</name><deleted>0</deleted><verified>0</verified><date>15-Jul-2012 21:29:28</date><id>99</id><polygon><username>sandy</username><pt><x>220</x><y>252</y></pt><pt><x>224</x><y>261</y></pt><pt><x>225</x><y>278</y></pt><pt><x>194</x><y>292</y></pt><pt><x>195</x><y>286</y></pt><pt><x>200</x><y>261</y></pt><pt><x>206</x><y>252</y></pt><pt><x>209</x><y>247</y></pt><pt><x>213</x><y>245</y></pt></polygon></object><object><name>doorway</name><deleted>0</deleted><verified>0</verified><date>15-Jul-2012 21:29:28</date><id>100</id><polygon><username>sandy</username><pt><x>214</x><y>318</y></pt><pt><x>216</x><y>382</y></pt><pt><x>204</x><y>393</y></pt><pt><x>202</x><y>325</y></pt></polygon></object><object><name>window</name><deleted>0</deleted><verified>0</verified><date>15-Jul-2012 21:29:28</date><id>101</id><polygon><username>sandy</username><pt><x>227</x><y>351</y></pt><pt><x>229</x><y>372</y></pt><pt><x>216</x><y>381</y></pt><pt><x>214</x><y>319</y></pt><pt><x>196</x><y>328</y></pt><pt><x>197</x><y>310</y></pt><pt><x>226</x><y>296</y></pt></polygon></object><object><name>window</name><deleted>0</deleted><verified>0</verified><date>15-Jul-2012 21:29:28</date><id>102</id><polygon><username>sandy</username><pt><x>257</x><y>232</y></pt><pt><x>262</x><y>240</y></pt><pt><x>264</x><y>257</y></pt><pt><x>245</x><y>266</y></pt><pt><x>244</x><y>256</y></pt><pt><x>245</x><y>247</y></pt><pt><x>247</x><y>239</y></pt><pt><x>251</x><y>234</y></pt></polygon></object><object><name>window</name><deleted>0</deleted><verified>0</verified><date>15-Jul-2012 21:29:28</date><id>103</id><polygon><username>sandy</username><pt><x>248</x><y>298</y></pt><pt><x>263</x><y>288</y></pt><pt><x>263</x><y>325</y></pt><pt><x>247</x><y>338</y></pt><pt><x>245</x><y>300</y></pt></polygon></object><object><name>doorway</name><deleted>0</deleted><verified>0</verified><date>15-Jul-2012 21:29:28</date><id>104</id><polygon><username>sandy</username><pt><x>708</x><y>451</y></pt><pt><x>709</x><y>345</y></pt><pt><x>726</x><y>354</y></pt><pt><x>722</x><y>466</y></pt></polygon></object><object><name>window</name><deleted>0</deleted><verified>0</verified><date>15-Jul-2012 21:29:28</date><id>105</id><polygon><username>sandy</username><pt><x>721</x><y>467</y></pt><pt><x>734</x><y>481</y></pt><pt><x>737</x><y>358</y></pt><pt><x>691</x><y>333</y></pt><pt><x>690</x><y>432</y></pt></polygon></object><object><name>window</name><deleted>0</deleted><verified>0</verified><date>15-Jul-2012 21:29:28</date><id>106</id><polygon><username>sandy</username><pt><x>789</x><y>398</y></pt><pt><x>799</x><y>405</y></pt><pt><x>799</x><y>556</y></pt><pt><x>771</x><y>526</y></pt><pt><x>774</x><y>389</y></pt></polygon></object><object><name>doorway</name><deleted>0</deleted><verified>0</verified><date>15-Jul-2012 21:29:28</date><id>107</id><polygon><username>sandy</username><pt><x>653</x><y>388</y></pt><pt><x>662</x><y>399</y></pt><pt><x>663</x><y>311</y></pt><pt><x>653</x><y>305</y></pt></polygon></object><object><name>window</name><deleted>0</deleted><verified>0</verified><date>15-Jul-2012 21:29:28</date><id>108</id><polygon><username>sandy</username><pt><x>642</x><y>377</y></pt><pt><x>664</x><y>403</y></pt><pt><x>665</x><y>312</y></pt><pt><x>642</x><y>295</y></pt></polygon></object><object><name>window</name><deleted>0</deleted><verified>0</verified><date>15-Jul-2012 21:29:28</date><id>109</id><polygon><username>sandy</username><pt><x>609</x><y>342</y></pt><pt><x>623</x><y>359</y></pt><pt><x>623</x><y>284</y></pt><pt><x>611</x><y>274</y></pt></polygon></object><imagesize><nrows>600</nrows><ncols>800</ncols></imagesize></annotation>