<annotation><filename>s_street_painting.jpg</filename><folder>100images</folder><source><sourceImage>The MIT-CSAIL database of objects and scenes</sourceImage><sourceAnnotation>LabelMe Webtool</sourceAnnotation></source><object><name>person</name><deleted>0</deleted><verified>0</verified><date>15-Jul-2012 22:57:25</date><id>0</id><polygon><username>sandy</username><pt><x>649</x><y>359</y></pt><pt><x>652</x><y>384</y></pt><pt><x>654</x><y>409</y></pt><pt><x>654</x><y>445</y></pt><pt><x>655</x><y>453</y></pt><pt><x>656</x><y>454</y></pt><pt><x>675</x><y>453</y></pt><pt><x>679</x><y>411</y></pt><pt><x>687</x><y>383</y></pt><pt><x>689</x><y>364</y></pt><pt><x>686</x><y>332</y></pt><pt><x>687</x><y>303</y></pt><pt><x>683</x><y>298</y></pt><pt><x>673</x><y>302</y></pt><pt><x>672</x><y>288</y></pt><pt><x>669</x><y>283</y></pt><pt><x>664</x><y>283</y></pt><pt><x>660</x><y>283</y></pt><pt><x>657</x><y>286</y></pt><pt><x>656</x><y>289</y></pt><pt><x>655</x><y>294</y></pt><pt><x>657</x><y>298</y></pt><pt><x>659</x><y>303</y></pt><pt><x>647</x><y>310</y></pt><pt><x>644</x><y>312</y></pt><pt><x>643</x><y>332</y></pt><pt><x>639</x><y>345</y></pt><pt><x>635</x><y>360</y></pt><pt><x>633</x><y>365</y></pt><pt><x>633</x><y>369</y></pt><pt><x>635</x><y>371</y></pt><pt><x>637</x><y>371</y></pt><pt><x>639</x><y>366</y></pt><pt><x>642</x><y>363</y></pt></polygon></object><object><name>tiger</name><deleted>0</deleted><verified>0</verified><date>15-Jul-2012 22:57:25</date><id>1</id><polygon><username>sandy</username><pt><x>578</x><y>49</y></pt><pt><x>586</x><y>49</y></pt><pt><x>608</x><y>56</y></pt><pt><x>615</x><y>56</y></pt><pt><x>632</x><y>49</y></pt><pt><x>639</x><y>49</y></pt><pt><x>639</x><y>57</y></pt><pt><x>634</x><y>69</y></pt><pt><x>641</x><y>72</y></pt><pt><x>642</x><y>80</y></pt><pt><x>644</x><y>86</y></pt><pt><x>638</x><y>92</y></pt><pt><x>638</x><y>99</y></pt><pt><x>641</x><y>115</y></pt><pt><x>642</x><y>133</y></pt><pt><x>639</x><y>140</y></pt><pt><x>635</x><y>159</y></pt><pt><x>630</x><y>177</y></pt><pt><x>625</x><y>183</y></pt><pt><x>609</x><y>183</y></pt><pt><x>587</x><y>189</y></pt><pt><x>582</x><y>195</y></pt><pt><x>563</x><y>189</y></pt><pt><x>551</x><y>183</y></pt><pt><x>539</x><y>183</y></pt><pt><x>535</x><y>183</y></pt><pt><x>528</x><y>161</y></pt><pt><x>524</x><y>136</y></pt><pt><x>519</x><y>125</y></pt><pt><x>519</x><y>113</y></pt><pt><x>518</x><y>84</y></pt><pt><x>521</x><y>72</y></pt><pt><x>518</x><y>59</y></pt><pt><x>517</x><y>50</y></pt><pt><x>523</x><y>51</y></pt><pt><x>537</x><y>55</y></pt><pt><x>541</x><y>55</y></pt><pt><x>558</x><y>51</y></pt><pt><x>570</x><y>49</y></pt></polygon></object><object><name>shop</name><deleted>0</deleted><verified>0</verified><date>15-Jul-2012 22:57:25</date><id>2</id><polygon><username>sandy</username><pt><x>141</x><y>520</y></pt><pt><x>129</x><y>1</y></pt><pt><x>714</x><y>17</y></pt><pt><x>717</x><y>535</y></pt></polygon></object><object><name>paintbucket</name><deleted>0</deleted><verified>0</verified><date>15-Jul-2012 22:57:25</date><id>3</id><polygon><username>sandy</username><pt><x>538</x><y>511</y></pt><pt><x>553</x><y>510</y></pt><pt><x>559</x><y>511</y></pt><pt><x>575</x><y>515</y></pt><pt><x>575</x><y>538</y></pt><pt><x>562</x><y>535</y></pt><pt><x>538</x><y>534</y></pt></polygon></object><object><name>sign</name><deleted>0</deleted><verified>0</verified><date>15-Jul-2012 22:57:25</date><id>4</id><polygon><username>sandy</username><pt><x>489</x><y>84</y></pt><pt><x>501</x><y>66</y></pt><pt><x>511</x><y>60</y></pt><pt><x>537</x><y>47</y></pt><pt><x>557</x><y>43</y></pt><pt><x>579</x><y>42</y></pt><pt><x>595</x><y>42</y></pt><pt><x>628</x><y>47</y></pt><pt><x>646</x><y>59</y></pt><pt><x>659</x><y>69</y></pt><pt><x>678</x><y>91</y></pt><pt><x>698</x><y>78</y></pt><pt><x>686</x><y>65</y></pt><pt><x>662</x><y>40</y></pt><pt><x>623</x><y>22</y></pt><pt><x>589</x><y>14</y></pt><pt><x>560</x><y>19</y></pt><pt><x>533</x><y>20</y></pt><pt><x>510</x><y>30</y></pt><pt><x>486</x><y>48</y></pt><pt><x>466</x><y>71</y></pt></polygon></object><object><name>sign</name><deleted>0</deleted><verified>0</verified><date>15-Jul-2012 22:57:25</date><id>5</id><polygon><username>sandy</username><pt><x>393</x><y>271</y></pt><pt><x>396</x><y>300</y></pt><pt><x>471</x><y>302</y></pt><pt><x>472</x><y>270</y></pt></polygon></object><object><name>trafficlight</name><deleted>0</deleted><verified>0</verified><date>15-Jul-2012 22:57:25</date><id>6</id><polygon><username>sandy</username><pt><x>152</x><y>107</y></pt><pt><x>155</x><y>194</y></pt><pt><x>180</x><y>197</y></pt><pt><x>182</x><y>188</y></pt><pt><x>187</x><y>182</y></pt><pt><x>186</x><y>176</y></pt><pt><x>184</x><y>172</y></pt><pt><x>182</x><y>170</y></pt><pt><x>179</x><y>160</y></pt><pt><x>185</x><y>159</y></pt><pt><x>186</x><y>154</y></pt><pt><x>186</x><y>147</y></pt><pt><x>183</x><y>142</y></pt><pt><x>179</x><y>136</y></pt><pt><x>180</x><y>129</y></pt><pt><x>183</x><y>125</y></pt><pt><x>184</x><y>121</y></pt><pt><x>184</x><y>116</y></pt><pt><x>182</x><y>111</y></pt><pt><x>181</x><y>106</y></pt><pt><x>177</x><y>104</y></pt></polygon></object><object><name>trafficlight</name><deleted>0</deleted><verified>0</verified><date>15-Jul-2012 22:57:25</date><id>7</id><polygon><username>sandy</username><pt><x>243</x><y>112</y></pt><pt><x>244</x><y>192</y></pt><pt><x>257</x><y>192</y></pt><pt><x>260</x><y>189</y></pt><pt><x>285</x><y>190</y></pt><pt><x>285</x><y>169</y></pt><pt><x>260</x><y>166</y></pt><pt><x>261</x><y>161</y></pt><pt><x>283</x><y>161</y></pt><pt><x>283</x><y>141</y></pt><pt><x>260</x><y>137</y></pt><pt><x>261</x><y>133</y></pt><pt><x>285</x><y>134</y></pt><pt><x>283</x><y>111</y></pt><pt><x>260</x><y>109</y></pt><pt><x>257</x><y>107</y></pt><pt><x>245</x><y>106</y></pt></polygon></object><object><name>trafficlight</name><deleted>0</deleted><verified>0</verified><date>15-Jul-2012 22:57:25</date><id>8</id><polygon><username>sandy</username><pt><x>132</x><y>254</y></pt><pt><x>132</x><y>293</y></pt><pt><x>138</x><y>298</y></pt><pt><x>181</x><y>297</y></pt><pt><x>186</x><y>293</y></pt><pt><x>187</x><y>253</y></pt><pt><x>184</x><y>251</y></pt><pt><x>139</x><y>249</y></pt></polygon></object><object><name>frog</name><deleted>0</deleted><verified>0</verified><date>15-Jul-2012 22:57:25</date><id>9</id><polygon><username>sandy</username><pt><x>249</x><y>406</y></pt><pt><x>265</x><y>405</y></pt><pt><x>277</x><y>408</y></pt><pt><x>277</x><y>405</y></pt><pt><x>274</x><y>391</y></pt><pt><x>273</x><y>385</y></pt><pt><x>277</x><y>383</y></pt><pt><x>292</x><y>388</y></pt><pt><x>291</x><y>392</y></pt><pt><x>287</x><y>396</y></pt><pt><x>286</x><y>399</y></pt><pt><x>295</x><y>400</y></pt><pt><x>295</x><y>427</y></pt><pt><x>305</x><y>428</y></pt><pt><x>305</x><y>433</y></pt><pt><x>296</x><y>439</y></pt><pt><x>289</x><y>442</y></pt><pt><x>288</x><y>440</y></pt><pt><x>286</x><y>430</y></pt><pt><x>286</x><y>426</y></pt><pt><x>272</x><y>434</y></pt><pt><x>263</x><y>436</y></pt><pt><x>252</x><y>436</y></pt><pt><x>247</x><y>434</y></pt><pt><x>245</x><y>446</y></pt><pt><x>232</x><y>447</y></pt><pt><x>220</x><y>433</y></pt><pt><x>221</x><y>426</y></pt><pt><x>218</x><y>420</y></pt><pt><x>218</x><y>406</y></pt><pt><x>221</x><y>402</y></pt><pt><x>222</x><y>399</y></pt><pt><x>224</x><y>397</y></pt><pt><x>230</x><y>397</y></pt><pt><x>241</x><y>391</y></pt></polygon></object><object><name>frog</name><deleted>0</deleted><verified>0</verified><date>15-Jul-2012 22:57:25</date><id>10</id><polygon><username>sandy</username><pt><x>198</x><y>50</y></pt><pt><x>217</x><y>47</y></pt><pt><x>224</x><y>46</y></pt><pt><x>229</x><y>45</y></pt><pt><x>234</x><y>45</y></pt><pt><x>238</x><y>47</y></pt><pt><x>240</x><y>49</y></pt><pt><x>241</x><y>53</y></pt><pt><x>240</x><y>58</y></pt><pt><x>238</x><y>59</y></pt><pt><x>235</x><y>62</y></pt><pt><x>231</x><y>66</y></pt><pt><x>229</x><y>68</y></pt><pt><x>237</x><y>67</y></pt><pt><x>240</x><y>66</y></pt><pt><x>241</x><y>67</y></pt><pt><x>242</x><y>71</y></pt><pt><x>240</x><y>75</y></pt><pt><x>238</x><y>79</y></pt><pt><x>235</x><y>84</y></pt><pt><x>234</x><y>88</y></pt><pt><x>240</x><y>89</y></pt><pt><x>242</x><y>92</y></pt><pt><x>241</x><y>103</y></pt><pt><x>238</x><y>106</y></pt><pt><x>194</x><y>101</y></pt><pt><x>189</x><y>106</y></pt><pt><x>183</x><y>106</y></pt><pt><x>181</x><y>104</y></pt><pt><x>179</x><y>103</y></pt><pt><x>178</x><y>100</y></pt><pt><x>177</x><y>95</y></pt><pt><x>177</x><y>92</y></pt><pt><x>177</x><y>88</y></pt><pt><x>181</x><y>87</y></pt><pt><x>185</x><y>87</y></pt><pt><x>181</x><y>72</y></pt><pt><x>179</x><y>67</y></pt><pt><x>181</x><y>63</y></pt><pt><x>181</x><y>60</y></pt><pt><x>187</x><y>61</y></pt><pt><x>191</x><y>64</y></pt><pt><x>190</x><y>61</y></pt><pt><x>190</x><y>58</y></pt><pt><x>192</x><y>55</y></pt></polygon></object><object><name>frog</name><deleted>0</deleted><verified>0</verified><date>15-Jul-2012 22:57:25</date><id>11</id><polygon><username>sandy</username><pt><x>353</x><y>197</y></pt><pt><x>357</x><y>190</y></pt><pt><x>354</x><y>166</y></pt><pt><x>352</x><y>151</y></pt><pt><x>369</x><y>135</y></pt><pt><x>371</x><y>107</y></pt><pt><x>380</x><y>93</y></pt><pt><x>379</x><y>92</y></pt><pt><x>376</x><y>90</y></pt><pt><x>372</x><y>92</y></pt><pt><x>369</x><y>93</y></pt><pt><x>366</x><y>92</y></pt><pt><x>366</x><y>90</y></pt><pt><x>363</x><y>89</y></pt><pt><x>362</x><y>89</y></pt><pt><x>361</x><y>89</y></pt><pt><x>360</x><y>95</y></pt><pt><x>361</x><y>98</y></pt><pt><x>362</x><y>101</y></pt><pt><x>361</x><y>103</y></pt><pt><x>359</x><y>101</y></pt><pt><x>357</x><y>101</y></pt><pt><x>354</x><y>101</y></pt><pt><x>353</x><y>103</y></pt><pt><x>353</x><y>106</y></pt><pt><x>356</x><y>107</y></pt><pt><x>358</x><y>112</y></pt><pt><x>356</x><y>116</y></pt><pt><x>355</x><y>119</y></pt><pt><x>356</x><y>121</y></pt><pt><x>360</x><y>120</y></pt><pt><x>362</x><y>123</y></pt><pt><x>360</x><y>130</y></pt><pt><x>357</x><y>135</y></pt><pt><x>355</x><y>135</y></pt><pt><x>352</x><y>133</y></pt><pt><x>350</x><y>134</y></pt><pt><x>345</x><y>126</y></pt><pt><x>337</x><y>124</y></pt><pt><x>332</x><y>127</y></pt><pt><x>331</x><y>130</y></pt><pt><x>329</x><y>129</y></pt><pt><x>326</x><y>130</y></pt><pt><x>325</x><y>133</y></pt><pt><x>325</x><y>137</y></pt><pt><x>326</x><y>155</y></pt><pt><x>322</x><y>157</y></pt><pt><x>322</x><y>165</y></pt><pt><x>317</x><y>165</y></pt><pt><x>313</x><y>166</y></pt><pt><x>313</x><y>169</y></pt><pt><x>319</x><y>173</y></pt><pt><x>325</x><y>181</y></pt><pt><x>329</x><y>184</y></pt><pt><x>329</x><y>187</y></pt><pt><x>315</x><y>180</y></pt><pt><x>311</x><y>178</y></pt><pt><x>308</x><y>174</y></pt><pt><x>305</x><y>172</y></pt><pt><x>303</x><y>175</y></pt><pt><x>305</x><y>180</y></pt><pt><x>302</x><y>181</y></pt><pt><x>298</x><y>181</y></pt><pt><x>300</x><y>185</y></pt><pt><x>306</x><y>187</y></pt><pt><x>323</x><y>206</y></pt><pt><x>337</x><y>214</y></pt><pt><x>340</x><y>214</y></pt><pt><x>343</x><y>209</y></pt><pt><x>348</x><y>207</y></pt><pt><x>366</x><y>221</y></pt><pt><x>366</x><y>223</y></pt><pt><x>351</x><y>237</y></pt><pt><x>351</x><y>241</y></pt><pt><x>360</x><y>249</y></pt><pt><x>371</x><y>252</y></pt><pt><x>383</x><y>245</y></pt><pt><x>387</x><y>244</y></pt><pt><x>389</x><y>243</y></pt><pt><x>385</x><y>241</y></pt><pt><x>382</x><y>240</y></pt><pt><x>385</x><y>237</y></pt><pt><x>385</x><y>233</y></pt><pt><x>383</x><y>232</y></pt><pt><x>380</x><y>231</y></pt><pt><x>376</x><y>235</y></pt><pt><x>372</x><y>236</y></pt><pt><x>365</x><y>240</y></pt><pt><x>365</x><y>240</y></pt><pt><x>366</x><y>243</y></pt><pt><x>364</x><y>246</y></pt><pt><x>362</x><y>242</y></pt><pt><x>361</x><y>238</y></pt><pt><x>375</x><y>224</y></pt><pt><x>375</x><y>222</y></pt><pt><x>371</x><y>212</y></pt><pt><x>360</x><y>203</y></pt></polygon></object><object><name>frog</name><deleted>0</deleted><verified>0</verified><date>15-Jul-2012 22:57:25</date><id>12</id><polygon><username>sandy</username><pt><x>452</x><y>146</y></pt><pt><x>456</x><y>135</y></pt><pt><x>461</x><y>129</y></pt><pt><x>462</x><y>124</y></pt><pt><x>462</x><y>121</y></pt><pt><x>459</x><y>118</y></pt><pt><x>455</x><y>117</y></pt><pt><x>447</x><y>107</y></pt><pt><x>447</x><y>104</y></pt><pt><x>445</x><y>102</y></pt><pt><x>443</x><y>101</y></pt><pt><x>438</x><y>101</y></pt><pt><x>434</x><y>104</y></pt><pt><x>434</x><y>107</y></pt><pt><x>430</x><y>108</y></pt><pt><x>428</x><y>98</y></pt><pt><x>428</x><y>89</y></pt><pt><x>430</x><y>86</y></pt><pt><x>440</x><y>78</y></pt><pt><x>436</x><y>72</y></pt><pt><x>433</x><y>72</y></pt><pt><x>426</x><y>77</y></pt><pt><x>426</x><y>75</y></pt><pt><x>423</x><y>75</y></pt><pt><x>422</x><y>84</y></pt><pt><x>420</x><y>92</y></pt><pt><x>420</x><y>100</y></pt><pt><x>421</x><y>109</y></pt><pt><x>424</x><y>113</y></pt><pt><x>424</x><y>123</y></pt><pt><x>419</x><y>131</y></pt><pt><x>414</x><y>136</y></pt><pt><x>413</x><y>141</y></pt><pt><x>412</x><y>149</y></pt><pt><x>410</x><y>152</y></pt><pt><x>407</x><y>152</y></pt><pt><x>405</x><y>158</y></pt><pt><x>409</x><y>157</y></pt><pt><x>413</x><y>161</y></pt><pt><x>420</x><y>164</y></pt><pt><x>425</x><y>165</y></pt><pt><x>425</x><y>167</y></pt><pt><x>423</x><y>169</y></pt><pt><x>426</x><y>167</y></pt><pt><x>426</x><y>170</y></pt><pt><x>433</x><y>169</y></pt><pt><x>437</x><y>167</y></pt><pt><x>444</x><y>161</y></pt></polygon></object><object><name>lamppost</name><deleted>0</deleted><verified>0</verified><date>15-Jul-2012 22:57:25</date><id>13</id><polygon><username>sandy</username><pt><x>198</x><y>536</y></pt><pt><x>199</x><y>12</y></pt><pt><x>216</x><y>12</y></pt><pt><x>222</x><y>537</y></pt><pt><x>226</x><y>541</y></pt><pt><x>226</x><y>552</y></pt><pt><x>189</x><y>553</y></pt><pt><x>190</x><y>542</y></pt></polygon></object><object><name>door</name><deleted>0</deleted><verified>0</verified><date>15-Jul-2012 22:57:25</date><id>14</id><polygon><username>sandy</username><pt><x>386</x><y>320</y></pt><pt><x>485</x><y>322</y></pt><pt><x>486</x><y>519</y></pt><pt><x>389</x><y>521</y></pt></polygon></object><object><name>window</name><deleted>0</deleted><verified>0</verified><date>15-Jul-2012 22:57:25</date><id>15</id><polygon><username>sandy</username><pt><x>526</x><y>256</y></pt><pt><x>524</x><y>445</y></pt><pt><x>703</x><y>445</y></pt><pt><x>698</x><y>258</y></pt></polygon></object><object><name>painting</name><deleted>0</deleted><verified>0</verified><date>15-Jul-2012 22:57:25</date><id>16</id><polygon><username>sandy</username><pt><x>616</x><y>445</y></pt><pt><x>702</x><y>445</y></pt><pt><x>699</x><y>258</y></pt><pt><x>526</x><y>256</y></pt><pt><x>525</x><y>443</y></pt></polygon></object><object><name>window</name><deleted>0</deleted><verified>0</verified><date>15-Jul-2012 22:57:25</date><id>17</id><polygon><username>sandy</username><pt><x>181</x><y>446</y></pt><pt><x>179</x><y>251</y></pt><pt><x>345</x><y>253</y></pt><pt><x>341</x><y>440</y></pt></polygon></object><object><name>painting</name><deleted>0</deleted><verified>0</verified><date>15-Jul-2012 22:57:25</date><id>18</id><polygon><username>sandy</username><pt><x>150</x><y>205</y></pt><pt><x>193</x><y>224</y></pt><pt><x>192</x><y>231</y></pt><pt><x>174</x><y>236</y></pt><pt><x>169</x><y>244</y></pt><pt><x>159</x><y>244</y></pt><pt><x>157</x><y>251</y></pt><pt><x>181</x><y>302</y></pt><pt><x>196</x><y>315</y></pt><pt><x>181</x><y>320</y></pt><pt><x>200</x><y>332</y></pt><pt><x>199</x><y>389</y></pt><pt><x>194</x><y>425</y></pt><pt><x>191</x><y>441</y></pt><pt><x>172</x><y>425</y></pt><pt><x>151</x><y>420</y></pt><pt><x>158</x><y>500</y></pt><pt><x>145</x><y>506</y></pt><pt><x>147</x><y>516</y></pt><pt><x>348</x><y>522</y></pt><pt><x>336</x><y>436</y></pt><pt><x>308</x><y>352</y></pt><pt><x>284</x><y>338</y></pt><pt><x>271</x><y>336</y></pt><pt><x>267</x><y>336</y></pt><pt><x>268</x><y>328</y></pt><pt><x>311</x><y>306</y></pt><pt><x>309</x><y>304</y></pt><pt><x>291</x><y>306</y></pt><pt><x>279</x><y>309</y></pt><pt><x>273</x><y>310</y></pt><pt><x>279</x><y>300</y></pt><pt><x>316</x><y>282</y></pt><pt><x>313</x><y>276</y></pt><pt><x>308</x><y>275</y></pt><pt><x>296</x><y>276</y></pt><pt><x>292</x><y>274</y></pt><pt><x>299</x><y>263</y></pt><pt><x>308</x><y>255</y></pt><pt><x>312</x><y>248</y></pt><pt><x>318</x><y>201</y></pt><pt><x>337</x><y>211</y></pt><pt><x>347</x><y>208</y></pt><pt><x>359</x><y>215</y></pt><pt><x>362</x><y>221</y></pt><pt><x>358</x><y>228</y></pt><pt><x>353</x><y>236</y></pt><pt><x>353</x><y>242</y></pt><pt><x>357</x><y>246</y></pt><pt><x>366</x><y>249</y></pt><pt><x>374</x><y>249</y></pt><pt><x>385</x><y>245</y></pt><pt><x>390</x><y>242</y></pt><pt><x>388</x><y>239</y></pt><pt><x>385</x><y>233</y></pt><pt><x>381</x><y>231</y></pt><pt><x>371</x><y>234</y></pt><pt><x>364</x><y>234</y></pt><pt><x>370</x><y>228</y></pt><pt><x>373</x><y>223</y></pt><pt><x>373</x><y>209</y></pt><pt><x>357</x><y>196</y></pt><pt><x>357</x><y>183</y></pt><pt><x>360</x><y>172</y></pt><pt><x>378</x><y>163</y></pt><pt><x>389</x><y>163</y></pt><pt><x>405</x><y>174</y></pt><pt><x>408</x><y>182</y></pt><pt><x>407</x><y>194</y></pt><pt><x>412</x><y>207</y></pt><pt><x>416</x><y>221</y></pt><pt><x>427</x><y>229</y></pt><pt><x>439</x><y>226</y></pt><pt><x>444</x><y>211</y></pt><pt><x>448</x><y>202</y></pt><pt><x>461</x><y>204</y></pt><pt><x>469</x><y>218</y></pt><pt><x>480</x><y>228</y></pt><pt><x>469</x><y>233</y></pt><pt><x>474</x><y>236</y></pt><pt><x>489</x><y>239</y></pt><pt><x>501</x><y>261</y></pt><pt><x>500</x><y>401</y></pt><pt><x>494</x><y>524</y></pt><pt><x>539</x><y>530</y></pt><pt><x>525</x><y>512</y></pt><pt><x>515</x><y>465</y></pt><pt><x>516</x><y>440</y></pt><pt><x>514</x><y>364</y></pt><pt><x>517</x><y>286</y></pt><pt><x>514</x><y>249</y></pt><pt><x>510</x><y>236</y></pt><pt><x>513</x><y>226</y></pt><pt><x>496</x><y>148</y></pt><pt><x>466</x><y>74</y></pt><pt><x>472</x><y>55</y></pt><pt><x>459</x><y>54</y></pt><pt><x>469</x><y>28</y></pt><pt><x>467</x><y>19</y></pt><pt><x>448</x><y>23</y></pt><pt><x>435</x><y>18</y></pt><pt><x>427</x><y>16</y></pt><pt><x>418</x><y>20</y></pt><pt><x>409</x><y>30</y></pt><pt><x>405</x><y>39</y></pt><pt><x>397</x><y>42</y></pt><pt><x>377</x><y>40</y></pt><pt><x>368</x><y>50</y></pt><pt><x>356</x><y>58</y></pt><pt><x>352</x><y>63</y></pt><pt><x>338</x><y>66</y></pt><pt><x>312</x><y>75</y></pt><pt><x>304</x><y>86</y></pt><pt><x>298</x><y>88</y></pt><pt><x>292</x><y>90</y></pt><pt><x>287</x><y>97</y></pt><pt><x>278</x><y>101</y></pt><pt><x>260</x><y>107</y></pt><pt><x>255</x><y>107</y></pt><pt><x>254</x><y>83</y></pt><pt><x>249</x><y>88</y></pt><pt><x>244</x><y>92</y></pt><pt><x>241</x><y>89</y></pt><pt><x>237</x><y>87</y></pt><pt><x>242</x><y>72</y></pt><pt><x>240</x><y>67</y></pt><pt><x>236</x><y>67</y></pt><pt><x>235</x><y>65</y></pt><pt><x>239</x><y>60</y></pt><pt><x>240</x><y>55</y></pt><pt><x>240</x><y>50</y></pt><pt><x>238</x><y>46</y></pt><pt><x>195</x><y>51</y></pt><pt><x>190</x><y>56</y></pt><pt><x>191</x><y>60</y></pt><pt><x>183</x><y>57</y></pt><pt><x>180</x><y>61</y></pt><pt><x>183</x><y>87</y></pt><pt><x>178</x><y>90</y></pt><pt><x>182</x><y>103</y></pt><pt><x>174</x><y>103</y></pt><pt><x>172</x><y>115</y></pt><pt><x>151</x><y>139</y></pt><pt><x>151</x><y>151</y></pt><pt><x>150</x><y>163</y></pt><pt><x>147</x><y>162</y></pt><pt><x>143</x><y>164</y></pt><pt><x>149</x><y>174</y></pt><pt><x>152</x><y>183</y></pt><pt><x>151</x><y>189</y></pt></polygon></object><object><name>greenman</name><deleted>0</deleted><verified>0</verified><date>15-Jul-2012 22:57:25</date><id>19</id><polygon><username>sandy</username><pt><x>153</x><y>287</y></pt><pt><x>150</x><y>275</y></pt><pt><x>157</x><y>276</y></pt><pt><x>155</x><y>265</y></pt><pt><x>157</x><y>262</y></pt><pt><x>154</x><y>258</y></pt><pt><x>151</x><y>258</y></pt><pt><x>150</x><y>262</y></pt><pt><x>142</x><y>265</y></pt><pt><x>138</x><y>273</y></pt><pt><x>142</x><y>273</y></pt><pt><x>135</x><y>288</y></pt><pt><x>140</x><y>292</y></pt><pt><x>144</x><y>281</y></pt></polygon></object><object><name>firehydrant</name><deleted>0</deleted><verified>0</verified><date>15-Jul-2012 22:57:25</date><id>20</id><polygon><username>sandy</username><pt><x>646</x><y>489</y></pt><pt><x>659</x><y>486</y></pt><pt><x>666</x><y>489</y></pt><pt><x>666</x><y>509</y></pt><pt><x>674</x><y>515</y></pt><pt><x>674</x><y>525</y></pt><pt><x>666</x><y>527</y></pt><pt><x>666</x><y>549</y></pt><pt><x>669</x><y>554</y></pt><pt><x>666</x><y>560</y></pt><pt><x>644</x><y>562</y></pt><pt><x>639</x><y>555</y></pt><pt><x>638</x><y>550</y></pt><pt><x>642</x><y>546</y></pt><pt><x>646</x><y>521</y></pt><pt><x>636</x><y>517</y></pt><pt><x>635</x><y>509</y></pt><pt><x>638</x><y>505</y></pt><pt><x>645</x><y>505</y></pt></polygon></object><object><name>ladder</name><deleted>0</deleted><verified>0</verified><date>15-Jul-2012 22:57:25</date><id>21</id><polygon><username>sandy</username><pt><x>630</x><y>520</y></pt><pt><x>679</x><y>370</y></pt><pt><x>691</x><y>367</y></pt><pt><x>704</x><y>367</y></pt><pt><x>740</x><y>538</y></pt><pt><x>736</x><y>539</y></pt><pt><x>728</x><y>520</y></pt><pt><x>715</x><y>518</y></pt><pt><x>717</x><y>537</y></pt><pt><x>714</x><y>536</y></pt><pt><x>699</x><y>439</y></pt><pt><x>684</x><y>438</y></pt><pt><x>663</x><y>536</y></pt><pt><x>655</x><y>538</y></pt><pt><x>654</x><y>526</y></pt><pt><x>639</x><y>524</y></pt><pt><x>633</x><y>538</y></pt><pt><x>626</x><y>537</y></pt></polygon></object><object><name>painting</name><deleted>0</deleted><verified>0</verified><date>15-Jul-2012 22:57:25</date><id>22</id><polygon><username>sandy</username><pt><x>540</x><y>199</y></pt><pt><x>538</x><y>211</y></pt><pt><x>527</x><y>214</y></pt><pt><x>526</x><y>218</y></pt><pt><x>545</x><y>219</y></pt><pt><x>569</x><y>223</y></pt><pt><x>583</x><y>223</y></pt><pt><x>597</x><y>224</y></pt><pt><x>600</x><y>228</y></pt><pt><x>611</x><y>227</y></pt><pt><x>619</x><y>223</y></pt><pt><x>624</x><y>215</y></pt><pt><x>626</x><y>203</y></pt><pt><x>624</x><y>202</y></pt><pt><x>617</x><y>203</y></pt><pt><x>610</x><y>207</y></pt><pt><x>578</x><y>207</y></pt><pt><x>576</x><y>201</y></pt><pt><x>554</x><y>200</y></pt></polygon></object><imagesize><nrows>600</nrows><ncols>800</ncols></imagesize></annotation>
