<annotation><filename>s_street_kids.jpg</filename><folder>100images</folder><source><sourceImage>The MIT-CSAIL database of objects and scenes</sourceImage><sourceAnnotation>LabelMe Webtool</sourceAnnotation></source><object><name>tree</name><deleted>0</deleted><verified>0</verified><date>15-Jul-2012 21:56:23</date><id>0</id><polygon><username>sandy</username><pt><x>684</x><y>176</y></pt><pt><x>689</x><y>181</y></pt><pt><x>695</x><y>206</y></pt><pt><x>707</x><y>220</y></pt><pt><x>716</x><y>231</y></pt><pt><x>692</x><y>242</y></pt><pt><x>662</x><y>235</y></pt><pt><x>568</x><y>200</y></pt><pt><x>535</x><y>178</y></pt><pt><x>542</x><y>161</y></pt><pt><x>551</x><y>147</y></pt><pt><x>555</x><y>122</y></pt><pt><x>565</x><y>56</y></pt><pt><x>568</x><y>1</y></pt><pt><x>679</x><y>1</y></pt><pt><x>677</x><y>80</y></pt><pt><x>678</x><y>135</y></pt><pt><x>680</x><y>159</y></pt></polygon></object><object><name>tree</name><deleted>0</deleted><verified>0</verified><date>15-Jul-2012 21:56:23</date><id>1</id><polygon><username>sandy</username><pt><x>340</x><y>12</y></pt><pt><x>352</x><y>19</y></pt><pt><x>354</x><y>2</y></pt><pt><x>338</x><y>1</y></pt></polygon></object><object><name>tree</name><deleted>0</deleted><verified>0</verified><date>15-Jul-2012 21:56:23</date><id>2</id><polygon><username>sandy</username><pt><x>357</x><y>21</y></pt><pt><x>378</x><y>23</y></pt><pt><x>375</x><y>19</y></pt><pt><x>376</x><y>1</y></pt><pt><x>360</x><y>1</y></pt></polygon></object><object><name>tree</name><deleted>0</deleted><verified>0</verified><date>15-Jul-2012 21:56:23</date><id>3</id><polygon><username>sandy</username><pt><x>380</x><y>30</y></pt><pt><x>388</x><y>46</y></pt><pt><x>427</x><y>53</y></pt><pt><x>421</x><y>45</y></pt><pt><x>420</x><y>3</y></pt><pt><x>382</x><y>1</y></pt><pt><x>380</x><y>22</y></pt></polygon></object><object><name>tree</name><deleted>0</deleted><verified>0</verified><date>15-Jul-2012 21:56:23</date><id>4</id><polygon><username>sandy</username><pt><x>240</x><y>30</y></pt><pt><x>258</x><y>31</y></pt><pt><x>258</x><y>28</y></pt><pt><x>267</x><y>28</y></pt><pt><x>265</x><y>21</y></pt><pt><x>265</x><y>1</y></pt><pt><x>242</x><y>1</y></pt><pt><x>244</x><y>15</y></pt></polygon></object><object><name>car</name><deleted>0</deleted><verified>0</verified><date>15-Jul-2012 21:56:23</date><id>5</id><polygon><username>sandy</username><pt><x>438</x><y>17</y></pt><pt><x>463</x><y>18</y></pt><pt><x>465</x><y>5</y></pt><pt><x>461</x><y>1</y></pt><pt><x>445</x><y>1</y></pt><pt><x>438</x><y>5</y></pt></polygon></object><object><name>truck</name><deleted>0</deleted><verified>0</verified><date>15-Jul-2012 21:56:23</date><id>6</id><polygon><username>sandy</username><pt><x>479</x><y>31</y></pt><pt><x>494</x><y>33</y></pt><pt><x>497</x><y>27</y></pt><pt><x>508</x><y>26</y></pt><pt><x>509</x><y>30</y></pt><pt><x>514</x><y>31</y></pt><pt><x>515</x><y>27</y></pt><pt><x>521</x><y>27</y></pt><pt><x>522</x><y>33</y></pt><pt><x>525</x><y>35</y></pt><pt><x>527</x><y>8</y></pt><pt><x>521</x><y>2</y></pt><pt><x>482</x><y>2</y></pt><pt><x>477</x><y>8</y></pt><pt><x>477</x><y>18</y></pt></polygon></object><object><name>car</name><deleted>0</deleted><verified>0</verified><date>15-Jul-2012 21:56:23</date><id>7</id><polygon><username>sandy</username><pt><x>542</x><y>16</y></pt><pt><x>546</x><y>30</y></pt><pt><x>566</x><y>35</y></pt><pt><x>568</x><y>7</y></pt><pt><x>555</x><y>7</y></pt><pt><x>550</x><y>14</y></pt></polygon></object><object><name>plants</name><deleted>0</deleted><verified>0</verified><date>15-Jul-2012 21:56:23</date><id>8</id><polygon><username>sandy</username><pt><x>693</x><y>497</y></pt><pt><x>720</x><y>507</y></pt><pt><x>742</x><y>511</y></pt><pt><x>761</x><y>512</y></pt><pt><x>776</x><y>506</y></pt><pt><x>793</x><y>498</y></pt><pt><x>792</x><y>469</y></pt><pt><x>786</x><y>447</y></pt><pt><x>778</x><y>440</y></pt><pt><x>765</x><y>432</y></pt><pt><x>756</x><y>428</y></pt><pt><x>743</x><y>426</y></pt><pt><x>734</x><y>424</y></pt><pt><x>720</x><y>426</y></pt><pt><x>713</x><y>435</y></pt><pt><x>704</x><y>445</y></pt><pt><x>695</x><y>452</y></pt><pt><x>689</x><y>463</y></pt><pt><x>684</x><y>474</y></pt></polygon></object><object><name>plants</name><deleted>0</deleted><verified>0</verified><date>15-Jul-2012 21:56:23</date><id>9</id><polygon><username>sandy</username><pt><x>555</x><y>273</y></pt><pt><x>613</x><y>274</y></pt><pt><x>604</x><y>252</y></pt><pt><x>608</x><y>241</y></pt><pt><x>609</x><y>230</y></pt><pt><x>608</x><y>219</y></pt><pt><x>598</x><y>216</y></pt><pt><x>585</x><y>217</y></pt><pt><x>575</x><y>220</y></pt><pt><x>571</x><y>230</y></pt><pt><x>565</x><y>238</y></pt><pt><x>556</x><y>254</y></pt></polygon></object><object><name>plants</name><deleted>0</deleted><verified>0</verified><date>15-Jul-2012 21:56:23</date><id>10</id><polygon><username>sandy</username><pt><x>31</x><y>42</y></pt><pt><x>24</x><y>26</y></pt><pt><x>4</x><y>35</y></pt><pt><x>2</x><y>44</y></pt></polygon></object><object><name>plants</name><deleted>0</deleted><verified>0</verified><date>15-Jul-2012 21:56:23</date><id>11</id><polygon><username>sandy</username><pt><x>65</x><y>46</y></pt><pt><x>110</x><y>40</y></pt><pt><x>135</x><y>33</y></pt><pt><x>142</x><y>28</y></pt><pt><x>170</x><y>18</y></pt><pt><x>170</x><y>9</y></pt><pt><x>157</x><y>7</y></pt><pt><x>151</x><y>4</y></pt><pt><x>140</x><y>4</y></pt><pt><x>137</x><y>5</y></pt><pt><x>145</x><y>16</y></pt><pt><x>145</x><y>24</y></pt><pt><x>138</x><y>25</y></pt><pt><x>133</x><y>22</y></pt><pt><x>126</x><y>19</y></pt><pt><x>113</x><y>20</y></pt><pt><x>106</x><y>19</y></pt><pt><x>96</x><y>21</y></pt><pt><x>89</x><y>18</y></pt><pt><x>83</x><y>14</y></pt><pt><x>76</x><y>16</y></pt><pt><x>67</x><y>19</y></pt><pt><x>60</x><y>21</y></pt><pt><x>59</x><y>29</y></pt></polygon></object><object><name>plants</name><deleted>0</deleted><verified>0</verified><date>15-Jul-2012 21:56:23</date><id>12</id><polygon><username>sandy</username><pt><x>684</x><y>31</y></pt><pt><x>698</x><y>10</y></pt><pt><x>686</x><y>7</y></pt><pt><x>677</x><y>8</y></pt></polygon></object><object><name>bricks</name><deleted>1</deleted><verified>0</verified><date>15-Jul-2012 21:56:23</date><id>13</id><polygon><username>sandy</username><pt><x>457</x><y>223</y></pt><pt><x>500</x><y>297</y></pt><pt><x>583</x><y>452</y></pt><pt><x>665</x><y>598</y></pt><pt><x>623</x><y>598</y></pt><pt><x>558</x><y>471</y></pt><pt><x>512</x><y>368</y></pt><pt><x>451</x><y>264</y></pt><pt><x>435</x><y>226</y></pt></polygon></object><object><name>boy</name><deleted>0</deleted><verified>0</verified><date>15-Jul-2012 21:56:23</date><id>14</id><polygon><username>sandy</username><pt><x>396</x><y>201</y></pt><pt><x>401</x><y>204</y></pt><pt><x>417</x><y>212</y></pt><pt><x>431</x><y>234</y></pt><pt><x>425</x><y>241</y></pt><pt><x>426</x><y>254</y></pt><pt><x>428</x><y>261</y></pt><pt><x>428</x><y>266</y></pt><pt><x>427</x><y>271</y></pt><pt><x>427</x><y>274</y></pt><pt><x>423</x><y>276</y></pt><pt><x>421</x><y>274</y></pt><pt><x>420</x><y>269</y></pt><pt><x>421</x><y>267</y></pt><pt><x>418</x><y>269</y></pt><pt><x>417</x><y>265</y></pt><pt><x>418</x><y>260</y></pt><pt><x>410</x><y>246</y></pt><pt><x>407</x><y>260</y></pt><pt><x>410</x><y>268</y></pt><pt><x>411</x><y>280</y></pt><pt><x>412</x><y>286</y></pt><pt><x>410</x><y>292</y></pt><pt><x>410</x><y>310</y></pt><pt><x>401</x><y>312</y></pt><pt><x>403</x><y>322</y></pt><pt><x>399</x><y>351</y></pt><pt><x>403</x><y>354</y></pt><pt><x>401</x><y>361</y></pt><pt><x>398</x><y>367</y></pt><pt><x>393</x><y>369</y></pt><pt><x>387</x><y>368</y></pt><pt><x>384</x><y>365</y></pt><pt><x>384</x><y>359</y></pt><pt><x>384</x><y>351</y></pt><pt><x>386</x><y>346</y></pt><pt><x>383</x><y>330</y></pt><pt><x>384</x><y>318</y></pt><pt><x>379</x><y>307</y></pt><pt><x>378</x><y>324</y></pt><pt><x>377</x><y>335</y></pt><pt><x>375</x><y>340</y></pt><pt><x>370</x><y>340</y></pt><pt><x>367</x><y>339</y></pt><pt><x>365</x><y>335</y></pt><pt><x>357</x><y>315</y></pt><pt><x>359</x><y>311</y></pt><pt><x>362</x><y>307</y></pt><pt><x>360</x><y>294</y></pt><pt><x>357</x><y>272</y></pt><pt><x>359</x><y>259</y></pt><pt><x>358</x><y>242</y></pt><pt><x>351</x><y>252</y></pt><pt><x>337</x><y>261</y></pt><pt><x>332</x><y>263</y></pt><pt><x>327</x><y>262</y></pt><pt><x>326</x><y>258</y></pt><pt><x>326</x><y>254</y></pt><pt><x>325</x><y>250</y></pt><pt><x>328</x><y>249</y></pt><pt><x>332</x><y>248</y></pt><pt><x>337</x><y>240</y></pt><pt><x>348</x><y>233</y></pt><pt><x>342</x><y>228</y></pt><pt><x>356</x><y>208</y></pt><pt><x>370</x><y>202</y></pt><pt><x>374</x><y>199</y></pt><pt><x>372</x><y>195</y></pt><pt><x>368</x><y>192</y></pt><pt><x>366</x><y>187</y></pt><pt><x>363</x><y>176</y></pt><pt><x>362</x><y>169</y></pt><pt><x>365</x><y>162</y></pt><pt><x>369</x><y>157</y></pt><pt><x>379</x><y>154</y></pt><pt><x>386</x><y>153</y></pt><pt><x>392</x><y>154</y></pt><pt><x>396</x><y>157</y></pt><pt><x>398</x><y>161</y></pt><pt><x>400</x><y>167</y></pt><pt><x>400</x><y>172</y></pt><pt><x>402</x><y>174</y></pt><pt><x>401</x><y>180</y></pt><pt><x>399</x><y>185</y></pt><pt><x>398</x><y>188</y></pt><pt><x>397</x><y>193</y></pt></polygon></object><object><name>girl</name><deleted>0</deleted><verified>0</verified><date>15-Jul-2012 21:56:23</date><id>15</id><polygon><username>sandy</username><pt><x>299</x><y>167</y></pt><pt><x>305</x><y>174</y></pt><pt><x>320</x><y>174</y></pt><pt><x>323</x><y>183</y></pt><pt><x>327</x><y>203</y></pt><pt><x>331</x><y>215</y></pt><pt><x>338</x><y>238</y></pt><pt><x>341</x><y>260</y></pt><pt><x>341</x><y>265</y></pt><pt><x>337</x><y>266</y></pt><pt><x>334</x><y>266</y></pt><pt><x>333</x><y>263</y></pt><pt><x>330</x><y>247</y></pt><pt><x>321</x><y>228</y></pt><pt><x>313</x><y>200</y></pt><pt><x>317</x><y>243</y></pt><pt><x>316</x><y>245</y></pt><pt><x>319</x><y>256</y></pt><pt><x>319</x><y>288</y></pt><pt><x>309</x><y>295</y></pt><pt><x>308</x><y>309</y></pt><pt><x>311</x><y>316</y></pt><pt><x>305</x><y>344</y></pt><pt><x>306</x><y>348</y></pt><pt><x>311</x><y>350</y></pt><pt><x>313</x><y>353</y></pt><pt><x>307</x><y>368</y></pt><pt><x>299</x><y>370</y></pt><pt><x>295</x><y>367</y></pt><pt><x>295</x><y>360</y></pt><pt><x>292</x><y>355</y></pt><pt><x>292</x><y>351</y></pt><pt><x>294</x><y>346</y></pt><pt><x>296</x><y>340</y></pt><pt><x>294</x><y>321</y></pt><pt><x>295</x><y>312</y></pt><pt><x>292</x><y>301</y></pt><pt><x>290</x><y>312</y></pt><pt><x>292</x><y>329</y></pt><pt><x>291</x><y>336</y></pt><pt><x>289</x><y>339</y></pt><pt><x>286</x><y>340</y></pt><pt><x>281</x><y>341</y></pt><pt><x>276</x><y>340</y></pt><pt><x>275</x><y>337</y></pt><pt><x>273</x><y>319</y></pt><pt><x>276</x><y>314</y></pt><pt><x>275</x><y>296</y></pt><pt><x>270</x><y>289</y></pt><pt><x>269</x><y>284</y></pt><pt><x>271</x><y>271</y></pt><pt><x>266</x><y>257</y></pt><pt><x>268</x><y>245</y></pt><pt><x>266</x><y>245</y></pt><pt><x>266</x><y>215</y></pt><pt><x>263</x><y>195</y></pt><pt><x>241</x><y>212</y></pt><pt><x>236</x><y>215</y></pt><pt><x>216</x><y>208</y></pt><pt><x>209</x><y>208</y></pt><pt><x>206</x><y>207</y></pt><pt><x>203</x><y>205</y></pt><pt><x>201</x><y>201</y></pt><pt><x>200</x><y>197</y></pt><pt><x>204</x><y>194</y></pt><pt><x>208</x><y>194</y></pt><pt><x>215</x><y>194</y></pt><pt><x>220</x><y>194</y></pt><pt><x>221</x><y>199</y></pt><pt><x>236</x><y>199</y></pt><pt><x>248</x><y>186</y></pt><pt><x>255</x><y>179</y></pt><pt><x>259</x><y>175</y></pt><pt><x>262</x><y>172</y></pt><pt><x>268</x><y>172</y></pt><pt><x>274</x><y>170</y></pt><pt><x>279</x><y>166</y></pt><pt><x>274</x><y>163</y></pt><pt><x>270</x><y>161</y></pt><pt><x>266</x><y>157</y></pt><pt><x>263</x><y>153</y></pt><pt><x>262</x><y>148</y></pt><pt><x>261</x><y>144</y></pt><pt><x>262</x><y>139</y></pt><pt><x>269</x><y>126</y></pt><pt><x>273</x><y>118</y></pt><pt><x>278</x><y>115</y></pt><pt><x>285</x><y>114</y></pt><pt><x>292</x><y>116</y></pt><pt><x>295</x><y>118</y></pt><pt><x>300</x><y>120</y></pt><pt><x>302</x><y>124</y></pt><pt><x>305</x><y>128</y></pt><pt><x>307</x><y>134</y></pt><pt><x>310</x><y>140</y></pt><pt><x>309</x><y>146</y></pt><pt><x>306</x><y>151</y></pt><pt><x>304</x><y>155</y></pt><pt><x>301</x><y>158</y></pt><pt><x>299</x><y>161</y></pt></polygon></object><object><name>brick</name><deleted>0</deleted><verified>0</verified><date>15-Jul-2012 21:56:23</date><id>16</id><polygon><username>sandy</username><pt><x>724</x><y>377</y></pt><pt><x>730</x><y>391</y></pt><pt><x>775</x><y>398</y></pt><pt><x>778</x><y>394</y></pt><pt><x>772</x><y>380</y></pt></polygon></object><object><name>timestamp</name><deleted>0</deleted><verified>0</verified><date>15-Jul-2012 21:56:23</date><id>17</id><polygon><username>sandy</username><pt><x>592</x><y>553</y></pt><pt><x>705</x><y>554</y></pt><pt><x>704</x><y>537</y></pt><pt><x>588</x><y>537</y></pt></polygon></object><object><name>chippings</name><deleted>0</deleted><verified>0</verified><date>15-Jul-2012 21:56:23</date><id>18</id><polygon><username>sandy</username><pt><x>164</x><y>238</y></pt><pt><x>2</x><y>245</y></pt><pt><x>2</x><y>493</y></pt></polygon></object><object><name>chippings</name><deleted>0</deleted><verified>0</verified><date>15-Jul-2012 21:56:23</date><id>19</id><polygon><username>sandy</username><pt><x>116</x><y>155</y></pt><pt><x>183</x><y>114</y></pt><pt><x>229</x><y>117</y></pt><pt><x>199</x><y>153</y></pt></polygon></object><object><name>chippings</name><deleted>0</deleted><verified>0</verified><date>15-Jul-2012 21:56:23</date><id>20</id><polygon><username>sandy</username><pt><x>476</x><y>230</y></pt><pt><x>561</x><y>221</y></pt><pt><x>749</x><y>255</y></pt><pt><x>799</x><y>289</y></pt><pt><x>798</x><y>596</y></pt><pt><x>668</x><y>598</y></pt><pt><x>465</x><y>229</y></pt></polygon></object><object><name>sign</name><deleted>0</deleted><verified>0</verified><date>15-Jul-2012 21:56:23</date><id>21</id><polygon><username>sandy</username><pt><x>279</x><y>98</y></pt><pt><x>282</x><y>95</y></pt><pt><x>281</x><y>92</y></pt><pt><x>281</x><y>88</y></pt><pt><x>277</x><y>83</y></pt><pt><x>277</x><y>79</y></pt><pt><x>281</x><y>78</y></pt><pt><x>282</x><y>75</y></pt><pt><x>283</x><y>70</y></pt><pt><x>283</x><y>65</y></pt><pt><x>279</x><y>65</y></pt><pt><x>278</x><y>66</y></pt><pt><x>275</x><y>66</y></pt><pt><x>273</x><y>69</y></pt><pt><x>273</x><y>70</y></pt><pt><x>273</x><y>85</y></pt><pt><x>271</x><y>96</y></pt><pt><x>274</x><y>99</y></pt></polygon></object><object><name>steps</name><deleted>0</deleted><verified>0</verified><date>15-Jul-2012 21:56:23</date><id>22</id><polygon><username>sandy</username><pt><x>25</x><y>175</y></pt><pt><x>81</x><y>178</y></pt><pt><x>82</x><y>193</y></pt><pt><x>242</x><y>269</y></pt><pt><x>235</x><y>322</y></pt><pt><x>2</x><y>193</y></pt></polygon></object><object><name>houses</name><deleted>1</deleted><verified>0</verified><date>15-Jul-2012 21:56:23</date><id>23</id><polygon><username>sandy</username><pt><x>55</x><y>45</y></pt><pt><x>172</x><y>16</y></pt><pt><x>171</x><y>1</y></pt><pt><x>2</x><y>0</y></pt><pt><x>0</x><y>42</y></pt></polygon></object><imagesize><nrows>600</nrows><ncols>800</ncols></imagesize></annotation>