<annotation><filename>s_street_busyshopping.jpg</filename><folder>100images</folder><source><sourceImage>The MIT-CSAIL database of objects and scenes</sourceImage><sourceAnnotation>LabelMe Webtool</sourceAnnotation></source><object><name>people</name><deleted>0</deleted><verified>0</verified><date>15-Jul-2012 21:45:29</date><id>0</id><polygon><username>sandy</username><pt><x>111</x><y>252</y></pt><pt><x>115</x><y>265</y></pt><pt><x>123</x><y>264</y></pt><pt><x>132</x><y>271</y></pt><pt><x>151</x><y>268</y></pt><pt><x>162</x><y>271</y></pt><pt><x>167</x><y>276</y></pt><pt><x>174</x><y>269</y></pt><pt><x>178</x><y>264</y></pt><pt><x>198</x><y>264</y></pt><pt><x>209</x><y>267</y></pt><pt><x>215</x><y>274</y></pt><pt><x>218</x><y>283</y></pt><pt><x>224</x><y>282</y></pt><pt><x>229</x><y>276</y></pt><pt><x>233</x><y>272</y></pt><pt><x>243</x><y>265</y></pt><pt><x>249</x><y>261</y></pt><pt><x>256</x><y>264</y></pt><pt><x>268</x><y>272</y></pt><pt><x>272</x><y>274</y></pt><pt><x>287</x><y>267</y></pt><pt><x>312</x><y>269</y></pt><pt><x>320</x><y>269</y></pt><pt><x>327</x><y>260</y></pt><pt><x>338</x><y>255</y></pt><pt><x>347</x><y>256</y></pt><pt><x>352</x><y>268</y></pt><pt><x>355</x><y>271</y></pt><pt><x>366</x><y>268</y></pt><pt><x>379</x><y>269</y></pt><pt><x>389</x><y>274</y></pt><pt><x>407</x><y>271</y></pt><pt><x>427</x><y>270</y></pt><pt><x>445</x><y>269</y></pt><pt><x>461</x><y>268</y></pt><pt><x>477</x><y>266</y></pt><pt><x>490</x><y>268</y></pt><pt><x>497</x><y>281</y></pt><pt><x>505</x><y>286</y></pt><pt><x>509</x><y>281</y></pt><pt><x>514</x><y>276</y></pt><pt><x>523</x><y>276</y></pt><pt><x>526</x><y>290</y></pt><pt><x>538</x><y>287</y></pt><pt><x>542</x><y>281</y></pt><pt><x>541</x><y>275</y></pt><pt><x>541</x><y>265</y></pt><pt><x>548</x><y>259</y></pt><pt><x>558</x><y>259</y></pt><pt><x>563</x><y>265</y></pt><pt><x>566</x><y>272</y></pt><pt><x>572</x><y>269</y></pt><pt><x>576</x><y>264</y></pt><pt><x>583</x><y>268</y></pt><pt><x>587</x><y>272</y></pt><pt><x>589</x><y>276</y></pt><pt><x>588</x><y>284</y></pt><pt><x>594</x><y>283</y></pt><pt><x>598</x><y>277</y></pt><pt><x>603</x><y>271</y></pt><pt><x>606</x><y>266</y></pt><pt><x>610</x><y>264</y></pt><pt><x>615</x><y>276</y></pt><pt><x>620</x><y>283</y></pt><pt><x>631</x><y>290</y></pt><pt><x>632</x><y>308</y></pt><pt><x>630</x><y>312</y></pt><pt><x>619</x><y>328</y></pt><pt><x>616</x><y>377</y></pt><pt><x>617</x><y>385</y></pt><pt><x>608</x><y>388</y></pt><pt><x>602</x><y>389</y></pt><pt><x>598</x><y>386</y></pt><pt><x>598</x><y>378</y></pt><pt><x>592</x><y>344</y></pt><pt><x>588</x><y>364</y></pt><pt><x>586</x><y>378</y></pt><pt><x>588</x><y>385</y></pt><pt><x>585</x><y>391</y></pt><pt><x>577</x><y>390</y></pt><pt><x>569</x><y>389</y></pt><pt><x>566</x><y>348</y></pt><pt><x>562</x><y>349</y></pt><pt><x>554</x><y>414</y></pt><pt><x>558</x><y>425</y></pt><pt><x>558</x><y>432</y></pt><pt><x>552</x><y>435</y></pt><pt><x>529</x><y>431</y></pt><pt><x>530</x><y>415</y></pt><pt><x>526</x><y>381</y></pt><pt><x>528</x><y>356</y></pt><pt><x>515</x><y>358</y></pt><pt><x>506</x><y>360</y></pt><pt><x>503</x><y>360</y></pt><pt><x>501</x><y>352</y></pt><pt><x>494</x><y>326</y></pt><pt><x>494</x><y>372</y></pt><pt><x>482</x><y>427</y></pt><pt><x>485</x><y>435</y></pt><pt><x>473</x><y>437</y></pt><pt><x>464</x><y>425</y></pt><pt><x>462</x><y>410</y></pt><pt><x>456</x><y>351</y></pt><pt><x>449</x><y>350</y></pt><pt><x>410</x><y>326</y></pt><pt><x>369</x><y>326</y></pt><pt><x>373</x><y>358</y></pt><pt><x>369</x><y>368</y></pt><pt><x>372</x><y>387</y></pt><pt><x>360</x><y>390</y></pt><pt><x>347</x><y>428</y></pt><pt><x>343</x><y>469</y></pt><pt><x>347</x><y>483</y></pt><pt><x>337</x><y>487</y></pt><pt><x>330</x><y>484</y></pt><pt><x>325</x><y>458</y></pt><pt><x>334</x><y>425</y></pt><pt><x>331</x><y>413</y></pt><pt><x>323</x><y>448</y></pt><pt><x>320</x><y>457</y></pt><pt><x>321</x><y>472</y></pt><pt><x>321</x><y>480</y></pt><pt><x>315</x><y>482</y></pt><pt><x>308</x><y>479</y></pt><pt><x>305</x><y>477</y></pt><pt><x>304</x><y>467</y></pt><pt><x>303</x><y>455</y></pt><pt><x>308</x><y>413</y></pt><pt><x>307</x><y>403</y></pt><pt><x>308</x><y>389</y></pt><pt><x>290</x><y>398</y></pt><pt><x>290</x><y>413</y></pt><pt><x>284</x><y>432</y></pt><pt><x>265</x><y>454</y></pt><pt><x>271</x><y>490</y></pt><pt><x>291</x><y>523</y></pt><pt><x>281</x><y>562</y></pt><pt><x>212</x><y>577</y></pt><pt><x>206</x><y>574</y></pt><pt><x>211</x><y>565</y></pt><pt><x>215</x><y>561</y></pt><pt><x>218</x><y>489</y></pt><pt><x>223</x><y>471</y></pt><pt><x>206</x><y>441</y></pt><pt><x>191</x><y>477</y></pt><pt><x>187</x><y>489</y></pt><pt><x>194</x><y>566</y></pt><pt><x>149</x><y>573</y></pt><pt><x>141</x><y>568</y></pt><pt><x>143</x><y>561</y></pt><pt><x>153</x><y>558</y></pt><pt><x>160</x><y>556</y></pt><pt><x>163</x><y>489</y></pt><pt><x>175</x><y>422</y></pt><pt><x>179</x><y>375</y></pt><pt><x>174</x><y>376</y></pt><pt><x>171</x><y>368</y></pt><pt><x>171</x><y>362</y></pt><pt><x>175</x><y>317</y></pt><pt><x>147</x><y>324</y></pt><pt><x>143</x><y>328</y></pt><pt><x>141</x><y>351</y></pt><pt><x>139</x><y>359</y></pt><pt><x>139</x><y>371</y></pt><pt><x>138</x><y>381</y></pt><pt><x>131</x><y>390</y></pt><pt><x>127</x><y>389</y></pt><pt><x>123</x><y>385</y></pt><pt><x>121</x><y>379</y></pt><pt><x>123</x><y>373</y></pt><pt><x>123</x><y>368</y></pt><pt><x>116</x><y>359</y></pt><pt><x>113</x><y>318</y></pt><pt><x>95</x><y>323</y></pt><pt><x>95</x><y>332</y></pt><pt><x>95</x><y>354</y></pt><pt><x>98</x><y>360</y></pt><pt><x>102</x><y>372</y></pt><pt><x>104</x><y>380</y></pt><pt><x>102</x><y>388</y></pt><pt><x>96</x><y>387</y></pt><pt><x>94</x><y>383</y></pt><pt><x>93</x><y>371</y></pt><pt><x>90</x><y>367</y></pt><pt><x>84</x><y>359</y></pt><pt><x>82</x><y>354</y></pt><pt><x>77</x><y>354</y></pt><pt><x>76</x><y>385</y></pt><pt><x>74</x><y>386</y></pt><pt><x>67</x><y>389</y></pt><pt><x>64</x><y>386</y></pt><pt><x>67</x><y>383</y></pt><pt><x>67</x><y>353</y></pt><pt><x>65</x><y>319</y></pt><pt><x>58</x><y>317</y></pt><pt><x>60</x><y>308</y></pt><pt><x>38</x><y>284</y></pt><pt><x>44</x><y>280</y></pt><pt><x>46</x><y>275</y></pt><pt><x>46</x><y>270</y></pt><pt><x>54</x><y>267</y></pt><pt><x>58</x><y>268</y></pt><pt><x>58</x><y>275</y></pt><pt><x>58</x><y>280</y></pt><pt><x>63</x><y>281</y></pt><pt><x>66</x><y>278</y></pt><pt><x>67</x><y>274</y></pt><pt><x>74</x><y>278</y></pt><pt><x>81</x><y>279</y></pt><pt><x>87</x><y>280</y></pt><pt><x>91</x><y>275</y></pt><pt><x>93</x><y>268</y></pt><pt><x>94</x><y>263</y></pt><pt><x>96</x><y>259</y></pt><pt><x>100</x><y>258</y></pt><pt><x>99</x><y>253</y></pt><pt><x>103</x><y>251</y></pt></polygon></object><object><name>sign</name><deleted>0</deleted><verified>0</verified><date>15-Jul-2012 21:45:29</date><id>1</id><polygon><username>sandy</username><pt><x>108</x><y>136</y></pt><pt><x>131</x><y>139</y></pt><pt><x>144</x><y>137</y></pt><pt><x>154</x><y>137</y></pt><pt><x>164</x><y>137</y></pt><pt><x>164</x><y>134</y></pt><pt><x>160</x><y>130</y></pt><pt><x>162</x><y>124</y></pt><pt><x>157</x><y>113</y></pt><pt><x>147</x><y>108</y></pt><pt><x>136</x><y>106</y></pt><pt><x>120</x><y>108</y></pt><pt><x>111</x><y>113</y></pt><pt><x>108</x><y>120</y></pt><pt><x>110</x><y>128</y></pt><pt><x>107</x><y>130</y></pt><pt><x>104</x><y>130</y></pt></polygon></object><object><name>sign</name><deleted>0</deleted><verified>0</verified><date>15-Jul-2012 21:45:29</date><id>2</id><polygon><username>sandy</username><pt><x>87</x><y>161</y></pt><pt><x>87</x><y>175</y></pt><pt><x>127</x><y>179</y></pt><pt><x>126</x><y>168</y></pt></polygon></object><object><name>sign</name><deleted>0</deleted><verified>0</verified><date>15-Jul-2012 21:45:29</date><id>3</id><polygon><username>sandy</username><pt><x>180</x><y>167</y></pt><pt><x>181</x><y>206</y></pt><pt><x>228</x><y>207</y></pt><pt><x>229</x><y>166</y></pt></polygon></object><object><name>sign</name><deleted>0</deleted><verified>0</verified><date>15-Jul-2012 21:45:29</date><id>4</id><polygon><username>sandy</username><pt><x>236</x><y>229</y></pt><pt><x>240</x><y>198</y></pt><pt><x>243</x><y>190</y></pt><pt><x>242</x><y>184</y></pt><pt><x>238</x><y>182</y></pt><pt><x>232</x><y>183</y></pt><pt><x>228</x><y>182</y></pt><pt><x>205</x><y>205</y></pt><pt><x>207</x><y>232</y></pt></polygon></object><object><name>sign</name><deleted>0</deleted><verified>0</verified><date>15-Jul-2012 21:45:29</date><id>5</id><polygon><username>sandy</username><pt><x>269</x><y>211</y></pt><pt><x>269</x><y>226</y></pt><pt><x>301</x><y>225</y></pt><pt><x>301</x><y>211</y></pt></polygon></object><object><name>sign</name><deleted>0</deleted><verified>0</verified><date>15-Jul-2012 21:45:29</date><id>6</id><polygon><username>sandy</username><pt><x>389</x><y>234</y></pt><pt><x>388</x><y>241</y></pt><pt><x>407</x><y>243</y></pt><pt><x>407</x><y>235</y></pt></polygon></object><object><name>sign</name><deleted>0</deleted><verified>0</verified><date>15-Jul-2012 21:45:29</date><id>7</id><polygon><username>sandy</username><pt><x>682</x><y>158</y></pt><pt><x>688</x><y>158</y></pt><pt><x>693</x><y>160</y></pt><pt><x>697</x><y>161</y></pt><pt><x>697</x><y>165</y></pt><pt><x>693</x><y>173</y></pt><pt><x>689</x><y>177</y></pt><pt><x>684</x><y>180</y></pt><pt><x>679</x><y>183</y></pt><pt><x>666</x><y>188</y></pt><pt><x>654</x><y>186</y></pt><pt><x>649</x><y>183</y></pt><pt><x>638</x><y>175</y></pt><pt><x>632</x><y>173</y></pt><pt><x>630</x><y>168</y></pt><pt><x>630</x><y>164</y></pt><pt><x>634</x><y>161</y></pt><pt><x>641</x><y>159</y></pt><pt><x>647</x><y>157</y></pt><pt><x>648</x><y>154</y></pt><pt><x>653</x><y>151</y></pt><pt><x>659</x><y>149</y></pt><pt><x>665</x><y>149</y></pt><pt><x>671</x><y>151</y></pt><pt><x>674</x><y>153</y></pt></polygon></object><object><name>sign</name><deleted>0</deleted><verified>0</verified><date>15-Jul-2012 21:45:29</date><id>8</id><polygon><username>sandy</username><pt><x>629</x><y>213</y></pt><pt><x>637</x><y>208</y></pt><pt><x>639</x><y>203</y></pt><pt><x>641</x><y>198</y></pt><pt><x>641</x><y>195</y></pt><pt><x>638</x><y>191</y></pt><pt><x>635</x><y>189</y></pt><pt><x>631</x><y>187</y></pt><pt><x>628</x><y>186</y></pt><pt><x>624</x><y>186</y></pt><pt><x>619</x><y>187</y></pt><pt><x>617</x><y>188</y></pt><pt><x>616</x><y>190</y></pt><pt><x>615</x><y>194</y></pt><pt><x>615</x><y>197</y></pt><pt><x>616</x><y>202</y></pt><pt><x>617</x><y>207</y></pt><pt><x>619</x><y>210</y></pt></polygon></object><object><name>sign</name><deleted>0</deleted><verified>0</verified><date>15-Jul-2012 21:45:29</date><id>9</id><polygon><username>sandy</username><pt><x>527</x><y>212</y></pt><pt><x>528</x><y>227</y></pt><pt><x>520</x><y>228</y></pt><pt><x>520</x><y>241</y></pt><pt><x>537</x><y>241</y></pt><pt><x>538</x><y>233</y></pt><pt><x>543</x><y>233</y></pt><pt><x>544</x><y>213</y></pt></polygon></object><object><name>sign</name><deleted>0</deleted><verified>0</verified><date>15-Jul-2012 21:45:29</date><id>10</id><polygon><username>sandy</username><pt><x>552</x><y>199</y></pt><pt><x>549</x><y>236</y></pt><pt><x>568</x><y>238</y></pt><pt><x>568</x><y>238</y></pt><pt><x>575</x><y>233</y></pt><pt><x>576</x><y>217</y></pt><pt><x>571</x><y>212</y></pt><pt><x>565</x><y>213</y></pt><pt><x>563</x><y>200</y></pt></polygon></object><object><name>shop</name><deleted>0</deleted><verified>0</verified><date>15-Jul-2012 21:45:29</date><id>11</id><polygon><username>sandy</username><pt><x>370</x><y>233</y></pt><pt><x>464</x><y>235</y></pt><pt><x>505</x><y>234</y></pt><pt><x>544</x><y>201</y></pt><pt><x>550</x><y>170</y></pt><pt><x>604</x><y>151</y></pt><pt><x>741</x><y>106</y></pt><pt><x>798</x><y>107</y></pt><pt><x>799</x><y>329</y></pt><pt><x>715</x><y>343</y></pt><pt><x>637</x><y>321</y></pt><pt><x>466</x><y>273</y></pt><pt><x>362</x><y>273</y></pt></polygon></object><object><name>people</name><deleted>0</deleted><verified>0</verified><date>15-Jul-2012 21:45:29</date><id>12</id><polygon><username>sandy</username><pt><x>678</x><y>296</y></pt><pt><x>681</x><y>307</y></pt><pt><x>688</x><y>319</y></pt><pt><x>691</x><y>328</y></pt><pt><x>690</x><y>332</y></pt><pt><x>686</x><y>332</y></pt><pt><x>681</x><y>318</y></pt><pt><x>672</x><y>309</y></pt><pt><x>669</x><y>315</y></pt><pt><x>672</x><y>322</y></pt><pt><x>673</x><y>333</y></pt><pt><x>666</x><y>347</y></pt><pt><x>665</x><y>362</y></pt><pt><x>663</x><y>376</y></pt><pt><x>663</x><y>384</y></pt><pt><x>660</x><y>386</y></pt><pt><x>655</x><y>386</y></pt><pt><x>652</x><y>386</y></pt><pt><x>650</x><y>383</y></pt><pt><x>652</x><y>380</y></pt><pt><x>650</x><y>352</y></pt><pt><x>641</x><y>329</y></pt><pt><x>637</x><y>337</y></pt><pt><x>636</x><y>337</y></pt><pt><x>636</x><y>333</y></pt><pt><x>638</x><y>322</y></pt><pt><x>642</x><y>306</y></pt><pt><x>643</x><y>298</y></pt><pt><x>646</x><y>293</y></pt><pt><x>652</x><y>289</y></pt><pt><x>654</x><y>285</y></pt><pt><x>652</x><y>282</y></pt><pt><x>654</x><y>278</y></pt><pt><x>656</x><y>275</y></pt><pt><x>660</x><y>273</y></pt><pt><x>663</x><y>272</y></pt><pt><x>666</x><y>273</y></pt><pt><x>667</x><y>276</y></pt><pt><x>667</x><y>281</y></pt><pt><x>664</x><y>285</y></pt><pt><x>666</x><y>288</y></pt><pt><x>669</x><y>292</y></pt></polygon></object><object><name>people</name><deleted>0</deleted><verified>0</verified><date>15-Jul-2012 21:45:29</date><id>13</id><polygon><username>sandy</username><pt><x>786</x><y>306</y></pt><pt><x>781</x><y>320</y></pt><pt><x>786</x><y>328</y></pt><pt><x>783</x><y>344</y></pt><pt><x>784</x><y>351</y></pt><pt><x>786</x><y>359</y></pt><pt><x>787</x><y>375</y></pt><pt><x>784</x><y>389</y></pt><pt><x>787</x><y>410</y></pt><pt><x>785</x><y>414</y></pt><pt><x>786</x><y>420</y></pt><pt><x>787</x><y>423</y></pt><pt><x>800</x><y>423</y></pt><pt><x>800</x><y>417</y></pt><pt><x>798</x><y>416</y></pt><pt><x>794</x><y>412</y></pt><pt><x>793</x><y>408</y></pt><pt><x>796</x><y>379</y></pt><pt><x>799</x><y>373</y></pt><pt><x>798</x><y>287</y></pt><pt><x>793</x><y>293</y></pt><pt><x>788</x><y>300</y></pt></polygon></object><object><name>shop</name><deleted>0</deleted><verified>0</verified><date>15-Jul-2012 21:45:29</date><id>14</id><polygon><username>sandy</username><pt><x>169</x><y>205</y></pt><pt><x>222</x><y>208</y></pt><pt><x>273</x><y>207</y></pt><pt><x>309</x><y>211</y></pt><pt><x>309</x><y>228</y></pt><pt><x>334</x><y>233</y></pt><pt><x>328</x><y>276</y></pt><pt><x>167</x><y>323</y></pt></polygon></object><object><name>pub</name><deleted>0</deleted><verified>0</verified><date>15-Jul-2012 21:45:29</date><id>15</id><polygon><username>sandy</username><pt><x>4</x><y>126</y></pt><pt><x>31</x><y>126</y></pt><pt><x>163</x><y>157</y></pt><pt><x>171</x><y>161</y></pt><pt><x>163</x><y>171</y></pt><pt><x>163</x><y>187</y></pt><pt><x>161</x><y>334</y></pt><pt><x>28</x><y>341</y></pt><pt><x>2</x><y>340</y></pt></polygon></object><object><name>pub</name><deleted>0</deleted><verified>0</verified><date>15-Jul-2012 21:45:29</date><id>16</id><polygon><username>sandy</username><pt><x>614</x><y>237</y></pt><pt><x>610</x><y>179</y></pt><pt><x>649</x><y>179</y></pt><pt><x>646</x><y>313</y></pt><pt><x>646</x><y>324</y></pt><pt><x>607</x><y>320</y></pt></polygon></object><object><name>barrier</name><deleted>0</deleted><verified>0</verified><date>15-Jul-2012 21:45:29</date><id>17</id><polygon><username>sandy</username><pt><x>369</x><y>306</y></pt><pt><x>435</x><y>304</y></pt><pt><x>443</x><y>330</y></pt><pt><x>446</x><y>345</y></pt><pt><x>446</x><y>395</y></pt><pt><x>445</x><y>400</y></pt><pt><x>447</x><y>414</y></pt><pt><x>440</x><y>417</y></pt><pt><x>442</x><y>397</y></pt><pt><x>425</x><y>401</y></pt><pt><x>372</x><y>401</y></pt><pt><x>291</x><y>399</y></pt><pt><x>277</x><y>393</y></pt><pt><x>274</x><y>324</y></pt><pt><x>308</x><y>302</y></pt></polygon></object><object><name>bag</name><deleted>0</deleted><verified>0</verified><date>15-Jul-2012 21:45:29</date><id>18</id><polygon><username>sandy</username><pt><x>314</x><y>336</y></pt><pt><x>346</x><y>332</y></pt><pt><x>352</x><y>368</y></pt><pt><x>337</x><y>375</y></pt><pt><x>310</x><y>379</y></pt><pt><x>304</x><y>366</y></pt><pt><x>309</x><y>341</y></pt></polygon></object><object><name>handbag</name><deleted>0</deleted><verified>0</verified><date>15-Jul-2012 21:45:29</date><id>19</id><polygon><username>sandy</username><pt><x>240</x><y>405</y></pt><pt><x>274</x><y>405</y></pt><pt><x>309</x><y>385</y></pt><pt><x>296</x><y>363</y></pt><pt><x>289</x><y>354</y></pt><pt><x>276</x><y>364</y></pt><pt><x>240</x><y>376</y></pt><pt><x>236</x><y>397</y></pt></polygon></object><object><name>bag</name><deleted>0</deleted><verified>0</verified><date>15-Jul-2012 21:45:29</date><id>20</id><polygon><username>sandy</username><pt><x>521</x><y>406</y></pt><pt><x>506</x><y>370</y></pt><pt><x>497</x><y>373</y></pt><pt><x>491</x><y>373</y></pt><pt><x>487</x><y>412</y></pt><pt><x>493</x><y>412</y></pt><pt><x>506</x><y>408</y></pt></polygon></object><object><name>bag</name><deleted>0</deleted><verified>0</verified><date>15-Jul-2012 21:45:29</date><id>21</id><polygon><username>sandy</username><pt><x>626</x><y>357</y></pt><pt><x>638</x><y>360</y></pt><pt><x>642</x><y>356</y></pt><pt><x>641</x><y>333</y></pt><pt><x>638</x><y>334</y></pt><pt><x>630</x><y>346</y></pt></polygon></object><object><name>handbag</name><deleted>0</deleted><verified>0</verified><date>15-Jul-2012 21:45:29</date><id>22</id><polygon><username>sandy</username><pt><x>778</x><y>339</y></pt><pt><x>786</x><y>341</y></pt><pt><x>786</x><y>310</y></pt><pt><x>782</x><y>314</y></pt><pt><x>778</x><y>321</y></pt></polygon></object><imagesize><nrows>600</nrows><ncols>800</ncols></imagesize></annotation>