<annotation><filename>s_street_music.jpg</filename><folder>100images</folder><source><sourceImage>The MIT-CSAIL database of objects and scenes</sourceImage><sourceAnnotation>LabelMe Webtool</sourceAnnotation></source><object><name>doublebass</name><deleted>0</deleted><verified>0</verified><date>15-Jul-2012 22:36:44</date><id>0</id><polygon><username>sandy</username><pt><x>523</x><y>289</y></pt><pt><x>523</x><y>258</y></pt><pt><x>519</x><y>240</y></pt><pt><x>515</x><y>232</y></pt><pt><x>506</x><y>219</y></pt><pt><x>492</x><y>205</y></pt><pt><x>490</x><y>199</y></pt><pt><x>488</x><y>192</y></pt><pt><x>474</x><y>188</y></pt><pt><x>463</x><y>184</y></pt><pt><x>458</x><y>181</y></pt><pt><x>454</x><y>177</y></pt><pt><x>454</x><y>170</y></pt><pt><x>465</x><y>96</y></pt><pt><x>478</x><y>96</y></pt><pt><x>483</x><y>74</y></pt><pt><x>488</x><y>77</y></pt><pt><x>498</x><y>68</y></pt><pt><x>501</x><y>62</y></pt><pt><x>500</x><y>60</y></pt><pt><x>497</x><y>60</y></pt><pt><x>495</x><y>57</y></pt><pt><x>500</x><y>48</y></pt><pt><x>503</x><y>39</y></pt><pt><x>499</x><y>28</y></pt><pt><x>494</x><y>22</y></pt><pt><x>488</x><y>20</y></pt><pt><x>483</x><y>20</y></pt><pt><x>476</x><y>21</y></pt><pt><x>474</x><y>23</y></pt><pt><x>472</x><y>28</y></pt><pt><x>470</x><y>32</y></pt><pt><x>471</x><y>38</y></pt><pt><x>475</x><y>44</y></pt><pt><x>479</x><y>45</y></pt><pt><x>483</x><y>44</y></pt><pt><x>485</x><y>44</y></pt><pt><x>472</x><y>54</y></pt><pt><x>466</x><y>64</y></pt><pt><x>460</x><y>80</y></pt><pt><x>454</x><y>87</y></pt><pt><x>429</x><y>221</y></pt><pt><x>423</x><y>238</y></pt><pt><x>407</x><y>299</y></pt><pt><x>403</x><y>313</y></pt><pt><x>401</x><y>332</y></pt><pt><x>407</x><y>360</y></pt><pt><x>412</x><y>367</y></pt><pt><x>410</x><y>410</y></pt><pt><x>414</x><y>432</y></pt><pt><x>419</x><y>445</y></pt><pt><x>427</x><y>452</y></pt><pt><x>435</x><y>457</y></pt><pt><x>445</x><y>458</y></pt><pt><x>460</x><y>461</y></pt><pt><x>480</x><y>460</y></pt><pt><x>501</x><y>459</y></pt><pt><x>512</x><y>455</y></pt><pt><x>523</x><y>447</y></pt><pt><x>532</x><y>424</y></pt><pt><x>535</x><y>395</y></pt><pt><x>530</x><y>360</y></pt><pt><x>525</x><y>340</y></pt><pt><x>519</x><y>337</y></pt><pt><x>516</x><y>322</y></pt><pt><x>514</x><y>307</y></pt><pt><x>514</x><y>298</y></pt><pt><x>516</x><y>294</y></pt></polygon></object><object><name>guitar</name><deleted>0</deleted><verified>0</verified><date>15-Jul-2012 22:36:44</date><id>1</id><polygon><username>sandy</username><pt><x>48</x><y>309</y></pt><pt><x>98</x><y>374</y></pt><pt><x>112</x><y>366</y></pt><pt><x>126</x><y>390</y></pt><pt><x>126</x><y>425</y></pt><pt><x>86</x><y>429</y></pt><pt><x>85</x><y>425</y></pt><pt><x>84</x><y>406</y></pt><pt><x>93</x><y>384</y></pt><pt><x>39</x><y>313</y></pt><pt><x>31</x><y>315</y></pt><pt><x>23</x><y>308</y></pt><pt><x>19</x><y>302</y></pt><pt><x>21</x><y>300</y></pt><pt><x>21</x><y>293</y></pt><pt><x>21</x><y>290</y></pt><pt><x>23</x><y>287</y></pt><pt><x>26</x><y>284</y></pt><pt><x>30</x><y>282</y></pt><pt><x>37</x><y>280</y></pt><pt><x>44</x><y>287</y></pt><pt><x>50</x><y>300</y></pt></polygon></object><object><name>man</name><deleted>0</deleted><verified>0</verified><date>15-Jul-2012 22:36:44</date><id>2</id><polygon><username>sandy</username><pt><x>171</x><y>269</y></pt><pt><x>175</x><y>267</y></pt><pt><x>179</x><y>259</y></pt><pt><x>183</x><y>259</y></pt><pt><x>193</x><y>249</y></pt><pt><x>195</x><y>239</y></pt><pt><x>195</x><y>229</y></pt><pt><x>192</x><y>224</y></pt><pt><x>184</x><y>214</y></pt><pt><x>173</x><y>204</y></pt><pt><x>159</x><y>201</y></pt><pt><x>152</x><y>201</y></pt><pt><x>146</x><y>202</y></pt><pt><x>142</x><y>206</y></pt><pt><x>140</x><y>211</y></pt><pt><x>137</x><y>213</y></pt><pt><x>124</x><y>211</y></pt><pt><x>121</x><y>213</y></pt><pt><x>126</x><y>218</y></pt><pt><x>130</x><y>224</y></pt><pt><x>128</x><y>230</y></pt><pt><x>128</x><y>233</y></pt><pt><x>120</x><y>244</y></pt><pt><x>123</x><y>246</y></pt><pt><x>122</x><y>255</y></pt><pt><x>120</x><y>264</y></pt><pt><x>122</x><y>271</y></pt><pt><x>127</x><y>272</y></pt><pt><x>131</x><y>273</y></pt><pt><x>137</x><y>292</y></pt><pt><x>142</x><y>299</y></pt><pt><x>141</x><y>307</y></pt><pt><x>126</x><y>340</y></pt><pt><x>113</x><y>362</y></pt><pt><x>88</x><y>358</y></pt><pt><x>61</x><y>345</y></pt><pt><x>51</x><y>335</y></pt><pt><x>39</x><y>319</y></pt><pt><x>30</x><y>315</y></pt><pt><x>28</x><y>313</y></pt><pt><x>26</x><y>314</y></pt><pt><x>23</x><y>318</y></pt><pt><x>21</x><y>320</y></pt><pt><x>21</x><y>325</y></pt><pt><x>28</x><y>339</y></pt><pt><x>48</x><y>349</y></pt><pt><x>70</x><y>369</y></pt><pt><x>97</x><y>385</y></pt><pt><x>115</x><y>393</y></pt><pt><x>125</x><y>391</y></pt><pt><x>123</x><y>425</y></pt><pt><x>45</x><y>436</y></pt><pt><x>36</x><y>451</y></pt><pt><x>65</x><y>545</y></pt><pt><x>66</x><y>550</y></pt><pt><x>71</x><y>552</y></pt><pt><x>65</x><y>567</y></pt><pt><x>107</x><y>552</y></pt><pt><x>106</x><y>541</y></pt><pt><x>107</x><y>538</y></pt><pt><x>99</x><y>512</y></pt><pt><x>89</x><y>505</y></pt><pt><x>86</x><y>500</y></pt><pt><x>79</x><y>473</y></pt><pt><x>111</x><y>478</y></pt><pt><x>119</x><y>497</y></pt><pt><x>134</x><y>524</y></pt><pt><x>137</x><y>528</y></pt><pt><x>137</x><y>540</y></pt><pt><x>165</x><y>532</y></pt><pt><x>157</x><y>491</y></pt><pt><x>208</x><y>473</y></pt><pt><x>209</x><y>443</y></pt><pt><x>204</x><y>374</y></pt><pt><x>197</x><y>336</y></pt><pt><x>198</x><y>316</y></pt><pt><x>194</x><y>302</y></pt><pt><x>184</x><y>292</y></pt><pt><x>177</x><y>288</y></pt><pt><x>171</x><y>282</y></pt></polygon></object><object><name>person</name><deleted>0</deleted><verified>0</verified><date>15-Jul-2012 22:36:44</date><id>3</id><polygon><username>sandy</username><pt><x>122</x><y>157</y></pt><pt><x>132</x><y>159</y></pt><pt><x>137</x><y>168</y></pt><pt><x>137</x><y>174</y></pt><pt><x>141</x><y>174</y></pt><pt><x>147</x><y>166</y></pt><pt><x>146</x><y>165</y></pt><pt><x>142</x><y>167</y></pt><pt><x>139</x><y>164</y></pt><pt><x>142</x><y>159</y></pt><pt><x>144</x><y>156</y></pt><pt><x>148</x><y>153</y></pt><pt><x>152</x><y>153</y></pt><pt><x>157</x><y>151</y></pt><pt><x>164</x><y>151</y></pt><pt><x>167</x><y>157</y></pt><pt><x>164</x><y>167</y></pt><pt><x>162</x><y>173</y></pt><pt><x>154</x><y>175</y></pt><pt><x>153</x><y>176</y></pt><pt><x>153</x><y>183</y></pt><pt><x>156</x><y>200</y></pt><pt><x>135</x><y>215</y></pt><pt><x>106</x><y>215</y></pt><pt><x>105</x><y>187</y></pt><pt><x>110</x><y>180</y></pt><pt><x>113</x><y>181</y></pt><pt><x>113</x><y>173</y></pt><pt><x>115</x><y>166</y></pt></polygon></object><object><name>man</name><deleted>0</deleted><verified>0</verified><date>15-Jul-2012 22:36:44</date><id>4</id><polygon><username>sandy</username><pt><x>419</x><y>139</y></pt><pt><x>419</x><y>135</y></pt><pt><x>414</x><y>125</y></pt><pt><x>412</x><y>121</y></pt><pt><x>409</x><y>114</y></pt><pt><x>409</x><y>108</y></pt><pt><x>411</x><y>99</y></pt><pt><x>414</x><y>86</y></pt><pt><x>416</x><y>79</y></pt><pt><x>419</x><y>77</y></pt><pt><x>428</x><y>76</y></pt><pt><x>441</x><y>81</y></pt><pt><x>450</x><y>86</y></pt><pt><x>453</x><y>113</y></pt><pt><x>468</x><y>126</y></pt><pt><x>479</x><y>136</y></pt><pt><x>513</x><y>173</y></pt><pt><x>521</x><y>177</y></pt><pt><x>525</x><y>182</y></pt><pt><x>525</x><y>194</y></pt><pt><x>525</x><y>201</y></pt><pt><x>521</x><y>205</y></pt><pt><x>511</x><y>226</y></pt><pt><x>475</x><y>457</y></pt><pt><x>476</x><y>470</y></pt><pt><x>476</x><y>497</y></pt><pt><x>472</x><y>512</y></pt><pt><x>450</x><y>515</y></pt><pt><x>449</x><y>501</y></pt><pt><x>444</x><y>499</y></pt><pt><x>442</x><y>458</y></pt><pt><x>425</x><y>455</y></pt><pt><x>426</x><y>495</y></pt><pt><x>424</x><y>510</y></pt><pt><x>408</x><y>524</y></pt><pt><x>388</x><y>524</y></pt><pt><x>387</x><y>514</y></pt><pt><x>393</x><y>504</y></pt><pt><x>394</x><y>491</y></pt><pt><x>392</x><y>489</y></pt><pt><x>392</x><y>414</y></pt><pt><x>394</x><y>331</y></pt><pt><x>391</x><y>318</y></pt><pt><x>385</x><y>309</y></pt><pt><x>388</x><y>269</y></pt><pt><x>385</x><y>259</y></pt><pt><x>374</x><y>260</y></pt><pt><x>368</x><y>255</y></pt><pt><x>369</x><y>243</y></pt><pt><x>371</x><y>236</y></pt><pt><x>370</x><y>227</y></pt><pt><x>371</x><y>221</y></pt><pt><x>378</x><y>196</y></pt><pt><x>374</x><y>181</y></pt><pt><x>387</x><y>155</y></pt><pt><x>396</x><y>149</y></pt><pt><x>403</x><y>146</y></pt></polygon></object><object><name>woman</name><deleted>0</deleted><verified>0</verified><date>15-Jul-2012 22:36:44</date><id>5</id><polygon><username>sandy</username><pt><x>688</x><y>135</y></pt><pt><x>688</x><y>124</y></pt><pt><x>692</x><y>119</y></pt><pt><x>701</x><y>115</y></pt><pt><x>710</x><y>112</y></pt><pt><x>715</x><y>108</y></pt><pt><x>719</x><y>104</y></pt><pt><x>726</x><y>103</y></pt><pt><x>734</x><y>106</y></pt><pt><x>746</x><y>113</y></pt><pt><x>753</x><y>125</y></pt><pt><x>754</x><y>135</y></pt><pt><x>751</x><y>144</y></pt><pt><x>746</x><y>167</y></pt><pt><x>748</x><y>180</y></pt><pt><x>756</x><y>189</y></pt><pt><x>768</x><y>194</y></pt><pt><x>774</x><y>204</y></pt><pt><x>775</x><y>222</y></pt><pt><x>765</x><y>252</y></pt><pt><x>757</x><y>281</y></pt><pt><x>752</x><y>304</y></pt><pt><x>753</x><y>326</y></pt><pt><x>753</x><y>337</y></pt><pt><x>749</x><y>346</y></pt><pt><x>751</x><y>363</y></pt><pt><x>748</x><y>382</y></pt><pt><x>739</x><y>398</y></pt><pt><x>737</x><y>408</y></pt><pt><x>734</x><y>458</y></pt><pt><x>733</x><y>506</y></pt><pt><x>690</x><y>597</y></pt><pt><x>637</x><y>599</y></pt><pt><x>629</x><y>567</y></pt><pt><x>610</x><y>556</y></pt><pt><x>616</x><y>532</y></pt><pt><x>640</x><y>427</y></pt><pt><x>642</x><y>379</y></pt><pt><x>646</x><y>361</y></pt><pt><x>599</x><y>340</y></pt><pt><x>579</x><y>344</y></pt><pt><x>566</x><y>348</y></pt><pt><x>552</x><y>354</y></pt><pt><x>550</x><y>351</y></pt><pt><x>551</x><y>349</y></pt><pt><x>563</x><y>340</y></pt><pt><x>539</x><y>342</y></pt><pt><x>536</x><y>338</y></pt><pt><x>532</x><y>336</y></pt><pt><x>533</x><y>331</y></pt><pt><x>539</x><y>326</y></pt><pt><x>541</x><y>322</y></pt><pt><x>575</x><y>313</y></pt><pt><x>564</x><y>302</y></pt><pt><x>563</x><y>299</y></pt><pt><x>567</x><y>298</y></pt><pt><x>594</x><y>318</y></pt><pt><x>628</x><y>330</y></pt><pt><x>645</x><y>335</y></pt><pt><x>626</x><y>290</y></pt><pt><x>608</x><y>276</y></pt><pt><x>583</x><y>269</y></pt><pt><x>587</x><y>264</y></pt><pt><x>588</x><y>262</y></pt><pt><x>603</x><y>265</y></pt><pt><x>587</x><y>245</y></pt><pt><x>587</x><y>239</y></pt><pt><x>593</x><y>235</y></pt><pt><x>601</x><y>234</y></pt><pt><x>606</x><y>233</y></pt><pt><x>610</x><y>233</y></pt><pt><x>626</x><y>251</y></pt><pt><x>632</x><y>254</y></pt><pt><x>631</x><y>249</y></pt><pt><x>630</x><y>245</y></pt><pt><x>634</x><y>242</y></pt><pt><x>638</x><y>249</y></pt><pt><x>639</x><y>256</y></pt><pt><x>639</x><y>275</y></pt><pt><x>652</x><y>303</y></pt><pt><x>662</x><y>291</y></pt><pt><x>666</x><y>283</y></pt><pt><x>673</x><y>256</y></pt><pt><x>678</x><y>249</y></pt><pt><x>686</x><y>244</y></pt><pt><x>691</x><y>242</y></pt><pt><x>691</x><y>229</y></pt><pt><x>688</x><y>223</y></pt><pt><x>679</x><y>222</y></pt><pt><x>673</x><y>220</y></pt><pt><x>669</x><y>218</y></pt><pt><x>667</x><y>215</y></pt><pt><x>667</x><y>210</y></pt><pt><x>667</x><y>205</y></pt><pt><x>669</x><y>198</y></pt><pt><x>665</x><y>197</y></pt><pt><x>660</x><y>192</y></pt><pt><x>664</x><y>186</y></pt><pt><x>664</x><y>171</y></pt><pt><x>659</x><y>167</y></pt><pt><x>661</x><y>162</y></pt><pt><x>664</x><y>156</y></pt><pt><x>667</x><y>149</y></pt><pt><x>674</x><y>143</y></pt><pt><x>680</x><y>140</y></pt></polygon></object><object><name>trombone</name><deleted>0</deleted><verified>0</verified><date>15-Jul-2012 22:36:44</date><id>6</id><polygon><username>sandy</username><pt><x>648</x><y>464</y></pt><pt><x>666</x><y>369</y></pt><pt><x>683</x><y>296</y></pt><pt><x>687</x><y>277</y></pt><pt><x>686</x><y>269</y></pt><pt><x>685</x><y>267</y></pt><pt><x>681</x><y>266</y></pt><pt><x>679</x><y>266</y></pt><pt><x>675</x><y>268</y></pt><pt><x>672</x><y>274</y></pt><pt><x>642</x><y>416</y></pt><pt><x>635</x><y>423</y></pt><pt><x>617</x><y>418</y></pt><pt><x>615</x><y>414</y></pt><pt><x>617</x><y>402</y></pt><pt><x>624</x><y>389</y></pt><pt><x>619</x><y>388</y></pt><pt><x>614</x><y>388</y></pt><pt><x>610</x><y>388</y></pt><pt><x>610</x><y>406</y></pt><pt><x>584</x><y>509</y></pt><pt><x>562</x><y>599</y></pt><pt><x>601</x><y>599</y></pt><pt><x>618</x><y>536</y></pt><pt><x>666</x><y>541</y></pt><pt><x>659</x><y>534</y></pt><pt><x>647</x><y>519</y></pt><pt><x>645</x><y>511</y></pt><pt><x>646</x><y>498</y></pt><pt><x>646</x><y>482</y></pt></polygon></object><object><name>drum</name><deleted>0</deleted><verified>0</verified><date>15-Jul-2012 22:36:44</date><id>7</id><polygon><username>sandy</username><pt><x>594</x><y>363</y></pt><pt><x>595</x><y>374</y></pt><pt><x>611</x><y>408</y></pt><pt><x>632</x><y>406</y></pt><pt><x>649</x><y>402</y></pt><pt><x>647</x><y>358</y></pt><pt><x>647</x><y>323</y></pt><pt><x>633</x><y>328</y></pt><pt><x>611</x><y>342</y></pt><pt><x>601</x><y>353</y></pt></polygon></object><object><name>microphone</name><deleted>0</deleted><verified>0</verified><date>15-Jul-2012 22:36:44</date><id>8</id><polygon><username>sandy</username><pt><x>460</x><y>357</y></pt><pt><x>451</x><y>359</y></pt><pt><x>427</x><y>369</y></pt><pt><x>423</x><y>371</y></pt><pt><x>422</x><y>366</y></pt><pt><x>446</x><y>353</y></pt><pt><x>447</x><y>352</y></pt><pt><x>457</x><y>347</y></pt></polygon></object><object><name>microphone</name><deleted>0</deleted><verified>0</verified><date>15-Jul-2012 22:36:44</date><id>9</id><polygon><username>sandy</username><pt><x>391</x><y>214</y></pt><pt><x>419</x><y>212</y></pt><pt><x>423</x><y>210</y></pt><pt><x>430</x><y>209</y></pt><pt><x>431</x><y>207</y></pt><pt><x>432</x><y>201</y></pt><pt><x>429</x><y>195</y></pt><pt><x>417</x><y>197</y></pt><pt><x>389</x><y>206</y></pt></polygon></object><object><name>microphone</name><deleted>0</deleted><verified>0</verified><date>15-Jul-2012 22:36:44</date><id>10</id><polygon><username>sandy</username><pt><x>32</x><y>411</y></pt><pt><x>62</x><y>413</y></pt><pt><x>66</x><y>414</y></pt><pt><x>72</x><y>414</y></pt><pt><x>75</x><y>412</y></pt><pt><x>76</x><y>410</y></pt><pt><x>76</x><y>406</y></pt><pt><x>75</x><y>404</y></pt><pt><x>73</x><y>402</y></pt><pt><x>72</x><y>400</y></pt><pt><x>69</x><y>401</y></pt><pt><x>64</x><y>402</y></pt><pt><x>62</x><y>403</y></pt><pt><x>32</x><y>403</y></pt></polygon></object><object><name>sign</name><deleted>0</deleted><verified>0</verified><date>15-Jul-2012 22:36:44</date><id>11</id><polygon><username>sandy</username><pt><x>2</x><y>262</y></pt><pt><x>129</x><y>264</y></pt><pt><x>146</x><y>316</y></pt><pt><x>80</x><y>493</y></pt><pt><x>0</x><y>486</y></pt></polygon></object><object><name>sign</name><deleted>0</deleted><verified>0</verified><date>15-Jul-2012 22:36:44</date><id>12</id><polygon><username>sandy</username><pt><x>421</x><y>546</y></pt><pt><x>421</x><y>576</y></pt><pt><x>427</x><y>599</y></pt><pt><x>522</x><y>598</y></pt><pt><x>521</x><y>578</y></pt><pt><x>522</x><y>543</y></pt><pt><x>423</x><y>528</y></pt></polygon></object><object><name>door</name><deleted>0</deleted><verified>0</verified><date>15-Jul-2012 22:36:44</date><id>13</id><polygon><username>sandy</username><pt><x>202</x><y>134</y></pt><pt><x>207</x><y>408</y></pt><pt><x>297</x><y>403</y></pt><pt><x>298</x><y>131</y></pt></polygon></object><object><name>door</name><deleted>0</deleted><verified>0</verified><date>15-Jul-2012 22:36:44</date><id>14</id><polygon><username>sandy</username><pt><x>367</x><y>440</y></pt><pt><x>385</x><y>439</y></pt><pt><x>389</x><y>134</y></pt><pt><x>371</x><y>135</y></pt></polygon></object><object><name>mannequin</name><deleted>0</deleted><verified>0</verified><date>15-Jul-2012 22:36:44</date><id>15</id><polygon><username>sandy</username><pt><x>351</x><y>238</y></pt><pt><x>349</x><y>188</y></pt><pt><x>342</x><y>165</y></pt><pt><x>336</x><y>161</y></pt><pt><x>335</x><y>148</y></pt><pt><x>337</x><y>141</y></pt><pt><x>337</x><y>135</y></pt><pt><x>335</x><y>129</y></pt><pt><x>330</x><y>126</y></pt><pt><x>326</x><y>123</y></pt><pt><x>323</x><y>124</y></pt><pt><x>320</x><y>127</y></pt><pt><x>316</x><y>128</y></pt><pt><x>310</x><y>140</y></pt><pt><x>312</x><y>150</y></pt><pt><x>314</x><y>154</y></pt><pt><x>305</x><y>184</y></pt><pt><x>303</x><y>209</y></pt><pt><x>296</x><y>350</y></pt><pt><x>294</x><y>354</y></pt><pt><x>286</x><y>358</y></pt><pt><x>287</x><y>362</y></pt><pt><x>300</x><y>362</y></pt><pt><x>307</x><y>364</y></pt><pt><x>310</x><y>368</y></pt><pt><x>320</x><y>372</y></pt><pt><x>333</x><y>373</y></pt><pt><x>343</x><y>372</y></pt><pt><x>353</x><y>367</y></pt><pt><x>355</x><y>363</y></pt><pt><x>353</x><y>333</y></pt><pt><x>356</x><y>292</y></pt><pt><x>352</x><y>261</y></pt><pt><x>354</x><y>254</y></pt></polygon></object><object><name>mannequin</name><deleted>0</deleted><verified>0</verified><date>15-Jul-2012 22:36:44</date><id>16</id><polygon><username>sandy</username><pt><x>614</x><y>155</y></pt><pt><x>622</x><y>149</y></pt><pt><x>607</x><y>155</y></pt><pt><x>616</x><y>181</y></pt><pt><x>618</x><y>209</y></pt><pt><x>616</x><y>237</y></pt><pt><x>607</x><y>318</y></pt><pt><x>613</x><y>441</y></pt><pt><x>605</x><y>448</y></pt><pt><x>587</x><y>447</y></pt><pt><x>580</x><y>448</y></pt><pt><x>569</x><y>445</y></pt><pt><x>568</x><y>438</y></pt><pt><x>582</x><y>433</y></pt><pt><x>590</x><y>429</y></pt><pt><x>592</x><y>399</y></pt><pt><x>589</x><y>368</y></pt><pt><x>581</x><y>348</y></pt><pt><x>573</x><y>339</y></pt><pt><x>569</x><y>398</y></pt><pt><x>574</x><y>409</y></pt><pt><x>571</x><y>422</y></pt><pt><x>569</x><y>432</y></pt><pt><x>562</x><y>433</y></pt><pt><x>564</x><y>422</y></pt><pt><x>556</x><y>426</y></pt><pt><x>546</x><y>430</y></pt><pt><x>535</x><y>427</y></pt><pt><x>537</x><y>421</y></pt><pt><x>542</x><y>414</y></pt><pt><x>547</x><y>400</y></pt><pt><x>551</x><y>389</y></pt><pt><x>548</x><y>345</y></pt><pt><x>530</x><y>290</y></pt><pt><x>528</x><y>286</y></pt><pt><x>527</x><y>228</y></pt><pt><x>536</x><y>186</y></pt><pt><x>527</x><y>182</y></pt><pt><x>524</x><y>162</y></pt><pt><x>525</x><y>145</y></pt><pt><x>526</x><y>134</y></pt><pt><x>529</x><y>98</y></pt><pt><x>537</x><y>86</y></pt><pt><x>541</x><y>77</y></pt><pt><x>542</x><y>69</y></pt><pt><x>538</x><y>62</y></pt><pt><x>540</x><y>52</y></pt><pt><x>540</x><y>45</y></pt><pt><x>540</x><y>40</y></pt><pt><x>544</x><y>35</y></pt><pt><x>549</x><y>32</y></pt><pt><x>556</x><y>35</y></pt><pt><x>559</x><y>37</y></pt><pt><x>564</x><y>40</y></pt><pt><x>566</x><y>44</y></pt><pt><x>565</x><y>49</y></pt><pt><x>566</x><y>56</y></pt><pt><x>568</x><y>65</y></pt><pt><x>570</x><y>70</y></pt><pt><x>578</x><y>72</y></pt><pt><x>581</x><y>74</y></pt><pt><x>583</x><y>83</y></pt><pt><x>582</x><y>95</y></pt><pt><x>586</x><y>102</y></pt><pt><x>590</x><y>106</y></pt><pt><x>597</x><y>105</y></pt><pt><x>606</x><y>108</y></pt><pt><x>608</x><y>113</y></pt><pt><x>611</x><y>116</y></pt><pt><x>617</x><y>121</y></pt><pt><x>622</x><y>134</y></pt><pt><x>624</x><y>140</y></pt><pt><x>617</x><y>154</y></pt></polygon></object><object><name>mannequin</name><deleted>0</deleted><verified>0</verified><date>15-Jul-2012 22:36:44</date><id>17</id><polygon><username>sandy</username><pt><x>643</x><y>169</y></pt><pt><x>642</x><y>158</y></pt><pt><x>648</x><y>155</y></pt><pt><x>652</x><y>166</y></pt><pt><x>667</x><y>171</y></pt><pt><x>657</x><y>249</y></pt><pt><x>658</x><y>255</y></pt><pt><x>623</x><y>250</y></pt><pt><x>627</x><y>222</y></pt><pt><x>630</x><y>172</y></pt></polygon></object><object><name>mannequin</name><deleted>0</deleted><verified>0</verified><date>15-Jul-2012 22:36:44</date><id>18</id><polygon><username>sandy</username><pt><x>522</x><y>62</y></pt><pt><x>521</x><y>105</y></pt><pt><x>516</x><y>125</y></pt><pt><x>514</x><y>141</y></pt><pt><x>509</x><y>145</y></pt><pt><x>508</x><y>165</y></pt><pt><x>474</x><y>128</y></pt><pt><x>477</x><y>88</y></pt><pt><x>481</x><y>50</y></pt><pt><x>486</x><y>45</y></pt><pt><x>486</x><y>30</y></pt><pt><x>486</x><y>24</y></pt><pt><x>484</x><y>19</y></pt><pt><x>488</x><y>15</y></pt><pt><x>494</x><y>14</y></pt><pt><x>500</x><y>15</y></pt><pt><x>502</x><y>20</y></pt><pt><x>504</x><y>25</y></pt><pt><x>503</x><y>32</y></pt><pt><x>502</x><y>44</y></pt><pt><x>506</x><y>47</y></pt><pt><x>514</x><y>50</y></pt></polygon></object><object><name>chair</name><deleted>0</deleted><verified>0</verified><date>15-Jul-2012 22:36:44</date><id>19</id><polygon><username>sandy</username><pt><x>240</x><y>387</y></pt><pt><x>240</x><y>406</y></pt><pt><x>223</x><y>409</y></pt><pt><x>221</x><y>439</y></pt><pt><x>201</x><y>512</y></pt><pt><x>209</x><y>537</y></pt><pt><x>190</x><y>533</y></pt><pt><x>146</x><y>530</y></pt><pt><x>155</x><y>485</y></pt><pt><x>204</x><y>377</y></pt><pt><x>225</x><y>381</y></pt></polygon></object><object><name>sign</name><deleted>0</deleted><verified>0</verified><date>15-Jul-2012 22:36:44</date><id>20</id><polygon><username>sandy</username><pt><x>741</x><y>505</y></pt><pt><x>797</x><y>520</y></pt><pt><x>799</x><y>599</y></pt><pt><x>687</x><y>596</y></pt><pt><x>732</x><y>505</y></pt></polygon></object><object><name>clothes</name><deleted>0</deleted><verified>0</verified><date>15-Jul-2012 22:36:44</date><id>21</id><polygon><username>sandy</username><pt><x>378</x><y>18</y></pt><pt><x>377</x><y>42</y></pt><pt><x>370</x><y>60</y></pt><pt><x>367</x><y>70</y></pt><pt><x>233</x><y>72</y></pt><pt><x>240</x><y>2</y></pt><pt><x>368</x><y>6</y></pt></polygon></object><imagesize><nrows>600</nrows><ncols>800</ncols></imagesize><object><name>table</name><deleted>0</deleted><verified>0</verified><date>18-Jul-2012 09:46:17</date><id>22</id><polygon><username>sandy</username><pt><x>404</x><y>531</y></pt><pt><x>530</x><y>491</y></pt><pt><x>664</x><y>517</y></pt><pt><x>674</x><y>527</y></pt><pt><x>647</x><y>596</y></pt><pt><x>578</x><y>594</y></pt><pt><x>556</x><y>562</y></pt><pt><x>396</x><y>549</y></pt></polygon></object><object><name>flyers</name><deleted>0</deleted><verified>0</verified><date>18-Jul-2012 09:46:17</date><id>23</id><polygon><username>sandy</username><pt><x>499</x><y>468</y></pt><pt><x>483</x><y>506</y></pt><pt><x>407</x><y>538</y></pt><pt><x>547</x><y>560</y></pt><pt><x>648</x><y>521</y></pt><pt><x>546</x><y>498</y></pt><pt><x>547</x><y>464</y></pt><pt><x>505</x><y>460</y></pt></polygon></object></annotation>