<annotation><filename>s_street_pedestrian.jpg</filename><folder>100images</folder><source><sourceImage>The MIT-CSAIL database of objects and scenes</sourceImage><sourceAnnotation>LabelMe Webtool</sourceAnnotation></source><object><name>person</name><deleted>0</deleted><verified>0</verified><date>15-Jul-2012 23:09:17</date><id>0</id><polygon><username>sandy</username><pt><x>153</x><y>448</y></pt><pt><x>159</x><y>419</y></pt><pt><x>158</x><y>401</y></pt><pt><x>158</x><y>393</y></pt><pt><x>162</x><y>389</y></pt><pt><x>164</x><y>399</y></pt><pt><x>165</x><y>402</y></pt><pt><x>163</x><y>410</y></pt><pt><x>161</x><y>417</y></pt><pt><x>161</x><y>420</y></pt><pt><x>167</x><y>420</y></pt><pt><x>171</x><y>414</y></pt><pt><x>173</x><y>411</y></pt><pt><x>175</x><y>402</y></pt><pt><x>179</x><y>400</y></pt><pt><x>178</x><y>382</y></pt><pt><x>175</x><y>364</y></pt><pt><x>173</x><y>339</y></pt><pt><x>168</x><y>327</y></pt><pt><x>155</x><y>320</y></pt><pt><x>150</x><y>317</y></pt><pt><x>150</x><y>314</y></pt><pt><x>145</x><y>310</y></pt><pt><x>146</x><y>306</y></pt><pt><x>146</x><y>302</y></pt><pt><x>145</x><y>293</y></pt><pt><x>138</x><y>284</y></pt><pt><x>133</x><y>283</y></pt><pt><x>128</x><y>281</y></pt><pt><x>124</x><y>283</y></pt><pt><x>121</x><y>285</y></pt><pt><x>119</x><y>287</y></pt><pt><x>118</x><y>291</y></pt><pt><x>121</x><y>307</y></pt><pt><x>122</x><y>308</y></pt><pt><x>111</x><y>315</y></pt><pt><x>97</x><y>325</y></pt><pt><x>90</x><y>340</y></pt><pt><x>86</x><y>363</y></pt><pt><x>87</x><y>381</y></pt><pt><x>100</x><y>422</y></pt><pt><x>103</x><y>427</y></pt><pt><x>107</x><y>451</y></pt><pt><x>109</x><y>456</y></pt><pt><x>106</x><y>471</y></pt><pt><x>107</x><y>523</y></pt><pt><x>110</x><y>528</y></pt><pt><x>111</x><y>535</y></pt><pt><x>113</x><y>541</y></pt><pt><x>114</x><y>543</y></pt><pt><x>125</x><y>539</y></pt><pt><x>127</x><y>528</y></pt><pt><x>129</x><y>524</y></pt><pt><x>133</x><y>512</y></pt><pt><x>140</x><y>514</y></pt><pt><x>146</x><y>515</y></pt><pt><x>149</x><y>510</y></pt><pt><x>155</x><y>501</y></pt><pt><x>155</x><y>497</y></pt><pt><x>155</x><y>480</y></pt><pt><x>154</x><y>460</y></pt></polygon></object><object><name>person</name><deleted>0</deleted><verified>0</verified><date>15-Jul-2012 23:09:17</date><id>1</id><polygon><username>sandy</username><pt><x>185</x><y>359</y></pt><pt><x>187</x><y>343</y></pt><pt><x>191</x><y>343</y></pt><pt><x>193</x><y>335</y></pt><pt><x>198</x><y>337</y></pt><pt><x>198</x><y>349</y></pt><pt><x>195</x><y>355</y></pt><pt><x>196</x><y>361</y></pt><pt><x>197</x><y>365</y></pt><pt><x>200</x><y>366</y></pt><pt><x>202</x><y>363</y></pt><pt><x>201</x><y>353</y></pt><pt><x>203</x><y>344</y></pt><pt><x>205</x><y>344</y></pt><pt><x>206</x><y>352</y></pt><pt><x>206</x><y>359</y></pt><pt><x>207</x><y>364</y></pt><pt><x>210</x><y>365</y></pt><pt><x>212</x><y>363</y></pt><pt><x>211</x><y>341</y></pt><pt><x>212</x><y>329</y></pt><pt><x>217</x><y>328</y></pt><pt><x>217</x><y>321</y></pt><pt><x>212</x><y>305</y></pt><pt><x>207</x><y>305</y></pt><pt><x>206</x><y>299</y></pt><pt><x>204</x><y>297</y></pt><pt><x>202</x><y>297</y></pt><pt><x>201</x><y>297</y></pt><pt><x>199</x><y>306</y></pt><pt><x>192</x><y>311</y></pt><pt><x>189</x><y>311</y></pt><pt><x>187</x><y>308</y></pt><pt><x>185</x><y>305</y></pt><pt><x>183</x><y>303</y></pt><pt><x>180</x><y>307</y></pt><pt><x>179</x><y>310</y></pt><pt><x>178</x><y>314</y></pt><pt><x>175</x><y>314</y></pt><pt><x>169</x><y>328</y></pt><pt><x>172</x><y>334</y></pt><pt><x>175</x><y>336</y></pt><pt><x>175</x><y>362</y></pt></polygon></object><object><name>person</name><deleted>0</deleted><verified>0</verified><date>15-Jul-2012 23:09:17</date><id>2</id><polygon><username>sandy</username><pt><x>361</x><y>356</y></pt><pt><x>368</x><y>354</y></pt><pt><x>367</x><y>330</y></pt><pt><x>368</x><y>324</y></pt><pt><x>370</x><y>327</y></pt><pt><x>370</x><y>329</y></pt><pt><x>372</x><y>326</y></pt><pt><x>373</x><y>324</y></pt><pt><x>369</x><y>306</y></pt><pt><x>365</x><y>304</y></pt><pt><x>364</x><y>301</y></pt><pt><x>363</x><y>299</y></pt><pt><x>361</x><y>298</y></pt><pt><x>358</x><y>299</y></pt><pt><x>356</x><y>302</y></pt><pt><x>353</x><y>304</y></pt><pt><x>350</x><y>306</y></pt><pt><x>347</x><y>310</y></pt><pt><x>347</x><y>324</y></pt><pt><x>349</x><y>328</y></pt><pt><x>350</x><y>340</y></pt><pt><x>355</x><y>338</y></pt><pt><x>358</x><y>337</y></pt><pt><x>357</x><y>346</y></pt></polygon></object><object><name>person</name><deleted>0</deleted><verified>0</verified><date>15-Jul-2012 23:09:17</date><id>3</id><polygon><username>sandy</username><pt><x>479</x><y>294</y></pt><pt><x>482</x><y>297</y></pt><pt><x>482</x><y>301</y></pt><pt><x>485</x><y>305</y></pt><pt><x>486</x><y>319</y></pt><pt><x>483</x><y>321</y></pt><pt><x>483</x><y>330</y></pt><pt><x>482</x><y>343</y></pt><pt><x>478</x><y>343</y></pt><pt><x>473</x><y>343</y></pt><pt><x>474</x><y>341</y></pt><pt><x>473</x><y>328</y></pt><pt><x>475</x><y>318</y></pt><pt><x>473</x><y>302</y></pt><pt><x>476</x><y>301</y></pt><pt><x>476</x><y>299</y></pt><pt><x>476</x><y>296</y></pt></polygon></object><object><name>person</name><deleted>0</deleted><verified>0</verified><date>15-Jul-2012 23:09:17</date><id>4</id><polygon><username>sandy</username><pt><x>495</x><y>303</y></pt><pt><x>493</x><y>306</y></pt><pt><x>491</x><y>310</y></pt><pt><x>490</x><y>318</y></pt><pt><x>492</x><y>321</y></pt><pt><x>495</x><y>331</y></pt><pt><x>497</x><y>342</y></pt><pt><x>498</x><y>343</y></pt><pt><x>504</x><y>342</y></pt><pt><x>501</x><y>303</y></pt><pt><x>499</x><y>301</y></pt></polygon></object><object><name>person</name><deleted>0</deleted><verified>0</verified><date>15-Jul-2012 23:09:17</date><id>5</id><polygon><username>sandy</username><pt><x>519</x><y>297</y></pt><pt><x>519</x><y>302</y></pt><pt><x>524</x><y>304</y></pt><pt><x>528</x><y>318</y></pt><pt><x>524</x><y>322</y></pt><pt><x>524</x><y>319</y></pt><pt><x>522</x><y>313</y></pt><pt><x>522</x><y>328</y></pt><pt><x>525</x><y>343</y></pt><pt><x>519</x><y>343</y></pt><pt><x>515</x><y>322</y></pt><pt><x>511</x><y>315</y></pt><pt><x>508</x><y>305</y></pt><pt><x>512</x><y>302</y></pt><pt><x>514</x><y>300</y></pt><pt><x>514</x><y>296</y></pt></polygon></object><object><name>person</name><deleted>0</deleted><verified>0</verified><date>15-Jul-2012 23:09:17</date><id>6</id><polygon><username>sandy</username><pt><x>562</x><y>324</y></pt><pt><x>564</x><y>310</y></pt><pt><x>566</x><y>307</y></pt><pt><x>568</x><y>306</y></pt><pt><x>568</x><y>302</y></pt><pt><x>569</x><y>298</y></pt><pt><x>570</x><y>298</y></pt><pt><x>573</x><y>298</y></pt><pt><x>573</x><y>302</y></pt><pt><x>575</x><y>304</y></pt><pt><x>583</x><y>313</y></pt><pt><x>587</x><y>330</y></pt><pt><x>585</x><y>331</y></pt><pt><x>581</x><y>321</y></pt><pt><x>579</x><y>330</y></pt><pt><x>575</x><y>335</y></pt><pt><x>580</x><y>353</y></pt><pt><x>580</x><y>358</y></pt><pt><x>577</x><y>360</y></pt><pt><x>575</x><y>357</y></pt><pt><x>575</x><y>355</y></pt><pt><x>576</x><y>354</y></pt><pt><x>575</x><y>349</y></pt><pt><x>573</x><y>353</y></pt><pt><x>572</x><y>356</y></pt><pt><x>570</x><y>352</y></pt><pt><x>571</x><y>338</y></pt><pt><x>568</x><y>328</y></pt><pt><x>568</x><y>326</y></pt></polygon></object><object><name>person</name><deleted>0</deleted><verified>0</verified><date>15-Jul-2012 23:09:17</date><id>7</id><polygon><username>sandy</username><pt><x>692</x><y>298</y></pt><pt><x>689</x><y>303</y></pt><pt><x>689</x><y>308</y></pt><pt><x>697</x><y>334</y></pt><pt><x>703</x><y>334</y></pt><pt><x>704</x><y>315</y></pt><pt><x>705</x><y>314</y></pt><pt><x>698</x><y>297</y></pt></polygon></object><object><name>water</name><deleted>0</deleted><verified>0</verified><date>15-Jul-2012 23:09:17</date><id>8</id><polygon><username>sandy</username><pt><x>413</x><y>598</y></pt><pt><x>344</x><y>518</y></pt><pt><x>334</x><y>485</y></pt><pt><x>260</x><y>406</y></pt><pt><x>256</x><y>384</y></pt><pt><x>238</x><y>369</y></pt><pt><x>239</x><y>364</y></pt><pt><x>248</x><y>357</y></pt><pt><x>252</x><y>352</y></pt><pt><x>267</x><y>344</y></pt><pt><x>291</x><y>335</y></pt><pt><x>324</x><y>334</y></pt><pt><x>317</x><y>341</y></pt><pt><x>311</x><y>346</y></pt><pt><x>313</x><y>356</y></pt><pt><x>321</x><y>361</y></pt><pt><x>323</x><y>369</y></pt><pt><x>381</x><y>387</y></pt><pt><x>384</x><y>406</y></pt><pt><x>560</x><y>469</y></pt><pt><x>569</x><y>494</y></pt><pt><x>655</x><y>530</y></pt><pt><x>798</x><y>588</y></pt><pt><x>799</x><y>598</y></pt></polygon></object><object><name>bench</name><deleted>0</deleted><verified>0</verified><date>15-Jul-2012 23:09:17</date><id>9</id><polygon><username>sandy</username><pt><x>539</x><y>347</y></pt><pt><x>570</x><y>350</y></pt><pt><x>563</x><y>361</y></pt><pt><x>556</x><y>365</y></pt><pt><x>555</x><y>370</y></pt><pt><x>557</x><y>377</y></pt><pt><x>551</x><y>379</y></pt><pt><x>550</x><y>379</y></pt><pt><x>550</x><y>367</y></pt><pt><x>546</x><y>366</y></pt><pt><x>531</x><y>364</y></pt><pt><x>531</x><y>368</y></pt><pt><x>534</x><y>374</y></pt><pt><x>527</x><y>374</y></pt><pt><x>528</x><y>365</y></pt><pt><x>523</x><y>361</y></pt><pt><x>516</x><y>359</y></pt><pt><x>533</x><y>358</y></pt><pt><x>535</x><y>352</y></pt></polygon></object><object><name>bag</name><deleted>0</deleted><verified>0</verified><date>15-Jul-2012 23:09:17</date><id>10</id><polygon><username>sandy</username><pt><x>102</x><y>371</y></pt><pt><x>130</x><y>368</y></pt><pt><x>136</x><y>368</y></pt><pt><x>149</x><y>319</y></pt><pt><x>157</x><y>321</y></pt><pt><x>143</x><y>374</y></pt><pt><x>141</x><y>409</y></pt><pt><x>114</x><y>419</y></pt><pt><x>102</x><y>425</y></pt><pt><x>87</x><y>414</y></pt><pt><x>88</x><y>403</y></pt><pt><x>84</x><y>400</y></pt><pt><x>81</x><y>398</y></pt><pt><x>81</x><y>391</y></pt><pt><x>82</x><y>387</y></pt><pt><x>84</x><y>383</y></pt><pt><x>89</x><y>380</y></pt></polygon></object><object><name>trees</name><deleted>0</deleted><verified>0</verified><date>15-Jul-2012 23:09:17</date><id>11</id><polygon><username>sandy</username><pt><x>2</x><y>305</y></pt><pt><x>22</x><y>306</y></pt><pt><x>31</x><y>310</y></pt><pt><x>37</x><y>332</y></pt><pt><x>43</x><y>333</y></pt><pt><x>41</x><y>315</y></pt><pt><x>49</x><y>312</y></pt><pt><x>59</x><y>351</y></pt><pt><x>53</x><y>354</y></pt><pt><x>53</x><y>395</y></pt><pt><x>82</x><y>394</y></pt><pt><x>83</x><y>351</y></pt><pt><x>176</x><y>337</y></pt><pt><x>236</x><y>328</y></pt><pt><x>236</x><y>336</y></pt><pt><x>256</x><y>336</y></pt><pt><x>263</x><y>328</y></pt><pt><x>264</x><y>324</y></pt><pt><x>268</x><y>324</y></pt><pt><x>270</x><y>328</y></pt><pt><x>276</x><y>327</y></pt><pt><x>280</x><y>320</y></pt><pt><x>288</x><y>320</y></pt><pt><x>298</x><y>319</y></pt><pt><x>300</x><y>323</y></pt><pt><x>306</x><y>322</y></pt><pt><x>308</x><y>320</y></pt><pt><x>312</x><y>324</y></pt><pt><x>320</x><y>324</y></pt><pt><x>326</x><y>319</y></pt><pt><x>342</x><y>318</y></pt><pt><x>352</x><y>319</y></pt><pt><x>367</x><y>310</y></pt><pt><x>372</x><y>306</y></pt><pt><x>377</x><y>306</y></pt><pt><x>378</x><y>313</y></pt><pt><x>381</x><y>324</y></pt><pt><x>381</x><y>334</y></pt><pt><x>384</x><y>344</y></pt><pt><x>386</x><y>347</y></pt><pt><x>393</x><y>346</y></pt><pt><x>401</x><y>344</y></pt><pt><x>401</x><y>335</y></pt><pt><x>403</x><y>331</y></pt><pt><x>409</x><y>328</y></pt><pt><x>416</x><y>327</y></pt><pt><x>419</x><y>310</y></pt><pt><x>421</x><y>318</y></pt><pt><x>420</x><y>330</y></pt><pt><x>419</x><y>344</y></pt><pt><x>421</x><y>352</y></pt><pt><x>429</x><y>356</y></pt><pt><x>441</x><y>356</y></pt><pt><x>445</x><y>352</y></pt><pt><x>445</x><y>333</y></pt><pt><x>445</x><y>328</y></pt><pt><x>450</x><y>332</y></pt><pt><x>449</x><y>348</y></pt><pt><x>454</x><y>351</y></pt><pt><x>460</x><y>347</y></pt><pt><x>462</x><y>328</y></pt><pt><x>465</x><y>325</y></pt><pt><x>490</x><y>321</y></pt><pt><x>500</x><y>355</y></pt><pt><x>513</x><y>356</y></pt><pt><x>511</x><y>308</y></pt><pt><x>513</x><y>290</y></pt><pt><x>556</x><y>292</y></pt><pt><x>599</x><y>293</y></pt><pt><x>594</x><y>312</y></pt><pt><x>592</x><y>328</y></pt><pt><x>592</x><y>340</y></pt><pt><x>595</x><y>349</y></pt><pt><x>609</x><y>349</y></pt><pt><x>626</x><y>349</y></pt><pt><x>634</x><y>379</y></pt><pt><x>636</x><y>382</y></pt><pt><x>638</x><y>352</y></pt><pt><x>659</x><y>348</y></pt><pt><x>657</x><y>368</y></pt><pt><x>651</x><y>396</y></pt><pt><x>656</x><y>425</y></pt><pt><x>701</x><y>420</y></pt><pt><x>699</x><y>386</y></pt><pt><x>693</x><y>376</y></pt><pt><x>691</x><y>334</y></pt><pt><x>701</x><y>275</y></pt><pt><x>706</x><y>259</y></pt><pt><x>723</x><y>272</y></pt><pt><x>731</x><y>269</y></pt><pt><x>735</x><y>252</y></pt><pt><x>737</x><y>220</y></pt><pt><x>744</x><y>203</y></pt><pt><x>745</x><y>196</y></pt><pt><x>747</x><y>189</y></pt><pt><x>752</x><y>191</y></pt><pt><x>762</x><y>201</y></pt><pt><x>767</x><y>209</y></pt><pt><x>772</x><y>217</y></pt><pt><x>780</x><y>225</y></pt><pt><x>791</x><y>223</y></pt><pt><x>799</x><y>216</y></pt><pt><x>799</x><y>2</y></pt><pt><x>524</x><y>2</y></pt><pt><x>528</x><y>63</y></pt><pt><x>539</x><y>76</y></pt><pt><x>544</x><y>86</y></pt><pt><x>512</x><y>75</y></pt><pt><x>458</x><y>67</y></pt><pt><x>415</x><y>66</y></pt><pt><x>391</x><y>83</y></pt><pt><x>364</x><y>91</y></pt><pt><x>347</x><y>91</y></pt><pt><x>332</x><y>82</y></pt><pt><x>333</x><y>74</y></pt><pt><x>340</x><y>60</y></pt><pt><x>343</x><y>46</y></pt><pt><x>343</x><y>27</y></pt><pt><x>343</x><y>1</y></pt><pt><x>0</x><y>2</y></pt></polygon></object><object><name>car</name><deleted>0</deleted><verified>0</verified><date>15-Jul-2012 23:09:17</date><id>12</id><polygon><username>sandy</username><pt><x>539</x><y>302</y></pt><pt><x>536</x><y>311</y></pt><pt><x>536</x><y>321</y></pt><pt><x>539</x><y>325</y></pt><pt><x>546</x><y>322</y></pt><pt><x>571</x><y>322</y></pt><pt><x>568</x><y>310</y></pt><pt><x>562</x><y>298</y></pt></polygon></object><object><name>car</name><deleted>0</deleted><verified>0</verified><date>15-Jul-2012 23:09:17</date><id>13</id><polygon><username>sandy</username><pt><x>583</x><y>287</y></pt><pt><x>593</x><y>290</y></pt><pt><x>597</x><y>295</y></pt><pt><x>596</x><y>300</y></pt><pt><x>592</x><y>301</y></pt><pt><x>576</x><y>301</y></pt><pt><x>568</x><y>299</y></pt><pt><x>565</x><y>296</y></pt><pt><x>568</x><y>292</y></pt><pt><x>571</x><y>292</y></pt><pt><x>573</x><y>288</y></pt></polygon></object><object><name>backpack</name><deleted>0</deleted><verified>0</verified><date>15-Jul-2012 23:09:17</date><id>14</id><polygon><username>sandy</username><pt><x>574</x><y>308</y></pt><pt><x>571</x><y>310</y></pt><pt><x>569</x><y>315</y></pt><pt><x>568</x><y>325</y></pt><pt><x>579</x><y>328</y></pt><pt><x>581</x><y>316</y></pt><pt><x>580</x><y>310</y></pt><pt><x>578</x><y>308</y></pt></polygon></object><object><name>backpack</name><deleted>0</deleted><verified>0</verified><date>15-Jul-2012 23:09:17</date><id>15</id><polygon><username>sandy</username><pt><x>364</x><y>307</y></pt><pt><x>366</x><y>312</y></pt><pt><x>366</x><y>315</y></pt><pt><x>356</x><y>316</y></pt><pt><x>354</x><y>310</y></pt><pt><x>355</x><y>306</y></pt><pt><x>357</x><y>304</y></pt><pt><x>359</x><y>303</y></pt></polygon></object><object><name>bollard</name><deleted>0</deleted><verified>0</verified><date>15-Jul-2012 23:09:17</date><id>16</id><polygon><username>sandy</username><pt><x>534</x><y>325</y></pt><pt><x>535</x><y>346</y></pt><pt><x>532</x><y>346</y></pt><pt><x>530</x><y>324</y></pt></polygon></object><object><name>bollard</name><deleted>0</deleted><verified>0</verified><date>15-Jul-2012 23:09:17</date><id>17</id><polygon><username>sandy</username><pt><x>563</x><y>327</y></pt><pt><x>564</x><y>349</y></pt><pt><x>558</x><y>350</y></pt><pt><x>558</x><y>327</y></pt></polygon></object><object><name>bollard</name><deleted>0</deleted><verified>0</verified><date>15-Jul-2012 23:09:17</date><id>18</id><polygon><username>sandy</username><pt><x>721</x><y>322</y></pt><pt><x>721</x><y>339</y></pt><pt><x>725</x><y>340</y></pt><pt><x>725</x><y>321</y></pt></polygon></object><object><name>bollard</name><deleted>0</deleted><verified>0</verified><date>15-Jul-2012 23:09:17</date><id>19</id><polygon><username>sandy</username><pt><x>769</x><y>383</y></pt><pt><x>777</x><y>383</y></pt><pt><x>774</x><y>346</y></pt><pt><x>768</x><y>345</y></pt></polygon></object><object><name>bollard</name><deleted>0</deleted><verified>0</verified><date>15-Jul-2012 23:09:17</date><id>20</id><polygon><username>sandy</username><pt><x>758</x><y>337</y></pt><pt><x>762</x><y>338</y></pt><pt><x>762</x><y>318</y></pt><pt><x>758</x><y>319</y></pt></polygon></object><object><name>pole</name><deleted>0</deleted><verified>0</verified><date>15-Jul-2012 23:09:17</date><id>21</id><polygon><username>sandy</username><pt><x>21</x><y>363</y></pt><pt><x>23</x><y>112</y></pt><pt><x>12</x><y>111</y></pt><pt><x>9</x><y>365</y></pt><pt><x>4</x><y>374</y></pt><pt><x>23</x><y>372</y></pt></polygon></object><object><name>building</name><deleted>0</deleted><verified>0</verified><date>15-Jul-2012 23:09:17</date><id>22</id><polygon><username>sandy</username><pt><x>741</x><y>8</y></pt><pt><x>640</x><y>96</y></pt><pt><x>634</x><y>307</y></pt><pt><x>797</x><y>339</y></pt><pt><x>797</x><y>3</y></pt></polygon></object><imagesize><nrows>600</nrows><ncols>800</ncols></imagesize></annotation>