<annotation><filename>s_studio_desk.jpg</filename><folder>100images</folder><source><sourceImage>The MIT-CSAIL database of objects and scenes</sourceImage><sourceAnnotation>LabelMe Webtool</sourceAnnotation></source><object><name>guitar</name><deleted>0</deleted><verified>0</verified><date>15-Jul-2012 23:29:11</date><id>0</id><polygon><username>sandy</username><pt><x>248</x><y>384</y></pt><pt><x>251</x><y>374</y></pt><pt><x>253</x><y>372</y></pt><pt><x>259</x><y>372</y></pt><pt><x>264</x><y>374</y></pt><pt><x>264</x><y>380</y></pt><pt><x>266</x><y>394</y></pt><pt><x>269</x><y>401</y></pt><pt><x>274</x><y>404</y></pt><pt><x>288</x><y>413</y></pt><pt><x>299</x><y>432</y></pt><pt><x>300</x><y>452</y></pt><pt><x>293</x><y>471</y></pt><pt><x>285</x><y>481</y></pt><pt><x>268</x><y>491</y></pt><pt><x>258</x><y>492</y></pt><pt><x>242</x><y>489</y></pt><pt><x>228</x><y>476</y></pt><pt><x>222</x><y>466</y></pt><pt><x>220</x><y>455</y></pt><pt><x>221</x><y>435</y></pt><pt><x>222</x><y>426</y></pt><pt><x>221</x><y>419</y></pt><pt><x>216</x><y>413</y></pt><pt><x>210</x><y>401</y></pt><pt><x>207</x><y>396</y></pt><pt><x>208</x><y>392</y></pt><pt><x>210</x><y>389</y></pt><pt><x>216</x><y>389</y></pt><pt><x>219</x><y>392</y></pt><pt><x>224</x><y>393</y></pt><pt><x>228</x><y>395</y></pt><pt><x>229</x><y>395</y></pt><pt><x>229</x><y>391</y></pt><pt><x>232</x><y>386</y></pt><pt><x>187</x><y>275</y></pt><pt><x>182</x><y>268</y></pt><pt><x>176</x><y>267</y></pt><pt><x>174</x><y>265</y></pt><pt><x>171</x><y>266</y></pt><pt><x>167</x><y>265</y></pt><pt><x>166</x><y>261</y></pt><pt><x>169</x><y>261</y></pt><pt><x>170</x><y>259</y></pt><pt><x>168</x><y>257</y></pt><pt><x>166</x><y>257</y></pt><pt><x>164</x><y>251</y></pt><pt><x>158</x><y>249</y></pt><pt><x>156</x><y>244</y></pt><pt><x>158</x><y>243</y></pt><pt><x>159</x><y>241</y></pt><pt><x>159</x><y>232</y></pt><pt><x>170</x><y>228</y></pt><pt><x>178</x><y>230</y></pt><pt><x>180</x><y>231</y></pt><pt><x>180</x><y>235</y></pt><pt><x>182</x><y>235</y></pt><pt><x>189</x><y>245</y></pt><pt><x>195</x><y>253</y></pt><pt><x>192</x><y>257</y></pt><pt><x>195</x><y>264</y></pt><pt><x>198</x><y>271</y></pt></polygon></object><object><name>guitar</name><deleted>0</deleted><verified>0</verified><date>15-Jul-2012 23:29:11</date><id>1</id><polygon><username>sandy</username><pt><x>280</x><y>319</y></pt><pt><x>286</x><y>316</y></pt><pt><x>290</x><y>321</y></pt><pt><x>294</x><y>323</y></pt><pt><x>301</x><y>334</y></pt><pt><x>313</x><y>345</y></pt><pt><x>325</x><y>361</y></pt><pt><x>340</x><y>383</y></pt><pt><x>342</x><y>395</y></pt><pt><x>341</x><y>404</y></pt><pt><x>331</x><y>425</y></pt><pt><x>326</x><y>430</y></pt><pt><x>317</x><y>431</y></pt><pt><x>311</x><y>428</y></pt><pt><x>290</x><y>401</y></pt><pt><x>279</x><y>380</y></pt><pt><x>275</x><y>371</y></pt><pt><x>268</x><y>357</y></pt><pt><x>255</x><y>344</y></pt><pt><x>251</x><y>339</y></pt><pt><x>248</x><y>332</y></pt><pt><x>249</x><y>321</y></pt><pt><x>259</x><y>320</y></pt><pt><x>262</x><y>325</y></pt><pt><x>265</x><y>330</y></pt><pt><x>268</x><y>331</y></pt><pt><x>270</x><y>331</y></pt><pt><x>272</x><y>331</y></pt><pt><x>194</x><y>211</y></pt><pt><x>189</x><y>209</y></pt><pt><x>185</x><y>206</y></pt><pt><x>181</x><y>198</y></pt><pt><x>177</x><y>192</y></pt><pt><x>173</x><y>192</y></pt><pt><x>167</x><y>188</y></pt><pt><x>167</x><y>186</y></pt><pt><x>170</x><y>185</y></pt><pt><x>170</x><y>182</y></pt><pt><x>168</x><y>177</y></pt><pt><x>166</x><y>178</y></pt><pt><x>161</x><y>179</y></pt><pt><x>158</x><y>174</y></pt><pt><x>159</x><y>171</y></pt><pt><x>163</x><y>170</y></pt><pt><x>159</x><y>158</y></pt><pt><x>160</x><y>154</y></pt><pt><x>161</x><y>152</y></pt><pt><x>164</x><y>150</y></pt><pt><x>168</x><y>150</y></pt><pt><x>186</x><y>182</y></pt><pt><x>192</x><y>186</y></pt><pt><x>196</x><y>201</y></pt><pt><x>201</x><y>204</y></pt></polygon></object><object><name>computer</name><deleted>0</deleted><verified>0</verified><date>15-Jul-2012 23:29:11</date><id>2</id><polygon><username>sandy</username><pt><x>580</x><y>374</y></pt><pt><x>643</x><y>415</y></pt><pt><x>649</x><y>415</y></pt><pt><x>674</x><y>409</y></pt><pt><x>678</x><y>401</y></pt><pt><x>687</x><y>322</y></pt><pt><x>684</x><y>314</y></pt><pt><x>679</x><y>309</y></pt><pt><x>617</x><y>278</y></pt><pt><x>613</x><y>274</y></pt><pt><x>608</x><y>273</y></pt><pt><x>602</x><y>272</y></pt><pt><x>590</x><y>273</y></pt><pt><x>584</x><y>276</y></pt><pt><x>581</x><y>280</y></pt><pt><x>579</x><y>285</y></pt><pt><x>576</x><y>298</y></pt><pt><x>571</x><y>360</y></pt><pt><x>574</x><y>366</y></pt></polygon></object><object><name>desk</name><deleted>0</deleted><verified>0</verified><date>15-Jul-2012 23:29:11</date><id>3</id><polygon><username>sandy</username><pt><x>430</x><y>230</y></pt><pt><x>465</x><y>173</y></pt><pt><x>742</x><y>187</y></pt><pt><x>744</x><y>253</y></pt><pt><x>723</x><y>427</y></pt><pt><x>715</x><y>429</y></pt><pt><x>716</x><y>341</y></pt><pt><x>484</x><y>320</y></pt><pt><x>448</x><y>394</y></pt><pt><x>443</x><y>395</y></pt></polygon></object><imagesize><nrows>600</nrows><ncols>800</ncols></imagesize><object><name>speaker</name><deleted>0</deleted><verified>0</verified><date>15-Jul-2012 23:35:05</date><id>4</id><polygon><username>sandy</username><pt><x>436</x><y>98</y></pt><pt><x>448</x><y>87</y></pt><pt><x>503</x><y>90</y></pt><pt><x>505</x><y>180</y></pt><pt><x>492</x><y>195</y></pt><pt><x>441</x><y>191</y></pt></polygon></object><object><name>speaker</name><deleted>0</deleted><verified>0</verified><date>15-Jul-2012 23:35:05</date><id>5</id><polygon><username>sandy</username><pt><x>693</x><y>199</y></pt><pt><x>739</x><y>214</y></pt><pt><x>768</x><y>194</y></pt><pt><x>776</x><y>103</y></pt><pt><x>734</x><y>88</y></pt><pt><x>698</x><y>101</y></pt></polygon></object><object><name>box</name><deleted>0</deleted><verified>0</verified><date>15-Jul-2012 23:35:05</date><id>6</id><polygon><username>sandy</username><pt><x>165</x><y>394</y></pt><pt><x>157</x><y>339</y></pt><pt><x>158</x><y>330</y></pt><pt><x>161</x><y>326</y></pt><pt><x>160</x><y>320</y></pt><pt><x>158</x><y>319</y></pt><pt><x>155</x><y>315</y></pt><pt><x>140</x><y>307</y></pt><pt><x>138</x><y>267</y></pt><pt><x>141</x><y>263</y></pt><pt><x>143</x><y>258</y></pt><pt><x>146</x><y>254</y></pt><pt><x>148</x><y>250</y></pt><pt><x>146</x><y>245</y></pt><pt><x>143</x><y>243</y></pt><pt><x>138</x><y>238</y></pt><pt><x>67</x><y>224</y></pt><pt><x>61</x><y>227</y></pt><pt><x>2</x><y>269</y></pt><pt><x>0</x><y>325</y></pt><pt><x>16</x><y>365</y></pt><pt><x>14</x><y>372</y></pt><pt><x>9</x><y>377</y></pt><pt><x>10</x><y>382</y></pt><pt><x>15</x><y>392</y></pt><pt><x>21</x><y>397</y></pt><pt><x>26</x><y>400</y></pt><pt><x>44</x><y>440</y></pt><pt><x>49</x><y>446</y></pt><pt><x>103</x><y>452</y></pt><pt><x>110</x><y>453</y></pt><pt><x>130</x><y>436</y></pt><pt><x>129</x><y>428</y></pt><pt><x>146</x><y>408</y></pt><pt><x>150</x><y>407</y></pt></polygon></object><object><name>bin</name><deleted>0</deleted><verified>0</verified><date>15-Jul-2012 23:35:05</date><id>7</id><polygon><username>sandy</username><pt><x>2</x><y>542</y></pt><pt><x>12</x><y>539</y></pt><pt><x>24</x><y>537</y></pt><pt><x>41</x><y>537</y></pt><pt><x>59</x><y>549</y></pt><pt><x>67</x><y>590</y></pt><pt><x>66</x><y>599</y></pt><pt><x>2</x><y>599</y></pt></polygon></object><object><name>keyboard</name><deleted>0</deleted><verified>0</verified><date>15-Jul-2012 23:35:05</date><id>8</id><polygon><username>sandy</username><pt><x>523</x><y>229</y></pt><pt><x>653</x><y>238</y></pt><pt><x>655</x><y>212</y></pt><pt><x>530</x><y>206</y></pt></polygon></object><object><name>monitor</name><deleted>0</deleted><verified>0</verified><date>15-Jul-2012 23:35:05</date><id>9</id><polygon><username>sandy</username><pt><x>556</x><y>93</y></pt><pt><x>556</x><y>181</y></pt><pt><x>579</x><y>183</y></pt><pt><x>576</x><y>202</y></pt><pt><x>631</x><y>206</y></pt><pt><x>635</x><y>187</y></pt><pt><x>655</x><y>186</y></pt><pt><x>661</x><y>94</y></pt></polygon></object><object><name>guitarcase</name><deleted>0</deleted><verified>0</verified><date>15-Jul-2012 23:35:05</date><id>10</id><polygon><username>sandy</username><pt><x>94</x><y>163</y></pt><pt><x>99</x><y>155</y></pt><pt><x>100</x><y>149</y></pt><pt><x>106</x><y>144</y></pt><pt><x>109</x><y>141</y></pt><pt><x>114</x><y>138</y></pt><pt><x>122</x><y>137</y></pt><pt><x>135</x><y>140</y></pt><pt><x>153</x><y>161</y></pt><pt><x>205</x><y>252</y></pt><pt><x>244</x><y>308</y></pt><pt><x>256</x><y>305</y></pt><pt><x>277</x><y>316</y></pt><pt><x>312</x><y>426</y></pt><pt><x>303</x><y>434</y></pt><pt><x>229</x><y>386</y></pt><pt><x>212</x><y>368</y></pt><pt><x>199</x><y>348</y></pt><pt><x>190</x><y>346</y></pt><pt><x>189</x><y>319</y></pt><pt><x>196</x><y>317</y></pt><pt><x>193</x><y>306</y></pt><pt><x>158</x><y>265</y></pt><pt><x>130</x><y>235</y></pt><pt><x>120</x><y>234</y></pt><pt><x>115</x><y>228</y></pt><pt><x>120</x><y>225</y></pt><pt><x>97</x><y>193</y></pt><pt><x>91</x><y>178</y></pt><pt><x>92</x><y>170</y></pt></polygon></object><object><name>stereo</name><deleted>0</deleted><verified>0</verified><date>15-Jul-2012 23:35:05</date><id>11</id><polygon><username>sandy</username><pt><x>30</x><y>449</y></pt><pt><x>36</x><y>451</y></pt><pt><x>118</x><y>370</y></pt><pt><x>187</x><y>380</y></pt><pt><x>195</x><y>413</y></pt><pt><x>196</x><y>416</y></pt><pt><x>199</x><y>424</y></pt><pt><x>198</x><y>430</y></pt><pt><x>218</x><y>529</y></pt><pt><x>167</x><y>599</y></pt><pt><x>72</x><y>599</y></pt><pt><x>26</x><y>456</y></pt></polygon></object><object><name>stereo</name><deleted>0</deleted><verified>0</verified><date>15-Jul-2012 23:35:05</date><id>12</id><polygon><username>sandy</username><pt><x>307</x><y>144</y></pt><pt><x>282</x><y>284</y></pt><pt><x>297</x><y>370</y></pt><pt><x>317</x><y>374</y></pt><pt><x>317</x><y>360</y></pt><pt><x>411</x><y>371</y></pt><pt><x>413</x><y>383</y></pt><pt><x>422</x><y>386</y></pt><pt><x>438</x><y>360</y></pt><pt><x>446</x><y>334</y></pt><pt><x>441</x><y>209</y></pt><pt><x>435</x><y>140</y></pt><pt><x>430</x><y>139</y></pt><pt><x>424</x><y>146</y></pt><pt><x>315</x><y>145</y></pt><pt><x>311</x><y>138</y></pt><pt><x>310</x><y>138</y></pt></polygon></object><object><name>microphone</name><deleted>0</deleted><verified>0</verified><date>15-Jul-2012 23:35:05</date><id>13</id><polygon><username>sandy</username><pt><x>517</x><y>230</y></pt><pt><x>536</x><y>205</y></pt><pt><x>530</x><y>201</y></pt><pt><x>527</x><y>201</y></pt><pt><x>509</x><y>225</y></pt><pt><x>508</x><y>231</y></pt><pt><x>508</x><y>232</y></pt></polygon></object><object><name>chair</name><deleted>0</deleted><verified>0</verified><date>15-Jul-2012 23:35:05</date><id>14</id><polygon><username>sandy</username><pt><x>717</x><y>329</y></pt><pt><x>771</x><y>322</y></pt><pt><x>798</x><y>323</y></pt><pt><x>797</x><y>325</y></pt><pt><x>800</x><y>507</y></pt><pt><x>777</x><y>494</y></pt><pt><x>771</x><y>487</y></pt><pt><x>766</x><y>489</y></pt><pt><x>760</x><y>492</y></pt><pt><x>755</x><y>494</y></pt><pt><x>724</x><y>530</y></pt><pt><x>722</x><y>531</y></pt><pt><x>723</x><y>543</y></pt><pt><x>719</x><y>547</y></pt><pt><x>713</x><y>550</y></pt><pt><x>709</x><y>548</y></pt><pt><x>704</x><y>543</y></pt><pt><x>699</x><y>535</y></pt><pt><x>699</x><y>530</y></pt><pt><x>706</x><y>528</y></pt><pt><x>712</x><y>528</y></pt><pt><x>712</x><y>520</y></pt><pt><x>740</x><y>481</y></pt><pt><x>741</x><y>476</y></pt><pt><x>733</x><y>472</y></pt><pt><x>688</x><y>463</y></pt><pt><x>676</x><y>461</y></pt><pt><x>671</x><y>461</y></pt><pt><x>672</x><y>468</y></pt><pt><x>670</x><y>473</y></pt><pt><x>666</x><y>476</y></pt><pt><x>661</x><y>475</y></pt><pt><x>658</x><y>472</y></pt><pt><x>652</x><y>464</y></pt><pt><x>652</x><y>461</y></pt><pt><x>655</x><y>456</y></pt><pt><x>659</x><y>454</y></pt><pt><x>661</x><y>452</y></pt><pt><x>667</x><y>449</y></pt><pt><x>671</x><y>447</y></pt><pt><x>750</x><y>454</y></pt><pt><x>742</x><y>437</y></pt><pt><x>735</x><y>436</y></pt><pt><x>730</x><y>427</y></pt><pt><x>728</x><y>425</y></pt><pt><x>728</x><y>422</y></pt><pt><x>732</x><y>419</y></pt><pt><x>733</x><y>415</y></pt><pt><x>733</x><y>409</y></pt><pt><x>706</x><y>383</y></pt><pt><x>693</x><y>360</y></pt><pt><x>691</x><y>352</y></pt><pt><x>691</x><y>347</y></pt><pt><x>693</x><y>341</y></pt><pt><x>695</x><y>337</y></pt><pt><x>699</x><y>335</y></pt><pt><x>708</x><y>331</y></pt></polygon></object><object><name>windows</name><deleted>1</deleted><verified>0</verified><date>15-Jul-2012 23:35:05</date><id>15</id><polygon><username>sandy</username><pt><x>252</x><y>127</y></pt><pt><x>0</x><y>321</y></pt><pt><x>0</x><y>0</y></pt><pt><x>799</x><y>1</y></pt><pt><x>799</x><y>148</y></pt><pt><x>295</x><y>124</y></pt><pt><x>278</x><y>131</y></pt></polygon></object><object><name>cables</name><deleted>0</deleted><verified>0</verified><date>18-Jul-2012 10:34:16</date><id>16</id><polygon><username>sandy</username><pt><x>325</x><y>202</y></pt><pt><x>416</x><y>200</y></pt><pt><x>405</x><y>234</y></pt><pt><x>324</x><y>232</y></pt></polygon></object></annotation>