<annotation><filename>s_street_piano.jpg</filename><folder>100images</folder><source><sourceImage>The MIT-CSAIL database of objects and scenes</sourceImage><sourceAnnotation>LabelMe Webtool</sourceAnnotation></source><object><name>piano</name><deleted>0</deleted><verified>0</verified><date>15-Jul-2012 23:18:18</date><id>0</id><polygon><username>sandy</username><pt><x>272</x><y>534</y></pt><pt><x>269</x><y>510</y></pt><pt><x>216</x><y>580</y></pt><pt><x>207</x><y>580</y></pt><pt><x>206</x><y>517</y></pt><pt><x>178</x><y>546</y></pt><pt><x>163</x><y>549</y></pt><pt><x>218</x><y>183</y></pt><pt><x>217</x><y>178</y></pt><pt><x>215</x><y>152</y></pt><pt><x>226</x><y>149</y></pt><pt><x>231</x><y>128</y></pt><pt><x>281</x><y>128</y></pt><pt><x>279</x><y>137</y></pt><pt><x>357</x><y>124</y></pt><pt><x>454</x><y>126</y></pt><pt><x>453</x><y>131</y></pt><pt><x>444</x><y>137</y></pt><pt><x>448</x><y>216</y></pt><pt><x>453</x><y>224</y></pt><pt><x>506</x><y>229</y></pt><pt><x>514</x><y>237</y></pt><pt><x>505</x><y>265</y></pt><pt><x>502</x><y>281</y></pt><pt><x>499</x><y>296</y></pt><pt><x>496</x><y>381</y></pt><pt><x>459</x><y>387</y></pt><pt><x>461</x><y>507</y></pt><pt><x>462</x><y>545</y></pt><pt><x>451</x><y>548</y></pt><pt><x>454</x><y>560</y></pt><pt><x>450</x><y>569</y></pt><pt><x>447</x><y>575</y></pt><pt><x>441</x><y>576</y></pt><pt><x>435</x><y>578</y></pt><pt><x>427</x><y>571</y></pt><pt><x>422</x><y>566</y></pt><pt><x>421</x><y>561</y></pt><pt><x>422</x><y>553</y></pt><pt><x>328</x><y>538</y></pt><pt><x>321</x><y>553</y></pt><pt><x>316</x><y>560</y></pt><pt><x>311</x><y>563</y></pt><pt><x>308</x><y>565</y></pt><pt><x>303</x><y>565</y></pt><pt><x>296</x><y>562</y></pt><pt><x>294</x><y>558</y></pt><pt><x>291</x><y>550</y></pt><pt><x>290</x><y>542</y></pt></polygon></object><object><name>man</name><deleted>0</deleted><verified>0</verified><date>15-Jul-2012 23:18:18</date><id>1</id><polygon><username>sandy</username><pt><x>641</x><y>128</y></pt><pt><x>664</x><y>154</y></pt><pt><x>678</x><y>182</y></pt><pt><x>685</x><y>205</y></pt><pt><x>685</x><y>253</y></pt><pt><x>678</x><y>294</y></pt><pt><x>679</x><y>309</y></pt><pt><x>674</x><y>319</y></pt><pt><x>665</x><y>332</y></pt><pt><x>653</x><y>339</y></pt><pt><x>618</x><y>349</y></pt><pt><x>576</x><y>372</y></pt><pt><x>559</x><y>382</y></pt><pt><x>549</x><y>417</y></pt><pt><x>543</x><y>460</y></pt><pt><x>540</x><y>487</y></pt><pt><x>536</x><y>496</y></pt><pt><x>536</x><y>508</y></pt><pt><x>538</x><y>522</y></pt><pt><x>525</x><y>538</y></pt><pt><x>507</x><y>547</y></pt><pt><x>481</x><y>556</y></pt><pt><x>468</x><y>559</y></pt><pt><x>459</x><y>555</y></pt><pt><x>454</x><y>549</y></pt><pt><x>451</x><y>540</y></pt><pt><x>455</x><y>533</y></pt><pt><x>459</x><y>527</y></pt><pt><x>467</x><y>523</y></pt><pt><x>475</x><y>521</y></pt><pt><x>480</x><y>520</y></pt><pt><x>480</x><y>469</y></pt><pt><x>448</x><y>453</y></pt><pt><x>467</x><y>378</y></pt><pt><x>483</x><y>328</y></pt><pt><x>490</x><y>317</y></pt><pt><x>508</x><y>314</y></pt><pt><x>503</x><y>292</y></pt><pt><x>495</x><y>286</y></pt><pt><x>487</x><y>285</y></pt><pt><x>477</x><y>283</y></pt><pt><x>472</x><y>285</y></pt><pt><x>467</x><y>286</y></pt><pt><x>461</x><y>282</y></pt><pt><x>459</x><y>275</y></pt><pt><x>467</x><y>269</y></pt><pt><x>468</x><y>262</y></pt><pt><x>469</x><y>256</y></pt><pt><x>475</x><y>249</y></pt><pt><x>482</x><y>245</y></pt><pt><x>505</x><y>246</y></pt><pt><x>561</x><y>217</y></pt><pt><x>574</x><y>183</y></pt><pt><x>592</x><y>167</y></pt><pt><x>592</x><y>153</y></pt><pt><x>586</x><y>152</y></pt><pt><x>580</x><y>150</y></pt><pt><x>576</x><y>144</y></pt><pt><x>568</x><y>136</y></pt><pt><x>566</x><y>127</y></pt><pt><x>556</x><y>123</y></pt><pt><x>565</x><y>112</y></pt><pt><x>561</x><y>105</y></pt><pt><x>563</x><y>95</y></pt><pt><x>563</x><y>88</y></pt><pt><x>566</x><y>84</y></pt><pt><x>572</x><y>78</y></pt><pt><x>585</x><y>74</y></pt><pt><x>596</x><y>70</y></pt><pt><x>606</x><y>70</y></pt><pt><x>612</x><y>70</y></pt><pt><x>618</x><y>71</y></pt><pt><x>627</x><y>68</y></pt><pt><x>628</x><y>72</y></pt><pt><x>625</x><y>80</y></pt><pt><x>627</x><y>88</y></pt><pt><x>629</x><y>100</y></pt><pt><x>634</x><y>114</y></pt><pt><x>637</x><y>118</y></pt></polygon></object><object><name>bin</name><deleted>0</deleted><verified>0</verified><date>15-Jul-2012 23:18:18</date><id>2</id><polygon><username>sandy</username><pt><x>42</x><y>446</y></pt><pt><x>40</x><y>422</y></pt><pt><x>37</x><y>414</y></pt><pt><x>20</x><y>286</y></pt><pt><x>12</x><y>275</y></pt><pt><x>14</x><y>271</y></pt><pt><x>13</x><y>246</y></pt><pt><x>6</x><y>245</y></pt><pt><x>5</x><y>232</y></pt><pt><x>68</x><y>203</y></pt><pt><x>118</x><y>202</y></pt><pt><x>178</x><y>210</y></pt><pt><x>178</x><y>219</y></pt><pt><x>173</x><y>226</y></pt><pt><x>177</x><y>251</y></pt><pt><x>180</x><y>253</y></pt><pt><x>178</x><y>262</y></pt><pt><x>182</x><y>296</y></pt><pt><x>120</x><y>449</y></pt><pt><x>116</x><y>451</y></pt></polygon></object><object><name>bin</name><deleted>0</deleted><verified>0</verified><date>15-Jul-2012 23:18:18</date><id>3</id><polygon><username>sandy</username><pt><x>141</x><y>198</y></pt><pt><x>171</x><y>198</y></pt><pt><x>179</x><y>192</y></pt><pt><x>176</x><y>145</y></pt><pt><x>161</x><y>140</y></pt><pt><x>150</x><y>140</y></pt><pt><x>138</x><y>147</y></pt></polygon></object><object><name>poster</name><deleted>0</deleted><verified>0</verified><date>15-Jul-2012 23:18:18</date><id>4</id><polygon><username>sandy</username><pt><x>257</x><y>164</y></pt><pt><x>269</x><y>284</y></pt><pt><x>348</x><y>284</y></pt><pt><x>339</x><y>160</y></pt></polygon></object><object><name>poster</name><deleted>0</deleted><verified>0</verified><date>15-Jul-2012 23:18:18</date><id>5</id><polygon><username>sandy</username><pt><x>270</x><y>430</y></pt><pt><x>367</x><y>434</y></pt><pt><x>358</x><y>292</y></pt><pt><x>259</x><y>295</y></pt></polygon></object><object><name>woman</name><deleted>0</deleted><verified>0</verified><date>15-Jul-2012 23:18:18</date><id>6</id><polygon><username>sandy</username><pt><x>190</x><y>110</y></pt><pt><x>197</x><y>115</y></pt><pt><x>200</x><y>121</y></pt><pt><x>202</x><y>126</y></pt><pt><x>213</x><y>180</y></pt><pt><x>212</x><y>192</y></pt><pt><x>203</x><y>194</y></pt><pt><x>196</x><y>180</y></pt><pt><x>188</x><y>189</y></pt><pt><x>181</x><y>213</y></pt><pt><x>174</x><y>210</y></pt><pt><x>180</x><y>180</y></pt><pt><x>183</x><y>168</y></pt><pt><x>178</x><y>166</y></pt><pt><x>180</x><y>160</y></pt><pt><x>188</x><y>152</y></pt><pt><x>189</x><y>138</y></pt><pt><x>186</x><y>131</y></pt><pt><x>183</x><y>127</y></pt><pt><x>185</x><y>123</y></pt><pt><x>183</x><y>118</y></pt><pt><x>183</x><y>113</y></pt><pt><x>184</x><y>110</y></pt></polygon></object><object><name>person</name><deleted>0</deleted><verified>0</verified><date>15-Jul-2012 23:18:18</date><id>7</id><polygon><username>sandy</username><pt><x>233</x><y>109</y></pt><pt><x>237</x><y>103</y></pt><pt><x>240</x><y>102</y></pt><pt><x>244</x><y>104</y></pt><pt><x>246</x><y>109</y></pt><pt><x>251</x><y>112</y></pt><pt><x>256</x><y>116</y></pt><pt><x>257</x><y>124</y></pt><pt><x>257</x><y>129</y></pt><pt><x>235</x><y>129</y></pt><pt><x>234</x><y>126</y></pt><pt><x>235</x><y>123</y></pt><pt><x>233</x><y>120</y></pt><pt><x>232</x><y>115</y></pt></polygon></object><object><name>person</name><deleted>0</deleted><verified>0</verified><date>15-Jul-2012 23:18:18</date><id>8</id><polygon><username>sandy</username><pt><x>755</x><y>170</y></pt><pt><x>756</x><y>181</y></pt><pt><x>763</x><y>188</y></pt><pt><x>766</x><y>194</y></pt><pt><x>769</x><y>199</y></pt><pt><x>769</x><y>206</y></pt><pt><x>770</x><y>211</y></pt><pt><x>771</x><y>218</y></pt><pt><x>767</x><y>221</y></pt><pt><x>763</x><y>223</y></pt><pt><x>758</x><y>222</y></pt><pt><x>752</x><y>221</y></pt><pt><x>749</x><y>221</y></pt><pt><x>753</x><y>218</y></pt><pt><x>757</x><y>217</y></pt><pt><x>758</x><y>212</y></pt><pt><x>756</x><y>204</y></pt><pt><x>741</x><y>190</y></pt><pt><x>733</x><y>223</y></pt><pt><x>723</x><y>227</y></pt><pt><x>714</x><y>225</y></pt><pt><x>712</x><y>224</y></pt><pt><x>716</x><y>220</y></pt><pt><x>717</x><y>218</y></pt><pt><x>710</x><y>218</y></pt><pt><x>707</x><y>217</y></pt><pt><x>707</x><y>215</y></pt><pt><x>711</x><y>212</y></pt><pt><x>716</x><y>212</y></pt><pt><x>715</x><y>209</y></pt><pt><x>718</x><y>190</y></pt><pt><x>718</x><y>166</y></pt><pt><x>713</x><y>164</y></pt><pt><x>716</x><y>137</y></pt><pt><x>726</x><y>122</y></pt><pt><x>731</x><y>106</y></pt><pt><x>735</x><y>98</y></pt><pt><x>736</x><y>90</y></pt><pt><x>735</x><y>85</y></pt><pt><x>735</x><y>81</y></pt><pt><x>740</x><y>80</y></pt><pt><x>743</x><y>80</y></pt><pt><x>747</x><y>81</y></pt><pt><x>748</x><y>83</y></pt><pt><x>749</x><y>85</y></pt><pt><x>753</x><y>87</y></pt><pt><x>756</x><y>90</y></pt><pt><x>752</x><y>96</y></pt><pt><x>752</x><y>98</y></pt><pt><x>756</x><y>106</y></pt><pt><x>761</x><y>123</y></pt><pt><x>760</x><y>126</y></pt><pt><x>761</x><y>149</y></pt><pt><x>763</x><y>165</y></pt></polygon></object><object><name>stool</name><deleted>0</deleted><verified>0</verified><date>15-Jul-2012 23:18:18</date><id>9</id><polygon><username>sandy</username><pt><x>646</x><y>353</y></pt><pt><x>696</x><y>352</y></pt><pt><x>707</x><y>345</y></pt><pt><x>692</x><y>315</y></pt><pt><x>673</x><y>313</y></pt><pt><x>610</x><y>349</y></pt><pt><x>622</x><y>355</y></pt><pt><x>631</x><y>355</y></pt><pt><x>627</x><y>415</y></pt><pt><x>610</x><y>416</y></pt><pt><x>599</x><y>418</y></pt><pt><x>589</x><y>421</y></pt><pt><x>580</x><y>424</y></pt><pt><x>574</x><y>427</y></pt><pt><x>572</x><y>433</y></pt><pt><x>569</x><y>440</y></pt><pt><x>577</x><y>451</y></pt><pt><x>580</x><y>456</y></pt><pt><x>583</x><y>466</y></pt><pt><x>572</x><y>466</y></pt><pt><x>568</x><y>468</y></pt><pt><x>568</x><y>475</y></pt><pt><x>580</x><y>474</y></pt><pt><x>586</x><y>481</y></pt><pt><x>588</x><y>490</y></pt><pt><x>567</x><y>503</y></pt><pt><x>560</x><y>507</y></pt><pt><x>566</x><y>508</y></pt><pt><x>571</x><y>510</y></pt><pt><x>628</x><y>490</y></pt><pt><x>639</x><y>513</y></pt><pt><x>662</x><y>520</y></pt><pt><x>666</x><y>518</y></pt><pt><x>652</x><y>507</y></pt><pt><x>652</x><y>490</y></pt><pt><x>700</x><y>501</y></pt><pt><x>708</x><y>503</y></pt><pt><x>709</x><y>497</y></pt><pt><x>683</x><y>487</y></pt><pt><x>691</x><y>460</y></pt><pt><x>696</x><y>444</y></pt><pt><x>691</x><y>436</y></pt><pt><x>678</x><y>426</y></pt><pt><x>652</x><y>420</y></pt><pt><x>639</x><y>418</y></pt></polygon></object><object><name>sign</name><deleted>0</deleted><verified>0</verified><date>15-Jul-2012 23:18:18</date><id>10</id><polygon><username>sandy</username><pt><x>438</x><y>86</y></pt><pt><x>435</x><y>131</y></pt><pt><x>455</x><y>130</y></pt><pt><x>456</x><y>88</y></pt><pt><x>455</x><y>86</y></pt></polygon></object><object><name>-swarovsky-</name><deleted>0</deleted><verified>0</verified><date>15-Jul-2012 23:18:18</date><id>11</id><polygon><username>sandy</username><pt><x>65</x><y>60</y></pt><pt><x>67</x><y>69</y></pt><pt><x>106</x><y>67</y></pt><pt><x>101</x><y>56</y></pt></polygon></object><object><name>sign</name><deleted>0</deleted><verified>0</verified><date>15-Jul-2012 23:18:18</date><id>12</id><polygon><username>sandy</username><pt><x>166</x><y>23</y></pt><pt><x>185</x><y>26</y></pt><pt><x>183</x><y>0</y></pt><pt><x>166</x><y>2</y></pt></polygon></object><object><name>swan</name><deleted>0</deleted><verified>0</verified><date>15-Jul-2012 23:18:18</date><id>13</id><polygon><username>sandy</username><pt><x>70</x><y>36</y></pt><pt><x>88</x><y>33</y></pt><pt><x>90</x><y>23</y></pt><pt><x>89</x><y>10</y></pt><pt><x>80</x><y>19</y></pt><pt><x>78</x><y>15</y></pt><pt><x>77</x><y>13</y></pt><pt><x>74</x><y>12</y></pt><pt><x>73</x><y>11</y></pt><pt><x>71</x><y>13</y></pt><pt><x>69</x><y>14</y></pt><pt><x>68</x><y>17</y></pt><pt><x>69</x><y>22</y></pt><pt><x>69</x><y>24</y></pt><pt><x>68</x><y>30</y></pt></polygon></object><object><name>flask</name><deleted>0</deleted><verified>0</verified><date>15-Jul-2012 23:18:18</date><id>14</id><polygon><username>sandy</username><pt><x>427</x><y>489</y></pt><pt><x>430</x><y>558</y></pt><pt><x>419</x><y>562</y></pt><pt><x>409</x><y>560</y></pt><pt><x>404</x><y>558</y></pt><pt><x>401</x><y>487</y></pt><pt><x>401</x><y>483</y></pt><pt><x>404</x><y>469</y></pt><pt><x>407</x><y>466</y></pt><pt><x>412</x><y>466</y></pt><pt><x>416</x><y>468</y></pt><pt><x>419</x><y>477</y></pt></polygon></object><object><name>cars</name><deleted>0</deleted><verified>0</verified><date>15-Jul-2012 23:18:18</date><id>15</id><polygon><username>sandy</username><pt><x>711</x><y>112</y></pt><pt><x>726</x><y>115</y></pt><pt><x>761</x><y>110</y></pt><pt><x>775</x><y>109</y></pt><pt><x>799</x><y>109</y></pt><pt><x>799</x><y>137</y></pt><pt><x>787</x><y>139</y></pt><pt><x>771</x><y>139</y></pt><pt><x>764</x><y>143</y></pt><pt><x>761</x><y>165</y></pt><pt><x>697</x><y>164</y></pt><pt><x>696</x><y>151</y></pt><pt><x>695</x><y>143</y></pt><pt><x>695</x><y>136</y></pt><pt><x>698</x><y>130</y></pt><pt><x>698</x><y>124</y></pt><pt><x>702</x><y>121</y></pt><pt><x>706</x><y>115</y></pt></polygon></object><object><name>door</name><deleted>0</deleted><verified>0</verified><date>15-Jul-2012 23:18:18</date><id>16</id><polygon><username>sandy</username><pt><x>464</x><y>45</y></pt><pt><x>464</x><y>172</y></pt><pt><x>516</x><y>172</y></pt><pt><x>520</x><y>50</y></pt></polygon></object><object><name>door</name><deleted>0</deleted><verified>0</verified><date>15-Jul-2012 23:18:18</date><id>17</id><polygon><username>sandy</username><pt><x>55</x><y>78</y></pt><pt><x>63</x><y>184</y></pt><pt><x>112</x><y>185</y></pt><pt><x>111</x><y>79</y></pt><pt><x>110</x><y>76</y></pt></polygon></object><object><name>shop</name><deleted>0</deleted><verified>0</verified><date>15-Jul-2012 23:18:18</date><id>18</id><polygon><username>sandy</username><pt><x>2</x><y>190</y></pt><pt><x>113</x><y>191</y></pt><pt><x>105</x><y>0</y></pt><pt><x>0</x><y>1</y></pt></polygon></object><object><name>sign</name><deleted>0</deleted><verified>0</verified><date>15-Jul-2012 23:18:18</date><id>19</id><polygon><username>sandy</username><pt><x>751</x><y>37</y></pt><pt><x>762</x><y>38</y></pt><pt><x>764</x><y>23</y></pt><pt><x>753</x><y>23</y></pt></polygon></object><object><name>shop</name><deleted>0</deleted><verified>0</verified><date>15-Jul-2012 23:18:18</date><id>20</id><polygon><username>sandy</username><pt><x>747</x><y>51</y></pt><pt><x>738</x><y>122</y></pt><pt><x>798</x><y>120</y></pt><pt><x>799</x><y>62</y></pt></polygon></object><object><name>window</name><deleted>0</deleted><verified>0</verified><date>15-Jul-2012 23:18:18</date><id>21</id><polygon><username>sandy</username><pt><x>672</x><y>55</y></pt><pt><x>668</x><y>117</y></pt><pt><x>677</x><y>119</y></pt><pt><x>683</x><y>59</y></pt></polygon></object><object><name>window</name><deleted>0</deleted><verified>0</verified><date>15-Jul-2012 23:18:18</date><id>22</id><polygon><username>sandy</username><pt><x>689</x><y>61</y></pt><pt><x>687</x><y>117</y></pt><pt><x>699</x><y>118</y></pt><pt><x>702</x><y>62</y></pt></polygon></object><object><name>window</name><deleted>0</deleted><verified>0</verified><date>15-Jul-2012 23:18:18</date><id>23</id><polygon><username>sandy</username><pt><x>711</x><y>62</y></pt><pt><x>707</x><y>118</y></pt><pt><x>716</x><y>119</y></pt><pt><x>719</x><y>64</y></pt></polygon></object><object><name>window</name><deleted>0</deleted><verified>0</verified><date>15-Jul-2012 23:18:18</date><id>24</id><polygon><username>sandy</username><pt><x>462</x><y>31</y></pt><pt><x>517</x><y>34</y></pt><pt><x>516</x><y>4</y></pt><pt><x>515</x><y>0</y></pt><pt><x>461</x><y>2</y></pt></polygon></object><object><name>window</name><deleted>0</deleted><verified>0</verified><date>15-Jul-2012 23:18:18</date><id>25</id><polygon><username>sandy</username><pt><x>366</x><y>110</y></pt><pt><x>401</x><y>111</y></pt><pt><x>400</x><y>2</y></pt><pt><x>364</x><y>0</y></pt></polygon></object><object><name>window</name><deleted>0</deleted><verified>0</verified><date>15-Jul-2012 23:18:18</date><id>26</id><polygon><username>sandy</username><pt><x>285</x><y>20</y></pt><pt><x>287</x><y>112</y></pt><pt><x>236</x><y>113</y></pt><pt><x>227</x><y>113</y></pt><pt><x>224</x><y>22</y></pt></polygon></object><object><name>window</name><deleted>0</deleted><verified>0</verified><date>15-Jul-2012 23:18:18</date><id>27</id><polygon><username>sandy</username><pt><x>22</x><y>154</y></pt><pt><x>58</x><y>153</y></pt><pt><x>46</x><y>20</y></pt><pt><x>2</x><y>20</y></pt></polygon></object><imagesize><nrows>600</nrows><ncols>800</ncols></imagesize></annotation>
