<annotation><filename>s_study_hall_study_hall_000007.jpg</filename><folder>100images</folder><source><sourceImage>The MIT-CSAIL database of objects and scenes</sourceImage><sourceAnnotation>LabelMe Webtool</sourceAnnotation></source><object><name>table</name><deleted>0</deleted><verified>0</verified><date>16-Jul-2012 00:15:28</date><id>0</id><polygon><username>sandy</username><pt><x>136</x><y>289</y></pt><pt><x>170</x><y>279</y></pt><pt><x>316</x><y>293</y></pt><pt><x>725</x><y>320</y></pt><pt><x>725</x><y>325</y></pt><pt><x>716</x><y>336</y></pt><pt><x>706</x><y>339</y></pt><pt><x>702</x><y>412</y></pt><pt><x>707</x><y>416</y></pt><pt><x>706</x><y>420</y></pt><pt><x>695</x><y>430</y></pt><pt><x>701</x><y>433</y></pt><pt><x>699</x><y>438</y></pt><pt><x>693</x><y>438</y></pt><pt><x>692</x><y>436</y></pt><pt><x>692</x><y>430</y></pt><pt><x>689</x><y>429</y></pt><pt><x>688</x><y>426</y></pt><pt><x>692</x><y>418</y></pt><pt><x>695</x><y>337</y></pt><pt><x>509</x><y>324</y></pt><pt><x>511</x><y>388</y></pt><pt><x>510</x><y>394</y></pt><pt><x>501</x><y>394</y></pt><pt><x>500</x><y>393</y></pt><pt><x>500</x><y>324</y></pt><pt><x>473</x><y>323</y></pt><pt><x>473</x><y>389</y></pt><pt><x>480</x><y>386</y></pt><pt><x>482</x><y>386</y></pt><pt><x>479</x><y>391</y></pt><pt><x>463</x><y>397</y></pt><pt><x>459</x><y>397</y></pt><pt><x>459</x><y>394</y></pt><pt><x>462</x><y>391</y></pt><pt><x>463</x><y>323</y></pt><pt><x>318</x><y>309</y></pt><pt><x>319</x><y>370</y></pt><pt><x>331</x><y>368</y></pt><pt><x>331</x><y>369</y></pt><pt><x>310</x><y>378</y></pt><pt><x>308</x><y>374</y></pt><pt><x>310</x><y>370</y></pt><pt><x>310</x><y>308</y></pt><pt><x>290</x><y>307</y></pt><pt><x>294</x><y>366</y></pt><pt><x>304</x><y>365</y></pt><pt><x>304</x><y>368</y></pt><pt><x>304</x><y>372</y></pt><pt><x>302</x><y>373</y></pt><pt><x>300</x><y>369</y></pt><pt><x>278</x><y>377</y></pt><pt><x>272</x><y>377</y></pt><pt><x>272</x><y>374</y></pt><pt><x>286</x><y>369</y></pt><pt><x>282</x><y>307</y></pt><pt><x>138</x><y>294</y></pt></polygon></object><object><name>table</name><deleted>0</deleted><verified>0</verified><date>16-Jul-2012 00:15:28</date><id>1</id><polygon><username>sandy</username><pt><x>2</x><y>313</y></pt><pt><x>53</x><y>303</y></pt><pt><x>190</x><y>316</y></pt><pt><x>392</x><y>340</y></pt><pt><x>672</x><y>365</y></pt><pt><x>674</x><y>367</y></pt><pt><x>651</x><y>391</y></pt><pt><x>641</x><y>394</y></pt><pt><x>640</x><y>478</y></pt><pt><x>646</x><y>478</y></pt><pt><x>645</x><y>485</y></pt><pt><x>642</x><y>488</y></pt><pt><x>652</x><y>491</y></pt><pt><x>655</x><y>493</y></pt><pt><x>653</x><y>497</y></pt><pt><x>649</x><y>499</y></pt><pt><x>642</x><y>499</y></pt><pt><x>638</x><y>499</y></pt><pt><x>628</x><y>511</y></pt><pt><x>630</x><y>515</y></pt><pt><x>633</x><y>518</y></pt><pt><x>633</x><y>522</y></pt><pt><x>632</x><y>526</y></pt><pt><x>628</x><y>527</y></pt><pt><x>625</x><y>526</y></pt><pt><x>621</x><y>524</y></pt><pt><x>619</x><y>521</y></pt><pt><x>618</x><y>519</y></pt><pt><x>618</x><y>514</y></pt><pt><x>616</x><y>511</y></pt><pt><x>617</x><y>508</y></pt><pt><x>626</x><y>498</y></pt><pt><x>631</x><y>392</y></pt><pt><x>397</x><y>368</y></pt><pt><x>397</x><y>429</y></pt><pt><x>388</x><y>428</y></pt><pt><x>385</x><y>369</y></pt><pt><x>353</x><y>364</y></pt><pt><x>354</x><y>422</y></pt><pt><x>345</x><y>421</y></pt><pt><x>345</x><y>366</y></pt><pt><x>177</x><y>343</y></pt><pt><x>177</x><y>390</y></pt><pt><x>171</x><y>389</y></pt><pt><x>168</x><y>342</y></pt><pt><x>151</x><y>340</y></pt><pt><x>153</x><y>386</y></pt><pt><x>144</x><y>385</y></pt><pt><x>142</x><y>337</y></pt><pt><x>25</x><y>322</y></pt><pt><x>26</x><y>334</y></pt><pt><x>20</x><y>333</y></pt><pt><x>19</x><y>333</y></pt><pt><x>18</x><y>321</y></pt><pt><x>2</x><y>319</y></pt></polygon></object><object><name>table</name><deleted>0</deleted><verified>0</verified><date>16-Jul-2012 00:15:28</date><id>2</id><polygon><username>sandy</username><pt><x>64</x><y>371</y></pt><pt><x>210</x><y>396</y></pt><pt><x>212</x><y>400</y></pt><pt><x>580</x><y>456</y></pt><pt><x>583</x><y>462</y></pt><pt><x>581</x><y>467</y></pt><pt><x>526</x><y>522</y></pt><pt><x>523</x><y>598</y></pt><pt><x>503</x><y>598</y></pt><pt><x>506</x><y>524</y></pt><pt><x>201</x><y>461</y></pt><pt><x>202</x><y>561</y></pt><pt><x>234</x><y>544</y></pt><pt><x>236</x><y>546</y></pt><pt><x>235</x><y>554</y></pt><pt><x>235</x><y>556</y></pt><pt><x>240</x><y>558</y></pt><pt><x>242</x><y>562</y></pt><pt><x>241</x><y>567</y></pt><pt><x>237</x><y>569</y></pt><pt><x>232</x><y>569</y></pt><pt><x>228</x><y>567</y></pt><pt><x>225</x><y>565</y></pt><pt><x>223</x><y>559</y></pt><pt><x>204</x><y>570</y></pt><pt><x>204</x><y>574</y></pt><pt><x>201</x><y>578</y></pt><pt><x>194</x><y>578</y></pt><pt><x>193</x><y>575</y></pt><pt><x>168</x><y>590</y></pt><pt><x>177</x><y>593</y></pt><pt><x>178</x><y>597</y></pt><pt><x>159</x><y>599</y></pt><pt><x>158</x><y>596</y></pt><pt><x>153</x><y>596</y></pt><pt><x>150</x><y>591</y></pt><pt><x>152</x><y>587</y></pt><pt><x>189</x><y>566</y></pt><pt><x>186</x><y>554</y></pt><pt><x>181</x><y>554</y></pt><pt><x>181</x><y>548</y></pt><pt><x>182</x><y>544</y></pt><pt><x>182</x><y>541</y></pt><pt><x>163</x><y>550</y></pt><pt><x>161</x><y>557</y></pt><pt><x>156</x><y>559</y></pt><pt><x>150</x><y>558</y></pt><pt><x>126</x><y>570</y></pt><pt><x>123</x><y>573</y></pt><pt><x>127</x><y>573</y></pt><pt><x>130</x><y>574</y></pt><pt><x>132</x><y>576</y></pt><pt><x>130</x><y>583</y></pt><pt><x>127</x><y>587</y></pt><pt><x>125</x><y>589</y></pt><pt><x>122</x><y>589</y></pt><pt><x>119</x><y>588</y></pt><pt><x>117</x><y>586</y></pt><pt><x>115</x><y>584</y></pt><pt><x>116</x><y>579</y></pt><pt><x>117</x><y>576</y></pt><pt><x>113</x><y>576</y></pt><pt><x>110</x><y>575</y></pt><pt><x>110</x><y>572</y></pt><pt><x>109</x><y>570</y></pt><pt><x>110</x><y>567</y></pt><pt><x>145</x><y>547</y></pt><pt><x>141</x><y>445</y></pt><pt><x>114</x><y>441</y></pt><pt><x>112</x><y>436</y></pt><pt><x>2</x><y>412</y></pt><pt><x>2</x><y>410</y></pt><pt><x>0</x><y>359</y></pt></polygon></object><object><name>chair</name><deleted>0</deleted><verified>0</verified><date>16-Jul-2012 00:15:28</date><id>3</id><polygon><username>sandy</username><pt><x>230</x><y>279</y></pt><pt><x>239</x><y>278</y></pt><pt><x>242</x><y>284</y></pt><pt><x>243</x><y>290</y></pt><pt><x>245</x><y>322</y></pt><pt><x>174</x><y>313</y></pt><pt><x>177</x><y>304</y></pt><pt><x>181</x><y>299</y></pt><pt><x>187</x><y>297</y></pt><pt><x>209</x><y>291</y></pt><pt><x>211</x><y>286</y></pt><pt><x>212</x><y>282</y></pt><pt><x>217</x><y>280</y></pt><pt><x>222</x><y>280</y></pt></polygon></object><object><name>chair</name><deleted>0</deleted><verified>0</verified><date>16-Jul-2012 00:15:28</date><id>4</id><polygon><username>sandy</username><pt><x>300</x><y>280</y></pt><pt><x>306</x><y>274</y></pt><pt><x>311</x><y>270</y></pt><pt><x>321</x><y>270</y></pt><pt><x>325</x><y>270</y></pt><pt><x>324</x><y>293</y></pt><pt><x>298</x><y>291</y></pt></polygon></object><object><name>chair</name><deleted>0</deleted><verified>0</verified><date>16-Jul-2012 00:15:28</date><id>5</id><polygon><username>sandy</username><pt><x>284</x><y>280</y></pt><pt><x>292</x><y>281</y></pt><pt><x>296</x><y>284</y></pt><pt><x>299</x><y>289</y></pt><pt><x>302</x><y>328</y></pt><pt><x>277</x><y>327</y></pt><pt><x>230</x><y>322</y></pt><pt><x>230</x><y>316</y></pt><pt><x>232</x><y>310</y></pt><pt><x>241</x><y>306</y></pt><pt><x>251</x><y>304</y></pt><pt><x>258</x><y>303</y></pt><pt><x>261</x><y>302</y></pt><pt><x>262</x><y>298</y></pt><pt><x>265</x><y>294</y></pt><pt><x>268</x><y>290</y></pt><pt><x>270</x><y>287</y></pt><pt><x>272</x><y>285</y></pt></polygon></object><object><name>chair</name><deleted>0</deleted><verified>0</verified><date>16-Jul-2012 00:15:28</date><id>6</id><polygon><username>sandy</username><pt><x>349</x><y>278</y></pt><pt><x>355</x><y>272</y></pt><pt><x>359</x><y>269</y></pt><pt><x>363</x><y>267</y></pt><pt><x>367</x><y>266</y></pt><pt><x>372</x><y>266</y></pt><pt><x>378</x><y>266</y></pt><pt><x>383</x><y>267</y></pt><pt><x>385</x><y>271</y></pt><pt><x>385</x><y>278</y></pt><pt><x>385</x><y>280</y></pt><pt><x>396</x><y>281</y></pt><pt><x>400</x><y>278</y></pt><pt><x>401</x><y>275</y></pt><pt><x>404</x><y>272</y></pt><pt><x>407</x><y>269</y></pt><pt><x>415</x><y>269</y></pt><pt><x>426</x><y>266</y></pt><pt><x>433</x><y>272</y></pt><pt><x>435</x><y>277</y></pt><pt><x>437</x><y>283</y></pt><pt><x>455</x><y>286</y></pt><pt><x>458</x><y>280</y></pt><pt><x>460</x><y>276</y></pt><pt><x>465</x><y>273</y></pt><pt><x>471</x><y>273</y></pt><pt><x>480</x><y>273</y></pt><pt><x>491</x><y>273</y></pt><pt><x>496</x><y>276</y></pt><pt><x>497</x><y>281</y></pt><pt><x>499</x><y>286</y></pt><pt><x>511</x><y>287</y></pt><pt><x>519</x><y>279</y></pt><pt><x>525</x><y>276</y></pt><pt><x>534</x><y>273</y></pt><pt><x>544</x><y>273</y></pt><pt><x>551</x><y>276</y></pt><pt><x>554</x><y>279</y></pt><pt><x>558</x><y>285</y></pt><pt><x>574</x><y>292</y></pt><pt><x>575</x><y>284</y></pt><pt><x>580</x><y>279</y></pt><pt><x>584</x><y>278</y></pt><pt><x>590</x><y>277</y></pt><pt><x>596</x><y>276</y></pt><pt><x>605</x><y>277</y></pt><pt><x>611</x><y>279</y></pt><pt><x>614</x><y>285</y></pt><pt><x>617</x><y>289</y></pt><pt><x>634</x><y>296</y></pt><pt><x>637</x><y>290</y></pt><pt><x>642</x><y>285</y></pt><pt><x>654</x><y>279</y></pt><pt><x>667</x><y>280</y></pt><pt><x>677</x><y>284</y></pt><pt><x>681</x><y>287</y></pt><pt><x>685</x><y>296</y></pt><pt><x>706</x><y>300</y></pt><pt><x>710</x><y>290</y></pt><pt><x>713</x><y>287</y></pt><pt><x>744</x><y>286</y></pt><pt><x>755</x><y>291</y></pt><pt><x>758</x><y>296</y></pt><pt><x>758</x><y>299</y></pt><pt><x>765</x><y>303</y></pt><pt><x>767</x><y>306</y></pt><pt><x>767</x><y>379</y></pt><pt><x>763</x><y>379</y></pt><pt><x>750</x><y>369</y></pt><pt><x>750</x><y>338</y></pt><pt><x>706</x><y>337</y></pt><pt><x>690</x><y>430</y></pt><pt><x>329</x><y>374</y></pt><pt><x>330</x><y>292</y></pt><pt><x>330</x><y>287</y></pt><pt><x>333</x><y>282</y></pt><pt><x>337</x><y>280</y></pt></polygon></object><object><name>chair</name><deleted>0</deleted><verified>0</verified><date>16-Jul-2012 00:15:28</date><id>7</id><polygon><username>sandy</username><pt><x>83</x><y>304</y></pt><pt><x>89</x><y>299</y></pt><pt><x>94</x><y>298</y></pt><pt><x>100</x><y>297</y></pt><pt><x>107</x><y>299</y></pt><pt><x>113</x><y>301</y></pt><pt><x>113</x><y>306</y></pt><pt><x>134</x><y>311</y></pt><pt><x>138</x><y>307</y></pt><pt><x>144</x><y>304</y></pt><pt><x>157</x><y>299</y></pt><pt><x>168</x><y>303</y></pt><pt><x>173</x><y>305</y></pt><pt><x>174</x><y>310</y></pt><pt><x>175</x><y>313</y></pt><pt><x>183</x><y>389</y></pt><pt><x>77</x><y>371</y></pt><pt><x>31</x><y>360</y></pt><pt><x>34</x><y>339</y></pt><pt><x>36</x><y>331</y></pt><pt><x>39</x><y>327</y></pt><pt><x>44</x><y>322</y></pt><pt><x>78</x><y>317</y></pt></polygon></object><object><name>chair</name><deleted>0</deleted><verified>0</verified><date>16-Jul-2012 00:15:28</date><id>8</id><polygon><username>sandy</username><pt><x>224</x><y>316</y></pt><pt><x>233</x><y>310</y></pt><pt><x>252</x><y>309</y></pt><pt><x>260</x><y>311</y></pt><pt><x>264</x><y>316</y></pt><pt><x>267</x><y>321</y></pt><pt><x>269</x><y>324</y></pt><pt><x>272</x><y>408</y></pt><pt><x>267</x><y>408</y></pt><pt><x>267</x><y>380</y></pt><pt><x>244</x><y>385</y></pt><pt><x>242</x><y>404</y></pt><pt><x>235</x><y>402</y></pt><pt><x>236</x><y>388</y></pt><pt><x>223</x><y>388</y></pt><pt><x>223</x><y>401</y></pt><pt><x>216</x><y>400</y></pt><pt><x>216</x><y>386</y></pt><pt><x>182</x><y>381</y></pt><pt><x>179</x><y>388</y></pt><pt><x>176</x><y>388</y></pt><pt><x>178</x><y>373</y></pt><pt><x>179</x><y>345</y></pt><pt><x>180</x><y>341</y></pt><pt><x>190</x><y>334</y></pt><pt><x>223</x><y>329</y></pt></polygon></object><object><name>chair</name><deleted>0</deleted><verified>0</verified><date>16-Jul-2012 00:15:28</date><id>9</id><polygon><username>sandy</username><pt><x>342</x><y>318</y></pt><pt><x>350</x><y>324</y></pt><pt><x>353</x><y>333</y></pt><pt><x>355</x><y>418</y></pt><pt><x>327</x><y>415</y></pt><pt><x>257</x><y>404</y></pt><pt><x>258</x><y>389</y></pt><pt><x>259</x><y>383</y></pt><pt><x>258</x><y>368</y></pt><pt><x>261</x><y>361</y></pt><pt><x>263</x><y>357</y></pt><pt><x>270</x><y>355</y></pt><pt><x>302</x><y>346</y></pt><pt><x>304</x><y>337</y></pt><pt><x>305</x><y>331</y></pt><pt><x>307</x><y>328</y></pt><pt><x>311</x><y>325</y></pt><pt><x>318</x><y>322</y></pt><pt><x>325</x><y>319</y></pt><pt><x>334</x><y>318</y></pt></polygon></object><object><name>chair</name><deleted>0</deleted><verified>0</verified><date>16-Jul-2012 00:15:28</date><id>10</id><polygon><username>sandy</username><pt><x>478</x><y>337</y></pt><pt><x>493</x><y>334</y></pt><pt><x>502</x><y>334</y></pt><pt><x>509</x><y>334</y></pt><pt><x>515</x><y>337</y></pt><pt><x>523</x><y>341</y></pt><pt><x>527</x><y>346</y></pt><pt><x>528</x><y>351</y></pt><pt><x>563</x><y>353</y></pt><pt><x>568</x><y>349</y></pt><pt><x>574</x><y>346</y></pt><pt><x>581</x><y>343</y></pt><pt><x>588</x><y>340</y></pt><pt><x>615</x><y>342</y></pt><pt><x>625</x><y>353</y></pt><pt><x>630</x><y>359</y></pt><pt><x>636</x><y>491</y></pt><pt><x>621</x><y>505</y></pt><pt><x>617</x><y>504</y></pt><pt><x>620</x><y>438</y></pt><pt><x>558</x><y>432</y></pt><pt><x>558</x><y>454</y></pt><pt><x>421</x><y>431</y></pt><pt><x>425</x><y>397</y></pt><pt><x>426</x><y>386</y></pt><pt><x>427</x><y>378</y></pt><pt><x>429</x><y>372</y></pt><pt><x>433</x><y>366</y></pt><pt><x>439</x><y>362</y></pt><pt><x>473</x><y>359</y></pt><pt><x>474</x><y>348</y></pt><pt><x>476</x><y>342</y></pt><pt><x>476</x><y>342</y></pt></polygon></object><object><name>chair</name><deleted>0</deleted><verified>0</verified><date>16-Jul-2012 00:15:28</date><id>11</id><polygon><username>sandy</username><pt><x>336</x><y>497</y></pt><pt><x>341</x><y>575</y></pt><pt><x>354</x><y>575</y></pt><pt><x>347</x><y>484</y></pt><pt><x>337</x><y>416</y></pt><pt><x>336</x><y>413</y></pt><pt><x>332</x><y>397</y></pt><pt><x>322</x><y>387</y></pt><pt><x>307</x><y>382</y></pt><pt><x>286</x><y>383</y></pt><pt><x>272</x><y>387</y></pt><pt><x>263</x><y>395</y></pt><pt><x>260</x><y>400</y></pt><pt><x>257</x><y>405</y></pt><pt><x>200</x><y>481</y></pt><pt><x>202</x><y>506</y></pt><pt><x>254</x><y>515</y></pt><pt><x>257</x><y>549</y></pt><pt><x>264</x><y>548</y></pt><pt><x>266</x><y>520</y></pt><pt><x>287</x><y>523</y></pt><pt><x>289</x><y>598</y></pt><pt><x>298</x><y>598</y></pt><pt><x>301</x><y>509</y></pt><pt><x>328</x><y>496</y></pt></polygon></object><object><name>chair</name><deleted>0</deleted><verified>0</verified><date>16-Jul-2012 00:15:28</date><id>12</id><polygon><username>sandy</username><pt><x>409</x><y>413</y></pt><pt><x>421</x><y>406</y></pt><pt><x>436</x><y>400</y></pt><pt><x>450</x><y>398</y></pt><pt><x>468</x><y>401</y></pt><pt><x>485</x><y>409</y></pt><pt><x>499</x><y>427</y></pt><pt><x>501</x><y>441</y></pt><pt><x>509</x><y>590</y></pt><pt><x>511</x><y>599</y></pt><pt><x>502</x><y>599</y></pt><pt><x>500</x><y>519</y></pt><pt><x>480</x><y>531</y></pt><pt><x>477</x><y>598</y></pt><pt><x>464</x><y>598</y></pt><pt><x>465</x><y>555</y></pt><pt><x>452</x><y>554</y></pt><pt><x>447</x><y>554</y></pt><pt><x>405</x><y>547</y></pt><pt><x>406</x><y>575</y></pt><pt><x>403</x><y>577</y></pt><pt><x>398</x><y>577</y></pt><pt><x>397</x><y>543</y></pt><pt><x>348</x><y>530</y></pt><pt><x>353</x><y>595</y></pt><pt><x>353</x><y>599</y></pt><pt><x>340</x><y>599</y></pt><pt><x>341</x><y>532</y></pt><pt><x>340</x><y>494</y></pt><pt><x>343</x><y>487</y></pt><pt><x>351</x><y>481</y></pt><pt><x>397</x><y>447</y></pt><pt><x>403</x><y>428</y></pt><pt><x>404</x><y>425</y></pt><pt><x>406</x><y>420</y></pt></polygon></object><object><name>man</name><deleted>0</deleted><verified>0</verified><date>16-Jul-2012 00:15:28</date><id>13</id><polygon><username>sandy</username><pt><x>287</x><y>270</y></pt><pt><x>298</x><y>254</y></pt><pt><x>301</x><y>251</y></pt><pt><x>298</x><y>247</y></pt><pt><x>296</x><y>243</y></pt><pt><x>295</x><y>238</y></pt><pt><x>295</x><y>236</y></pt><pt><x>296</x><y>232</y></pt><pt><x>298</x><y>229</y></pt><pt><x>301</x><y>227</y></pt><pt><x>304</x><y>226</y></pt><pt><x>308</x><y>226</y></pt><pt><x>310</x><y>228</y></pt><pt><x>313</x><y>231</y></pt><pt><x>314</x><y>235</y></pt><pt><x>316</x><y>241</y></pt><pt><x>316</x><y>246</y></pt><pt><x>329</x><y>255</y></pt><pt><x>331</x><y>285</y></pt><pt><x>331</x><y>290</y></pt><pt><x>262</x><y>287</y></pt><pt><x>260</x><y>284</y></pt><pt><x>266</x><y>281</y></pt><pt><x>275</x><y>279</y></pt></polygon></object><object><name>book</name><deleted>0</deleted><verified>0</verified><date>16-Jul-2012 00:15:28</date><id>14</id><polygon><username>sandy</username><pt><x>307</x><y>153</y></pt><pt><x>361</x><y>152</y></pt><pt><x>363</x><y>129</y></pt><pt><x>309</x><y>130</y></pt></polygon></object><object><name>book</name><deleted>0</deleted><verified>0</verified><date>16-Jul-2012 00:15:28</date><id>15</id><polygon><username>sandy</username><pt><x>307</x><y>187</y></pt><pt><x>362</x><y>187</y></pt><pt><x>362</x><y>163</y></pt><pt><x>347</x><y>161</y></pt><pt><x>333</x><y>165</y></pt><pt><x>325</x><y>164</y></pt><pt><x>307</x><y>166</y></pt></polygon></object><object><name>book</name><deleted>0</deleted><verified>0</verified><date>16-Jul-2012 00:15:28</date><id>16</id><polygon><username>sandy</username><pt><x>312</x><y>218</y></pt><pt><x>363</x><y>222</y></pt><pt><x>363</x><y>199</y></pt><pt><x>311</x><y>199</y></pt></polygon></object><object><name>book</name><deleted>0</deleted><verified>0</verified><date>16-Jul-2012 00:15:28</date><id>17</id><polygon><username>sandy</username><pt><x>340</x><y>233</y></pt><pt><x>343</x><y>251</y></pt><pt><x>332</x><y>253</y></pt><pt><x>315</x><y>252</y></pt><pt><x>315</x><y>231</y></pt><pt><x>336</x><y>232</y></pt></polygon></object><object><name>book</name><deleted>0</deleted><verified>0</verified><date>16-Jul-2012 00:15:28</date><id>18</id><polygon><username>sandy</username><pt><x>333</x><y>264</y></pt><pt><x>341</x><y>264</y></pt><pt><x>363</x><y>264</y></pt><pt><x>364</x><y>285</y></pt><pt><x>330</x><y>286</y></pt></polygon></object><object><name>book</name><deleted>0</deleted><verified>0</verified><date>16-Jul-2012 00:15:28</date><id>19</id><polygon><username>sandy</username><pt><x>364</x><y>322</y></pt><pt><x>326</x><y>319</y></pt><pt><x>327</x><y>308</y></pt><pt><x>365</x><y>312</y></pt></polygon></object><object><name>book</name><deleted>0</deleted><verified>0</verified><date>16-Jul-2012 00:15:28</date><id>20</id><polygon><username>sandy</username><pt><x>428</x><y>149</y></pt><pt><x>365</x><y>151</y></pt><pt><x>365</x><y>130</y></pt><pt><x>429</x><y>127</y></pt></polygon></object><object><name>book</name><deleted>0</deleted><verified>0</verified><date>16-Jul-2012 00:15:28</date><id>21</id><polygon><username>sandy</username><pt><x>368</x><y>185</y></pt><pt><x>429</x><y>185</y></pt><pt><x>429</x><y>162</y></pt><pt><x>368</x><y>163</y></pt></polygon></object><object><name>book</name><deleted>0</deleted><verified>0</verified><date>16-Jul-2012 00:15:28</date><id>22</id><polygon><username>sandy</username><pt><x>428</x><y>221</y></pt><pt><x>367</x><y>221</y></pt><pt><x>367</x><y>199</y></pt><pt><x>379</x><y>197</y></pt><pt><x>429</x><y>199</y></pt></polygon></object><object><name>book</name><deleted>0</deleted><verified>0</verified><date>16-Jul-2012 00:15:28</date><id>23</id><polygon><username>sandy</username><pt><x>367</x><y>256</y></pt><pt><x>407</x><y>257</y></pt><pt><x>414</x><y>256</y></pt><pt><x>414</x><y>233</y></pt><pt><x>367</x><y>233</y></pt></polygon></object><object><name>book</name><deleted>0</deleted><verified>0</verified><date>16-Jul-2012 00:15:28</date><id>24</id><polygon><username>sandy</username><pt><x>387</x><y>267</y></pt><pt><x>412</x><y>270</y></pt><pt><x>408</x><y>291</y></pt><pt><x>383</x><y>291</y></pt></polygon></object><object><name>book</name><deleted>0</deleted><verified>0</verified><date>16-Jul-2012 00:15:28</date><id>25</id><polygon><username>sandy</username><pt><x>498</x><y>146</y></pt><pt><x>432</x><y>149</y></pt><pt><x>433</x><y>128</y></pt><pt><x>453</x><y>123</y></pt><pt><x>495</x><y>124</y></pt></polygon></object><object><name>book</name><deleted>0</deleted><verified>0</verified><date>16-Jul-2012 00:15:28</date><id>26</id><polygon><username>sandy</username><pt><x>433</x><y>184</y></pt><pt><x>492</x><y>185</y></pt><pt><x>492</x><y>167</y></pt><pt><x>487</x><y>164</y></pt><pt><x>433</x><y>163</y></pt></polygon></object><object><name>book</name><deleted>0</deleted><verified>0</verified><date>16-Jul-2012 00:15:28</date><id>27</id><polygon><username>sandy</username><pt><x>433</x><y>220</y></pt><pt><x>499</x><y>224</y></pt><pt><x>500</x><y>201</y></pt><pt><x>435</x><y>200</y></pt><pt><x>432</x><y>201</y></pt></polygon></object><object><name>book</name><deleted>0</deleted><verified>0</verified><date>16-Jul-2012 00:15:28</date><id>28</id><polygon><username>sandy</username><pt><x>433</x><y>256</y></pt><pt><x>492</x><y>258</y></pt><pt><x>491</x><y>236</y></pt><pt><x>434</x><y>235</y></pt></polygon></object><object><name>book</name><deleted>0</deleted><verified>0</verified><date>16-Jul-2012 00:15:28</date><id>29</id><polygon><username>sandy</username><pt><x>434</x><y>269</y></pt><pt><x>472</x><y>269</y></pt><pt><x>465</x><y>297</y></pt><pt><x>435</x><y>292</y></pt></polygon></object><object><name>book</name><deleted>0</deleted><verified>0</verified><date>16-Jul-2012 00:15:28</date><id>30</id><polygon><username>sandy</username><pt><x>581</x><y>146</y></pt><pt><x>506</x><y>148</y></pt><pt><x>506</x><y>124</y></pt><pt><x>578</x><y>122</y></pt></polygon></object><object><name>book</name><deleted>0</deleted><verified>0</verified><date>16-Jul-2012 00:15:28</date><id>31</id><polygon><username>sandy</username><pt><x>506</x><y>185</y></pt><pt><x>580</x><y>186</y></pt><pt><x>580</x><y>159</y></pt><pt><x>509</x><y>162</y></pt></polygon></object><object><name>book</name><deleted>0</deleted><verified>0</verified><date>16-Jul-2012 00:15:28</date><id>32</id><polygon><username>sandy</username><pt><x>507</x><y>222</y></pt><pt><x>579</x><y>226</y></pt><pt><x>579</x><y>194</y></pt><pt><x>574</x><y>194</y></pt><pt><x>572</x><y>203</y></pt><pt><x>562</x><y>205</y></pt><pt><x>563</x><y>211</y></pt><pt><x>557</x><y>214</y></pt><pt><x>553</x><y>198</y></pt><pt><x>510</x><y>201</y></pt></polygon></object><object><name>book</name><deleted>0</deleted><verified>0</verified><date>16-Jul-2012 00:15:28</date><id>33</id><polygon><username>sandy</username><pt><x>509</x><y>234</y></pt><pt><x>505</x><y>260</y></pt><pt><x>579</x><y>264</y></pt><pt><x>579</x><y>256</y></pt><pt><x>562</x><y>255</y></pt><pt><x>558</x><y>258</y></pt><pt><x>535</x><y>257</y></pt><pt><x>525</x><y>257</y></pt><pt><x>520</x><y>255</y></pt><pt><x>520</x><y>231</y></pt></polygon></object><object><name>book</name><deleted>0</deleted><verified>0</verified><date>16-Jul-2012 00:15:28</date><id>34</id><polygon><username>sandy</username><pt><x>584</x><y>186</y></pt><pt><x>665</x><y>186</y></pt><pt><x>665</x><y>159</y></pt><pt><x>585</x><y>160</y></pt></polygon></object><object><name>book</name><deleted>0</deleted><verified>0</verified><date>16-Jul-2012 00:15:28</date><id>35</id><polygon><username>sandy</username><pt><x>585</x><y>224</y></pt><pt><x>663</x><y>226</y></pt><pt><x>663</x><y>200</y></pt><pt><x>585</x><y>199</y></pt></polygon></object><object><name>book</name><deleted>0</deleted><verified>0</verified><date>16-Jul-2012 00:15:28</date><id>36</id><polygon><username>sandy</username><pt><x>584</x><y>263</y></pt><pt><x>662</x><y>267</y></pt><pt><x>662</x><y>238</y></pt><pt><x>583</x><y>239</y></pt></polygon></object><object><name>book</name><deleted>0</deleted><verified>0</verified><date>16-Jul-2012 00:15:28</date><id>37</id><polygon><username>sandy</username><pt><x>670</x><y>186</y></pt><pt><x>757</x><y>187</y></pt><pt><x>757</x><y>157</y></pt><pt><x>753</x><y>156</y></pt><pt><x>750</x><y>161</y></pt><pt><x>671</x><y>160</y></pt></polygon></object><object><name>book</name><deleted>0</deleted><verified>0</verified><date>16-Jul-2012 00:15:28</date><id>38</id><polygon><username>sandy</username><pt><x>669</x><y>227</y></pt><pt><x>756</x><y>230</y></pt><pt><x>756</x><y>200</y></pt><pt><x>732</x><y>200</y></pt><pt><x>731</x><y>204</y></pt><pt><x>670</x><y>199</y></pt></polygon></object><object><name>book</name><deleted>0</deleted><verified>0</verified><date>16-Jul-2012 00:15:28</date><id>39</id><polygon><username>sandy</username><pt><x>667</x><y>267</y></pt><pt><x>753</x><y>273</y></pt><pt><x>754</x><y>243</y></pt><pt><x>746</x><y>245</y></pt><pt><x>718</x><y>243</y></pt><pt><x>716</x><y>240</y></pt><pt><x>711</x><y>242</y></pt><pt><x>682</x><y>241</y></pt><pt><x>678</x><y>239</y></pt><pt><x>668</x><y>238</y></pt></polygon></object><object><name>book</name><deleted>0</deleted><verified>0</verified><date>16-Jul-2012 00:15:28</date><id>40</id><polygon><username>sandy</username><pt><x>748</x><y>356</y></pt><pt><x>705</x><y>351</y></pt><pt><x>709</x><y>336</y></pt><pt><x>749</x><y>339</y></pt></polygon></object><object><name>bookcase</name><deleted>0</deleted><verified>0</verified><date>16-Jul-2012 00:15:28</date><id>41</id><polygon><username>sandy</username><pt><x>302</x><y>118</y></pt><pt><x>763</x><y>100</y></pt><pt><x>755</x><y>368</y></pt><pt><x>752</x><y>370</y></pt><pt><x>302</x><y>324</y></pt></polygon></object><object><name>projector</name><deleted>0</deleted><verified>0</verified><date>16-Jul-2012 00:15:28</date><id>42</id><polygon><username>sandy</username><pt><x>17</x><y>395</y></pt><pt><x>65</x><y>382</y></pt><pt><x>66</x><y>361</y></pt><pt><x>74</x><y>357</y></pt><pt><x>72</x><y>300</y></pt><pt><x>75</x><y>294</y></pt><pt><x>74</x><y>287</y></pt><pt><x>72</x><y>283</y></pt><pt><x>71</x><y>278</y></pt><pt><x>68</x><y>267</y></pt><pt><x>65</x><y>267</y></pt><pt><x>63</x><y>271</y></pt><pt><x>56</x><y>268</y></pt><pt><x>31</x><y>264</y></pt><pt><x>27</x><y>248</y></pt><pt><x>2</x><y>244</y></pt><pt><x>2</x><y>271</y></pt><pt><x>29</x><y>268</y></pt><pt><x>48</x><y>271</y></pt><pt><x>59</x><y>282</y></pt><pt><x>59</x><y>290</y></pt><pt><x>60</x><y>298</y></pt><pt><x>67</x><y>304</y></pt><pt><x>69</x><y>337</y></pt><pt><x>26</x><y>331</y></pt><pt><x>0</x><y>338</y></pt><pt><x>3</x><y>392</y></pt></polygon></object><object><name>window</name><deleted>0</deleted><verified>0</verified><date>16-Jul-2012 00:15:28</date><id>43</id><polygon><username>sandy</username><pt><x>2</x><y>46</y></pt><pt><x>269</x><y>89</y></pt><pt><x>313</x><y>87</y></pt><pt><x>310</x><y>280</y></pt><pt><x>270</x><y>278</y></pt><pt><x>2</x><y>324</y></pt></polygon></object><object><name>blinds</name><deleted>0</deleted><verified>0</verified><date>16-Jul-2012 00:15:28</date><id>44</id><polygon><username>sandy</username><pt><x>144</x><y>140</y></pt><pt><x>144</x><y>82</y></pt><pt><x>2</x><y>63</y></pt><pt><x>0</x><y>136</y></pt></polygon></object><object><name>blinds</name><deleted>0</deleted><verified>0</verified><date>16-Jul-2012 00:15:28</date><id>45</id><polygon><username>sandy</username><pt><x>154</x><y>84</y></pt><pt><x>266</x><y>99</y></pt><pt><x>266</x><y>148</y></pt><pt><x>153</x><y>141</y></pt></polygon></object><object><name>blinds</name><deleted>0</deleted><verified>0</verified><date>16-Jul-2012 00:15:28</date><id>46</id><polygon><username>sandy</username><pt><x>273</x><y>98</y></pt><pt><x>313</x><y>97</y></pt><pt><x>314</x><y>145</y></pt><pt><x>273</x><y>147</y></pt></polygon></object><imagesize><nrows>600</nrows><ncols>800</ncols></imagesize></annotation>