<annotation><filename>s_studio_studio_000007.jpg</filename><folder>100images</folder><source><sourceImage>The MIT-CSAIL database of objects and scenes</sourceImage><sourceAnnotation>LabelMe Webtool</sourceAnnotation></source><object><name>piano</name><deleted>0</deleted><verified>0</verified><date>15-Jul-2012 23:38:42</date><id>0</id><polygon><username>sandy</username><pt><x>607</x><y>366</y></pt><pt><x>612</x><y>360</y></pt><pt><x>614</x><y>356</y></pt><pt><x>616</x><y>315</y></pt><pt><x>606</x><y>311</y></pt><pt><x>612</x><y>310</y></pt><pt><x>617</x><y>306</y></pt><pt><x>619</x><y>303</y></pt><pt><x>620</x><y>297</y></pt><pt><x>618</x><y>287</y></pt><pt><x>608</x><y>276</y></pt><pt><x>593</x><y>266</y></pt><pt><x>570</x><y>254</y></pt><pt><x>529</x><y>245</y></pt><pt><x>505</x><y>238</y></pt><pt><x>491</x><y>231</y></pt><pt><x>470</x><y>205</y></pt><pt><x>421</x><y>205</y></pt><pt><x>417</x><y>209</y></pt><pt><x>444</x><y>242</y></pt><pt><x>430</x><y>274</y></pt><pt><x>424</x><y>287</y></pt><pt><x>420</x><y>292</y></pt><pt><x>409</x><y>293</y></pt><pt><x>397</x><y>311</y></pt><pt><x>362</x><y>314</y></pt><pt><x>356</x><y>313</y></pt><pt><x>354</x><y>319</y></pt><pt><x>356</x><y>325</y></pt><pt><x>357</x><y>330</y></pt><pt><x>356</x><y>335</y></pt><pt><x>353</x><y>338</y></pt><pt><x>350</x><y>339</y></pt><pt><x>346</x><y>339</y></pt><pt><x>344</x><y>339</y></pt><pt><x>340</x><y>340</y></pt><pt><x>339</x><y>341</y></pt><pt><x>339</x><y>346</y></pt><pt><x>340</x><y>353</y></pt><pt><x>350</x><y>356</y></pt><pt><x>355</x><y>360</y></pt><pt><x>366</x><y>366</y></pt><pt><x>371</x><y>374</y></pt><pt><x>375</x><y>419</y></pt><pt><x>373</x><y>424</y></pt><pt><x>373</x><y>433</y></pt><pt><x>374</x><y>440</y></pt><pt><x>376</x><y>441</y></pt><pt><x>380</x><y>441</y></pt><pt><x>383</x><y>439</y></pt><pt><x>382</x><y>436</y></pt><pt><x>382</x><y>433</y></pt><pt><x>384</x><y>431</y></pt><pt><x>384</x><y>425</y></pt><pt><x>387</x><y>394</y></pt><pt><x>388</x><y>373</y></pt><pt><x>389</x><y>371</y></pt><pt><x>423</x><y>363</y></pt><pt><x>421</x><y>412</y></pt><pt><x>418</x><y>414</y></pt><pt><x>415</x><y>415</y></pt><pt><x>411</x><y>416</y></pt><pt><x>410</x><y>420</y></pt><pt><x>414</x><y>421</y></pt><pt><x>417</x><y>423</y></pt><pt><x>427</x><y>426</y></pt><pt><x>442</x><y>420</y></pt><pt><x>463</x><y>381</y></pt><pt><x>462</x><y>406</y></pt><pt><x>464</x><y>410</y></pt><pt><x>467</x><y>412</y></pt><pt><x>469</x><y>409</y></pt><pt><x>470</x><y>406</y></pt><pt><x>476</x><y>359</y></pt><pt><x>552</x><y>360</y></pt><pt><x>552</x><y>363</y></pt><pt><x>575</x><y>365</y></pt><pt><x>578</x><y>369</y></pt><pt><x>582</x><y>371</y></pt><pt><x>584</x><y>377</y></pt><pt><x>585</x><y>423</y></pt><pt><x>584</x><y>430</y></pt><pt><x>586</x><y>435</y></pt><pt><x>587</x><y>437</y></pt><pt><x>586</x><y>439</y></pt><pt><x>590</x><y>441</y></pt><pt><x>592</x><y>439</y></pt><pt><x>592</x><y>436</y></pt><pt><x>594</x><y>434</y></pt><pt><x>597</x><y>426</y></pt><pt><x>595</x><y>422</y></pt><pt><x>601</x><y>374</y></pt></polygon></object><imagesize><nrows>600</nrows><ncols>800</ncols></imagesize><object><name>desk</name><deleted>0</deleted><verified>0</verified><date>15-Jul-2012 23:49:05</date><id>1</id><polygon><username>sandy</username><pt><x>192</x><y>366</y></pt><pt><x>272</x><y>381</y></pt><pt><x>276</x><y>508</y></pt><pt><x>259</x><y>506</y></pt><pt><x>260</x><y>455</y></pt><pt><x>2</x><y>523</y></pt><pt><x>0</x><y>392</y></pt></polygon></object><object><name>speaker</name><deleted>0</deleted><verified>0</verified><date>15-Jul-2012 23:49:05</date><id>2</id><polygon><username>sandy</username><pt><x>249</x><y>354</y></pt><pt><x>293</x><y>357</y></pt><pt><x>310</x><y>349</y></pt><pt><x>314</x><y>342</y></pt><pt><x>312</x><y>314</y></pt><pt><x>310</x><y>309</y></pt><pt><x>272</x><y>308</y></pt><pt><x>249</x><y>313</y></pt><pt><x>243</x><y>318</y></pt><pt><x>244</x><y>347</y></pt></polygon></object><object><name>speaker</name><deleted>0</deleted><verified>0</verified><date>15-Jul-2012 23:49:05</date><id>3</id><polygon><username>sandy</username><pt><x>3</x><y>330</y></pt><pt><x>75</x><y>330</y></pt><pt><x>80</x><y>337</y></pt><pt><x>89</x><y>347</y></pt><pt><x>86</x><y>382</y></pt><pt><x>76</x><y>392</y></pt><pt><x>2</x><y>397</y></pt></polygon></object><object><name>bookcase</name><deleted>0</deleted><verified>0</verified><date>15-Jul-2012 23:49:05</date><id>4</id><polygon><username>sandy</username><pt><x>167</x><y>318</y></pt><pt><x>168</x><y>89</y></pt><pt><x>1</x><y>60</y></pt><pt><x>2</x><y>331</y></pt></polygon></object><object><name>guitar</name><deleted>0</deleted><verified>0</verified><date>15-Jul-2012 23:49:05</date><id>5</id><polygon><username>sandy</username><pt><x>665</x><y>373</y></pt><pt><x>673</x><y>320</y></pt><pt><x>672</x><y>315</y></pt><pt><x>677</x><y>300</y></pt><pt><x>683</x><y>304</y></pt><pt><x>683</x><y>317</y></pt><pt><x>678</x><y>319</y></pt><pt><x>673</x><y>371</y></pt><pt><x>674</x><y>375</y></pt><pt><x>677</x><y>374</y></pt><pt><x>680</x><y>372</y></pt><pt><x>679</x><y>430</y></pt><pt><x>663</x><y>429</y></pt><pt><x>651</x><y>426</y></pt><pt><x>646</x><y>421</y></pt><pt><x>642</x><y>416</y></pt><pt><x>639</x><y>409</y></pt><pt><x>643</x><y>397</y></pt><pt><x>650</x><y>390</y></pt><pt><x>653</x><y>386</y></pt><pt><x>653</x><y>380</y></pt><pt><x>652</x><y>375</y></pt><pt><x>652</x><y>371</y></pt><pt><x>652</x><y>369</y></pt><pt><x>654</x><y>367</y></pt><pt><x>657</x><y>368</y></pt><pt><x>660</x><y>372</y></pt></polygon></object><object><name>book</name><deleted>0</deleted><verified>0</verified><date>15-Jul-2012 23:49:05</date><id>6</id><polygon><username>sandy</username><pt><x>74</x><y>208</y></pt><pt><x>76</x><y>233</y></pt><pt><x>2</x><y>232</y></pt><pt><x>4</x><y>205</y></pt><pt><x>30</x><y>206</y></pt><pt><x>54</x><y>207</y></pt></polygon></object><object><name>book</name><deleted>0</deleted><verified>0</verified><date>15-Jul-2012 23:49:05</date><id>7</id><polygon><username>sandy</username><pt><x>75</x><y>269</y></pt><pt><x>71</x><y>240</y></pt><pt><x>47</x><y>240</y></pt><pt><x>37</x><y>241</y></pt><pt><x>19</x><y>241</y></pt><pt><x>2</x><y>244</y></pt><pt><x>2</x><y>272</y></pt></polygon></object><object><name>book</name><deleted>0</deleted><verified>0</verified><date>15-Jul-2012 23:49:05</date><id>8</id><polygon><username>sandy</username><pt><x>14</x><y>298</y></pt><pt><x>18</x><y>282</y></pt><pt><x>48</x><y>286</y></pt><pt><x>74</x><y>283</y></pt><pt><x>77</x><y>313</y></pt><pt><x>53</x><y>316</y></pt><pt><x>2</x><y>321</y></pt><pt><x>2</x><y>298</y></pt></polygon></object><object><name>book</name><deleted>0</deleted><verified>0</verified><date>15-Jul-2012 23:49:05</date><id>9</id><polygon><username>sandy</username><pt><x>159</x><y>208</y></pt><pt><x>162</x><y>235</y></pt><pt><x>85</x><y>234</y></pt><pt><x>83</x><y>212</y></pt><pt><x>94</x><y>214</y></pt><pt><x>96</x><y>208</y></pt><pt><x>124</x><y>210</y></pt><pt><x>148</x><y>208</y></pt></polygon></object><object><name>book</name><deleted>0</deleted><verified>0</verified><date>15-Jul-2012 23:49:05</date><id>10</id><polygon><username>sandy</username><pt><x>123</x><y>244</y></pt><pt><x>122</x><y>267</y></pt><pt><x>156</x><y>268</y></pt><pt><x>159</x><y>240</y></pt><pt><x>146</x><y>240</y></pt><pt><x>139</x><y>244</y></pt><pt><x>129</x><y>243</y></pt></polygon></object><object><name>book</name><deleted>0</deleted><verified>0</verified><date>15-Jul-2012 23:49:05</date><id>11</id><polygon><username>sandy</username><pt><x>83</x><y>270</y></pt><pt><x>95</x><y>270</y></pt><pt><x>96</x><y>239</y></pt><pt><x>83</x><y>240</y></pt></polygon></object><object><name>radio</name><deleted>0</deleted><verified>0</verified><date>15-Jul-2012 23:49:05</date><id>12</id><polygon><username>sandy</username><pt><x>130</x><y>286</y></pt><pt><x>142</x><y>287</y></pt><pt><x>153</x><y>289</y></pt><pt><x>159</x><y>291</y></pt><pt><x>162</x><y>294</y></pt><pt><x>163</x><y>299</y></pt><pt><x>162</x><y>305</y></pt><pt><x>159</x><y>308</y></pt><pt><x>136</x><y>310</y></pt><pt><x>130</x><y>310</y></pt><pt><x>127</x><y>307</y></pt><pt><x>125</x><y>305</y></pt><pt><x>123</x><y>301</y></pt><pt><x>121</x><y>297</y></pt><pt><x>121</x><y>293</y></pt><pt><x>123</x><y>290</y></pt></polygon></object><object><name>plant</name><deleted>0</deleted><verified>0</verified><date>15-Jul-2012 23:49:05</date><id>13</id><polygon><username>sandy</username><pt><x>328</x><y>303</y></pt><pt><x>355</x><y>305</y></pt><pt><x>365</x><y>268</y></pt><pt><x>361</x><y>266</y></pt><pt><x>345</x><y>264</y></pt><pt><x>345</x><y>255</y></pt><pt><x>350</x><y>244</y></pt><pt><x>354</x><y>235</y></pt><pt><x>357</x><y>228</y></pt><pt><x>367</x><y>226</y></pt><pt><x>374</x><y>225</y></pt><pt><x>379</x><y>222</y></pt><pt><x>383</x><y>218</y></pt><pt><x>381</x><y>214</y></pt><pt><x>384</x><y>212</y></pt><pt><x>388</x><y>210</y></pt><pt><x>392</x><y>207</y></pt><pt><x>397</x><y>205</y></pt><pt><x>397</x><y>202</y></pt><pt><x>392</x><y>197</y></pt><pt><x>388</x><y>197</y></pt><pt><x>383</x><y>196</y></pt><pt><x>376</x><y>193</y></pt><pt><x>380</x><y>161</y></pt><pt><x>385</x><y>151</y></pt><pt><x>383</x><y>144</y></pt><pt><x>378</x><y>135</y></pt><pt><x>370</x><y>132</y></pt><pt><x>356</x><y>130</y></pt><pt><x>347</x><y>134</y></pt><pt><x>340</x><y>136</y></pt><pt><x>334</x><y>134</y></pt><pt><x>328</x><y>135</y></pt><pt><x>316</x><y>142</y></pt><pt><x>311</x><y>152</y></pt><pt><x>310</x><y>161</y></pt><pt><x>314</x><y>196</y></pt><pt><x>322</x><y>202</y></pt><pt><x>325</x><y>208</y></pt><pt><x>318</x><y>214</y></pt><pt><x>312</x><y>209</y></pt><pt><x>308</x><y>205</y></pt><pt><x>302</x><y>205</y></pt><pt><x>301</x><y>211</y></pt><pt><x>302</x><y>220</y></pt><pt><x>309</x><y>221</y></pt><pt><x>314</x><y>220</y></pt><pt><x>319</x><y>223</y></pt><pt><x>323</x><y>243</y></pt><pt><x>330</x><y>247</y></pt><pt><x>336</x><y>251</y></pt><pt><x>337</x><y>265</y></pt><pt><x>319</x><y>265</y></pt><pt><x>318</x><y>272</y></pt><pt><x>321</x><y>275</y></pt><pt><x>325</x><y>296</y></pt></polygon></object><object><name>chair</name><deleted>0</deleted><verified>0</verified><date>15-Jul-2012 23:49:05</date><id>14</id><polygon><username>sandy</username><pt><x>193</x><y>324</y></pt><pt><x>198</x><y>346</y></pt><pt><x>203</x><y>345</y></pt><pt><x>225</x><y>352</y></pt><pt><x>222</x><y>355</y></pt><pt><x>227</x><y>368</y></pt><pt><x>232</x><y>368</y></pt><pt><x>234</x><y>374</y></pt><pt><x>147</x><y>389</y></pt><pt><x>137</x><y>347</y></pt><pt><x>132</x><y>334</y></pt><pt><x>132</x><y>327</y></pt><pt><x>132</x><y>323</y></pt><pt><x>179</x><y>318</y></pt><pt><x>187</x><y>318</y></pt></polygon></object><object><name>book</name><deleted>0</deleted><verified>0</verified><date>15-Jul-2012 23:49:05</date><id>15</id><polygon><username>sandy</username><pt><x>74</x><y>95</y></pt><pt><x>78</x><y>121</y></pt><pt><x>2</x><y>112</y></pt><pt><x>2</x><y>84</y></pt><pt><x>9</x><y>83</y></pt><pt><x>10</x><y>89</y></pt><pt><x>31</x><y>93</y></pt><pt><x>40</x><y>92</y></pt><pt><x>59</x><y>94</y></pt></polygon></object><object><name>book</name><deleted>0</deleted><verified>0</verified><date>15-Jul-2012 23:49:05</date><id>16</id><polygon><username>sandy</username><pt><x>86</x><y>133</y></pt><pt><x>156</x><y>144</y></pt><pt><x>160</x><y>162</y></pt><pt><x>83</x><y>153</y></pt></polygon></object><object><name>book</name><deleted>0</deleted><verified>0</verified><date>15-Jul-2012 23:49:05</date><id>17</id><polygon><username>sandy</username><pt><x>87</x><y>83</y></pt><pt><x>94</x><y>85</y></pt><pt><x>108</x><y>97</y></pt><pt><x>122</x><y>101</y></pt><pt><x>122</x><y>109</y></pt><pt><x>127</x><y>110</y></pt><pt><x>129</x><y>126</y></pt><pt><x>130</x><y>129</y></pt><pt><x>84</x><y>123</y></pt></polygon></object><object><name>book</name><deleted>0</deleted><verified>0</verified><date>15-Jul-2012 23:49:05</date><id>18</id><polygon><username>sandy</username><pt><x>18</x><y>143</y></pt><pt><x>16</x><y>176</y></pt><pt><x>2</x><y>174</y></pt><pt><x>2</x><y>141</y></pt></polygon></object><object><name>painting</name><deleted>0</deleted><verified>0</verified><date>15-Jul-2012 23:49:05</date><id>19</id><polygon><username>sandy</username><pt><x>269</x><y>159</y></pt><pt><x>269</x><y>215</y></pt><pt><x>291</x><y>216</y></pt><pt><x>290</x><y>160</y></pt></polygon></object><object><name>painting</name><deleted>0</deleted><verified>0</verified><date>15-Jul-2012 23:49:05</date><id>20</id><polygon><username>sandy</username><pt><x>268</x><y>275</y></pt><pt><x>288</x><y>273</y></pt><pt><x>288</x><y>219</y></pt><pt><x>267</x><y>220</y></pt></polygon></object><object><name>light</name><deleted>0</deleted><verified>0</verified><date>15-Jul-2012 23:49:05</date><id>21</id><polygon><username>sandy</username><pt><x>444</x><y>45</y></pt><pt><x>442</x><y>66</y></pt><pt><x>434</x><y>73</y></pt><pt><x>423</x><y>74</y></pt><pt><x>418</x><y>72</y></pt><pt><x>413</x><y>72</y></pt><pt><x>403</x><y>74</y></pt><pt><x>397</x><y>73</y></pt><pt><x>390</x><y>71</y></pt><pt><x>385</x><y>66</y></pt><pt><x>385</x><y>61</y></pt><pt><x>383</x><y>56</y></pt><pt><x>384</x><y>49</y></pt><pt><x>386</x><y>45</y></pt><pt><x>389</x><y>41</y></pt><pt><x>394</x><y>38</y></pt><pt><x>401</x><y>36</y></pt><pt><x>404</x><y>34</y></pt><pt><x>406</x><y>30</y></pt><pt><x>409</x><y>28</y></pt><pt><x>418</x><y>28</y></pt><pt><x>422</x><y>29</y></pt><pt><x>422</x><y>36</y></pt><pt><x>427</x><y>37</y></pt><pt><x>434</x><y>38</y></pt><pt><x>440</x><y>40</y></pt></polygon></object><object><name>fan</name><deleted>0</deleted><verified>0</verified><date>15-Jul-2012 23:49:05</date><id>22</id><polygon><username>sandy</username><pt><x>453</x><y>30</y></pt><pt><x>514</x><y>19</y></pt><pt><x>519</x><y>17</y></pt><pt><x>519</x><y>14</y></pt><pt><x>513</x><y>11</y></pt><pt><x>506</x><y>10</y></pt><pt><x>438</x><y>16</y></pt><pt><x>439</x><y>8</y></pt><pt><x>422</x><y>2</y></pt><pt><x>400</x><y>3</y></pt><pt><x>374</x><y>1</y></pt><pt><x>385</x><y>16</y></pt><pt><x>386</x><y>21</y></pt><pt><x>308</x><y>26</y></pt><pt><x>302</x><y>26</y></pt><pt><x>298</x><y>28</y></pt><pt><x>374</x><y>32</y></pt><pt><x>389</x><y>34</y></pt><pt><x>387</x><y>39</y></pt><pt><x>371</x><y>55</y></pt><pt><x>377</x><y>57</y></pt><pt><x>383</x><y>57</y></pt><pt><x>404</x><y>42</y></pt><pt><x>438</x><y>42</y></pt><pt><x>476</x><y>50</y></pt><pt><x>485</x><y>53</y></pt><pt><x>491</x><y>51</y></pt><pt><x>494</x><y>48</y></pt><pt><x>495</x><y>46</y></pt><pt><x>493</x><y>43</y></pt></polygon></object><object><name>mirror</name><deleted>0</deleted><verified>0</verified><date>15-Jul-2012 23:49:05</date><id>23</id><polygon><username>sandy</username><pt><x>708</x><y>212</y></pt><pt><x>705</x><y>318</y></pt><pt><x>765</x><y>330</y></pt><pt><x>769</x><y>208</y></pt><pt><x>771</x><y>208</y></pt><pt><x>772</x><y>196</y></pt><pt><x>705</x><y>203</y></pt></polygon></object><object><name>pianobench</name><deleted>0</deleted><verified>0</verified><date>15-Jul-2012 23:49:05</date><id>24</id><polygon><username>sandy</username><pt><x>330</x><y>363</y></pt><pt><x>330</x><y>417</y></pt><pt><x>334</x><y>416</y></pt><pt><x>337</x><y>374</y></pt><pt><x>359</x><y>377</y></pt><pt><x>359</x><y>420</y></pt><pt><x>363</x><y>420</y></pt><pt><x>366</x><y>379</y></pt><pt><x>412</x><y>369</y></pt><pt><x>412</x><y>406</y></pt><pt><x>414</x><y>405</y></pt><pt><x>415</x><y>358</y></pt><pt><x>377</x><y>352</y></pt></polygon></object><object><name>window</name><deleted>0</deleted><verified>0</verified><date>15-Jul-2012 23:49:05</date><id>25</id><polygon><username>sandy</username><pt><x>181</x><y>134</y></pt><pt><x>179</x><y>302</y></pt><pt><x>255</x><y>297</y></pt><pt><x>254</x><y>143</y></pt></polygon></object><object><name>window</name><deleted>0</deleted><verified>0</verified><date>15-Jul-2012 23:49:05</date><id>26</id><polygon><username>sandy</username><pt><x>571</x><y>49</y></pt><pt><x>636</x><y>39</y></pt><pt><x>617</x><y>3</y></pt><pt><x>540</x><y>1</y></pt></polygon></object><object><name>cables</name><deleted>0</deleted><verified>0</verified><date>18-Jul-2012 10:34:58</date><id>27</id><polygon><username>sandy</username><pt><x>78</x><y>573</y></pt><pt><x>136</x><y>556</y></pt><pt><x>174</x><y>483</y></pt><pt><x>90</x><y>499</y></pt></polygon></object></annotation>