<annotation><filename>s_street_britain.jpg</filename><folder>100images</folder><source><sourceImage>The MIT-CSAIL database of objects and scenes</sourceImage><sourceAnnotation>LabelMe Webtool</sourceAnnotation></source><object><name>shop</name><deleted>0</deleted><verified>0</verified><date>15-Jul-2012 21:37:29</date><id>0</id><polygon><username>sandy</username><pt><x>276</x><y>167</y></pt><pt><x>281</x><y>327</y></pt><pt><x>223</x><y>319</y></pt><pt><x>229</x><y>172</y></pt></polygon></object><object><name>shop</name><deleted>0</deleted><verified>0</verified><date>15-Jul-2012 21:37:29</date><id>1</id><polygon><username>sandy</username><pt><x>290</x><y>191</y></pt><pt><x>482</x><y>171</y></pt><pt><x>487</x><y>345</y></pt><pt><x>292</x><y>325</y></pt></polygon></object><object><name>shop</name><deleted>0</deleted><verified>0</verified><date>15-Jul-2012 21:37:29</date><id>2</id><polygon><username>sandy</username><pt><x>726</x><y>150</y></pt><pt><x>728</x><y>189</y></pt><pt><x>713</x><y>192</y></pt><pt><x>718</x><y>381</y></pt><pt><x>492</x><y>347</y></pt><pt><x>490</x><y>216</y></pt><pt><x>486</x><y>215</y></pt><pt><x>480</x><y>187</y></pt></polygon></object><object><name>telephonebox</name><deleted>0</deleted><verified>0</verified><date>15-Jul-2012 21:37:29</date><id>3</id><polygon><username>sandy</username><pt><x>206</x><y>519</y></pt><pt><x>230</x><y>480</y></pt><pt><x>229</x><y>164</y></pt><pt><x>217</x><y>139</y></pt><pt><x>194</x><y>128</y></pt><pt><x>156</x><y>124</y></pt><pt><x>108</x><y>128</y></pt><pt><x>71</x><y>144</y></pt><pt><x>72</x><y>173</y></pt><pt><x>70</x><y>512</y></pt><pt><x>185</x><y>516</y></pt></polygon></object><object><name>people</name><deleted>0</deleted><verified>0</verified><date>15-Jul-2012 21:37:29</date><id>4</id><polygon><username>sandy</username><pt><x>407</x><y>291</y></pt><pt><x>405</x><y>271</y></pt><pt><x>403</x><y>264</y></pt><pt><x>400</x><y>262</y></pt><pt><x>399</x><y>258</y></pt><pt><x>401</x><y>256</y></pt><pt><x>400</x><y>253</y></pt><pt><x>399</x><y>249</y></pt><pt><x>396</x><y>248</y></pt><pt><x>390</x><y>248</y></pt><pt><x>385</x><y>249</y></pt><pt><x>385</x><y>253</y></pt><pt><x>385</x><y>258</y></pt><pt><x>384</x><y>261</y></pt><pt><x>379</x><y>261</y></pt><pt><x>379</x><y>249</y></pt><pt><x>374</x><y>243</y></pt><pt><x>368</x><y>242</y></pt><pt><x>365</x><y>244</y></pt><pt><x>365</x><y>248</y></pt><pt><x>366</x><y>254</y></pt><pt><x>368</x><y>259</y></pt><pt><x>364</x><y>262</y></pt><pt><x>360</x><y>279</y></pt><pt><x>362</x><y>282</y></pt><pt><x>365</x><y>304</y></pt><pt><x>366</x><y>322</y></pt><pt><x>366</x><y>347</y></pt><pt><x>363</x><y>351</y></pt><pt><x>361</x><y>353</y></pt><pt><x>361</x><y>356</y></pt><pt><x>362</x><y>358</y></pt><pt><x>367</x><y>357</y></pt><pt><x>372</x><y>357</y></pt><pt><x>374</x><y>355</y></pt><pt><x>373</x><y>352</y></pt><pt><x>374</x><y>350</y></pt><pt><x>388</x><y>352</y></pt><pt><x>389</x><y>357</y></pt><pt><x>391</x><y>360</y></pt><pt><x>394</x><y>358</y></pt><pt><x>398</x><y>341</y></pt><pt><x>394</x><y>339</y></pt><pt><x>389</x><y>328</y></pt><pt><x>393</x><y>316</y></pt><pt><x>396</x><y>315</y></pt><pt><x>398</x><y>318</y></pt><pt><x>401</x><y>327</y></pt><pt><x>413</x><y>344</y></pt><pt><x>413</x><y>350</y></pt><pt><x>411</x><y>353</y></pt><pt><x>411</x><y>357</y></pt><pt><x>414</x><y>358</y></pt><pt><x>418</x><y>355</y></pt><pt><x>420</x><y>346</y></pt><pt><x>408</x><y>326</y></pt><pt><x>411</x><y>314</y></pt><pt><x>410</x><y>305</y></pt></polygon></object><object><name>bicycle</name><deleted>0</deleted><verified>0</verified><date>15-Jul-2012 21:37:29</date><id>5</id><polygon><username>sandy</username><pt><x>281</x><y>354</y></pt><pt><x>291</x><y>351</y></pt><pt><x>303</x><y>352</y></pt><pt><x>311</x><y>358</y></pt><pt><x>317</x><y>372</y></pt><pt><x>320</x><y>395</y></pt><pt><x>315</x><y>409</y></pt><pt><x>299</x><y>419</y></pt><pt><x>289</x><y>416</y></pt><pt><x>279</x><y>410</y></pt><pt><x>271</x><y>401</y></pt><pt><x>268</x><y>394</y></pt><pt><x>265</x><y>397</y></pt><pt><x>265</x><y>402</y></pt><pt><x>262</x><y>405</y></pt><pt><x>263</x><y>413</y></pt><pt><x>256</x><y>415</y></pt><pt><x>254</x><y>403</y></pt><pt><x>250</x><y>400</y></pt><pt><x>249</x><y>395</y></pt><pt><x>248</x><y>387</y></pt><pt><x>234</x><y>370</y></pt><pt><x>235</x><y>379</y></pt><pt><x>235</x><y>386</y></pt><pt><x>236</x><y>392</y></pt><pt><x>234</x><y>399</y></pt><pt><x>230</x><y>403</y></pt><pt><x>227</x><y>340</y></pt><pt><x>252</x><y>340</y></pt><pt><x>250</x><y>338</y></pt><pt><x>240</x><y>334</y></pt><pt><x>237</x><y>334</y></pt><pt><x>233</x><y>330</y></pt><pt><x>232</x><y>326</y></pt><pt><x>237</x><y>326</y></pt><pt><x>279</x><y>328</y></pt><pt><x>281</x><y>332</y></pt><pt><x>268</x><y>338</y></pt><pt><x>268</x><y>342</y></pt></polygon></object><object><name>sign</name><deleted>0</deleted><verified>0</verified><date>15-Jul-2012 21:37:29</date><id>6</id><polygon><username>sandy</username><pt><x>660</x><y>40</y></pt><pt><x>664</x><y>79</y></pt><pt><x>693</x><y>89</y></pt><pt><x>673</x><y>94</y></pt><pt><x>676</x><y>141</y></pt><pt><x>766</x><y>118</y></pt><pt><x>766</x><y>102</y></pt><pt><x>768</x><y>101</y></pt><pt><x>766</x><y>59</y></pt></polygon></object><object><name>sign</name><deleted>0</deleted><verified>0</verified><date>15-Jul-2012 21:37:29</date><id>7</id><polygon><username>sandy</username><pt><x>780</x><y>63</y></pt><pt><x>783</x><y>113</y></pt><pt><x>800</x><y>107</y></pt><pt><x>800</x><y>68</y></pt></polygon></object><object><name>sign</name><deleted>0</deleted><verified>0</verified><date>15-Jul-2012 21:37:29</date><id>8</id><polygon><username>sandy</username><pt><x>510</x><y>215</y></pt><pt><x>511</x><y>245</y></pt><pt><x>625</x><y>235</y></pt><pt><x>621</x><y>202</y></pt></polygon></object><object><name>sign</name><deleted>0</deleted><verified>0</verified><date>15-Jul-2012 21:37:29</date><id>9</id><polygon><username>sandy</username><pt><x>635</x><y>200</y></pt><pt><x>637</x><y>220</y></pt><pt><x>682</x><y>213</y></pt><pt><x>681</x><y>196</y></pt></polygon></object><object><name>sign</name><deleted>0</deleted><verified>0</verified><date>15-Jul-2012 21:37:29</date><id>10</id><polygon><username>sandy</username><pt><x>596</x><y>186</y></pt><pt><x>718</x><y>168</y></pt><pt><x>722</x><y>186</y></pt><pt><x>486</x><y>215</y></pt><pt><x>484</x><y>201</y></pt></polygon></object><object><name>sign</name><deleted>0</deleted><verified>0</verified><date>15-Jul-2012 21:37:29</date><id>11</id><polygon><username>sandy</username><pt><x>296</x><y>226</y></pt><pt><x>467</x><y>211</y></pt><pt><x>467</x><y>175</y></pt><pt><x>291</x><y>195</y></pt></polygon></object><object><name>sign</name><deleted>0</deleted><verified>0</verified><date>15-Jul-2012 21:37:29</date><id>12</id><polygon><username>sandy</username><pt><x>268</x><y>198</y></pt><pt><x>269</x><y>215</y></pt><pt><x>232</x><y>218</y></pt><pt><x>231</x><y>202</y></pt></polygon></object><object><name>fence</name><deleted>0</deleted><verified>0</verified><date>15-Jul-2012 21:37:29</date><id>13</id><polygon><username>sandy</username><pt><x>3</x><y>234</y></pt><pt><x>72</x><y>232</y></pt><pt><x>71</x><y>391</y></pt><pt><x>2</x><y>411</y></pt></polygon></object><object><name>tree</name><deleted>0</deleted><verified>0</verified><date>15-Jul-2012 21:37:29</date><id>14</id><polygon><username>sandy</username><pt><x>271</x><y>142</y></pt><pt><x>301</x><y>148</y></pt><pt><x>320</x><y>144</y></pt><pt><x>325</x><y>134</y></pt><pt><x>321</x><y>117</y></pt><pt><x>325</x><y>103</y></pt><pt><x>327</x><y>92</y></pt><pt><x>321</x><y>79</y></pt><pt><x>321</x><y>63</y></pt><pt><x>318</x><y>54</y></pt><pt><x>306</x><y>51</y></pt><pt><x>291</x><y>46</y></pt><pt><x>275</x><y>52</y></pt><pt><x>263</x><y>51</y></pt><pt><x>261</x><y>41</y></pt><pt><x>263</x><y>33</y></pt><pt><x>271</x><y>26</y></pt><pt><x>289</x><y>22</y></pt><pt><x>292</x><y>17</y></pt><pt><x>289</x><y>3</y></pt><pt><x>2</x><y>1</y></pt><pt><x>6</x><y>213</y></pt><pt><x>67</x><y>217</y></pt><pt><x>236</x><y>169</y></pt><pt><x>255</x><y>161</y></pt><pt><x>266</x><y>171</y></pt><pt><x>279</x><y>179</y></pt><pt><x>291</x><y>181</y></pt><pt><x>317</x><y>171</y></pt><pt><x>323</x><y>175</y></pt><pt><x>328</x><y>181</y></pt><pt><x>343</x><y>176</y></pt><pt><x>345</x><y>170</y></pt><pt><x>336</x><y>164</y></pt><pt><x>328</x><y>161</y></pt><pt><x>318</x><y>161</y></pt><pt><x>308</x><y>161</y></pt><pt><x>301</x><y>166</y></pt><pt><x>297</x><y>174</y></pt><pt><x>288</x><y>176</y></pt><pt><x>279</x><y>174</y></pt><pt><x>271</x><y>171</y></pt><pt><x>270</x><y>166</y></pt><pt><x>272</x><y>159</y></pt><pt><x>270</x><y>153</y></pt></polygon></object><object><name>signpost</name><deleted>0</deleted><verified>0</verified><date>15-Jul-2012 21:37:29</date><id>15</id><polygon><username>sandy</username><pt><x>772</x><y>500</y></pt><pt><x>764</x><y>46</y></pt><pt><x>762</x><y>47</y></pt><pt><x>759</x><y>41</y></pt><pt><x>757</x><y>38</y></pt><pt><x>756</x><y>31</y></pt><pt><x>757</x><y>24</y></pt><pt><x>763</x><y>19</y></pt><pt><x>766</x><y>16</y></pt><pt><x>773</x><y>17</y></pt><pt><x>780</x><y>21</y></pt><pt><x>786</x><y>26</y></pt><pt><x>786</x><y>32</y></pt><pt><x>782</x><y>43</y></pt><pt><x>777</x><y>48</y></pt><pt><x>788</x><y>503</y></pt><pt><x>789</x><y>511</y></pt><pt><x>778</x><y>514</y></pt><pt><x>772</x><y>508</y></pt></polygon></object><object><name>handbag</name><deleted>0</deleted><verified>0</verified><date>15-Jul-2012 21:37:29</date><id>16</id><polygon><username>sandy</username><pt><x>388</x><y>309</y></pt><pt><x>394</x><y>311</y></pt><pt><x>404</x><y>309</y></pt><pt><x>402</x><y>299</y></pt><pt><x>399</x><y>302</y></pt><pt><x>395</x><y>302</y></pt><pt><x>392</x><y>300</y></pt><pt><x>390</x><y>299</y></pt></polygon></object><object><name>window</name><deleted>0</deleted><verified>0</verified><date>15-Jul-2012 21:37:29</date><id>17</id><polygon><username>sandy</username><pt><x>513</x><y>320</y></pt><pt><x>630</x><y>321</y></pt><pt><x>665</x><y>320</y></pt><pt><x>661</x><y>240</y></pt><pt><x>630</x><y>240</y></pt><pt><x>509</x><y>250</y></pt></polygon></object><object><name>window</name><deleted>0</deleted><verified>0</verified><date>15-Jul-2012 21:37:29</date><id>18</id><polygon><username>sandy</username><pt><x>757</x><y>241</y></pt><pt><x>759</x><y>304</y></pt><pt><x>773</x><y>304</y></pt><pt><x>768</x><y>240</y></pt></polygon></object><object><name>window</name><deleted>0</deleted><verified>0</verified><date>15-Jul-2012 21:37:29</date><id>19</id><polygon><username>sandy</username><pt><x>676</x><y>229</y></pt><pt><x>680</x><y>321</y></pt><pt><x>697</x><y>320</y></pt><pt><x>695</x><y>226</y></pt></polygon></object><object><name>window</name><deleted>0</deleted><verified>0</verified><date>15-Jul-2012 21:37:29</date><id>20</id><polygon><username>sandy</username><pt><x>536</x><y>53</y></pt><pt><x>540</x><y>157</y></pt><pt><x>640</x><y>142</y></pt><pt><x>634</x><y>23</y></pt></polygon></object><object><name>window</name><deleted>0</deleted><verified>0</verified><date>15-Jul-2012 21:37:29</date><id>21</id><polygon><username>sandy</username><pt><x>299</x><y>309</y></pt><pt><x>441</x><y>305</y></pt><pt><x>438</x><y>220</y></pt><pt><x>300</x><y>227</y></pt></polygon></object><object><name>window</name><deleted>0</deleted><verified>0</verified><date>15-Jul-2012 21:37:29</date><id>22</id><polygon><username>sandy</username><pt><x>333</x><y>93</y></pt><pt><x>427</x><y>78</y></pt><pt><x>429</x><y>175</y></pt><pt><x>332</x><y>186</y></pt></polygon></object><object><name>window</name><deleted>0</deleted><verified>0</verified><date>15-Jul-2012 21:37:29</date><id>23</id><polygon><username>sandy</username><pt><x>357</x><y>57</y></pt><pt><x>403</x><y>47</y></pt><pt><x>400</x><y>1</y></pt><pt><x>359</x><y>1</y></pt></polygon></object><imagesize><nrows>600</nrows><ncols>800</ncols></imagesize></annotation>