<annotation><filename>s_studiomusic_studiomusic.jpg</filename><folder>100images</folder><source><sourceImage>The MIT-CSAIL database of objects and scenes</sourceImage><sourceAnnotation>LabelMe Webtool</sourceAnnotation></source><object><name>keyboard</name><deleted>0</deleted><verified>0</verified><date>15-Jul-2012 23:55:42</date><id>0</id><polygon><username>sandy</username><pt><x>255</x><y>356</y></pt><pt><x>422</x><y>365</y></pt><pt><x>570</x><y>369</y></pt><pt><x>575</x><y>366</y></pt><pt><x>572</x><y>333</y></pt><pt><x>564</x><y>326</y></pt><pt><x>471</x><y>320</y></pt><pt><x>371</x><y>318</y></pt><pt><x>268</x><y>315</y></pt><pt><x>255</x><y>342</y></pt></polygon></object><object><name>keyboard</name><deleted>0</deleted><verified>0</verified><date>15-Jul-2012 23:55:42</date><id>1</id><polygon><username>sandy</username><pt><x>285</x><y>406</y></pt><pt><x>442</x><y>418</y></pt><pt><x>448</x><y>382</y></pt><pt><x>298</x><y>373</y></pt></polygon></object><object><name>speaker</name><deleted>0</deleted><verified>0</verified><date>15-Jul-2012 23:55:42</date><id>2</id><polygon><username>sandy</username><pt><x>583</x><y>156</y></pt><pt><x>637</x><y>158</y></pt><pt><x>646</x><y>168</y></pt><pt><x>640</x><y>249</y></pt><pt><x>584</x><y>247</y></pt><pt><x>577</x><y>233</y></pt></polygon></object><object><name>speaker</name><deleted>0</deleted><verified>0</verified><date>15-Jul-2012 23:55:42</date><id>3</id><polygon><username>sandy</username><pt><x>695</x><y>299</y></pt><pt><x>774</x><y>311</y></pt><pt><x>794</x><y>287</y></pt><pt><x>799</x><y>231</y></pt><pt><x>799</x><y>162</y></pt><pt><x>736</x><y>154</y></pt><pt><x>707</x><y>166</y></pt><pt><x>693</x><y>295</y></pt></polygon></object><object><name>speaker</name><deleted>0</deleted><verified>0</verified><date>15-Jul-2012 23:55:42</date><id>4</id><polygon><username>sandy</username><pt><x>201</x><y>160</y></pt><pt><x>223</x><y>152</y></pt><pt><x>272</x><y>152</y></pt><pt><x>278</x><y>229</y></pt><pt><x>258</x><y>240</y></pt><pt><x>208</x><y>238</y></pt></polygon></object><object><name>speaker</name><deleted>0</deleted><verified>0</verified><date>15-Jul-2012 23:55:42</date><id>5</id><polygon><username>sandy</username><pt><x>126</x><y>168</y></pt><pt><x>139</x><y>289</y></pt><pt><x>63</x><y>298</y></pt><pt><x>57</x><y>281</y></pt><pt><x>47</x><y>162</y></pt><pt><x>121</x><y>155</y></pt></polygon></object><object><name>computer</name><deleted>0</deleted><verified>0</verified><date>15-Jul-2012 23:55:42</date><id>6</id><polygon><username>sandy</username><pt><x>228</x><y>421</y></pt><pt><x>237</x><y>511</y></pt><pt><x>282</x><y>513</y></pt><pt><x>311</x><y>462</y></pt><pt><x>303</x><y>377</y></pt><pt><x>263</x><y>371</y></pt></polygon></object><object><name>desk</name><deleted>0</deleted><verified>0</verified><date>15-Jul-2012 23:55:42</date><id>7</id><polygon><username>sandy</username><pt><x>135</x><y>337</y></pt><pt><x>206</x><y>286</y></pt><pt><x>246</x><y>287</y></pt><pt><x>245</x><y>250</y></pt><pt><x>205</x><y>246</y></pt><pt><x>205</x><y>241</y></pt><pt><x>237</x><y>222</y></pt><pt><x>415</x><y>221</y></pt><pt><x>575</x><y>227</y></pt><pt><x>633</x><y>227</y></pt><pt><x>642</x><y>251</y></pt><pt><x>643</x><y>258</y></pt><pt><x>605</x><y>261</y></pt><pt><x>606</x><y>301</y></pt><pt><x>669</x><y>302</y></pt><pt><x>703</x><y>370</y></pt><pt><x>701</x><y>379</y></pt><pt><x>696</x><y>381</y></pt><pt><x>680</x><y>540</y></pt><pt><x>676</x><y>553</y></pt><pt><x>668</x><y>557</y></pt><pt><x>520</x><y>559</y></pt><pt><x>508</x><y>558</y></pt><pt><x>506</x><y>553</y></pt><pt><x>505</x><y>516</y></pt><pt><x>499</x><y>508</y></pt><pt><x>493</x><y>508</y></pt><pt><x>337</x><y>496</y></pt><pt><x>329</x><y>497</y></pt><pt><x>322</x><y>502</y></pt><pt><x>318</x><y>505</y></pt><pt><x>306</x><y>533</y></pt><pt><x>301</x><y>541</y></pt><pt><x>294</x><y>543</y></pt><pt><x>288</x><y>542</y></pt><pt><x>162</x><y>523</y></pt><pt><x>155</x><y>517</y></pt><pt><x>154</x><y>509</y></pt><pt><x>154</x><y>503</y></pt><pt><x>137</x><y>355</y></pt><pt><x>134</x><y>352</y></pt></polygon></object><object><name>monitor</name><deleted>0</deleted><verified>0</verified><date>15-Jul-2012 23:55:42</date><id>8</id><polygon><username>sandy</username><pt><x>263</x><y>103</y></pt><pt><x>265</x><y>97</y></pt><pt><x>289</x><y>98</y></pt><pt><x>294</x><y>95</y></pt><pt><x>389</x><y>96</y></pt><pt><x>407</x><y>99</y></pt><pt><x>407</x><y>223</y></pt><pt><x>376</x><y>223</y></pt><pt><x>379</x><y>232</y></pt><pt><x>376</x><y>237</y></pt><pt><x>357</x><y>244</y></pt><pt><x>325</x><y>244</y></pt><pt><x>305</x><y>242</y></pt><pt><x>294</x><y>237</y></pt><pt><x>295</x><y>235</y></pt><pt><x>294</x><y>225</y></pt><pt><x>265</x><y>224</y></pt></polygon></object><object><name>monitor</name><deleted>0</deleted><verified>0</verified><date>15-Jul-2012 23:55:42</date><id>9</id><polygon><username>sandy</username><pt><x>525</x><y>124</y></pt><pt><x>522</x><y>230</y></pt><pt><x>488</x><y>229</y></pt><pt><x>485</x><y>234</y></pt><pt><x>497</x><y>236</y></pt><pt><x>502</x><y>240</y></pt><pt><x>503</x><y>243</y></pt><pt><x>496</x><y>247</y></pt><pt><x>481</x><y>250</y></pt><pt><x>457</x><y>249</y></pt><pt><x>435</x><y>245</y></pt><pt><x>431</x><y>242</y></pt><pt><x>432</x><y>239</y></pt><pt><x>445</x><y>236</y></pt><pt><x>450</x><y>234</y></pt><pt><x>450</x><y>227</y></pt><pt><x>407</x><y>220</y></pt><pt><x>408</x><y>123</y></pt></polygon></object><object><name>poster</name><deleted>0</deleted><verified>0</verified><date>15-Jul-2012 23:55:42</date><id>10</id><polygon><username>sandy</username><pt><x>656</x><y>1</y></pt><pt><x>643</x><y>209</y></pt><pt><x>797</x><y>210</y></pt><pt><x>799</x><y>2</y></pt></polygon></object><object><name>printer</name><deleted>0</deleted><verified>0</verified><date>15-Jul-2012 23:55:42</date><id>11</id><polygon><username>sandy</username><pt><x>537</x><y>442</y></pt><pt><x>647</x><y>447</y></pt><pt><x>661</x><y>496</y></pt><pt><x>658</x><y>548</y></pt><pt><x>653</x><y>553</y></pt><pt><x>537</x><y>547</y></pt><pt><x>530</x><y>543</y></pt><pt><x>528</x><y>498</y></pt></polygon></object><object><name>clock</name><deleted>0</deleted><verified>0</verified><date>15-Jul-2012 23:55:42</date><id>12</id><polygon><username>sandy</username><pt><x>390</x><y>247</y></pt><pt><x>423</x><y>246</y></pt><pt><x>424</x><y>236</y></pt><pt><x>423</x><y>224</y></pt><pt><x>388</x><y>224</y></pt></polygon></object><object><name>amplifier</name><deleted>0</deleted><verified>0</verified><date>15-Jul-2012 23:55:42</date><id>13</id><polygon><username>sandy</username><pt><x>425</x><y>255</y></pt><pt><x>424</x><y>320</y></pt><pt><x>559</x><y>327</y></pt><pt><x>564</x><y>257</y></pt></polygon></object><object><name>mixer</name><deleted>0</deleted><verified>0</verified><date>15-Jul-2012 23:55:42</date><id>14</id><polygon><username>sandy</username><pt><x>166</x><y>347</y></pt><pt><x>246</x><y>349</y></pt><pt><x>263</x><y>324</y></pt><pt><x>260</x><y>320</y></pt><pt><x>185</x><y>315</y></pt><pt><x>163</x><y>338</y></pt></polygon></object><object><name>mouse</name><deleted>0</deleted><verified>0</verified><date>15-Jul-2012 23:55:42</date><id>15</id><polygon><username>sandy</username><pt><x>453</x><y>399</y></pt><pt><x>462</x><y>409</y></pt><pt><x>469</x><y>407</y></pt><pt><x>474</x><y>403</y></pt><pt><x>465</x><y>388</y></pt><pt><x>461</x><y>384</y></pt><pt><x>452</x><y>388</y></pt><pt><x>448</x><y>390</y></pt></polygon></object><object><name>stand</name><deleted>0</deleted><verified>0</verified><date>15-Jul-2012 23:55:42</date><id>16</id><polygon><username>sandy</username><pt><x>750</x><y>500</y></pt><pt><x>774</x><y>312</y></pt><pt><x>788</x><y>294</y></pt><pt><x>793</x><y>285</y></pt><pt><x>727</x><y>270</y></pt><pt><x>695</x><y>298</y></pt><pt><x>699</x><y>302</y></pt><pt><x>707</x><y>305</y></pt><pt><x>688</x><y>477</y></pt><pt><x>668</x><y>532</y></pt><pt><x>778</x><y>534</y></pt><pt><x>777</x><y>524</y></pt></polygon></object><object><name>stand</name><deleted>0</deleted><verified>0</verified><date>15-Jul-2012 23:55:42</date><id>17</id><polygon><username>sandy</username><pt><x>100</x><y>483</y></pt><pt><x>74</x><y>302</y></pt><pt><x>59</x><y>303</y></pt><pt><x>57</x><y>282</y></pt><pt><x>127</x><y>275</y></pt><pt><x>143</x><y>294</y></pt><pt><x>133</x><y>296</y></pt><pt><x>156</x><y>479</y></pt><pt><x>166</x><y>522</y></pt><pt><x>59</x><y>515</y></pt><pt><x>61</x><y>506</y></pt></polygon></object><imagesize><nrows>600</nrows><ncols>800</ncols></imagesize><object><name>cables</name><deleted>0</deleted><verified>0</verified><date>18-Jul-2012 10:37:23</date><id>18</id><polygon><username>sandy</username><pt><x>180</x><y>444</y></pt><pt><x>192</x><y>476</y></pt><pt><x>169</x><y>492</y></pt><pt><x>174</x><y>508</y></pt><pt><x>209</x><y>491</y></pt><pt><x>229</x><y>518</y></pt><pt><x>233</x><y>508</y></pt><pt><x>222</x><y>480</y></pt><pt><x>224</x><y>428</y></pt><pt><x>216</x><y>426</y></pt><pt><x>210</x><y>466</y></pt><pt><x>200</x><y>464</y></pt></polygon></object><object><name>cables</name><deleted>0</deleted><verified>0</verified><date>18-Jul-2012 10:37:23</date><id>19</id><polygon><username>sandy</username><pt><x>82</x><y>305</y></pt><pt><x>109</x><y>366</y></pt><pt><x>107</x><y>438</y></pt><pt><x>113</x><y>473</y></pt><pt><x>137</x><y>488</y></pt><pt><x>143</x><y>486</y></pt><pt><x>118</x><y>467</y></pt><pt><x>117</x><y>399</y></pt><pt><x>139</x><y>436</y></pt><pt><x>142</x><y>421</y></pt><pt><x>116</x><y>366</y></pt><pt><x>120</x><y>298</y></pt><pt><x>113</x><y>297</y></pt><pt><x>108</x><y>346</y></pt><pt><x>91</x><y>300</y></pt></polygon></object><object><name>cables</name><deleted>0</deleted><verified>0</verified><date>18-Jul-2012 10:37:23</date><id>20</id><polygon><username>sandy</username><pt><x>539</x><y>436</y></pt><pt><x>642</x><y>442</y></pt><pt><x>643</x><y>432</y></pt><pt><x>543</x><y>422</y></pt></polygon></object></annotation>