<annotation><filename>s_sunroom_sun_lounge_000003.jpg</filename><folder>100images</folder><source><sourceImage>The MIT-CSAIL database of objects and scenes</sourceImage><sourceAnnotation>LabelMe Webtool</sourceAnnotation></source><object><name>chair</name><deleted>0</deleted><verified>0</verified><date>16-Jul-2012 00:33:38</date><id>0</id><polygon><username>sandy</username><pt><x>587</x><y>415</y></pt><pt><x>663</x><y>427</y></pt><pt><x>671</x><y>409</y></pt><pt><x>681</x><y>400</y></pt><pt><x>692</x><y>396</y></pt><pt><x>698</x><y>394</y></pt><pt><x>701</x><y>383</y></pt><pt><x>704</x><y>380</y></pt><pt><x>707</x><y>374</y></pt><pt><x>714</x><y>359</y></pt><pt><x>730</x><y>352</y></pt><pt><x>744</x><y>340</y></pt><pt><x>752</x><y>339</y></pt><pt><x>759</x><y>339</y></pt><pt><x>764</x><y>338</y></pt><pt><x>791</x><y>353</y></pt><pt><x>798</x><y>359</y></pt><pt><x>773</x><y>420</y></pt><pt><x>753</x><y>461</y></pt><pt><x>743</x><y>477</y></pt><pt><x>724</x><y>502</y></pt><pt><x>706</x><y>524</y></pt><pt><x>712</x><y>572</y></pt><pt><x>710</x><y>575</y></pt><pt><x>703</x><y>575</y></pt><pt><x>691</x><y>599</y></pt><pt><x>584</x><y>599</y></pt><pt><x>520</x><y>573</y></pt><pt><x>512</x><y>573</y></pt><pt><x>508</x><y>575</y></pt><pt><x>505</x><y>579</y></pt><pt><x>506</x><y>592</y></pt><pt><x>491</x><y>587</y></pt><pt><x>494</x><y>506</y></pt><pt><x>497</x><y>499</y></pt><pt><x>498</x><y>490</y></pt><pt><x>498</x><y>485</y></pt><pt><x>500</x><y>481</y></pt><pt><x>502</x><y>477</y></pt><pt><x>506</x><y>473</y></pt><pt><x>514</x><y>468</y></pt><pt><x>515</x><y>464</y></pt><pt><x>515</x><y>461</y></pt><pt><x>517</x><y>459</y></pt><pt><x>520</x><y>458</y></pt><pt><x>525</x><y>459</y></pt><pt><x>529</x><y>461</y></pt><pt><x>561</x><y>433</y></pt><pt><x>576</x><y>436</y></pt><pt><x>582</x><y>433</y></pt><pt><x>584</x><y>429</y></pt><pt><x>584</x><y>425</y></pt></polygon></object><object><name>chair</name><deleted>0</deleted><verified>0</verified><date>16-Jul-2012 00:33:38</date><id>1</id><polygon><username>sandy</username><pt><x>97</x><y>290</y></pt><pt><x>130</x><y>281</y></pt><pt><x>149</x><y>280</y></pt><pt><x>150</x><y>288</y></pt><pt><x>156</x><y>292</y></pt><pt><x>162</x><y>298</y></pt><pt><x>167</x><y>309</y></pt><pt><x>170</x><y>321</y></pt><pt><x>173</x><y>334</y></pt><pt><x>179</x><y>342</y></pt><pt><x>188</x><y>347</y></pt><pt><x>216</x><y>349</y></pt><pt><x>236</x><y>351</y></pt><pt><x>235</x><y>361</y></pt><pt><x>238</x><y>368</y></pt><pt><x>254</x><y>370</y></pt><pt><x>258</x><y>395</y></pt><pt><x>252</x><y>401</y></pt><pt><x>255</x><y>441</y></pt><pt><x>247</x><y>444</y></pt><pt><x>246</x><y>435</y></pt><pt><x>180</x><y>482</y></pt><pt><x>158</x><y>503</y></pt><pt><x>76</x><y>501</y></pt><pt><x>42</x><y>494</y></pt><pt><x>37</x><y>508</y></pt><pt><x>28</x><y>508</y></pt><pt><x>27</x><y>488</y></pt><pt><x>27</x><y>455</y></pt><pt><x>19</x><y>438</y></pt><pt><x>2</x><y>401</y></pt><pt><x>2</x><y>307</y></pt><pt><x>27</x><y>303</y></pt><pt><x>49</x><y>301</y></pt><pt><x>65</x><y>297</y></pt><pt><x>78</x><y>291</y></pt></polygon></object><object><name>chair</name><deleted>0</deleted><verified>0</verified><date>16-Jul-2012 00:33:38</date><id>2</id><polygon><username>sandy</username><pt><x>38</x><y>366</y></pt><pt><x>57</x><y>364</y></pt><pt><x>64</x><y>360</y></pt><pt><x>83</x><y>378</y></pt><pt><x>97</x><y>389</y></pt><pt><x>115</x><y>392</y></pt><pt><x>129</x><y>408</y></pt><pt><x>131</x><y>417</y></pt><pt><x>147</x><y>425</y></pt><pt><x>161</x><y>434</y></pt><pt><x>170</x><y>447</y></pt><pt><x>228</x><y>432</y></pt><pt><x>233</x><y>433</y></pt><pt><x>234</x><y>443</y></pt><pt><x>235</x><y>449</y></pt><pt><x>238</x><y>457</y></pt><pt><x>263</x><y>451</y></pt><pt><x>284</x><y>471</y></pt><pt><x>307</x><y>482</y></pt><pt><x>313</x><y>479</y></pt><pt><x>319</x><y>482</y></pt><pt><x>320</x><y>493</y></pt><pt><x>335</x><y>494</y></pt><pt><x>339</x><y>499</y></pt><pt><x>342</x><y>531</y></pt><pt><x>348</x><y>597</y></pt><pt><x>104</x><y>598</y></pt><pt><x>107</x><y>545</y></pt><pt><x>92</x><y>529</y></pt><pt><x>74</x><y>498</y></pt><pt><x>53</x><y>477</y></pt><pt><x>29</x><y>447</y></pt><pt><x>14</x><y>415</y></pt><pt><x>4</x><y>396</y></pt><pt><x>13</x><y>392</y></pt><pt><x>12</x><y>385</y></pt><pt><x>16</x><y>377</y></pt><pt><x>23</x><y>374</y></pt><pt><x>28</x><y>370</y></pt></polygon></object><object><name>table</name><deleted>0</deleted><verified>0</verified><date>16-Jul-2012 00:33:38</date><id>3</id><polygon><username>sandy</username><pt><x>260</x><y>401</y></pt><pt><x>326</x><y>383</y></pt><pt><x>335</x><y>383</y></pt><pt><x>341</x><y>384</y></pt><pt><x>484</x><y>428</y></pt><pt><x>485</x><y>435</y></pt><pt><x>481</x><y>438</y></pt><pt><x>470</x><y>444</y></pt><pt><x>470</x><y>508</y></pt><pt><x>474</x><y>523</y></pt><pt><x>467</x><y>524</y></pt><pt><x>461</x><y>502</y></pt><pt><x>403</x><y>532</y></pt><pt><x>404</x><y>564</y></pt><pt><x>403</x><y>564</y></pt><pt><x>398</x><y>564</y></pt><pt><x>395</x><y>562</y></pt><pt><x>395</x><y>524</y></pt><pt><x>296</x><y>471</y></pt><pt><x>292</x><y>471</y></pt><pt><x>266</x><y>459</y></pt><pt><x>264</x><y>418</y></pt><pt><x>254</x><y>410</y></pt><pt><x>254</x><y>406</y></pt><pt><x>256</x><y>403</y></pt></polygon></object><object><name>sea</name><deleted>0</deleted><verified>0</verified><date>16-Jul-2012 00:33:38</date><id>4</id><polygon><username>sandy</username><pt><x>55</x><y>210</y></pt><pt><x>152</x><y>202</y></pt><pt><x>314</x><y>200</y></pt><pt><x>317</x><y>203</y></pt><pt><x>488</x><y>214</y></pt><pt><x>630</x><y>217</y></pt><pt><x>775</x><y>218</y></pt><pt><x>763</x><y>334</y></pt><pt><x>691</x><y>310</y></pt><pt><x>603</x><y>311</y></pt><pt><x>587</x><y>311</y></pt><pt><x>532</x><y>297</y></pt><pt><x>276</x><y>235</y></pt><pt><x>107</x><y>223</y></pt></polygon></object><object><name>telescope</name><deleted>0</deleted><verified>0</verified><date>16-Jul-2012 00:33:38</date><id>5</id><polygon><username>sandy</username><pt><x>430</x><y>230</y></pt><pt><x>462</x><y>233</y></pt><pt><x>465</x><y>227</y></pt><pt><x>463</x><y>221</y></pt><pt><x>453</x><y>220</y></pt><pt><x>441</x><y>221</y></pt><pt><x>439</x><y>222</y></pt><pt><x>434</x><y>217</y></pt><pt><x>429</x><y>217</y></pt><pt><x>423</x><y>210</y></pt><pt><x>420</x><y>210</y></pt><pt><x>416</x><y>212</y></pt><pt><x>424</x><y>221</y></pt><pt><x>424</x><y>226</y></pt><pt><x>425</x><y>229</y></pt></polygon></object><object><name>window</name><deleted>0</deleted><verified>0</verified><date>16-Jul-2012 00:33:38</date><id>6</id><polygon><username>sandy</username><pt><x>402</x><y>62</y></pt><pt><x>403</x><y>378</y></pt><pt><x>533</x><y>413</y></pt><pt><x>543</x><y>28</y></pt></polygon></object><object><name>window</name><deleted>0</deleted><verified>0</verified><date>16-Jul-2012 00:33:38</date><id>7</id><polygon><username>sandy</username><pt><x>581</x><y>24</y></pt><pt><x>559</x><y>421</y></pt><pt><x>764</x><y>474</y></pt><pt><x>798</x><y>2</y></pt><pt><x>648</x><y>4</y></pt></polygon></object><object><name>window</name><deleted>0</deleted><verified>0</verified><date>16-Jul-2012 00:33:38</date><id>8</id><polygon><username>sandy</username><pt><x>228</x><y>68</y></pt><pt><x>381</x><y>64</y></pt><pt><x>383</x><y>373</y></pt><pt><x>233</x><y>370</y></pt></polygon></object><object><name>window</name><deleted>0</deleted><verified>0</verified><date>16-Jul-2012 00:33:38</date><id>9</id><polygon><username>sandy</username><pt><x>32</x><y>49</y></pt><pt><x>203</x><y>67</y></pt><pt><x>214</x><y>361</y></pt><pt><x>53</x><y>379</y></pt></polygon></object><object><name>book</name><deleted>0</deleted><verified>0</verified><date>16-Jul-2012 00:33:38</date><id>10</id><polygon><username>sandy</username><pt><x>273</x><y>414</y></pt><pt><x>320</x><y>424</y></pt><pt><x>357</x><y>405</y></pt><pt><x>355</x><y>402</y></pt><pt><x>308</x><y>392</y></pt><pt><x>269</x><y>408</y></pt><pt><x>270</x><y>410</y></pt></polygon></object><object><name>book</name><deleted>0</deleted><verified>0</verified><date>16-Jul-2012 00:33:38</date><id>11</id><polygon><username>sandy</username><pt><x>350</x><y>431</y></pt><pt><x>375</x><y>434</y></pt><pt><x>381</x><y>437</y></pt><pt><x>425</x><y>428</y></pt><pt><x>424</x><y>423</y></pt><pt><x>408</x><y>410</y></pt><pt><x>404</x><y>411</y></pt><pt><x>376</x><y>410</y></pt><pt><x>347</x><y>427</y></pt></polygon></object><object><name>magazine</name><deleted>0</deleted><verified>0</verified><date>16-Jul-2012 00:33:38</date><id>12</id><polygon><username>sandy</username><pt><x>297</x><y>463</y></pt><pt><x>327</x><y>478</y></pt><pt><x>361</x><y>463</y></pt><pt><x>361</x><y>461</y></pt><pt><x>337</x><y>448</y></pt></polygon></object><object><name>magazine</name><deleted>0</deleted><verified>0</verified><date>16-Jul-2012 00:33:38</date><id>13</id><polygon><username>sandy</username><pt><x>350</x><y>488</y></pt><pt><x>387</x><y>507</y></pt><pt><x>438</x><y>486</y></pt><pt><x>437</x><y>483</y></pt><pt><x>407</x><y>466</y></pt><pt><x>382</x><y>471</y></pt><pt><x>353</x><y>476</y></pt><pt><x>350</x><y>481</y></pt></polygon></object><object><name>binoculars</name><deleted>0</deleted><verified>0</verified><date>16-Jul-2012 00:33:38</date><id>14</id><polygon><username>sandy</username><pt><x>379</x><y>387</y></pt><pt><x>379</x><y>403</y></pt><pt><x>373</x><y>403</y></pt><pt><x>370</x><y>403</y></pt><pt><x>367</x><y>401</y></pt><pt><x>368</x><y>398</y></pt><pt><x>364</x><y>393</y></pt><pt><x>359</x><y>396</y></pt><pt><x>356</x><y>397</y></pt><pt><x>356</x><y>402</y></pt><pt><x>347</x><y>402</y></pt><pt><x>348</x><y>384</y></pt><pt><x>350</x><y>383</y></pt><pt><x>351</x><y>379</y></pt><pt><x>351</x><y>377</y></pt><pt><x>354</x><y>374</y></pt><pt><x>357</x><y>374</y></pt><pt><x>358</x><y>378</y></pt><pt><x>359</x><y>379</y></pt><pt><x>362</x><y>379</y></pt><pt><x>363</x><y>376</y></pt><pt><x>364</x><y>374</y></pt><pt><x>366</x><y>373</y></pt><pt><x>370</x><y>374</y></pt><pt><x>371</x><y>378</y></pt><pt><x>371</x><y>380</y></pt><pt><x>372</x><y>381</y></pt><pt><x>375</x><y>382</y></pt><pt><x>377</x><y>384</y></pt></polygon></object><object><name>tripod</name><deleted>0</deleted><verified>0</verified><date>16-Jul-2012 00:33:38</date><id>15</id><polygon><username>sandy</username><pt><x>443</x><y>249</y></pt><pt><x>447</x><y>252</y></pt><pt><x>517</x><y>431</y></pt><pt><x>518</x><y>434</y></pt><pt><x>513</x><y>433</y></pt><pt><x>495</x><y>385</y></pt><pt><x>493</x><y>384</y></pt><pt><x>491</x><y>379</y></pt><pt><x>471</x><y>325</y></pt><pt><x>467</x><y>322</y></pt><pt><x>442</x><y>316</y></pt><pt><x>434</x><y>317</y></pt><pt><x>429</x><y>320</y></pt><pt><x>419</x><y>401</y></pt><pt><x>416</x><y>401</y></pt><pt><x>425</x><y>324</y></pt><pt><x>414</x><y>326</y></pt><pt><x>396</x><y>400</y></pt><pt><x>392</x><y>399</y></pt><pt><x>430</x><y>262</y></pt><pt><x>428</x><y>259</y></pt><pt><x>429</x><y>254</y></pt><pt><x>430</x><y>251</y></pt><pt><x>432</x><y>250</y></pt><pt><x>433</x><y>247</y></pt><pt><x>431</x><y>245</y></pt><pt><x>430</x><y>243</y></pt><pt><x>403</x><y>252</y></pt><pt><x>403</x><y>247</y></pt><pt><x>418</x><y>242</y></pt><pt><x>419</x><y>243</y></pt><pt><x>429</x><y>240</y></pt><pt><x>427</x><y>238</y></pt><pt><x>428</x><y>236</y></pt><pt><x>429</x><y>234</y></pt><pt><x>432</x><y>232</y></pt><pt><x>443</x><y>230</y></pt><pt><x>445</x><y>235</y></pt><pt><x>442</x><y>238</y></pt><pt><x>440</x><y>239</y></pt><pt><x>441</x><y>243</y></pt><pt><x>442</x><y>246</y></pt></polygon></object><object><name>trees</name><deleted>0</deleted><verified>0</verified><date>16-Jul-2012 00:33:38</date><id>16</id><polygon><username>sandy</username><pt><x>738</x><y>148</y></pt><pt><x>754</x><y>149</y></pt><pt><x>762</x><y>147</y></pt><pt><x>763</x><y>152</y></pt><pt><x>760</x><y>157</y></pt><pt><x>763</x><y>160</y></pt><pt><x>762</x><y>163</y></pt><pt><x>754</x><y>166</y></pt><pt><x>750</x><y>173</y></pt><pt><x>746</x><y>183</y></pt><pt><x>745</x><y>189</y></pt><pt><x>732</x><y>199</y></pt><pt><x>724</x><y>205</y></pt><pt><x>718</x><y>211</y></pt><pt><x>713</x><y>217</y></pt><pt><x>713</x><y>225</y></pt><pt><x>726</x><y>229</y></pt><pt><x>731</x><y>231</y></pt><pt><x>734</x><y>236</y></pt><pt><x>736</x><y>240</y></pt><pt><x>735</x><y>245</y></pt><pt><x>731</x><y>246</y></pt><pt><x>726</x><y>247</y></pt><pt><x>720</x><y>251</y></pt><pt><x>715</x><y>256</y></pt><pt><x>712</x><y>263</y></pt><pt><x>714</x><y>269</y></pt><pt><x>720</x><y>267</y></pt><pt><x>725</x><y>264</y></pt><pt><x>727</x><y>271</y></pt><pt><x>731</x><y>275</y></pt><pt><x>739</x><y>276</y></pt><pt><x>743</x><y>283</y></pt><pt><x>747</x><y>290</y></pt><pt><x>750</x><y>298</y></pt><pt><x>758</x><y>303</y></pt><pt><x>765</x><y>304</y></pt><pt><x>773</x><y>300</y></pt><pt><x>777</x><y>293</y></pt><pt><x>781</x><y>297</y></pt><pt><x>789</x><y>306</y></pt><pt><x>793</x><y>313</y></pt><pt><x>797</x><y>315</y></pt><pt><x>798</x><y>132</y></pt><pt><x>785</x><y>143</y></pt><pt><x>780</x><y>140</y></pt><pt><x>775</x><y>135</y></pt><pt><x>768</x><y>134</y></pt><pt><x>763</x><y>131</y></pt><pt><x>759</x><y>128</y></pt><pt><x>754</x><y>127</y></pt><pt><x>749</x><y>127</y></pt><pt><x>743</x><y>128</y></pt><pt><x>738</x><y>131</y></pt><pt><x>736</x><y>134</y></pt></polygon></object><object><name>trees</name><deleted>0</deleted><verified>0</verified><date>16-Jul-2012 00:33:38</date><id>17</id><polygon><username>sandy</username><pt><x>594</x><y>197</y></pt><pt><x>623</x><y>198</y></pt><pt><x>637</x><y>198</y></pt><pt><x>679</x><y>205</y></pt><pt><x>732</x><y>209</y></pt><pt><x>745</x><y>208</y></pt><pt><x>750</x><y>173</y></pt><pt><x>680</x><y>173</y></pt><pt><x>599</x><y>179</y></pt><pt><x>592</x><y>185</y></pt></polygon></object><object><name>trees</name><deleted>0</deleted><verified>0</verified><date>16-Jul-2012 00:33:38</date><id>18</id><polygon><username>sandy</username><pt><x>58</x><y>132</y></pt><pt><x>63</x><y>100</y></pt><pt><x>70</x><y>88</y></pt><pt><x>75</x><y>83</y></pt><pt><x>83</x><y>85</y></pt><pt><x>88</x><y>90</y></pt><pt><x>86</x><y>99</y></pt><pt><x>80</x><y>107</y></pt><pt><x>76</x><y>113</y></pt><pt><x>79</x><y>119</y></pt><pt><x>88</x><y>120</y></pt><pt><x>97</x><y>122</y></pt><pt><x>99</x><y>131</y></pt><pt><x>103</x><y>140</y></pt><pt><x>107</x><y>146</y></pt><pt><x>116</x><y>149</y></pt><pt><x>121</x><y>144</y></pt><pt><x>128</x><y>141</y></pt><pt><x>132</x><y>154</y></pt><pt><x>129</x><y>160</y></pt><pt><x>125</x><y>167</y></pt><pt><x>128</x><y>175</y></pt><pt><x>139</x><y>180</y></pt><pt><x>142</x><y>188</y></pt><pt><x>142</x><y>194</y></pt><pt><x>121</x><y>199</y></pt><pt><x>110</x><y>222</y></pt><pt><x>97</x><y>225</y></pt><pt><x>88</x><y>230</y></pt><pt><x>84</x><y>237</y></pt><pt><x>56</x><y>272</y></pt><pt><x>44</x><y>138</y></pt><pt><x>53</x><y>135</y></pt></polygon></object><object><name>plant</name><deleted>0</deleted><verified>0</verified><date>16-Jul-2012 00:33:38</date><id>19</id><polygon><username>sandy</username><pt><x>131</x><y>211</y></pt><pt><x>149</x><y>212</y></pt><pt><x>158</x><y>213</y></pt><pt><x>162</x><y>219</y></pt><pt><x>171</x><y>216</y></pt><pt><x>179</x><y>215</y></pt><pt><x>185</x><y>220</y></pt><pt><x>193</x><y>215</y></pt><pt><x>201</x><y>207</y></pt><pt><x>205</x><y>202</y></pt><pt><x>215</x><y>202</y></pt><pt><x>224</x><y>204</y></pt><pt><x>228</x><y>209</y></pt><pt><x>234</x><y>212</y></pt><pt><x>244</x><y>209</y></pt><pt><x>253</x><y>208</y></pt><pt><x>259</x><y>216</y></pt><pt><x>257</x><y>226</y></pt><pt><x>263</x><y>236</y></pt><pt><x>272</x><y>241</y></pt><pt><x>293</x><y>230</y></pt><pt><x>301</x><y>228</y></pt><pt><x>314</x><y>228</y></pt><pt><x>324</x><y>232</y></pt><pt><x>337</x><y>232</y></pt><pt><x>353</x><y>230</y></pt><pt><x>364</x><y>228</y></pt><pt><x>433</x><y>232</y></pt><pt><x>451</x><y>235</y></pt><pt><x>462</x><y>240</y></pt><pt><x>481</x><y>255</y></pt><pt><x>495</x><y>262</y></pt><pt><x>505</x><y>261</y></pt><pt><x>514</x><y>259</y></pt><pt><x>528</x><y>260</y></pt><pt><x>533</x><y>264</y></pt><pt><x>532</x><y>272</y></pt><pt><x>529</x><y>397</y></pt><pt><x>388</x><y>362</y></pt><pt><x>376</x><y>362</y></pt><pt><x>222</x><y>360</y></pt><pt><x>59</x><y>298</y></pt><pt><x>61</x><y>257</y></pt><pt><x>61</x><y>218</y></pt><pt><x>109</x><y>213</y></pt></polygon></object><object><name>plant</name><deleted>0</deleted><verified>0</verified><date>16-Jul-2012 00:33:38</date><id>20</id><polygon><username>sandy</username><pt><x>586</x><y>365</y></pt><pt><x>624</x><y>361</y></pt><pt><x>633</x><y>358</y></pt><pt><x>647</x><y>360</y></pt><pt><x>662</x><y>365</y></pt><pt><x>691</x><y>368</y></pt><pt><x>701</x><y>368</y></pt><pt><x>711</x><y>368</y></pt><pt><x>664</x><y>430</y></pt><pt><x>582</x><y>410</y></pt></polygon></object><object><name>plant</name><deleted>0</deleted><verified>0</verified><date>16-Jul-2012 00:33:38</date><id>21</id><polygon><username>sandy</username><pt><x>750</x><y>546</y></pt><pt><x>768</x><y>547</y></pt><pt><x>779</x><y>546</y></pt><pt><x>792</x><y>544</y></pt><pt><x>799</x><y>544</y></pt><pt><x>799</x><y>599</y></pt><pt><x>726</x><y>598</y></pt><pt><x>722</x><y>592</y></pt><pt><x>726</x><y>582</y></pt><pt><x>731</x><y>572</y></pt><pt><x>734</x><y>565</y></pt><pt><x>741</x><y>559</y></pt><pt><x>750</x><y>552</y></pt></polygon></object><object><name>boat</name><deleted>0</deleted><verified>0</verified><date>16-Jul-2012 00:33:38</date><id>22</id><polygon><username>sandy</username><pt><x>667</x><y>221</y></pt><pt><x>674</x><y>223</y></pt><pt><x>679</x><y>223</y></pt><pt><x>682</x><y>222</y></pt><pt><x>679</x><y>220</y></pt><pt><x>676</x><y>219</y></pt><pt><x>673</x><y>219</y></pt></polygon></object><imagesize><nrows>600</nrows><ncols>800</ncols></imagesize></annotation>