<annotation><filename>s_suburban_area_suburban_area_000302.jpg</filename><folder>100images</folder><source><sourceImage>The MIT-CSAIL database of objects and scenes</sourceImage><sourceAnnotation>LabelMe Webtool</sourceAnnotation></source><object><name>car</name><deleted>0</deleted><verified>0</verified><date>16-Jul-2012 00:22:18</date><id>0</id><polygon><username>sandy</username><pt><x>287</x><y>286</y></pt><pt><x>337</x><y>289</y></pt><pt><x>343</x><y>306</y></pt><pt><x>348</x><y>306</y></pt><pt><x>351</x><y>310</y></pt><pt><x>349</x><y>311</y></pt><pt><x>346</x><y>314</y></pt><pt><x>349</x><y>326</y></pt><pt><x>349</x><y>339</y></pt><pt><x>347</x><y>356</y></pt><pt><x>345</x><y>360</y></pt><pt><x>337</x><y>362</y></pt><pt><x>328</x><y>360</y></pt><pt><x>329</x><y>351</y></pt><pt><x>287</x><y>351</y></pt><pt><x>286</x><y>359</y></pt><pt><x>276</x><y>361</y></pt><pt><x>262</x><y>359</y></pt><pt><x>260</x><y>340</y></pt><pt><x>262</x><y>325</y></pt><pt><x>267</x><y>318</y></pt><pt><x>270</x><y>310</y></pt><pt><x>263</x><y>309</y></pt><pt><x>260</x><y>307</y></pt><pt><x>263</x><y>304</y></pt><pt><x>269</x><y>305</y></pt><pt><x>277</x><y>290</y></pt></polygon></object><object><name>car</name><deleted>0</deleted><verified>0</verified><date>16-Jul-2012 00:22:18</date><id>1</id><polygon><username>sandy</username><pt><x>523</x><y>295</y></pt><pt><x>525</x><y>303</y></pt><pt><x>523</x><y>307</y></pt><pt><x>494</x><y>309</y></pt><pt><x>491</x><y>307</y></pt><pt><x>491</x><y>305</y></pt><pt><x>498</x><y>296</y></pt></polygon></object><object><name>car</name><deleted>0</deleted><verified>0</verified><date>16-Jul-2012 00:22:18</date><id>2</id><polygon><username>sandy</username><pt><x>547</x><y>299</y></pt><pt><x>567</x><y>298</y></pt><pt><x>574</x><y>302</y></pt><pt><x>578</x><y>303</y></pt><pt><x>579</x><y>307</y></pt><pt><x>576</x><y>309</y></pt><pt><x>549</x><y>312</y></pt><pt><x>543</x><y>310</y></pt><pt><x>541</x><y>310</y></pt><pt><x>540</x><y>307</y></pt><pt><x>541</x><y>302</y></pt></polygon></object><object><name>car</name><deleted>0</deleted><verified>0</verified><date>16-Jul-2012 00:22:18</date><id>3</id><polygon><username>sandy</username><pt><x>498</x><y>351</y></pt><pt><x>537</x><y>354</y></pt><pt><x>538</x><y>358</y></pt><pt><x>546</x><y>360</y></pt><pt><x>547</x><y>339</y></pt><pt><x>547</x><y>329</y></pt><pt><x>552</x><y>329</y></pt><pt><x>552</x><y>327</y></pt><pt><x>545</x><y>325</y></pt><pt><x>537</x><y>313</y></pt><pt><x>501</x><y>309</y></pt><pt><x>491</x><y>320</y></pt><pt><x>487</x><y>321</y></pt><pt><x>487</x><y>323</y></pt><pt><x>490</x><y>324</y></pt><pt><x>487</x><y>329</y></pt><pt><x>485</x><y>340</y></pt><pt><x>485</x><y>356</y></pt><pt><x>495</x><y>357</y></pt></polygon></object><object><name>house</name><deleted>0</deleted><verified>0</verified><date>16-Jul-2012 00:22:18</date><id>4</id><polygon><username>sandy</username><pt><x>22</x><y>171</y></pt><pt><x>124</x><y>145</y></pt><pt><x>148</x><y>147</y></pt><pt><x>146</x><y>135</y></pt><pt><x>154</x><y>136</y></pt><pt><x>154</x><y>129</y></pt><pt><x>163</x><y>130</y></pt><pt><x>165</x><y>133</y></pt><pt><x>168</x><y>136</y></pt><pt><x>169</x><y>142</y></pt><pt><x>169</x><y>147</y></pt><pt><x>200</x><y>147</y></pt><pt><x>278</x><y>187</y></pt><pt><x>305</x><y>196</y></pt><pt><x>302</x><y>201</y></pt><pt><x>294</x><y>201</y></pt><pt><x>295</x><y>234</y></pt><pt><x>305</x><y>237</y></pt><pt><x>311</x><y>239</y></pt><pt><x>367</x><y>245</y></pt><pt><x>366</x><y>257</y></pt><pt><x>389</x><y>258</y></pt><pt><x>389</x><y>261</y></pt><pt><x>413</x><y>262</y></pt><pt><x>416</x><y>258</y></pt><pt><x>426</x><y>261</y></pt><pt><x>461</x><y>262</y></pt><pt><x>466</x><y>256</y></pt><pt><x>482</x><y>257</y></pt><pt><x>487</x><y>254</y></pt><pt><x>527</x><y>254</y></pt><pt><x>537</x><y>261</y></pt><pt><x>554</x><y>261</y></pt><pt><x>561</x><y>262</y></pt><pt><x>569</x><y>263</y></pt><pt><x>573</x><y>260</y></pt><pt><x>589</x><y>264</y></pt><pt><x>606</x><y>258</y></pt><pt><x>634</x><y>260</y></pt><pt><x>641</x><y>251</y></pt><pt><x>681</x><y>254</y></pt><pt><x>685</x><y>234</y></pt><pt><x>724</x><y>235</y></pt><pt><x>737</x><y>228</y></pt><pt><x>771</x><y>229</y></pt><pt><x>776</x><y>219</y></pt><pt><x>798</x><y>220</y></pt><pt><x>797</x><y>334</y></pt><pt><x>686</x><y>318</y></pt><pt><x>649</x><y>316</y></pt><pt><x>616</x><y>315</y></pt><pt><x>595</x><y>311</y></pt><pt><x>517</x><y>308</y></pt><pt><x>452</x><y>308</y></pt><pt><x>412</x><y>304</y></pt><pt><x>366</x><y>302</y></pt><pt><x>267</x><y>307</y></pt><pt><x>206</x><y>303</y></pt><pt><x>193</x><y>304</y></pt><pt><x>142</x><y>304</y></pt><pt><x>128</x><y>307</y></pt><pt><x>78</x><y>312</y></pt><pt><x>2</x><y>312</y></pt><pt><x>2</x><y>150</y></pt><pt><x>4</x><y>139</y></pt><pt><x>7</x><y>139</y></pt><pt><x>8</x><y>133</y></pt><pt><x>17</x><y>134</y></pt><pt><x>18</x><y>138</y></pt><pt><x>21</x><y>140</y></pt><pt><x>24</x><y>141</y></pt></polygon></object><object><name>sign</name><deleted>0</deleted><verified>0</verified><date>16-Jul-2012 00:22:18</date><id>5</id><polygon><username>sandy</username><pt><x>235</x><y>267</y></pt><pt><x>234</x><y>276</y></pt><pt><x>255</x><y>276</y></pt><pt><x>256</x><y>268</y></pt></polygon></object><object><name>sign</name><deleted>0</deleted><verified>0</verified><date>16-Jul-2012 00:22:18</date><id>6</id><polygon><username>sandy</username><pt><x>747</x><y>266</y></pt><pt><x>730</x><y>282</y></pt><pt><x>729</x><y>282</y></pt><pt><x>710</x><y>263</y></pt><pt><x>729</x><y>247</y></pt></polygon></object><object><name>sign</name><deleted>0</deleted><verified>0</verified><date>16-Jul-2012 00:22:18</date><id>7</id><polygon><username>sandy</username><pt><x>720</x><y>298</y></pt><pt><x>737</x><y>299</y></pt><pt><x>737</x><y>284</y></pt><pt><x>719</x><y>284</y></pt></polygon></object><object><name>sign</name><deleted>0</deleted><verified>0</verified><date>16-Jul-2012 00:22:18</date><id>8</id><polygon><username>sandy</username><pt><x>656</x><y>266</y></pt><pt><x>665</x><y>276</y></pt><pt><x>655</x><y>283</y></pt><pt><x>647</x><y>275</y></pt></polygon></object><object><name>sign</name><deleted>0</deleted><verified>0</verified><date>16-Jul-2012 00:22:18</date><id>9</id><polygon><username>sandy</username><pt><x>638</x><y>284</y></pt><pt><x>641</x><y>285</y></pt><pt><x>643</x><y>288</y></pt><pt><x>643</x><y>291</y></pt><pt><x>641</x><y>294</y></pt><pt><x>639</x><y>296</y></pt><pt><x>636</x><y>295</y></pt><pt><x>635</x><y>294</y></pt><pt><x>633</x><y>293</y></pt><pt><x>633</x><y>291</y></pt><pt><x>632</x><y>289</y></pt><pt><x>633</x><y>287</y></pt><pt><x>634</x><y>284</y></pt></polygon></object><object><name>lamppost</name><deleted>0</deleted><verified>0</verified><date>16-Jul-2012 00:22:18</date><id>10</id><polygon><username>sandy</username><pt><x>248</x><y>247</y></pt><pt><x>252</x><y>175</y></pt><pt><x>253</x><y>165</y></pt><pt><x>257</x><y>164</y></pt><pt><x>250</x><y>160</y></pt><pt><x>242</x><y>162</y></pt><pt><x>245</x><y>165</y></pt><pt><x>248</x><y>173</y></pt><pt><x>240</x><y>332</y></pt><pt><x>245</x><y>331</y></pt></polygon></object><object><name>lamppost</name><deleted>0</deleted><verified>0</verified><date>16-Jul-2012 00:22:18</date><id>11</id><polygon><username>sandy</username><pt><x>373</x><y>251</y></pt><pt><x>374</x><y>222</y></pt><pt><x>374</x><y>220</y></pt><pt><x>375</x><y>215</y></pt><pt><x>376</x><y>214</y></pt><pt><x>373</x><y>213</y></pt><pt><x>370</x><y>214</y></pt><pt><x>369</x><y>214</y></pt><pt><x>370</x><y>222</y></pt><pt><x>367</x><y>316</y></pt><pt><x>370</x><y>316</y></pt></polygon></object><object><name>grass</name><deleted>0</deleted><verified>0</verified><date>16-Jul-2012 00:22:18</date><id>12</id><polygon><username>sandy</username><pt><x>3</x><y>330</y></pt><pt><x>66</x><y>346</y></pt><pt><x>2</x><y>357</y></pt></polygon></object><object><name>grass</name><deleted>0</deleted><verified>0</verified><date>16-Jul-2012 00:22:18</date><id>13</id><polygon><username>sandy</username><pt><x>133</x><y>345</y></pt><pt><x>199</x><y>338</y></pt><pt><x>120</x><y>320</y></pt><pt><x>85</x><y>318</y></pt><pt><x>10</x><y>316</y></pt></polygon></object><object><name>grass</name><deleted>0</deleted><verified>0</verified><date>16-Jul-2012 00:22:18</date><id>14</id><polygon><username>sandy</username><pt><x>147</x><y>318</y></pt><pt><x>226</x><y>333</y></pt><pt><x>246</x><y>333</y></pt><pt><x>247</x><y>331</y></pt><pt><x>238</x><y>327</y></pt><pt><x>235</x><y>327</y></pt><pt><x>234</x><y>326</y></pt><pt><x>263</x><y>326</y></pt><pt><x>356</x><y>323</y></pt><pt><x>405</x><y>316</y></pt><pt><x>427</x><y>314</y></pt><pt><x>396</x><y>305</y></pt><pt><x>386</x><y>305</y></pt><pt><x>366</x><y>308</y></pt><pt><x>356</x><y>304</y></pt><pt><x>262</x><y>303</y></pt><pt><x>202</x><y>304</y></pt><pt><x>144</x><y>313</y></pt></polygon></object><object><name>grass</name><deleted>0</deleted><verified>0</verified><date>16-Jul-2012 00:22:18</date><id>15</id><polygon><username>sandy</username><pt><x>617</x><y>319</y></pt><pt><x>650</x><y>333</y></pt><pt><x>694</x><y>350</y></pt><pt><x>758</x><y>339</y></pt><pt><x>707</x><y>332</y></pt><pt><x>663</x><y>323</y></pt><pt><x>658</x><y>319</y></pt><pt><x>645</x><y>315</y></pt></polygon></object><object><name>door</name><deleted>0</deleted><verified>0</verified><date>16-Jul-2012 00:22:18</date><id>16</id><polygon><username>sandy</username><pt><x>221</x><y>248</y></pt><pt><x>217</x><y>295</y></pt><pt><x>233</x><y>295</y></pt><pt><x>235</x><y>294</y></pt><pt><x>235</x><y>250</y></pt></polygon></object><object><name>window</name><deleted>0</deleted><verified>0</verified><date>16-Jul-2012 00:22:18</date><id>17</id><polygon><username>sandy</username><pt><x>180</x><y>218</y></pt><pt><x>181</x><y>242</y></pt><pt><x>127</x><y>240</y></pt><pt><x>128</x><y>217</y></pt></polygon></object><object><name>window</name><deleted>0</deleted><verified>0</verified><date>16-Jul-2012 00:22:18</date><id>18</id><polygon><username>sandy</username><pt><x>180</x><y>253</y></pt><pt><x>179</x><y>287</y></pt><pt><x>125</x><y>284</y></pt><pt><x>126</x><y>251</y></pt><pt><x>126</x><y>250</y></pt></polygon></object><imagesize><nrows>600</nrows><ncols>800</ncols></imagesize></annotation>