<annotation><filename>v_van_inside_jake_inside_van_6_b.jpg</filename><folder>100images</folder><source><sourceImage>The MIT-CSAIL database of objects and scenes</sourceImage><sourceAnnotation>LabelMe Webtool</sourceAnnotation></source><object><name>records</name><deleted>0</deleted><verified>0</verified><date>16-Jul-2012 00:40:24</date><id>0</id><polygon><username>sandy</username><pt><x>2</x><y>323</y></pt><pt><x>14</x><y>317</y></pt><pt><x>17</x><y>320</y></pt><pt><x>67</x><y>310</y></pt><pt><x>70</x><y>312</y></pt><pt><x>97</x><y>302</y></pt><pt><x>126</x><y>296</y></pt><pt><x>116</x><y>230</y></pt><pt><x>86</x><y>227</y></pt><pt><x>40</x><y>219</y></pt><pt><x>2</x><y>212</y></pt></polygon></object><object><name>records</name><deleted>0</deleted><verified>0</verified><date>16-Jul-2012 00:40:24</date><id>1</id><polygon><username>sandy</username><pt><x>53</x><y>111</y></pt><pt><x>85</x><y>133</y></pt><pt><x>115</x><y>141</y></pt><pt><x>104</x><y>207</y></pt><pt><x>72</x><y>212</y></pt><pt><x>28</x><y>206</y></pt></polygon></object><object><name>records</name><deleted>0</deleted><verified>0</verified><date>16-Jul-2012 00:40:24</date><id>2</id><polygon><username>sandy</username><pt><x>455</x><y>180</y></pt><pt><x>462</x><y>235</y></pt><pt><x>524</x><y>231</y></pt><pt><x>514</x><y>165</y></pt></polygon></object><object><name>records</name><deleted>0</deleted><verified>0</verified><date>16-Jul-2012 00:40:24</date><id>3</id><polygon><username>sandy</username><pt><x>528</x><y>158</y></pt><pt><x>540</x><y>231</y></pt><pt><x>633</x><y>226</y></pt><pt><x>754</x><y>224</y></pt><pt><x>779</x><y>90</y></pt><pt><x>777</x><y>87</y></pt><pt><x>648</x><y>125</y></pt><pt><x>645</x><y>130</y></pt><pt><x>581</x><y>146</y></pt></polygon></object><object><name>records</name><deleted>0</deleted><verified>0</verified><date>16-Jul-2012 00:40:24</date><id>4</id><polygon><username>sandy</username><pt><x>449</x><y>240</y></pt><pt><x>478</x><y>244</y></pt><pt><x>513</x><y>243</y></pt><pt><x>516</x><y>241</y></pt><pt><x>559</x><y>244</y></pt><pt><x>621</x><y>243</y></pt><pt><x>711</x><y>236</y></pt><pt><x>693</x><y>349</y></pt><pt><x>602</x><y>331</y></pt><pt><x>542</x><y>318</y></pt><pt><x>496</x><y>305</y></pt><pt><x>467</x><y>300</y></pt><pt><x>447</x><y>294</y></pt></polygon></object><object><name>records</name><deleted>0</deleted><verified>0</verified><date>16-Jul-2012 00:40:24</date><id>5</id><polygon><username>sandy</username><pt><x>721</x><y>239</y></pt><pt><x>697</x><y>349</y></pt><pt><x>797</x><y>376</y></pt><pt><x>798</x><y>237</y></pt></polygon></object><object><name>records</name><deleted>0</deleted><verified>0</verified><date>16-Jul-2012 00:40:24</date><id>6</id><polygon><username>sandy</username><pt><x>776</x><y>220</y></pt><pt><x>799</x><y>219</y></pt><pt><x>799</x><y>86</y></pt><pt><x>777</x><y>92</y></pt></polygon></object><object><name>keyboard</name><deleted>0</deleted><verified>0</verified><date>16-Jul-2012 00:40:24</date><id>7</id><polygon><username>sandy</username><pt><x>366</x><y>372</y></pt><pt><x>461</x><y>477</y></pt><pt><x>545</x><y>464</y></pt><pt><x>558</x><y>458</y></pt><pt><x>560</x><y>445</y></pt><pt><x>564</x><y>442</y></pt><pt><x>563</x><y>432</y></pt><pt><x>431</x><y>353</y></pt><pt><x>396</x><y>359</y></pt><pt><x>373</x><y>366</y></pt></polygon></object><object><name>keyboard</name><deleted>0</deleted><verified>0</verified><date>16-Jul-2012 00:40:24</date><id>8</id><polygon><username>sandy</username><pt><x>532</x><y>469</y></pt><pt><x>625</x><y>517</y></pt><pt><x>619</x><y>563</y></pt><pt><x>506</x><y>599</y></pt><pt><x>263</x><y>598</y></pt><pt><x>257</x><y>517</y></pt></polygon></object><object><name>keyboard</name><deleted>0</deleted><verified>0</verified><date>16-Jul-2012 00:40:24</date><id>9</id><polygon><username>sandy</username><pt><x>144</x><y>386</y></pt><pt><x>133</x><y>419</y></pt><pt><x>139</x><y>419</y></pt><pt><x>337</x><y>516</y></pt><pt><x>416</x><y>463</y></pt><pt><x>419</x><y>440</y></pt><pt><x>412</x><y>437</y></pt><pt><x>213</x><y>380</y></pt></polygon></object><object><name>man</name><deleted>0</deleted><verified>0</verified><date>16-Jul-2012 00:40:24</date><id>10</id><polygon><username>sandy</username><pt><x>321</x><y>199</y></pt><pt><x>323</x><y>190</y></pt><pt><x>325</x><y>189</y></pt><pt><x>329</x><y>176</y></pt><pt><x>336</x><y>170</y></pt><pt><x>347</x><y>170</y></pt><pt><x>354</x><y>170</y></pt><pt><x>361</x><y>175</y></pt><pt><x>363</x><y>184</y></pt><pt><x>364</x><y>192</y></pt><pt><x>362</x><y>201</y></pt><pt><x>360</x><y>215</y></pt><pt><x>356</x><y>220</y></pt><pt><x>361</x><y>227</y></pt><pt><x>361</x><y>235</y></pt><pt><x>364</x><y>241</y></pt><pt><x>364</x><y>247</y></pt><pt><x>371</x><y>268</y></pt><pt><x>374</x><y>270</y></pt><pt><x>376</x><y>274</y></pt><pt><x>375</x><y>278</y></pt><pt><x>374</x><y>281</y></pt><pt><x>374</x><y>286</y></pt><pt><x>378</x><y>288</y></pt><pt><x>382</x><y>294</y></pt><pt><x>386</x><y>297</y></pt><pt><x>386</x><y>302</y></pt><pt><x>388</x><y>306</y></pt><pt><x>392</x><y>309</y></pt><pt><x>396</x><y>311</y></pt><pt><x>395</x><y>315</y></pt><pt><x>385</x><y>312</y></pt><pt><x>390</x><y>319</y></pt><pt><x>392</x><y>324</y></pt><pt><x>390</x><y>327</y></pt><pt><x>386</x><y>329</y></pt><pt><x>381</x><y>325</y></pt><pt><x>380</x><y>328</y></pt><pt><x>377</x><y>326</y></pt><pt><x>369</x><y>321</y></pt><pt><x>354</x><y>330</y></pt><pt><x>341</x><y>334</y></pt><pt><x>328</x><y>346</y></pt><pt><x>330</x><y>354</y></pt><pt><x>330</x><y>368</y></pt><pt><x>335</x><y>371</y></pt><pt><x>339</x><y>370</y></pt><pt><x>342</x><y>372</y></pt><pt><x>345</x><y>375</y></pt><pt><x>344</x><y>379</y></pt><pt><x>339</x><y>379</y></pt><pt><x>325</x><y>380</y></pt><pt><x>316</x><y>378</y></pt><pt><x>293</x><y>358</y></pt><pt><x>302</x><y>345</y></pt><pt><x>291</x><y>346</y></pt><pt><x>283</x><y>348</y></pt><pt><x>281</x><y>352</y></pt><pt><x>282</x><y>355</y></pt><pt><x>283</x><y>359</y></pt><pt><x>283</x><y>376</y></pt><pt><x>288</x><y>392</y></pt><pt><x>279</x><y>396</y></pt><pt><x>269</x><y>395</y></pt><pt><x>265</x><y>392</y></pt><pt><x>263</x><y>389</y></pt><pt><x>260</x><y>361</y></pt><pt><x>260</x><y>355</y></pt><pt><x>262</x><y>351</y></pt><pt><x>265</x><y>348</y></pt><pt><x>266</x><y>337</y></pt><pt><x>255</x><y>331</y></pt><pt><x>242</x><y>317</y></pt><pt><x>243</x><y>305</y></pt><pt><x>241</x><y>294</y></pt><pt><x>242</x><y>290</y></pt><pt><x>247</x><y>289</y></pt><pt><x>250</x><y>277</y></pt><pt><x>258</x><y>256</y></pt><pt><x>267</x><y>236</y></pt><pt><x>296</x><y>208</y></pt><pt><x>304</x><y>205</y></pt><pt><x>308</x><y>204</y></pt><pt><x>311</x><y>205</y></pt><pt><x>313</x><y>202</y></pt></polygon></object><object><name>speaker</name><deleted>0</deleted><verified>0</verified><date>16-Jul-2012 00:40:24</date><id>11</id><polygon><username>sandy</username><pt><x>414</x><y>305</y></pt><pt><x>426</x><y>301</y></pt><pt><x>434</x><y>302</y></pt><pt><x>455</x><y>311</y></pt><pt><x>456</x><y>325</y></pt><pt><x>452</x><y>349</y></pt><pt><x>452</x><y>358</y></pt><pt><x>434</x><y>361</y></pt><pt><x>407</x><y>358</y></pt><pt><x>408</x><y>331</y></pt><pt><x>411</x><y>314</y></pt></polygon></object><object><name>speaker</name><deleted>0</deleted><verified>0</verified><date>16-Jul-2012 00:40:24</date><id>12</id><polygon><username>sandy</username><pt><x>596</x><y>355</y></pt><pt><x>630</x><y>354</y></pt><pt><x>667</x><y>370</y></pt><pt><x>674</x><y>383</y></pt><pt><x>669</x><y>427</y></pt><pt><x>656</x><y>470</y></pt><pt><x>645</x><y>484</y></pt><pt><x>637</x><y>488</y></pt><pt><x>633</x><y>494</y></pt><pt><x>622</x><y>492</y></pt><pt><x>615</x><y>490</y></pt><pt><x>597</x><y>480</y></pt><pt><x>590</x><y>481</y></pt><pt><x>581</x><y>478</y></pt><pt><x>579</x><y>475</y></pt><pt><x>580</x><y>468</y></pt><pt><x>571</x><y>462</y></pt><pt><x>568</x><y>458</y></pt><pt><x>574</x><y>420</y></pt><pt><x>585</x><y>379</y></pt><pt><x>591</x><y>358</y></pt></polygon></object><object><name>door</name><deleted>0</deleted><verified>0</verified><date>16-Jul-2012 00:40:24</date><id>13</id><polygon><username>sandy</username><pt><x>196</x><y>143</y></pt><pt><x>182</x><y>172</y></pt><pt><x>172</x><y>214</y></pt><pt><x>168</x><y>247</y></pt><pt><x>176</x><y>351</y></pt><pt><x>185</x><y>354</y></pt><pt><x>194</x><y>353</y></pt><pt><x>233</x><y>336</y></pt><pt><x>238</x><y>332</y></pt><pt><x>231</x><y>246</y></pt><pt><x>231</x><y>231</y></pt><pt><x>233</x><y>202</y></pt><pt><x>247</x><y>159</y></pt><pt><x>213</x><y>141</y></pt><pt><x>205</x><y>141</y></pt></polygon></object><object><name>door</name><deleted>0</deleted><verified>0</verified><date>16-Jul-2012 00:40:24</date><id>14</id><polygon><username>sandy</username><pt><x>291</x><y>141</y></pt><pt><x>396</x><y>154</y></pt><pt><x>406</x><y>157</y></pt><pt><x>408</x><y>165</y></pt><pt><x>406</x><y>343</y></pt><pt><x>398</x><y>348</y></pt><pt><x>391</x><y>349</y></pt><pt><x>283</x><y>355</y></pt></polygon></object><object><name>turntable</name><deleted>0</deleted><verified>0</verified><date>16-Jul-2012 00:40:24</date><id>15</id><polygon><username>sandy</username><pt><x>377</x><y>457</y></pt><pt><x>379</x><y>450</y></pt><pt><x>380</x><y>439</y></pt><pt><x>384</x><y>417</y></pt><pt><x>259</x><y>396</y></pt><pt><x>231</x><y>419</y></pt><pt><x>231</x><y>424</y></pt><pt><x>237</x><y>437</y></pt><pt><x>242</x><y>441</y></pt><pt><x>279</x><y>450</y></pt></polygon></object><object><name>records</name><deleted>0</deleted><verified>0</verified><date>16-Jul-2012 00:40:24</date><id>16</id><polygon><username>sandy</username><pt><x>299</x><y>426</y></pt><pt><x>327</x><y>432</y></pt><pt><x>354</x><y>436</y></pt><pt><x>371</x><y>434</y></pt><pt><x>388</x><y>430</y></pt><pt><x>394</x><y>426</y></pt><pt><x>393</x><y>423</y></pt><pt><x>390</x><y>419</y></pt><pt><x>367</x><y>409</y></pt><pt><x>347</x><y>405</y></pt><pt><x>323</x><y>403</y></pt><pt><x>297</x><y>404</y></pt><pt><x>290</x><y>406</y></pt><pt><x>287</x><y>411</y></pt><pt><x>286</x><y>415</y></pt><pt><x>288</x><y>419</y></pt><pt><x>292</x><y>423</y></pt></polygon></object><object><name>tree</name><deleted>0</deleted><verified>0</verified><date>16-Jul-2012 00:40:24</date><id>17</id><polygon><username>sandy</username><pt><x>174</x><y>150</y></pt><pt><x>183</x><y>151</y></pt><pt><x>188</x><y>152</y></pt><pt><x>243</x><y>181</y></pt><pt><x>253</x><y>183</y></pt><pt><x>261</x><y>187</y></pt><pt><x>265</x><y>198</y></pt><pt><x>273</x><y>206</y></pt><pt><x>280</x><y>212</y></pt><pt><x>281</x><y>220</y></pt><pt><x>263</x><y>249</y></pt><pt><x>252</x><y>255</y></pt><pt><x>240</x><y>255</y></pt><pt><x>232</x><y>255</y></pt><pt><x>168</x><y>228</y></pt><pt><x>170</x><y>173</y></pt></polygon></object><object><name>road</name><deleted>0</deleted><verified>0</verified><date>16-Jul-2012 00:40:24</date><id>18</id><polygon><username>sandy</username><pt><x>204</x><y>351</y></pt><pt><x>262</x><y>353</y></pt><pt><x>266</x><y>253</y></pt><pt><x>231</x><y>254</y></pt></polygon></object><imagesize><nrows>600</nrows><ncols>800</ncols></imagesize><object><name>van</name><deleted>0</deleted><verified>0</verified><date>18-Jul-2012 10:39:18</date><id>19</id><polygon><username>sandy</username><pt><x>7</x><y>597</y></pt><pt><x>792</x><y>596</y></pt><pt><x>798</x><y>3</y></pt><pt><x>3</x><y>1</y></pt></polygon></object></annotation>