<annotation><filename>w_workroom_workroom_000003.jpg</filename><folder>100images</folder><source><sourceImage>The MIT-CSAIL database of objects and scenes</sourceImage><sourceAnnotation>LabelMe Webtool</sourceAnnotation></source><object><name>workbench</name><deleted>0</deleted><verified>0</verified><date>16-Jul-2012 00:54:03</date><id>0</id><polygon><username>sandy</username><pt><x>294</x><y>377</y></pt><pt><x>358</x><y>350</y></pt><pt><x>404</x><y>329</y></pt><pt><x>797</x><y>363</y></pt><pt><x>795</x><y>598</y></pt><pt><x>558</x><y>599</y></pt><pt><x>381</x><y>554</y></pt><pt><x>349</x><y>547</y></pt><pt><x>351</x><y>390</y></pt><pt><x>194</x><y>441</y></pt><pt><x>202</x><y>575</y></pt><pt><x>194</x><y>581</y></pt><pt><x>183</x><y>577</y></pt><pt><x>175</x><y>448</y></pt><pt><x>4</x><y>500</y></pt><pt><x>4</x><y>411</y></pt><pt><x>201</x><y>364</y></pt></polygon></object><object><name>gascanister</name><deleted>0</deleted><verified>0</verified><date>16-Jul-2012 00:54:03</date><id>1</id><polygon><username>sandy</username><pt><x>3</x><y>358</y></pt><pt><x>73</x><y>373</y></pt><pt><x>84</x><y>380</y></pt><pt><x>94</x><y>391</y></pt><pt><x>99</x><y>403</y></pt><pt><x>98</x><y>422</y></pt><pt><x>91</x><y>436</y></pt><pt><x>80</x><y>448</y></pt><pt><x>60</x><y>459</y></pt><pt><x>45</x><y>461</y></pt><pt><x>32</x><y>461</y></pt><pt><x>3</x><y>446</y></pt><pt><x>2</x><y>445</y></pt></polygon></object><object><name>gascanister</name><deleted>0</deleted><verified>0</verified><date>16-Jul-2012 00:54:03</date><id>2</id><polygon><username>sandy</username><pt><x>371</x><y>461</y></pt><pt><x>378</x><y>467</y></pt><pt><x>382</x><y>471</y></pt><pt><x>385</x><y>480</y></pt><pt><x>387</x><y>514</y></pt><pt><x>342</x><y>526</y></pt><pt><x>343</x><y>490</y></pt><pt><x>345</x><y>469</y></pt><pt><x>348</x><y>466</y></pt><pt><x>353</x><y>464</y></pt><pt><x>354</x><y>461</y></pt><pt><x>357</x><y>454</y></pt><pt><x>357</x><y>448</y></pt><pt><x>359</x><y>444</y></pt><pt><x>362</x><y>441</y></pt><pt><x>362</x><y>438</y></pt><pt><x>367</x><y>439</y></pt><pt><x>368</x><y>445</y></pt></polygon></object><object><name>gascanister</name><deleted>0</deleted><verified>0</verified><date>16-Jul-2012 00:54:03</date><id>3</id><polygon><username>sandy</username><pt><x>400</x><y>532</y></pt><pt><x>402</x><y>599</y></pt><pt><x>343</x><y>599</y></pt><pt><x>343</x><y>527</y></pt><pt><x>346</x><y>521</y></pt><pt><x>351</x><y>516</y></pt><pt><x>357</x><y>511</y></pt><pt><x>362</x><y>509</y></pt><pt><x>363</x><y>507</y></pt><pt><x>364</x><y>502</y></pt><pt><x>362</x><y>501</y></pt><pt><x>356</x><y>503</y></pt><pt><x>351</x><y>500</y></pt><pt><x>349</x><y>500</y></pt><pt><x>349</x><y>494</y></pt><pt><x>350</x><y>491</y></pt><pt><x>356</x><y>490</y></pt><pt><x>362</x><y>491</y></pt><pt><x>365</x><y>489</y></pt><pt><x>365</x><y>486</y></pt><pt><x>369</x><y>485</y></pt><pt><x>373</x><y>487</y></pt><pt><x>374</x><y>491</y></pt><pt><x>377</x><y>491</y></pt><pt><x>379</x><y>494</y></pt><pt><x>377</x><y>498</y></pt><pt><x>376</x><y>502</y></pt><pt><x>377</x><y>507</y></pt><pt><x>385</x><y>509</y></pt><pt><x>390</x><y>514</y></pt><pt><x>394</x><y>518</y></pt><pt><x>397</x><y>524</y></pt></polygon></object><object><name>hammer</name><deleted>0</deleted><verified>0</verified><date>16-Jul-2012 00:54:03</date><id>4</id><polygon><username>sandy</username><pt><x>636</x><y>173</y></pt><pt><x>638</x><y>101</y></pt><pt><x>642</x><y>98</y></pt><pt><x>643</x><y>92</y></pt><pt><x>636</x><y>91</y></pt><pt><x>617</x><y>94</y></pt><pt><x>618</x><y>100</y></pt><pt><x>627</x><y>98</y></pt><pt><x>621</x><y>153</y></pt><pt><x>627</x><y>156</y></pt><pt><x>627</x><y>173</y></pt></polygon></object><object><name>screwdriver</name><deleted>0</deleted><verified>0</verified><date>16-Jul-2012 00:54:03</date><id>5</id><polygon><username>sandy</username><pt><x>546</x><y>270</y></pt><pt><x>547</x><y>313</y></pt><pt><x>556</x><y>306</y></pt><pt><x>564</x><y>323</y></pt><pt><x>569</x><y>304</y></pt><pt><x>574</x><y>306</y></pt><pt><x>583</x><y>305</y></pt><pt><x>595</x><y>325</y></pt><pt><x>595</x><y>298</y></pt><pt><x>592</x><y>271</y></pt><pt><x>571</x><y>269</y></pt><pt><x>558</x><y>267</y></pt></polygon></object><object><name>screwdriver</name><deleted>0</deleted><verified>0</verified><date>16-Jul-2012 00:54:03</date><id>6</id><polygon><username>sandy</username><pt><x>604</x><y>273</y></pt><pt><x>606</x><y>294</y></pt><pt><x>610</x><y>313</y></pt><pt><x>617</x><y>322</y></pt><pt><x>621</x><y>307</y></pt><pt><x>637</x><y>312</y></pt><pt><x>639</x><y>317</y></pt><pt><x>648</x><y>308</y></pt><pt><x>648</x><y>292</y></pt><pt><x>646</x><y>273</y></pt><pt><x>639</x><y>271</y></pt><pt><x>630</x><y>274</y></pt><pt><x>626</x><y>274</y></pt><pt><x>623</x><y>292</y></pt><pt><x>618</x><y>292</y></pt><pt><x>620</x><y>264</y></pt><pt><x>615</x><y>266</y></pt><pt><x>612</x><y>273</y></pt></polygon></object><object><name>screwdriver</name><deleted>0</deleted><verified>0</verified><date>16-Jul-2012 00:54:03</date><id>7</id><polygon><username>sandy</username><pt><x>666</x><y>274</y></pt><pt><x>668</x><y>297</y></pt><pt><x>670</x><y>297</y></pt><pt><x>672</x><y>316</y></pt><pt><x>672</x><y>298</y></pt><pt><x>674</x><y>295</y></pt><pt><x>672</x><y>274</y></pt></polygon></object><object><name>cupboard</name><deleted>0</deleted><verified>0</verified><date>16-Jul-2012 00:54:03</date><id>8</id><polygon><username>sandy</username><pt><x>387</x><y>403</y></pt><pt><x>723</x><y>454</y></pt><pt><x>724</x><y>411</y></pt><pt><x>797</x><y>422</y></pt><pt><x>799</x><y>598</y></pt><pt><x>618</x><y>599</y></pt><pt><x>353</x><y>520</y></pt><pt><x>351</x><y>399</y></pt></polygon></object><object><name>tape</name><deleted>0</deleted><verified>0</verified><date>16-Jul-2012 00:54:03</date><id>9</id><polygon><username>sandy</username><pt><x>300</x><y>92</y></pt><pt><x>315</x><y>87</y></pt><pt><x>326</x><y>91</y></pt><pt><x>334</x><y>97</y></pt><pt><x>337</x><y>104</y></pt><pt><x>338</x><y>124</y></pt><pt><x>337</x><y>135</y></pt><pt><x>332</x><y>141</y></pt><pt><x>327</x><y>146</y></pt><pt><x>310</x><y>144</y></pt><pt><x>318</x><y>135</y></pt><pt><x>306</x><y>135</y></pt><pt><x>299</x><y>132</y></pt><pt><x>294</x><y>128</y></pt><pt><x>293</x><y>119</y></pt><pt><x>291</x><y>112</y></pt><pt><x>292</x><y>106</y></pt><pt><x>292</x><y>101</y></pt><pt><x>294</x><y>97</y></pt></polygon></object><object><name>tape</name><deleted>0</deleted><verified>0</verified><date>16-Jul-2012 00:54:03</date><id>10</id><polygon><username>sandy</username><pt><x>297</x><y>151</y></pt><pt><x>296</x><y>162</y></pt><pt><x>298</x><y>169</y></pt><pt><x>301</x><y>175</y></pt><pt><x>303</x><y>178</y></pt><pt><x>308</x><y>179</y></pt><pt><x>313</x><y>179</y></pt><pt><x>320</x><y>178</y></pt><pt><x>324</x><y>176</y></pt><pt><x>325</x><y>189</y></pt><pt><x>303</x><y>193</y></pt><pt><x>298</x><y>201</y></pt><pt><x>297</x><y>207</y></pt><pt><x>297</x><y>212</y></pt><pt><x>298</x><y>219</y></pt><pt><x>300</x><y>224</y></pt><pt><x>302</x><y>229</y></pt><pt><x>306</x><y>233</y></pt><pt><x>312</x><y>233</y></pt><pt><x>325</x><y>232</y></pt><pt><x>325</x><y>245</y></pt><pt><x>317</x><y>260</y></pt><pt><x>333</x><y>256</y></pt><pt><x>343</x><y>247</y></pt><pt><x>340</x><y>222</y></pt><pt><x>340</x><y>211</y></pt><pt><x>335</x><y>197</y></pt><pt><x>333</x><y>172</y></pt><pt><x>332</x><y>163</y></pt><pt><x>330</x><y>157</y></pt><pt><x>327</x><y>153</y></pt><pt><x>324</x><y>149</y></pt><pt><x>320</x><y>148</y></pt><pt><x>316</x><y>145</y></pt><pt><x>312</x><y>146</y></pt><pt><x>305</x><y>147</y></pt></polygon></object><object><name>spanner</name><deleted>0</deleted><verified>0</verified><date>16-Jul-2012 00:54:03</date><id>11</id><polygon><username>sandy</username><pt><x>476</x><y>207</y></pt><pt><x>477</x><y>218</y></pt><pt><x>470</x><y>219</y></pt><pt><x>469</x><y>222</y></pt><pt><x>474</x><y>224</y></pt><pt><x>478</x><y>224</y></pt><pt><x>485</x><y>257</y></pt><pt><x>507</x><y>260</y></pt><pt><x>511</x><y>256</y></pt><pt><x>518</x><y>229</y></pt><pt><x>520</x><y>222</y></pt><pt><x>524</x><y>220</y></pt><pt><x>523</x><y>205</y></pt><pt><x>517</x><y>198</y></pt><pt><x>482</x><y>197</y></pt><pt><x>475</x><y>200</y></pt></polygon></object><object><name>spanner</name><deleted>0</deleted><verified>0</verified><date>16-Jul-2012 00:54:03</date><id>12</id><polygon><username>sandy</username><pt><x>552</x><y>261</y></pt><pt><x>569</x><y>260</y></pt><pt><x>580</x><y>233</y></pt><pt><x>585</x><y>231</y></pt><pt><x>584</x><y>204</y></pt><pt><x>578</x><y>201</y></pt><pt><x>579</x><y>194</y></pt><pt><x>541</x><y>196</y></pt><pt><x>540</x><y>202</y></pt><pt><x>536</x><y>205</y></pt><pt><x>533</x><y>215</y></pt><pt><x>538</x><y>232</y></pt></polygon></object><object><name>spanner</name><deleted>0</deleted><verified>0</verified><date>16-Jul-2012 00:54:03</date><id>13</id><polygon><username>sandy</username><pt><x>632</x><y>234</y></pt><pt><x>634</x><y>242</y></pt><pt><x>631</x><y>247</y></pt><pt><x>627</x><y>247</y></pt><pt><x>623</x><y>245</y></pt><pt><x>621</x><y>238</y></pt><pt><x>625</x><y>235</y></pt><pt><x>624</x><y>203</y></pt><pt><x>627</x><y>200</y></pt><pt><x>630</x><y>200</y></pt><pt><x>631</x><y>204</y></pt></polygon></object><object><name>bin</name><deleted>0</deleted><verified>0</verified><date>16-Jul-2012 00:54:03</date><id>14</id><polygon><username>sandy</username><pt><x>399</x><y>485</y></pt><pt><x>443</x><y>489</y></pt><pt><x>451</x><y>489</y></pt><pt><x>464</x><y>491</y></pt><pt><x>471</x><y>499</y></pt><pt><x>471</x><y>511</y></pt><pt><x>469</x><y>527</y></pt><pt><x>463</x><y>586</y></pt><pt><x>456</x><y>599</y></pt><pt><x>401</x><y>596</y></pt><pt><x>386</x><y>489</y></pt><pt><x>392</x><y>485</y></pt></polygon></object><object><name>book</name><deleted>0</deleted><verified>0</verified><date>16-Jul-2012 00:54:03</date><id>15</id><polygon><username>sandy</username><pt><x>499</x><y>372</y></pt><pt><x>556</x><y>379</y></pt><pt><x>584</x><y>360</y></pt><pt><x>583</x><y>347</y></pt><pt><x>536</x><y>346</y></pt><pt><x>529</x><y>346</y></pt><pt><x>498</x><y>361</y></pt><pt><x>496</x><y>363</y></pt><pt><x>496</x><y>368</y></pt></polygon></object><object><name>drawers</name><deleted>0</deleted><verified>0</verified><date>16-Jul-2012 00:54:03</date><id>16</id><polygon><username>sandy</username><pt><x>395</x><y>372</y></pt><pt><x>727</x><y>413</y></pt><pt><x>722</x><y>455</y></pt><pt><x>351</x><y>397</y></pt><pt><x>360</x><y>368</y></pt></polygon></object><object><name>tubing</name><deleted>0</deleted><verified>0</verified><date>16-Jul-2012 00:54:03</date><id>17</id><polygon><username>sandy</username><pt><x>143</x><y>147</y></pt><pt><x>150</x><y>148</y></pt><pt><x>166</x><y>221</y></pt><pt><x>171</x><y>224</y></pt><pt><x>181</x><y>258</y></pt><pt><x>199</x><y>296</y></pt><pt><x>243</x><y>298</y></pt><pt><x>243</x><y>195</y></pt><pt><x>248</x><y>194</y></pt><pt><x>247</x><y>78</y></pt><pt><x>244</x><y>41</y></pt><pt><x>232</x><y>14</y></pt><pt><x>224</x><y>28</y></pt><pt><x>209</x><y>36</y></pt><pt><x>190</x><y>39</y></pt><pt><x>177</x><y>33</y></pt><pt><x>165</x><y>29</y></pt><pt><x>132</x><y>11</y></pt><pt><x>117</x><y>7</y></pt><pt><x>106</x><y>6</y></pt><pt><x>81</x><y>9</y></pt><pt><x>68</x><y>15</y></pt><pt><x>64</x><y>16</y></pt><pt><x>49</x><y>0</y></pt><pt><x>2</x><y>0</y></pt><pt><x>2</x><y>183</y></pt><pt><x>2</x><y>242</y></pt><pt><x>22</x><y>250</y></pt><pt><x>32</x><y>260</y></pt><pt><x>38</x><y>271</y></pt><pt><x>45</x><y>281</y></pt><pt><x>48</x><y>297</y></pt><pt><x>50</x><y>350</y></pt><pt><x>80</x><y>348</y></pt><pt><x>111</x><y>371</y></pt><pt><x>171</x><y>407</y></pt><pt><x>202</x><y>435</y></pt><pt><x>221</x><y>480</y></pt><pt><x>229</x><y>510</y></pt><pt><x>216</x><y>518</y></pt><pt><x>216</x><y>524</y></pt><pt><x>230</x><y>518</y></pt><pt><x>235</x><y>524</y></pt><pt><x>241</x><y>526</y></pt><pt><x>239</x><y>517</y></pt><pt><x>227</x><y>477</y></pt><pt><x>212</x><y>438</y></pt><pt><x>201</x><y>423</y></pt><pt><x>179</x><y>407</y></pt><pt><x>159</x><y>392</y></pt><pt><x>129</x><y>372</y></pt><pt><x>101</x><y>357</y></pt><pt><x>77</x><y>337</y></pt><pt><x>74</x><y>319</y></pt><pt><x>76</x><y>314</y></pt><pt><x>80</x><y>305</y></pt><pt><x>59</x><y>268</y></pt><pt><x>48</x><y>255</y></pt><pt><x>46</x><y>248</y></pt><pt><x>54</x><y>246</y></pt><pt><x>47</x><y>115</y></pt><pt><x>68</x><y>114</y></pt><pt><x>80</x><y>276</y></pt><pt><x>87</x><y>278</y></pt><pt><x>101</x><y>269</y></pt><pt><x>100</x><y>258</y></pt><pt><x>99</x><y>247</y></pt><pt><x>98</x><y>224</y></pt><pt><x>99</x><y>162</y></pt><pt><x>102</x><y>159</y></pt><pt><x>111</x><y>216</y></pt><pt><x>111</x><y>225</y></pt><pt><x>110</x><y>236</y></pt><pt><x>106</x><y>253</y></pt><pt><x>115</x><y>251</y></pt><pt><x>116</x><y>244</y></pt><pt><x>119</x><y>242</y></pt><pt><x>125</x><y>248</y></pt><pt><x>131</x><y>247</y></pt><pt><x>131</x><y>243</y></pt><pt><x>127</x><y>233</y></pt><pt><x>131</x><y>175</y></pt><pt><x>131</x><y>140</y></pt><pt><x>135</x><y>138</y></pt></polygon></object><object><name>tubing</name><deleted>0</deleted><verified>0</verified><date>16-Jul-2012 00:54:03</date><id>18</id><polygon><username>sandy</username><pt><x>177</x><y>303</y></pt><pt><x>206</x><y>331</y></pt><pt><x>225</x><y>380</y></pt><pt><x>242</x><y>433</y></pt><pt><x>241</x><y>449</y></pt><pt><x>243</x><y>455</y></pt><pt><x>251</x><y>456</y></pt><pt><x>241</x><y>510</y></pt><pt><x>242</x><y>516</y></pt><pt><x>254</x><y>469</y></pt><pt><x>262</x><y>520</y></pt><pt><x>284</x><y>553</y></pt><pt><x>311</x><y>561</y></pt><pt><x>329</x><y>557</y></pt><pt><x>339</x><y>554</y></pt><pt><x>346</x><y>545</y></pt><pt><x>341</x><y>537</y></pt><pt><x>331</x><y>548</y></pt><pt><x>319</x><y>552</y></pt><pt><x>309</x><y>553</y></pt><pt><x>294</x><y>550</y></pt><pt><x>284</x><y>547</y></pt><pt><x>269</x><y>519</y></pt><pt><x>259</x><y>439</y></pt><pt><x>250</x><y>405</y></pt><pt><x>234</x><y>364</y></pt><pt><x>216</x><y>342</y></pt><pt><x>199</x><y>308</y></pt><pt><x>184</x><y>281</y></pt><pt><x>178</x><y>278</y></pt><pt><x>173</x><y>275</y></pt><pt><x>169</x><y>278</y></pt><pt><x>166</x><y>282</y></pt><pt><x>162</x><y>285</y></pt><pt><x>165</x><y>291</y></pt></polygon></object><object><name>tubing</name><deleted>0</deleted><verified>0</verified><date>16-Jul-2012 00:54:03</date><id>19</id><polygon><username>sandy</username><pt><x>270</x><y>314</y></pt><pt><x>294</x><y>353</y></pt><pt><x>321</x><y>384</y></pt><pt><x>344</x><y>420</y></pt><pt><x>352</x><y>442</y></pt><pt><x>355</x><y>452</y></pt><pt><x>354</x><y>456</y></pt><pt><x>339</x><y>420</y></pt><pt><x>312</x><y>381</y></pt><pt><x>277</x><y>342</y></pt><pt><x>261</x><y>312</y></pt><pt><x>260</x><y>306</y></pt><pt><x>267</x><y>309</y></pt></polygon></object><object><name>container</name><deleted>0</deleted><verified>0</verified><date>16-Jul-2012 00:54:03</date><id>20</id><polygon><username>sandy</username><pt><x>457</x><y>371</y></pt><pt><x>491</x><y>360</y></pt><pt><x>493</x><y>349</y></pt><pt><x>453</x><y>339</y></pt><pt><x>408</x><y>352</y></pt><pt><x>407</x><y>360</y></pt></polygon></object><object><name>book</name><deleted>0</deleted><verified>0</verified><date>16-Jul-2012 00:54:03</date><id>21</id><polygon><username>sandy</username><pt><x>354</x><y>168</y></pt><pt><x>425</x><y>177</y></pt><pt><x>423</x><y>121</y></pt><pt><x>356</x><y>103</y></pt></polygon></object><object><name>earphones</name><deleted>0</deleted><verified>0</verified><date>16-Jul-2012 00:54:03</date><id>22</id><polygon><username>sandy</username><pt><x>500</x><y>186</y></pt><pt><x>510</x><y>185</y></pt><pt><x>517</x><y>168</y></pt><pt><x>514</x><y>159</y></pt><pt><x>510</x><y>151</y></pt><pt><x>503</x><y>145</y></pt><pt><x>494</x><y>145</y></pt><pt><x>485</x><y>148</y></pt><pt><x>480</x><y>151</y></pt><pt><x>477</x><y>155</y></pt><pt><x>476</x><y>168</y></pt><pt><x>481</x><y>188</y></pt><pt><x>484</x><y>192</y></pt><pt><x>491</x><y>190</y></pt></polygon></object><object><name>pliers</name><deleted>0</deleted><verified>0</verified><date>16-Jul-2012 00:54:03</date><id>23</id><polygon><username>sandy</username><pt><x>657</x><y>298</y></pt><pt><x>659</x><y>307</y></pt><pt><x>657</x><y>315</y></pt><pt><x>647</x><y>313</y></pt><pt><x>648</x><y>301</y></pt><pt><x>650</x><y>298</y></pt><pt><x>652</x><y>295</y></pt><pt><x>654</x><y>286</y></pt></polygon></object><object><name>pliers</name><deleted>0</deleted><verified>0</verified><date>16-Jul-2012 00:54:03</date><id>24</id><polygon><username>sandy</username><pt><x>685</x><y>304</y></pt><pt><x>689</x><y>296</y></pt><pt><x>691</x><y>278</y></pt><pt><x>703</x><y>282</y></pt><pt><x>725</x><y>286</y></pt><pt><x>723</x><y>299</y></pt><pt><x>724</x><y>308</y></pt><pt><x>724</x><y>316</y></pt><pt><x>724</x><y>321</y></pt><pt><x>720</x><y>324</y></pt><pt><x>715</x><y>330</y></pt><pt><x>712</x><y>330</y></pt><pt><x>711</x><y>325</y></pt><pt><x>704</x><y>325</y></pt><pt><x>700</x><y>325</y></pt><pt><x>692</x><y>326</y></pt><pt><x>686</x><y>325</y></pt><pt><x>680</x><y>322</y></pt><pt><x>680</x><y>321</y></pt><pt><x>674</x><y>320</y></pt><pt><x>672</x><y>316</y></pt><pt><x>675</x><y>298</y></pt><pt><x>677</x><y>293</y></pt><pt><x>679</x><y>287</y></pt><pt><x>680</x><y>284</y></pt><pt><x>681</x><y>287</y></pt><pt><x>682</x><y>290</y></pt><pt><x>683</x><y>298</y></pt></polygon></object><object><name>pliers</name><deleted>0</deleted><verified>0</verified><date>16-Jul-2012 00:54:03</date><id>25</id><polygon><username>sandy</username><pt><x>760</x><y>325</y></pt><pt><x>762</x><y>321</y></pt><pt><x>771</x><y>320</y></pt><pt><x>785</x><y>318</y></pt><pt><x>784</x><y>292</y></pt><pt><x>776</x><y>292</y></pt><pt><x>770</x><y>290</y></pt><pt><x>766</x><y>281</y></pt><pt><x>762</x><y>298</y></pt><pt><x>756</x><y>299</y></pt><pt><x>755</x><y>290</y></pt><pt><x>749</x><y>290</y></pt><pt><x>744</x><y>293</y></pt><pt><x>742</x><y>307</y></pt><pt><x>743</x><y>312</y></pt><pt><x>745</x><y>317</y></pt><pt><x>746</x><y>321</y></pt><pt><x>746</x><y>325</y></pt><pt><x>749</x><y>326</y></pt><pt><x>751</x><y>324</y></pt><pt><x>754</x><y>313</y></pt><pt><x>753</x><y>308</y></pt><pt><x>755</x><y>316</y></pt><pt><x>755</x><y>322</y></pt></polygon></object><object><name>tools</name><deleted>0</deleted><verified>0</verified><date>16-Jul-2012 00:54:03</date><id>26</id><polygon><username>sandy</username><pt><x>487</x><y>103</y></pt><pt><x>485</x><y>144</y></pt><pt><x>503</x><y>136</y></pt><pt><x>516</x><y>135</y></pt><pt><x>519</x><y>198</y></pt><pt><x>531</x><y>198</y></pt><pt><x>541</x><y>180</y></pt><pt><x>549</x><y>181</y></pt><pt><x>558</x><y>185</y></pt><pt><x>578</x><y>191</y></pt><pt><x>582</x><y>238</y></pt><pt><x>591</x><y>262</y></pt><pt><x>600</x><y>261</y></pt><pt><x>616</x><y>266</y></pt><pt><x>777</x><y>272</y></pt><pt><x>798</x><y>264</y></pt><pt><x>796</x><y>136</y></pt><pt><x>779</x><y>136</y></pt><pt><x>779</x><y>77</y></pt><pt><x>577</x><y>92</y></pt><pt><x>574</x><y>87</y></pt><pt><x>561</x><y>90</y></pt><pt><x>553</x><y>101</y></pt><pt><x>551</x><y>108</y></pt><pt><x>533</x><y>110</y></pt><pt><x>519</x><y>109</y></pt><pt><x>511</x><y>114</y></pt><pt><x>508</x><y>123</y></pt><pt><x>499</x><y>127</y></pt><pt><x>499</x><y>115</y></pt><pt><x>498</x><y>108</y></pt></polygon></object><imagesize><nrows>600</nrows><ncols>800</ncols></imagesize><object><name>tools</name><deleted>0</deleted><verified>0</verified><date>16-Jul-2012 11:22:48</date><id>27</id><polygon><username>sandy</username><pt><x>497</x><y>270</y></pt><pt><x>527</x><y>268</y></pt><pt><x>529</x><y>256</y></pt><pt><x>536</x><y>260</y></pt><pt><x>538</x><y>263</y></pt><pt><x>533</x><y>314</y></pt><pt><x>527</x><y>312</y></pt><pt><x>527</x><y>279</y></pt><pt><x>522</x><y>278</y></pt><pt><x>518</x><y>312</y></pt><pt><x>496</x><y>316</y></pt><pt><x>498</x><y>277</y></pt></polygon></object><object><name>hammer</name><deleted>0</deleted><verified>0</verified><date>18-Jul-2012 10:41:38</date><id>28</id><polygon><username>sandy</username><pt><x>577</x><y>113</y></pt><pt><x>585</x><y>115</y></pt><pt><x>584</x><y>173</y></pt><pt><x>596</x><y>175</y></pt><pt><x>599</x><y>114</y></pt><pt><x>608</x><y>109</y></pt><pt><x>608</x><y>93</y></pt><pt><x>577</x><y>94</y></pt></polygon></object></annotation>